-- phpMyAdmin SQL Dump
-- version 4.8.0.1
-- https://www.phpmyadmin.net/
--
-- Host: 127.0.0.1
-- Generation Time: Jun 22, 2018 at 04:20 AM
-- Server version: 10.2.14-MariaDB
-- PHP Version: 7.1.16

SET SQL_MODE = "NO_AUTO_VALUE_ON_ZERO";
SET AUTOCOMMIT = 0;
START TRANSACTION;
SET time_zone = "+00:00";


/*!40101 SET @OLD_CHARACTER_SET_CLIENT=@@CHARACTER_SET_CLIENT */;
/*!40101 SET @OLD_CHARACTER_SET_RESULTS=@@CHARACTER_SET_RESULTS */;
/*!40101 SET @OLD_COLLATION_CONNECTION=@@COLLATION_CONNECTION */;
/*!40101 SET NAMES utf8mb4 */;

--
-- Database: `NTL`
--

-- --------------------------------------------------------

--
-- Table structure for table `call_history`
--

CREATE TABLE `call_history` (
  `id` int(11) NOT NULL,
  `contact_id` int(11) NOT NULL,
  `user_id` int(11) NOT NULL,
  `level_id` int(11) NOT NULL,
  `call_quality_level_id` int(11) DEFAULT NULL,
  `status_service_id` int(11) NOT NULL,
  `status_call_id` int(11) DEFAULT NULL,
  `created_at` datetime DEFAULT NULL,
  `updated_at` datetime DEFAULT NULL,
  `deleted_at` datetime DEFAULT NULL
) ENGINE=InnoDB DEFAULT CHARSET=utf8;

--
-- Dumping data for table `call_history`
--

INSERT INTO `call_history` (`id`, `contact_id`, `user_id`, `level_id`, `call_quality_level_id`, `status_service_id`, `status_call_id`, `created_at`, `updated_at`, `deleted_at`) VALUES
(1, 647, 25, 1, 1, 1, 1, '2018-06-02 00:00:00', '2018-06-02 00:00:00', NULL),
(2, 647, 25, 2, 1, 1, 1, '2018-06-02 00:00:00', '2018-06-02 00:00:00', NULL),
(3, 647, 25, 3, 1, 1, 1, '2018-06-02 00:00:00', '2018-06-02 00:00:00', NULL),
(4, 647, 25, 4, 1, 1, 1, '2018-06-02 00:00:00', '2018-06-02 00:00:00', NULL),
(5, 647, 25, 5, 1, 1, 1, '2018-06-02 00:00:00', '2018-06-02 00:00:00', NULL),
(6, 647, 25, 6, 1, 1, 1, '2018-06-02 00:00:00', '2018-06-02 00:00:00', NULL),
(7, 647, 25, 7, 1, 1, 1, '2018-06-02 00:00:00', '2018-06-02 00:00:00', NULL),
(8, 647, 25, 8, 1, 1, 1, '2018-06-02 00:00:00', '2018-06-02 00:00:00', NULL),
(9, 706, 26, 1, 1, 1, 1, '2018-06-04 00:00:00', '2018-06-04 00:00:00', NULL),
(10, 704, 25, 1, 1, 1, 1, '2018-06-02 00:00:00', '2018-06-02 00:00:00', NULL),
(11, 489, 25, 1, 1, 1, 1, '2018-06-02 00:00:00', '2018-06-02 00:00:00', NULL),
(12, 489, 25, 2, 1, 1, 1, '2018-06-02 00:00:00', '2018-06-02 00:00:00', NULL),
(13, 489, 25, 3, 1, 1, 1, '2018-06-02 00:00:00', '2018-06-02 00:00:00', NULL),
(14, 489, 25, 4, 1, 1, 1, '2018-06-02 00:00:00', '2018-06-02 00:00:00', NULL),
(15, 489, 25, 5, 1, 1, 1, '2018-06-02 00:00:00', '2018-06-02 00:00:00', NULL),
(16, 551, 26, 1, 1, 1, 1, '2018-06-04 00:00:00', '2018-06-04 00:00:00', NULL),
(17, 551, 26, 2, 1, 1, 1, '2018-06-04 00:00:00', '2018-06-04 00:00:00', NULL),
(18, 551, 26, 3, 1, 1, 1, '2018-06-04 00:00:00', '2018-06-04 00:00:00', NULL),
(19, 364, 28, 1, 1, 1, 1, '2018-06-05 00:00:00', '2018-06-05 00:00:00', NULL),
(20, 364, 28, 2, 1, 1, 1, '2018-06-05 00:00:00', '2018-06-05 00:00:00', NULL),
(21, 364, 28, 3, 1, 1, 1, '2018-06-05 00:00:00', '2018-06-05 00:00:00', NULL),
(22, 364, 28, 4, 1, 1, 1, '2018-06-05 00:00:00', '2018-06-05 00:00:00', NULL),
(23, 364, 28, 5, 1, 1, 1, '2018-06-05 00:00:00', '2018-06-05 00:00:00', NULL),
(24, 364, 28, 6, 1, 1, 1, '2018-06-05 00:00:00', '2018-06-05 00:00:00', NULL),
(25, 364, 28, 7, 1, 1, 1, '2018-06-05 00:00:00', '2018-06-05 00:00:00', NULL),
(26, 364, 28, 8, 1, 1, 1, '2018-06-05 00:00:00', '2018-06-05 00:00:00', NULL),
(27, 671, 30, 1, 1, 1, 1, '2018-06-06 00:00:00', '2018-06-06 00:00:00', NULL),
(28, 671, 30, 2, 1, 1, 1, '2018-06-06 00:00:00', '2018-06-06 00:00:00', NULL),
(29, 671, 30, 3, 1, 1, 1, '2018-06-06 00:00:00', '2018-06-06 00:00:00', NULL),
(30, 671, 30, 4, 1, 1, 1, '2018-06-06 00:00:00', '2018-06-06 00:00:00', NULL),
(31, 671, 30, 5, 1, 1, 1, '2018-06-06 00:00:00', '2018-06-06 00:00:00', NULL),
(32, 671, 30, 6, 1, 1, 1, '2018-06-06 00:00:00', '2018-06-06 00:00:00', NULL),
(33, 686, 23, 1, 1, 1, 1, '2018-06-02 00:00:00', '2018-06-02 00:00:00', NULL),
(34, 686, 23, 2, 1, 1, 1, '2018-06-02 00:00:00', '2018-06-02 00:00:00', NULL),
(35, 686, 23, 3, 1, 1, 1, '2018-06-02 00:00:00', '2018-06-02 00:00:00', NULL),
(36, 686, 23, 4, 1, 1, 1, '2018-06-02 00:00:00', '2018-06-02 00:00:00', NULL),
(37, 686, 23, 5, 1, 1, 1, '2018-06-02 00:00:00', '2018-06-02 00:00:00', NULL),
(38, 686, 23, 6, 1, 1, 1, '2018-06-02 00:00:00', '2018-06-02 00:00:00', NULL),
(39, 686, 23, 7, 1, 1, 1, '2018-06-02 00:00:00', '2018-06-02 00:00:00', NULL),
(40, 126, 27, 1, 1, 1, 1, '2018-06-06 00:00:00', '2018-06-06 00:00:00', NULL),
(41, 126, 27, 2, 1, 1, 1, '2018-06-06 00:00:00', '2018-06-06 00:00:00', NULL),
(42, 126, 27, 3, 1, 1, 1, '2018-06-06 00:00:00', '2018-06-06 00:00:00', NULL),
(43, 126, 27, 4, 1, 1, 1, '2018-06-06 00:00:00', '2018-06-06 00:00:00', NULL),
(44, 697, 24, 1, 1, 1, 1, '2018-06-04 00:00:00', '2018-06-04 00:00:00', NULL),
(45, 697, 24, 2, 1, 1, 1, '2018-06-04 00:00:00', '2018-06-04 00:00:00', NULL),
(46, 697, 24, 3, 1, 1, 1, '2018-06-04 00:00:00', '2018-06-04 00:00:00', NULL),
(47, 312, 30, 1, 1, 1, 1, '2018-05-31 00:00:00', '2018-05-31 00:00:00', NULL),
(48, 312, 30, 2, 1, 1, 1, '2018-05-31 00:00:00', '2018-05-31 00:00:00', NULL),
(49, 312, 30, 3, 1, 1, 1, '2018-05-31 00:00:00', '2018-05-31 00:00:00', NULL),
(50, 312, 30, 4, 1, 1, 1, '2018-05-31 00:00:00', '2018-05-31 00:00:00', NULL),
(51, 312, 30, 5, 1, 1, 1, '2018-05-31 00:00:00', '2018-05-31 00:00:00', NULL),
(52, 312, 30, 6, 1, 1, 1, '2018-05-31 00:00:00', '2018-05-31 00:00:00', NULL),
(53, 695, 30, 1, 1, 1, 1, '2018-06-05 00:00:00', '2018-06-05 00:00:00', NULL),
(54, 695, 30, 2, 1, 1, 1, '2018-06-05 00:00:00', '2018-06-05 00:00:00', NULL),
(55, 695, 30, 3, 1, 1, 1, '2018-06-05 00:00:00', '2018-06-05 00:00:00', NULL),
(56, 695, 30, 4, 1, 1, 1, '2018-06-05 00:00:00', '2018-06-05 00:00:00', NULL),
(57, 155, 30, 1, 1, 1, 1, '2018-06-07 00:00:00', '2018-06-07 00:00:00', NULL),
(58, 355, 25, 1, 1, 1, 1, '2018-06-07 00:00:00', '2018-06-07 00:00:00', NULL),
(59, 355, 25, 2, 1, 1, 1, '2018-06-07 00:00:00', '2018-06-07 00:00:00', NULL),
(60, 355, 25, 3, 1, 1, 1, '2018-06-07 00:00:00', '2018-06-07 00:00:00', NULL),
(61, 38, 30, 1, 1, 1, 1, '2018-06-06 00:00:00', '2018-06-06 00:00:00', NULL),
(62, 38, 30, 2, 1, 1, 1, '2018-06-06 00:00:00', '2018-06-06 00:00:00', NULL),
(63, 38, 30, 3, 1, 1, 1, '2018-06-06 00:00:00', '2018-06-06 00:00:00', NULL),
(64, 38, 30, 4, 1, 1, 1, '2018-06-06 00:00:00', '2018-06-06 00:00:00', NULL),
(65, 38, 30, 5, 1, 1, 1, '2018-06-06 00:00:00', '2018-06-06 00:00:00', NULL),
(66, 38, 30, 6, 1, 1, 1, '2018-06-06 00:00:00', '2018-06-06 00:00:00', NULL),
(67, 38, 30, 7, 1, 1, 1, '2018-06-06 00:00:00', '2018-06-06 00:00:00', NULL),
(68, 375, 29, 1, 1, 1, 1, '2018-05-31 00:00:00', '2018-05-31 00:00:00', NULL),
(69, 375, 29, 2, 1, 1, 1, '2018-05-31 00:00:00', '2018-05-31 00:00:00', NULL),
(70, 375, 29, 3, 1, 1, 1, '2018-05-31 00:00:00', '2018-05-31 00:00:00', NULL),
(71, 375, 29, 4, 1, 1, 1, '2018-05-31 00:00:00', '2018-05-31 00:00:00', NULL),
(72, 375, 29, 5, 1, 1, 1, '2018-05-31 00:00:00', '2018-05-31 00:00:00', NULL),
(73, 254, 23, 1, 1, 1, 1, '2018-06-06 00:00:00', '2018-06-06 00:00:00', NULL),
(74, 254, 23, 2, 1, 1, 1, '2018-06-06 00:00:00', '2018-06-06 00:00:00', NULL),
(75, 254, 23, 3, 1, 1, 1, '2018-06-06 00:00:00', '2018-06-06 00:00:00', NULL),
(76, 254, 23, 4, 1, 1, 1, '2018-06-06 00:00:00', '2018-06-06 00:00:00', NULL),
(77, 19, 1, 1, 1, 1, 1, '2018-06-06 00:00:00', '2018-06-06 00:00:00', NULL),
(78, 19, 1, 2, 1, 1, 1, '2018-06-06 00:00:00', '2018-06-06 00:00:00', NULL),
(79, 19, 1, 3, 1, 1, 1, '2018-06-06 00:00:00', '2018-06-06 00:00:00', NULL),
(80, 19, 1, 4, 1, 1, 1, '2018-06-06 00:00:00', '2018-06-06 00:00:00', NULL),
(81, 19, 1, 5, 1, 1, 1, '2018-06-06 00:00:00', '2018-06-06 00:00:00', NULL),
(82, 19, 1, 6, 1, 1, 1, '2018-06-06 00:00:00', '2018-06-06 00:00:00', NULL),
(83, 575, 31, 1, 1, 1, 1, '2018-06-03 00:00:00', '2018-06-03 00:00:00', NULL),
(84, 575, 31, 2, 1, 1, 1, '2018-06-03 00:00:00', '2018-06-03 00:00:00', NULL),
(85, 575, 31, 3, 1, 1, 1, '2018-06-03 00:00:00', '2018-06-03 00:00:00', NULL),
(86, 575, 31, 4, 1, 1, 1, '2018-06-03 00:00:00', '2018-06-03 00:00:00', NULL),
(87, 575, 31, 5, 1, 1, 1, '2018-06-03 00:00:00', '2018-06-03 00:00:00', NULL),
(88, 575, 31, 6, 1, 1, 1, '2018-06-03 00:00:00', '2018-06-03 00:00:00', NULL),
(89, 575, 31, 7, 1, 1, 1, '2018-06-03 00:00:00', '2018-06-03 00:00:00', NULL),
(90, 575, 31, 8, 1, 1, 1, '2018-06-03 00:00:00', '2018-06-03 00:00:00', NULL),
(91, 366, 29, 1, 1, 1, 1, '2018-06-04 00:00:00', '2018-06-04 00:00:00', NULL),
(92, 366, 29, 2, 1, 1, 1, '2018-06-04 00:00:00', '2018-06-04 00:00:00', NULL),
(93, 366, 29, 3, 1, 1, 1, '2018-06-04 00:00:00', '2018-06-04 00:00:00', NULL),
(94, 366, 29, 4, 1, 1, 1, '2018-06-04 00:00:00', '2018-06-04 00:00:00', NULL),
(95, 442, 27, 1, 1, 1, 1, '2018-05-31 00:00:00', '2018-05-31 00:00:00', NULL),
(96, 442, 27, 2, 1, 1, 1, '2018-05-31 00:00:00', '2018-05-31 00:00:00', NULL),
(97, 442, 27, 3, 1, 1, 1, '2018-05-31 00:00:00', '2018-05-31 00:00:00', NULL),
(98, 442, 27, 4, 1, 1, 1, '2018-05-31 00:00:00', '2018-05-31 00:00:00', NULL),
(99, 442, 27, 5, 1, 1, 1, '2018-05-31 00:00:00', '2018-05-31 00:00:00', NULL),
(100, 442, 27, 6, 1, 1, 1, '2018-05-31 00:00:00', '2018-05-31 00:00:00', NULL),
(101, 408, 26, 1, 1, 1, 1, '2018-06-03 00:00:00', '2018-06-03 00:00:00', NULL),
(102, 408, 26, 2, 1, 1, 1, '2018-06-03 00:00:00', '2018-06-03 00:00:00', NULL),
(103, 705, 29, 1, 1, 1, 1, '2018-05-31 00:00:00', '2018-05-31 00:00:00', NULL),
(104, 401, 30, 1, 1, 1, 1, '2018-06-05 00:00:00', '2018-06-05 00:00:00', NULL),
(105, 401, 30, 2, 1, 1, 1, '2018-06-05 00:00:00', '2018-06-05 00:00:00', NULL),
(106, 401, 30, 3, 1, 1, 1, '2018-06-05 00:00:00', '2018-06-05 00:00:00', NULL),
(107, 401, 30, 4, 1, 1, 1, '2018-06-05 00:00:00', '2018-06-05 00:00:00', NULL),
(108, 401, 30, 5, 1, 1, 1, '2018-06-05 00:00:00', '2018-06-05 00:00:00', NULL),
(109, 401, 30, 6, 1, 1, 1, '2018-06-05 00:00:00', '2018-06-05 00:00:00', NULL),
(110, 401, 30, 7, 1, 1, 1, '2018-06-05 00:00:00', '2018-06-05 00:00:00', NULL),
(111, 347, 30, 1, 1, 1, 1, '2018-06-07 00:00:00', '2018-06-07 00:00:00', NULL),
(112, 347, 30, 2, 1, 1, 1, '2018-06-07 00:00:00', '2018-06-07 00:00:00', NULL),
(113, 347, 30, 3, 1, 1, 1, '2018-06-07 00:00:00', '2018-06-07 00:00:00', NULL),
(114, 347, 30, 4, 1, 1, 1, '2018-06-07 00:00:00', '2018-06-07 00:00:00', NULL),
(115, 347, 30, 5, 1, 1, 1, '2018-06-07 00:00:00', '2018-06-07 00:00:00', NULL),
(116, 347, 30, 6, 1, 1, 1, '2018-06-07 00:00:00', '2018-06-07 00:00:00', NULL),
(117, 347, 30, 7, 1, 1, 1, '2018-06-07 00:00:00', '2018-06-07 00:00:00', NULL),
(118, 112, 23, 1, 1, 1, 1, '2018-06-03 00:00:00', '2018-06-03 00:00:00', NULL),
(119, 112, 23, 2, 1, 1, 1, '2018-06-03 00:00:00', '2018-06-03 00:00:00', NULL),
(120, 112, 23, 3, 1, 1, 1, '2018-06-03 00:00:00', '2018-06-03 00:00:00', NULL),
(121, 112, 23, 4, 1, 1, 1, '2018-06-03 00:00:00', '2018-06-03 00:00:00', NULL),
(122, 511, 22, 1, 1, 1, 1, '2018-06-01 00:00:00', '2018-06-01 00:00:00', NULL),
(123, 511, 22, 2, 1, 1, 1, '2018-06-01 00:00:00', '2018-06-01 00:00:00', NULL),
(124, 511, 22, 3, 1, 1, 1, '2018-06-01 00:00:00', '2018-06-01 00:00:00', NULL),
(125, 511, 22, 4, 1, 1, 1, '2018-06-01 00:00:00', '2018-06-01 00:00:00', NULL),
(126, 511, 22, 5, 1, 1, 1, '2018-06-01 00:00:00', '2018-06-01 00:00:00', NULL),
(127, 511, 22, 6, 1, 1, 1, '2018-06-01 00:00:00', '2018-06-01 00:00:00', NULL),
(128, 639, 30, 1, 1, 1, 1, '2018-06-07 00:00:00', '2018-06-07 00:00:00', NULL),
(129, 639, 30, 2, 1, 1, 1, '2018-06-07 00:00:00', '2018-06-07 00:00:00', NULL),
(130, 639, 30, 3, 1, 1, 1, '2018-06-07 00:00:00', '2018-06-07 00:00:00', NULL),
(131, 507, 28, 1, 1, 1, 1, '2018-06-04 00:00:00', '2018-06-04 00:00:00', NULL),
(132, 507, 28, 2, 1, 1, 1, '2018-06-04 00:00:00', '2018-06-04 00:00:00', NULL),
(133, 103, 24, 1, 1, 1, 1, '2018-06-05 00:00:00', '2018-06-05 00:00:00', NULL),
(134, 103, 24, 2, 1, 1, 1, '2018-06-05 00:00:00', '2018-06-05 00:00:00', NULL),
(135, 103, 24, 3, 1, 1, 1, '2018-06-05 00:00:00', '2018-06-05 00:00:00', NULL),
(136, 103, 24, 4, 1, 1, 1, '2018-06-05 00:00:00', '2018-06-05 00:00:00', NULL),
(137, 103, 24, 5, 1, 1, 1, '2018-06-05 00:00:00', '2018-06-05 00:00:00', NULL),
(138, 103, 24, 6, 1, 1, 1, '2018-06-05 00:00:00', '2018-06-05 00:00:00', NULL),
(139, 548, 24, 1, 1, 1, 1, '2018-06-03 00:00:00', '2018-06-03 00:00:00', NULL),
(140, 548, 24, 2, 1, 1, 1, '2018-06-03 00:00:00', '2018-06-03 00:00:00', NULL),
(141, 548, 24, 3, 1, 1, 1, '2018-06-03 00:00:00', '2018-06-03 00:00:00', NULL),
(142, 229, 26, 1, 1, 1, 1, '2018-05-31 00:00:00', '2018-05-31 00:00:00', NULL),
(143, 229, 26, 2, 1, 1, 1, '2018-05-31 00:00:00', '2018-05-31 00:00:00', NULL),
(144, 229, 26, 3, 1, 1, 1, '2018-05-31 00:00:00', '2018-05-31 00:00:00', NULL),
(145, 229, 26, 4, 1, 1, 1, '2018-05-31 00:00:00', '2018-05-31 00:00:00', NULL),
(146, 229, 26, 5, 1, 1, 1, '2018-05-31 00:00:00', '2018-05-31 00:00:00', NULL),
(147, 229, 26, 6, 1, 1, 1, '2018-05-31 00:00:00', '2018-05-31 00:00:00', NULL),
(148, 229, 26, 7, 1, 1, 1, '2018-05-31 00:00:00', '2018-05-31 00:00:00', NULL),
(149, 229, 26, 8, 1, 1, 1, '2018-05-31 00:00:00', '2018-05-31 00:00:00', NULL),
(150, 16, 23, 1, 1, 1, 1, '2018-06-06 00:00:00', '2018-06-06 00:00:00', NULL),
(151, 16, 23, 2, 1, 1, 1, '2018-06-06 00:00:00', '2018-06-06 00:00:00', NULL),
(152, 16, 23, 3, 1, 1, 1, '2018-06-06 00:00:00', '2018-06-06 00:00:00', NULL),
(153, 517, 29, 1, 1, 1, 1, '2018-05-31 00:00:00', '2018-05-31 00:00:00', NULL),
(154, 517, 29, 2, 1, 1, 1, '2018-05-31 00:00:00', '2018-05-31 00:00:00', NULL),
(155, 517, 29, 3, 1, 1, 1, '2018-05-31 00:00:00', '2018-05-31 00:00:00', NULL),
(156, 517, 29, 4, 1, 1, 1, '2018-05-31 00:00:00', '2018-05-31 00:00:00', NULL),
(157, 566, 1, 1, 1, 1, 1, '2018-06-06 00:00:00', '2018-06-06 00:00:00', NULL),
(158, 566, 1, 2, 1, 1, 1, '2018-06-06 00:00:00', '2018-06-06 00:00:00', NULL),
(159, 566, 1, 3, 1, 1, 1, '2018-06-06 00:00:00', '2018-06-06 00:00:00', NULL),
(160, 566, 1, 4, 1, 1, 1, '2018-06-06 00:00:00', '2018-06-06 00:00:00', NULL),
(161, 566, 1, 5, 1, 1, 1, '2018-06-06 00:00:00', '2018-06-06 00:00:00', NULL),
(162, 566, 1, 6, 1, 1, 1, '2018-06-06 00:00:00', '2018-06-06 00:00:00', NULL),
(163, 479, 25, 1, 1, 1, 1, '2018-06-05 00:00:00', '2018-06-05 00:00:00', NULL),
(164, 479, 25, 2, 1, 1, 1, '2018-06-05 00:00:00', '2018-06-05 00:00:00', NULL),
(165, 479, 25, 3, 1, 1, 1, '2018-06-05 00:00:00', '2018-06-05 00:00:00', NULL),
(166, 479, 25, 4, 1, 1, 1, '2018-06-05 00:00:00', '2018-06-05 00:00:00', NULL),
(167, 359, 28, 1, 1, 1, 1, '2018-05-31 00:00:00', '2018-05-31 00:00:00', NULL),
(168, 367, 26, 1, 1, 1, 1, '2018-06-07 00:00:00', '2018-06-07 00:00:00', NULL),
(169, 367, 26, 2, 1, 1, 1, '2018-06-07 00:00:00', '2018-06-07 00:00:00', NULL),
(170, 367, 26, 3, 1, 1, 1, '2018-06-07 00:00:00', '2018-06-07 00:00:00', NULL),
(171, 367, 26, 4, 1, 1, 1, '2018-06-07 00:00:00', '2018-06-07 00:00:00', NULL),
(172, 367, 26, 5, 1, 1, 1, '2018-06-07 00:00:00', '2018-06-07 00:00:00', NULL),
(173, 325, 23, 1, 1, 1, 1, '2018-06-06 00:00:00', '2018-06-06 00:00:00', NULL),
(174, 325, 23, 2, 1, 1, 1, '2018-06-06 00:00:00', '2018-06-06 00:00:00', NULL),
(175, 325, 23, 3, 1, 1, 1, '2018-06-06 00:00:00', '2018-06-06 00:00:00', NULL),
(176, 325, 23, 4, 1, 1, 1, '2018-06-06 00:00:00', '2018-06-06 00:00:00', NULL),
(177, 325, 23, 5, 1, 1, 1, '2018-06-06 00:00:00', '2018-06-06 00:00:00', NULL),
(178, 94, 23, 1, 1, 1, 1, '2018-06-03 00:00:00', '2018-06-03 00:00:00', NULL),
(179, 94, 23, 2, 1, 1, 1, '2018-06-03 00:00:00', '2018-06-03 00:00:00', NULL),
(180, 94, 23, 3, 1, 1, 1, '2018-06-03 00:00:00', '2018-06-03 00:00:00', NULL),
(181, 94, 23, 4, 1, 1, 1, '2018-06-03 00:00:00', '2018-06-03 00:00:00', NULL),
(182, 94, 23, 5, 1, 1, 1, '2018-06-03 00:00:00', '2018-06-03 00:00:00', NULL),
(183, 267, 29, 1, 1, 1, 1, '2018-06-02 00:00:00', '2018-06-02 00:00:00', NULL),
(184, 405, 23, 1, 1, 1, 1, '2018-06-02 00:00:00', '2018-06-02 00:00:00', NULL),
(185, 220, 31, 1, 1, 1, 1, '2018-06-05 00:00:00', '2018-06-05 00:00:00', NULL),
(186, 220, 31, 2, 1, 1, 1, '2018-06-05 00:00:00', '2018-06-05 00:00:00', NULL),
(187, 220, 31, 3, 1, 1, 1, '2018-06-05 00:00:00', '2018-06-05 00:00:00', NULL),
(188, 220, 31, 4, 1, 1, 1, '2018-06-05 00:00:00', '2018-06-05 00:00:00', NULL),
(189, 220, 31, 5, 1, 1, 1, '2018-06-05 00:00:00', '2018-06-05 00:00:00', NULL),
(190, 220, 31, 6, 1, 1, 1, '2018-06-05 00:00:00', '2018-06-05 00:00:00', NULL),
(191, 81, 25, 1, 1, 1, 1, '2018-06-05 00:00:00', '2018-06-05 00:00:00', NULL),
(192, 81, 25, 2, 1, 1, 1, '2018-06-05 00:00:00', '2018-06-05 00:00:00', NULL),
(193, 81, 25, 3, 1, 1, 1, '2018-06-05 00:00:00', '2018-06-05 00:00:00', NULL),
(194, 81, 25, 4, 1, 1, 1, '2018-06-05 00:00:00', '2018-06-05 00:00:00', NULL),
(195, 81, 25, 5, 1, 1, 1, '2018-06-05 00:00:00', '2018-06-05 00:00:00', NULL),
(196, 81, 25, 6, 1, 1, 1, '2018-06-05 00:00:00', '2018-06-05 00:00:00', NULL),
(197, 18, 30, 1, 1, 1, 1, '2018-06-07 00:00:00', '2018-06-07 00:00:00', NULL),
(198, 65, 1, 1, 1, 1, 1, '2018-06-07 00:00:00', '2018-06-07 00:00:00', NULL),
(199, 65, 1, 2, 1, 1, 1, '2018-06-07 00:00:00', '2018-06-07 00:00:00', NULL),
(200, 65, 1, 3, 1, 1, 1, '2018-06-07 00:00:00', '2018-06-07 00:00:00', NULL),
(201, 289, 26, 1, 1, 1, 1, '2018-06-01 00:00:00', '2018-06-01 00:00:00', NULL),
(202, 289, 26, 2, 1, 1, 1, '2018-06-01 00:00:00', '2018-06-01 00:00:00', NULL),
(203, 289, 26, 3, 1, 1, 1, '2018-06-01 00:00:00', '2018-06-01 00:00:00', NULL),
(204, 289, 26, 4, 1, 1, 1, '2018-06-01 00:00:00', '2018-06-01 00:00:00', NULL),
(205, 289, 26, 5, 1, 1, 1, '2018-06-01 00:00:00', '2018-06-01 00:00:00', NULL),
(206, 289, 26, 6, 1, 1, 1, '2018-06-01 00:00:00', '2018-06-01 00:00:00', NULL),
(207, 641, 30, 1, 1, 1, 1, '2018-06-01 00:00:00', '2018-06-01 00:00:00', NULL),
(208, 641, 30, 2, 1, 1, 1, '2018-06-01 00:00:00', '2018-06-01 00:00:00', NULL),
(209, 641, 30, 3, 1, 1, 1, '2018-06-01 00:00:00', '2018-06-01 00:00:00', NULL),
(210, 641, 30, 4, 1, 1, 1, '2018-06-01 00:00:00', '2018-06-01 00:00:00', NULL),
(211, 680, 28, 1, 1, 1, 1, '2018-06-05 00:00:00', '2018-06-05 00:00:00', NULL),
(212, 680, 28, 2, 1, 1, 1, '2018-06-05 00:00:00', '2018-06-05 00:00:00', NULL),
(213, 680, 28, 3, 1, 1, 1, '2018-06-05 00:00:00', '2018-06-05 00:00:00', NULL),
(214, 287, 29, 1, 1, 1, 1, '2018-06-04 00:00:00', '2018-06-04 00:00:00', NULL),
(215, 287, 29, 2, 1, 1, 1, '2018-06-04 00:00:00', '2018-06-04 00:00:00', NULL),
(216, 287, 29, 3, 1, 1, 1, '2018-06-04 00:00:00', '2018-06-04 00:00:00', NULL),
(217, 287, 29, 4, 1, 1, 1, '2018-06-04 00:00:00', '2018-06-04 00:00:00', NULL),
(218, 287, 29, 5, 1, 1, 1, '2018-06-04 00:00:00', '2018-06-04 00:00:00', NULL),
(219, 287, 29, 6, 1, 1, 1, '2018-06-04 00:00:00', '2018-06-04 00:00:00', NULL),
(220, 712, 31, 1, 1, 1, 1, '2018-06-02 00:00:00', '2018-06-02 00:00:00', NULL),
(221, 241, 29, 1, 1, 1, 1, '2018-06-04 00:00:00', '2018-06-04 00:00:00', NULL),
(222, 241, 29, 2, 1, 1, 1, '2018-06-04 00:00:00', '2018-06-04 00:00:00', NULL),
(223, 241, 29, 3, 1, 1, 1, '2018-06-04 00:00:00', '2018-06-04 00:00:00', NULL),
(224, 241, 29, 4, 1, 1, 1, '2018-06-04 00:00:00', '2018-06-04 00:00:00', NULL),
(225, 402, 27, 1, 1, 1, 1, '2018-05-31 00:00:00', '2018-05-31 00:00:00', NULL),
(226, 402, 27, 2, 1, 1, 1, '2018-05-31 00:00:00', '2018-05-31 00:00:00', NULL),
(227, 402, 27, 3, 1, 1, 1, '2018-05-31 00:00:00', '2018-05-31 00:00:00', NULL),
(228, 402, 27, 4, 1, 1, 1, '2018-05-31 00:00:00', '2018-05-31 00:00:00', NULL),
(229, 402, 27, 5, 1, 1, 1, '2018-05-31 00:00:00', '2018-05-31 00:00:00', NULL),
(230, 402, 27, 6, 1, 1, 1, '2018-05-31 00:00:00', '2018-05-31 00:00:00', NULL),
(231, 402, 27, 7, 1, 1, 1, '2018-05-31 00:00:00', '2018-05-31 00:00:00', NULL),
(232, 402, 27, 8, 1, 1, 1, '2018-05-31 00:00:00', '2018-05-31 00:00:00', NULL),
(233, 758, 22, 1, 1, 1, 1, '2018-06-06 00:00:00', '2018-06-06 00:00:00', NULL),
(234, 758, 22, 2, 1, 1, 1, '2018-06-06 00:00:00', '2018-06-06 00:00:00', NULL),
(235, 758, 22, 3, 1, 1, 1, '2018-06-06 00:00:00', '2018-06-06 00:00:00', NULL),
(236, 758, 22, 4, 1, 1, 1, '2018-06-06 00:00:00', '2018-06-06 00:00:00', NULL),
(237, 758, 22, 5, 1, 1, 1, '2018-06-06 00:00:00', '2018-06-06 00:00:00', NULL),
(238, 758, 22, 6, 1, 1, 1, '2018-06-06 00:00:00', '2018-06-06 00:00:00', NULL),
(239, 758, 22, 7, 1, 1, 1, '2018-06-06 00:00:00', '2018-06-06 00:00:00', NULL),
(240, 758, 22, 8, 1, 1, 1, '2018-06-06 00:00:00', '2018-06-06 00:00:00', NULL),
(241, 539, 22, 1, 1, 1, 1, '2018-06-06 00:00:00', '2018-06-06 00:00:00', NULL),
(242, 539, 22, 2, 1, 1, 1, '2018-06-06 00:00:00', '2018-06-06 00:00:00', NULL),
(243, 539, 22, 3, 1, 1, 1, '2018-06-06 00:00:00', '2018-06-06 00:00:00', NULL),
(244, 539, 22, 4, 1, 1, 1, '2018-06-06 00:00:00', '2018-06-06 00:00:00', NULL),
(245, 539, 22, 5, 1, 1, 1, '2018-06-06 00:00:00', '2018-06-06 00:00:00', NULL),
(246, 539, 22, 6, 1, 1, 1, '2018-06-06 00:00:00', '2018-06-06 00:00:00', NULL),
(247, 539, 22, 7, 1, 1, 1, '2018-06-06 00:00:00', '2018-06-06 00:00:00', NULL),
(248, 684, 1, 1, 1, 1, 1, '2018-06-06 00:00:00', '2018-06-06 00:00:00', NULL),
(249, 684, 1, 2, 1, 1, 1, '2018-06-06 00:00:00', '2018-06-06 00:00:00', NULL),
(250, 684, 1, 3, 1, 1, 1, '2018-06-06 00:00:00', '2018-06-06 00:00:00', NULL),
(251, 684, 1, 4, 1, 1, 1, '2018-06-06 00:00:00', '2018-06-06 00:00:00', NULL),
(252, 684, 1, 5, 1, 1, 1, '2018-06-06 00:00:00', '2018-06-06 00:00:00', NULL),
(253, 684, 1, 6, 1, 1, 1, '2018-06-06 00:00:00', '2018-06-06 00:00:00', NULL),
(254, 723, 1, 1, 1, 1, 1, '2018-06-01 00:00:00', '2018-06-01 00:00:00', NULL),
(255, 53, 30, 1, 1, 1, 1, '2018-05-31 00:00:00', '2018-05-31 00:00:00', NULL),
(256, 53, 30, 2, 1, 1, 1, '2018-05-31 00:00:00', '2018-05-31 00:00:00', NULL),
(257, 53, 30, 3, 1, 1, 1, '2018-05-31 00:00:00', '2018-05-31 00:00:00', NULL),
(258, 53, 30, 4, 1, 1, 1, '2018-05-31 00:00:00', '2018-05-31 00:00:00', NULL),
(259, 53, 30, 5, 1, 1, 1, '2018-05-31 00:00:00', '2018-05-31 00:00:00', NULL),
(260, 53, 30, 6, 1, 1, 1, '2018-05-31 00:00:00', '2018-05-31 00:00:00', NULL),
(261, 53, 30, 7, 1, 1, 1, '2018-05-31 00:00:00', '2018-05-31 00:00:00', NULL),
(262, 475, 26, 1, 1, 1, 1, '2018-05-31 00:00:00', '2018-05-31 00:00:00', NULL),
(263, 181, 23, 1, 1, 1, 1, '2018-06-05 00:00:00', '2018-06-05 00:00:00', NULL),
(264, 181, 23, 2, 1, 1, 1, '2018-06-05 00:00:00', '2018-06-05 00:00:00', NULL),
(265, 570, 27, 1, 1, 1, 1, '2018-05-31 00:00:00', '2018-05-31 00:00:00', NULL),
(266, 570, 27, 2, 1, 1, 1, '2018-05-31 00:00:00', '2018-05-31 00:00:00', NULL),
(267, 335, 29, 1, 1, 1, 1, '2018-06-05 00:00:00', '2018-06-05 00:00:00', NULL),
(268, 335, 29, 2, 1, 1, 1, '2018-06-05 00:00:00', '2018-06-05 00:00:00', NULL),
(269, 335, 29, 3, 1, 1, 1, '2018-06-05 00:00:00', '2018-06-05 00:00:00', NULL),
(270, 335, 29, 4, 1, 1, 1, '2018-06-05 00:00:00', '2018-06-05 00:00:00', NULL),
(271, 335, 29, 5, 1, 1, 1, '2018-06-05 00:00:00', '2018-06-05 00:00:00', NULL),
(272, 335, 29, 6, 1, 1, 1, '2018-06-05 00:00:00', '2018-06-05 00:00:00', NULL),
(273, 86, 27, 1, 1, 1, 1, '2018-06-04 00:00:00', '2018-06-04 00:00:00', NULL),
(274, 86, 27, 2, 1, 1, 1, '2018-06-04 00:00:00', '2018-06-04 00:00:00', NULL),
(275, 86, 27, 3, 1, 1, 1, '2018-06-04 00:00:00', '2018-06-04 00:00:00', NULL),
(276, 86, 27, 4, 1, 1, 1, '2018-06-04 00:00:00', '2018-06-04 00:00:00', NULL),
(277, 493, 29, 1, 1, 1, 1, '2018-06-02 00:00:00', '2018-06-02 00:00:00', NULL),
(278, 493, 29, 2, 1, 1, 1, '2018-06-02 00:00:00', '2018-06-02 00:00:00', NULL),
(279, 117, 23, 1, 1, 1, 1, '2018-06-03 00:00:00', '2018-06-03 00:00:00', NULL),
(280, 117, 23, 2, 1, 1, 1, '2018-06-03 00:00:00', '2018-06-03 00:00:00', NULL),
(281, 117, 23, 3, 1, 1, 1, '2018-06-03 00:00:00', '2018-06-03 00:00:00', NULL),
(282, 396, 29, 1, 1, 1, 1, '2018-06-07 00:00:00', '2018-06-07 00:00:00', NULL),
(283, 396, 29, 2, 1, 1, 1, '2018-06-07 00:00:00', '2018-06-07 00:00:00', NULL),
(284, 396, 29, 3, 1, 1, 1, '2018-06-07 00:00:00', '2018-06-07 00:00:00', NULL),
(285, 396, 29, 4, 1, 1, 1, '2018-06-07 00:00:00', '2018-06-07 00:00:00', NULL),
(286, 396, 29, 5, 1, 1, 1, '2018-06-07 00:00:00', '2018-06-07 00:00:00', NULL),
(287, 396, 29, 6, 1, 1, 1, '2018-06-07 00:00:00', '2018-06-07 00:00:00', NULL),
(288, 396, 29, 7, 1, 1, 1, '2018-06-07 00:00:00', '2018-06-07 00:00:00', NULL),
(289, 343, 24, 1, 1, 1, 1, '2018-06-02 00:00:00', '2018-06-02 00:00:00', NULL),
(290, 343, 24, 2, 1, 1, 1, '2018-06-02 00:00:00', '2018-06-02 00:00:00', NULL),
(291, 343, 24, 3, 1, 1, 1, '2018-06-02 00:00:00', '2018-06-02 00:00:00', NULL),
(292, 343, 24, 4, 1, 1, 1, '2018-06-02 00:00:00', '2018-06-02 00:00:00', NULL),
(293, 343, 24, 5, 1, 1, 1, '2018-06-02 00:00:00', '2018-06-02 00:00:00', NULL),
(294, 343, 24, 6, 1, 1, 1, '2018-06-02 00:00:00', '2018-06-02 00:00:00', NULL),
(295, 503, 23, 1, 1, 1, 1, '2018-05-31 00:00:00', '2018-05-31 00:00:00', NULL),
(296, 502, 22, 1, 1, 1, 1, '2018-06-07 00:00:00', '2018-06-07 00:00:00', NULL),
(297, 502, 22, 2, 1, 1, 1, '2018-06-07 00:00:00', '2018-06-07 00:00:00', NULL),
(298, 502, 22, 3, 1, 1, 1, '2018-06-07 00:00:00', '2018-06-07 00:00:00', NULL),
(299, 502, 22, 4, 1, 1, 1, '2018-06-07 00:00:00', '2018-06-07 00:00:00', NULL),
(300, 125, 30, 1, 1, 1, 1, '2018-06-01 00:00:00', '2018-06-01 00:00:00', NULL),
(301, 125, 30, 2, 1, 1, 1, '2018-06-01 00:00:00', '2018-06-01 00:00:00', NULL),
(302, 125, 30, 3, 1, 1, 1, '2018-06-01 00:00:00', '2018-06-01 00:00:00', NULL),
(303, 125, 30, 4, 1, 1, 1, '2018-06-01 00:00:00', '2018-06-01 00:00:00', NULL),
(304, 125, 30, 5, 1, 1, 1, '2018-06-01 00:00:00', '2018-06-01 00:00:00', NULL),
(305, 376, 29, 1, 1, 1, 1, '2018-06-07 00:00:00', '2018-06-07 00:00:00', NULL),
(306, 376, 29, 2, 1, 1, 1, '2018-06-07 00:00:00', '2018-06-07 00:00:00', NULL),
(307, 376, 29, 3, 1, 1, 1, '2018-06-07 00:00:00', '2018-06-07 00:00:00', NULL),
(308, 376, 29, 4, 1, 1, 1, '2018-06-07 00:00:00', '2018-06-07 00:00:00', NULL),
(309, 376, 29, 5, 1, 1, 1, '2018-06-07 00:00:00', '2018-06-07 00:00:00', NULL),
(310, 409, 27, 1, 1, 1, 1, '2018-06-04 00:00:00', '2018-06-04 00:00:00', NULL),
(311, 644, 28, 1, 1, 1, 1, '2018-06-07 00:00:00', '2018-06-07 00:00:00', NULL),
(312, 644, 28, 2, 1, 1, 1, '2018-06-07 00:00:00', '2018-06-07 00:00:00', NULL),
(313, 771, 29, 1, 1, 1, 1, '2018-06-01 00:00:00', '2018-06-01 00:00:00', NULL),
(314, 771, 29, 2, 1, 1, 1, '2018-06-01 00:00:00', '2018-06-01 00:00:00', NULL),
(315, 771, 29, 3, 1, 1, 1, '2018-06-01 00:00:00', '2018-06-01 00:00:00', NULL),
(316, 486, 29, 1, 1, 1, 1, '2018-06-03 00:00:00', '2018-06-03 00:00:00', NULL),
(317, 486, 29, 2, 1, 1, 1, '2018-06-03 00:00:00', '2018-06-03 00:00:00', NULL),
(318, 486, 29, 3, 1, 1, 1, '2018-06-03 00:00:00', '2018-06-03 00:00:00', NULL),
(319, 486, 29, 4, 1, 1, 1, '2018-06-03 00:00:00', '2018-06-03 00:00:00', NULL),
(320, 486, 29, 5, 1, 1, 1, '2018-06-03 00:00:00', '2018-06-03 00:00:00', NULL),
(321, 775, 31, 1, 1, 1, 1, '2018-06-05 00:00:00', '2018-06-05 00:00:00', NULL),
(322, 649, 29, 1, 1, 1, 1, '2018-06-07 00:00:00', '2018-06-07 00:00:00', NULL),
(323, 649, 29, 2, 1, 1, 1, '2018-06-07 00:00:00', '2018-06-07 00:00:00', NULL),
(324, 649, 29, 3, 1, 1, 1, '2018-06-07 00:00:00', '2018-06-07 00:00:00', NULL),
(325, 649, 29, 4, 1, 1, 1, '2018-06-07 00:00:00', '2018-06-07 00:00:00', NULL),
(326, 649, 29, 5, 1, 1, 1, '2018-06-07 00:00:00', '2018-06-07 00:00:00', NULL),
(327, 649, 29, 6, 1, 1, 1, '2018-06-07 00:00:00', '2018-06-07 00:00:00', NULL),
(328, 649, 29, 7, 1, 1, 1, '2018-06-07 00:00:00', '2018-06-07 00:00:00', NULL),
(329, 346, 29, 1, 1, 1, 1, '2018-06-01 00:00:00', '2018-06-01 00:00:00', NULL),
(330, 346, 29, 2, 1, 1, 1, '2018-06-01 00:00:00', '2018-06-01 00:00:00', NULL),
(331, 346, 29, 3, 1, 1, 1, '2018-06-01 00:00:00', '2018-06-01 00:00:00', NULL),
(332, 346, 29, 4, 1, 1, 1, '2018-06-01 00:00:00', '2018-06-01 00:00:00', NULL),
(333, 346, 29, 5, 1, 1, 1, '2018-06-01 00:00:00', '2018-06-01 00:00:00', NULL),
(334, 346, 29, 6, 1, 1, 1, '2018-06-01 00:00:00', '2018-06-01 00:00:00', NULL),
(335, 346, 29, 7, 1, 1, 1, '2018-06-01 00:00:00', '2018-06-01 00:00:00', NULL),
(336, 740, 25, 1, 1, 1, 1, '2018-06-06 00:00:00', '2018-06-06 00:00:00', NULL),
(337, 740, 25, 2, 1, 1, 1, '2018-06-06 00:00:00', '2018-06-06 00:00:00', NULL),
(338, 740, 25, 3, 1, 1, 1, '2018-06-06 00:00:00', '2018-06-06 00:00:00', NULL),
(339, 740, 25, 4, 1, 1, 1, '2018-06-06 00:00:00', '2018-06-06 00:00:00', NULL),
(340, 740, 25, 5, 1, 1, 1, '2018-06-06 00:00:00', '2018-06-06 00:00:00', NULL),
(341, 216, 28, 1, 1, 1, 1, '2018-06-06 00:00:00', '2018-06-06 00:00:00', NULL),
(342, 216, 28, 2, 1, 1, 1, '2018-06-06 00:00:00', '2018-06-06 00:00:00', NULL),
(343, 216, 28, 3, 1, 1, 1, '2018-06-06 00:00:00', '2018-06-06 00:00:00', NULL),
(344, 216, 28, 4, 1, 1, 1, '2018-06-06 00:00:00', '2018-06-06 00:00:00', NULL),
(345, 216, 28, 5, 1, 1, 1, '2018-06-06 00:00:00', '2018-06-06 00:00:00', NULL),
(346, 485, 25, 1, 1, 1, 1, '2018-06-02 00:00:00', '2018-06-02 00:00:00', NULL),
(347, 485, 25, 2, 1, 1, 1, '2018-06-02 00:00:00', '2018-06-02 00:00:00', NULL),
(348, 485, 25, 3, 1, 1, 1, '2018-06-02 00:00:00', '2018-06-02 00:00:00', NULL),
(349, 485, 25, 4, 1, 1, 1, '2018-06-02 00:00:00', '2018-06-02 00:00:00', NULL),
(350, 516, 23, 1, 1, 1, 1, '2018-06-02 00:00:00', '2018-06-02 00:00:00', NULL),
(351, 733, 30, 1, 1, 1, 1, '2018-06-05 00:00:00', '2018-06-05 00:00:00', NULL),
(352, 733, 30, 2, 1, 1, 1, '2018-06-05 00:00:00', '2018-06-05 00:00:00', NULL),
(353, 733, 30, 3, 1, 1, 1, '2018-06-05 00:00:00', '2018-06-05 00:00:00', NULL),
(354, 733, 30, 4, 1, 1, 1, '2018-06-05 00:00:00', '2018-06-05 00:00:00', NULL),
(355, 590, 24, 1, 1, 1, 1, '2018-06-02 00:00:00', '2018-06-02 00:00:00', NULL),
(356, 590, 24, 2, 1, 1, 1, '2018-06-02 00:00:00', '2018-06-02 00:00:00', NULL),
(357, 599, 27, 1, 1, 1, 1, '2018-06-01 00:00:00', '2018-06-01 00:00:00', NULL),
(358, 599, 27, 2, 1, 1, 1, '2018-06-01 00:00:00', '2018-06-01 00:00:00', NULL),
(359, 446, 28, 1, 1, 1, 1, '2018-06-01 00:00:00', '2018-06-01 00:00:00', NULL),
(360, 280, 25, 1, 1, 1, 1, '2018-06-02 00:00:00', '2018-06-02 00:00:00', NULL),
(361, 280, 25, 2, 1, 1, 1, '2018-06-02 00:00:00', '2018-06-02 00:00:00', NULL),
(362, 280, 25, 3, 1, 1, 1, '2018-06-02 00:00:00', '2018-06-02 00:00:00', NULL),
(363, 280, 25, 4, 1, 1, 1, '2018-06-02 00:00:00', '2018-06-02 00:00:00', NULL),
(364, 280, 25, 5, 1, 1, 1, '2018-06-02 00:00:00', '2018-06-02 00:00:00', NULL),
(365, 303, 24, 1, 1, 1, 1, '2018-05-31 00:00:00', '2018-05-31 00:00:00', NULL),
(366, 303, 24, 2, 1, 1, 1, '2018-05-31 00:00:00', '2018-05-31 00:00:00', NULL),
(367, 303, 24, 3, 1, 1, 1, '2018-05-31 00:00:00', '2018-05-31 00:00:00', NULL),
(368, 303, 24, 4, 1, 1, 1, '2018-05-31 00:00:00', '2018-05-31 00:00:00', NULL),
(369, 303, 24, 5, 1, 1, 1, '2018-05-31 00:00:00', '2018-05-31 00:00:00', NULL),
(370, 565, 30, 1, 1, 1, 1, '2018-06-07 00:00:00', '2018-06-07 00:00:00', NULL),
(371, 565, 30, 2, 1, 1, 1, '2018-06-07 00:00:00', '2018-06-07 00:00:00', NULL),
(372, 565, 30, 3, 1, 1, 1, '2018-06-07 00:00:00', '2018-06-07 00:00:00', NULL),
(373, 565, 30, 4, 1, 1, 1, '2018-06-07 00:00:00', '2018-06-07 00:00:00', NULL),
(374, 565, 30, 5, 1, 1, 1, '2018-06-07 00:00:00', '2018-06-07 00:00:00', NULL),
(375, 461, 29, 1, 1, 1, 1, '2018-06-03 00:00:00', '2018-06-03 00:00:00', NULL),
(376, 461, 29, 2, 1, 1, 1, '2018-06-03 00:00:00', '2018-06-03 00:00:00', NULL),
(377, 461, 29, 3, 1, 1, 1, '2018-06-03 00:00:00', '2018-06-03 00:00:00', NULL),
(378, 689, 29, 1, 1, 1, 1, '2018-06-03 00:00:00', '2018-06-03 00:00:00', NULL),
(379, 708, 26, 1, 1, 1, 1, '2018-05-31 00:00:00', '2018-05-31 00:00:00', NULL),
(380, 708, 26, 2, 1, 1, 1, '2018-05-31 00:00:00', '2018-05-31 00:00:00', NULL),
(381, 708, 26, 3, 1, 1, 1, '2018-05-31 00:00:00', '2018-05-31 00:00:00', NULL),
(382, 708, 26, 4, 1, 1, 1, '2018-05-31 00:00:00', '2018-05-31 00:00:00', NULL),
(383, 708, 26, 5, 1, 1, 1, '2018-05-31 00:00:00', '2018-05-31 00:00:00', NULL),
(384, 708, 26, 6, 1, 1, 1, '2018-05-31 00:00:00', '2018-05-31 00:00:00', NULL),
(385, 656, 29, 1, 1, 1, 1, '2018-06-03 00:00:00', '2018-06-03 00:00:00', NULL),
(386, 656, 29, 2, 1, 1, 1, '2018-06-03 00:00:00', '2018-06-03 00:00:00', NULL),
(387, 656, 29, 3, 1, 1, 1, '2018-06-03 00:00:00', '2018-06-03 00:00:00', NULL),
(388, 656, 29, 4, 1, 1, 1, '2018-06-03 00:00:00', '2018-06-03 00:00:00', NULL),
(389, 656, 29, 5, 1, 1, 1, '2018-06-03 00:00:00', '2018-06-03 00:00:00', NULL),
(390, 656, 29, 6, 1, 1, 1, '2018-06-03 00:00:00', '2018-06-03 00:00:00', NULL),
(391, 656, 29, 7, 1, 1, 1, '2018-06-03 00:00:00', '2018-06-03 00:00:00', NULL),
(392, 656, 29, 8, 1, 1, 1, '2018-06-03 00:00:00', '2018-06-03 00:00:00', NULL),
(393, 74, 1, 1, 1, 1, 1, '2018-06-03 00:00:00', '2018-06-03 00:00:00', NULL),
(394, 74, 1, 2, 1, 1, 1, '2018-06-03 00:00:00', '2018-06-03 00:00:00', NULL),
(395, 74, 1, 3, 1, 1, 1, '2018-06-03 00:00:00', '2018-06-03 00:00:00', NULL),
(396, 74, 1, 4, 1, 1, 1, '2018-06-03 00:00:00', '2018-06-03 00:00:00', NULL),
(397, 74, 1, 5, 1, 1, 1, '2018-06-03 00:00:00', '2018-06-03 00:00:00', NULL),
(398, 74, 1, 6, 1, 1, 1, '2018-06-03 00:00:00', '2018-06-03 00:00:00', NULL),
(399, 74, 1, 7, 1, 1, 1, '2018-06-03 00:00:00', '2018-06-03 00:00:00', NULL),
(400, 607, 26, 1, 1, 1, 1, '2018-06-03 00:00:00', '2018-06-03 00:00:00', NULL),
(401, 607, 26, 2, 1, 1, 1, '2018-06-03 00:00:00', '2018-06-03 00:00:00', NULL),
(402, 607, 26, 3, 1, 1, 1, '2018-06-03 00:00:00', '2018-06-03 00:00:00', NULL),
(403, 607, 26, 4, 1, 1, 1, '2018-06-03 00:00:00', '2018-06-03 00:00:00', NULL),
(404, 607, 26, 5, 1, 1, 1, '2018-06-03 00:00:00', '2018-06-03 00:00:00', NULL),
(405, 607, 26, 6, 1, 1, 1, '2018-06-03 00:00:00', '2018-06-03 00:00:00', NULL),
(406, 236, 26, 1, 1, 1, 1, '2018-06-02 00:00:00', '2018-06-02 00:00:00', NULL),
(407, 236, 26, 2, 1, 1, 1, '2018-06-02 00:00:00', '2018-06-02 00:00:00', NULL),
(408, 236, 26, 3, 1, 1, 1, '2018-06-02 00:00:00', '2018-06-02 00:00:00', NULL),
(409, 236, 26, 4, 1, 1, 1, '2018-06-02 00:00:00', '2018-06-02 00:00:00', NULL),
(410, 236, 26, 5, 1, 1, 1, '2018-06-02 00:00:00', '2018-06-02 00:00:00', NULL),
(411, 236, 26, 6, 1, 1, 1, '2018-06-02 00:00:00', '2018-06-02 00:00:00', NULL),
(412, 236, 26, 7, 1, 1, 1, '2018-06-02 00:00:00', '2018-06-02 00:00:00', NULL),
(413, 236, 26, 8, 1, 1, 1, '2018-06-02 00:00:00', '2018-06-02 00:00:00', NULL),
(414, 716, 29, 1, 1, 1, 1, '2018-06-03 00:00:00', '2018-06-03 00:00:00', NULL),
(415, 716, 29, 2, 1, 1, 1, '2018-06-03 00:00:00', '2018-06-03 00:00:00', NULL),
(416, 716, 29, 3, 1, 1, 1, '2018-06-03 00:00:00', '2018-06-03 00:00:00', NULL),
(417, 134, 24, 1, 1, 1, 1, '2018-06-02 00:00:00', '2018-06-02 00:00:00', NULL),
(418, 134, 24, 2, 1, 1, 1, '2018-06-02 00:00:00', '2018-06-02 00:00:00', NULL),
(419, 134, 24, 3, 1, 1, 1, '2018-06-02 00:00:00', '2018-06-02 00:00:00', NULL),
(420, 134, 24, 4, 1, 1, 1, '2018-06-02 00:00:00', '2018-06-02 00:00:00', NULL),
(421, 134, 24, 5, 1, 1, 1, '2018-06-02 00:00:00', '2018-06-02 00:00:00', NULL),
(422, 134, 24, 6, 1, 1, 1, '2018-06-02 00:00:00', '2018-06-02 00:00:00', NULL),
(423, 618, 1, 1, 1, 1, 1, '2018-06-05 00:00:00', '2018-06-05 00:00:00', NULL),
(424, 618, 1, 2, 1, 1, 1, '2018-06-05 00:00:00', '2018-06-05 00:00:00', NULL),
(425, 618, 1, 3, 1, 1, 1, '2018-06-05 00:00:00', '2018-06-05 00:00:00', NULL),
(426, 618, 1, 4, 1, 1, 1, '2018-06-05 00:00:00', '2018-06-05 00:00:00', NULL),
(427, 618, 1, 5, 1, 1, 1, '2018-06-05 00:00:00', '2018-06-05 00:00:00', NULL),
(428, 618, 1, 6, 1, 1, 1, '2018-06-05 00:00:00', '2018-06-05 00:00:00', NULL),
(429, 618, 1, 7, 1, 1, 1, '2018-06-05 00:00:00', '2018-06-05 00:00:00', NULL),
(430, 618, 1, 8, 1, 1, 1, '2018-06-05 00:00:00', '2018-06-05 00:00:00', NULL),
(431, 633, 29, 1, 1, 1, 1, '2018-06-03 00:00:00', '2018-06-03 00:00:00', NULL),
(432, 633, 29, 2, 1, 1, 1, '2018-06-03 00:00:00', '2018-06-03 00:00:00', NULL),
(433, 633, 29, 3, 1, 1, 1, '2018-06-03 00:00:00', '2018-06-03 00:00:00', NULL),
(434, 578, 29, 1, 1, 1, 1, '2018-06-03 00:00:00', '2018-06-03 00:00:00', NULL),
(435, 578, 29, 2, 1, 1, 1, '2018-06-03 00:00:00', '2018-06-03 00:00:00', NULL),
(436, 37, 28, 1, 1, 1, 1, '2018-06-07 00:00:00', '2018-06-07 00:00:00', NULL),
(437, 434, 22, 1, 1, 1, 1, '2018-06-01 00:00:00', '2018-06-01 00:00:00', NULL),
(438, 434, 22, 2, 1, 1, 1, '2018-06-01 00:00:00', '2018-06-01 00:00:00', NULL),
(439, 434, 22, 3, 1, 1, 1, '2018-06-01 00:00:00', '2018-06-01 00:00:00', NULL),
(440, 434, 22, 4, 1, 1, 1, '2018-06-01 00:00:00', '2018-06-01 00:00:00', NULL),
(441, 434, 22, 5, 1, 1, 1, '2018-06-01 00:00:00', '2018-06-01 00:00:00', NULL),
(442, 434, 22, 6, 1, 1, 1, '2018-06-01 00:00:00', '2018-06-01 00:00:00', NULL),
(443, 434, 22, 7, 1, 1, 1, '2018-06-01 00:00:00', '2018-06-01 00:00:00', NULL),
(444, 253, 30, 1, 1, 1, 1, '2018-06-02 00:00:00', '2018-06-02 00:00:00', NULL),
(445, 253, 30, 2, 1, 1, 1, '2018-06-02 00:00:00', '2018-06-02 00:00:00', NULL),
(446, 253, 30, 3, 1, 1, 1, '2018-06-02 00:00:00', '2018-06-02 00:00:00', NULL),
(447, 253, 30, 4, 1, 1, 1, '2018-06-02 00:00:00', '2018-06-02 00:00:00', NULL),
(448, 253, 30, 5, 1, 1, 1, '2018-06-02 00:00:00', '2018-06-02 00:00:00', NULL),
(449, 253, 30, 6, 1, 1, 1, '2018-06-02 00:00:00', '2018-06-02 00:00:00', NULL),
(450, 445, 23, 1, 1, 1, 1, '2018-06-05 00:00:00', '2018-06-05 00:00:00', NULL),
(451, 445, 23, 2, 1, 1, 1, '2018-06-05 00:00:00', '2018-06-05 00:00:00', NULL),
(452, 445, 23, 3, 1, 1, 1, '2018-06-05 00:00:00', '2018-06-05 00:00:00', NULL),
(453, 445, 23, 4, 1, 1, 1, '2018-06-05 00:00:00', '2018-06-05 00:00:00', NULL),
(454, 445, 23, 5, 1, 1, 1, '2018-06-05 00:00:00', '2018-06-05 00:00:00', NULL),
(455, 445, 23, 6, 1, 1, 1, '2018-06-05 00:00:00', '2018-06-05 00:00:00', NULL),
(456, 269, 27, 1, 1, 1, 1, '2018-06-01 00:00:00', '2018-06-01 00:00:00', NULL),
(457, 269, 27, 2, 1, 1, 1, '2018-06-01 00:00:00', '2018-06-01 00:00:00', NULL),
(458, 269, 27, 3, 1, 1, 1, '2018-06-01 00:00:00', '2018-06-01 00:00:00', NULL),
(459, 269, 27, 4, 1, 1, 1, '2018-06-01 00:00:00', '2018-06-01 00:00:00', NULL),
(460, 605, 22, 1, 1, 1, 1, '2018-06-07 00:00:00', '2018-06-07 00:00:00', NULL),
(461, 605, 22, 2, 1, 1, 1, '2018-06-07 00:00:00', '2018-06-07 00:00:00', NULL),
(462, 605, 22, 3, 1, 1, 1, '2018-06-07 00:00:00', '2018-06-07 00:00:00', NULL),
(463, 605, 22, 4, 1, 1, 1, '2018-06-07 00:00:00', '2018-06-07 00:00:00', NULL),
(464, 605, 22, 5, 1, 1, 1, '2018-06-07 00:00:00', '2018-06-07 00:00:00', NULL),
(465, 605, 22, 6, 1, 1, 1, '2018-06-07 00:00:00', '2018-06-07 00:00:00', NULL),
(466, 605, 22, 7, 1, 1, 1, '2018-06-07 00:00:00', '2018-06-07 00:00:00', NULL),
(467, 605, 22, 8, 1, 1, 1, '2018-06-07 00:00:00', '2018-06-07 00:00:00', NULL),
(468, 87, 23, 1, 1, 1, 1, '2018-06-05 00:00:00', '2018-06-05 00:00:00', NULL),
(469, 87, 23, 2, 1, 1, 1, '2018-06-05 00:00:00', '2018-06-05 00:00:00', NULL),
(470, 87, 23, 3, 1, 1, 1, '2018-06-05 00:00:00', '2018-06-05 00:00:00', NULL),
(471, 87, 23, 4, 1, 1, 1, '2018-06-05 00:00:00', '2018-06-05 00:00:00', NULL),
(472, 87, 23, 5, 1, 1, 1, '2018-06-05 00:00:00', '2018-06-05 00:00:00', NULL),
(473, 87, 23, 6, 1, 1, 1, '2018-06-05 00:00:00', '2018-06-05 00:00:00', NULL),
(474, 87, 23, 7, 1, 1, 1, '2018-06-05 00:00:00', '2018-06-05 00:00:00', NULL),
(475, 87, 23, 8, 1, 1, 1, '2018-06-05 00:00:00', '2018-06-05 00:00:00', NULL),
(476, 533, 24, 1, 1, 1, 1, '2018-06-04 00:00:00', '2018-06-04 00:00:00', NULL),
(477, 533, 24, 2, 1, 1, 1, '2018-06-04 00:00:00', '2018-06-04 00:00:00', NULL),
(478, 351, 25, 1, 1, 1, 1, '2018-06-06 00:00:00', '2018-06-06 00:00:00', NULL),
(479, 49, 30, 1, 1, 1, 1, '2018-06-02 00:00:00', '2018-06-02 00:00:00', NULL),
(480, 414, 1, 1, 1, 1, 1, '2018-06-02 00:00:00', '2018-06-02 00:00:00', NULL),
(481, 414, 1, 2, 1, 1, 1, '2018-06-02 00:00:00', '2018-06-02 00:00:00', NULL),
(482, 414, 1, 3, 1, 1, 1, '2018-06-02 00:00:00', '2018-06-02 00:00:00', NULL),
(483, 655, 1, 1, 1, 1, 1, '2018-06-01 00:00:00', '2018-06-01 00:00:00', NULL),
(484, 655, 1, 2, 1, 1, 1, '2018-06-01 00:00:00', '2018-06-01 00:00:00', NULL),
(485, 379, 27, 1, 1, 1, 1, '2018-06-07 00:00:00', '2018-06-07 00:00:00', NULL),
(486, 379, 27, 2, 1, 1, 1, '2018-06-07 00:00:00', '2018-06-07 00:00:00', NULL),
(487, 379, 27, 3, 1, 1, 1, '2018-06-07 00:00:00', '2018-06-07 00:00:00', NULL),
(488, 379, 27, 4, 1, 1, 1, '2018-06-07 00:00:00', '2018-06-07 00:00:00', NULL),
(489, 379, 27, 5, 1, 1, 1, '2018-06-07 00:00:00', '2018-06-07 00:00:00', NULL),
(490, 2, 1, 1, 1, 1, 1, '2018-06-06 00:00:00', '2018-06-06 00:00:00', NULL),
(491, 2, 1, 2, 1, 1, 1, '2018-06-06 00:00:00', '2018-06-06 00:00:00', NULL),
(492, 2, 1, 3, 1, 1, 1, '2018-06-06 00:00:00', '2018-06-06 00:00:00', NULL),
(493, 182, 30, 1, 1, 1, 1, '2018-06-06 00:00:00', '2018-06-06 00:00:00', NULL),
(494, 182, 30, 2, 1, 1, 1, '2018-06-06 00:00:00', '2018-06-06 00:00:00', NULL),
(495, 182, 30, 3, 1, 1, 1, '2018-06-06 00:00:00', '2018-06-06 00:00:00', NULL),
(496, 182, 30, 4, 1, 1, 1, '2018-06-06 00:00:00', '2018-06-06 00:00:00', NULL),
(497, 182, 30, 5, 1, 1, 1, '2018-06-06 00:00:00', '2018-06-06 00:00:00', NULL),
(498, 779, 29, 1, 1, 1, 1, '2018-06-05 00:00:00', '2018-06-05 00:00:00', NULL),
(499, 779, 29, 2, 1, 1, 1, '2018-06-05 00:00:00', '2018-06-05 00:00:00', NULL),
(500, 779, 29, 3, 1, 1, 1, '2018-06-05 00:00:00', '2018-06-05 00:00:00', NULL),
(501, 779, 29, 4, 1, 1, 1, '2018-06-05 00:00:00', '2018-06-05 00:00:00', NULL),
(502, 779, 29, 5, 1, 1, 1, '2018-06-05 00:00:00', '2018-06-05 00:00:00', NULL),
(503, 779, 29, 6, 1, 1, 1, '2018-06-05 00:00:00', '2018-06-05 00:00:00', NULL),
(504, 773, 28, 1, 1, 1, 1, '2018-06-02 00:00:00', '2018-06-02 00:00:00', NULL),
(505, 773, 28, 2, 1, 1, 1, '2018-06-02 00:00:00', '2018-06-02 00:00:00', NULL),
(506, 773, 28, 3, 1, 1, 1, '2018-06-02 00:00:00', '2018-06-02 00:00:00', NULL),
(507, 773, 28, 4, 1, 1, 1, '2018-06-02 00:00:00', '2018-06-02 00:00:00', NULL),
(508, 773, 28, 5, 1, 1, 1, '2018-06-02 00:00:00', '2018-06-02 00:00:00', NULL),
(509, 602, 25, 1, 1, 1, 1, '2018-06-02 00:00:00', '2018-06-02 00:00:00', NULL),
(510, 602, 25, 2, 1, 1, 1, '2018-06-02 00:00:00', '2018-06-02 00:00:00', NULL),
(511, 602, 25, 3, 1, 1, 1, '2018-06-02 00:00:00', '2018-06-02 00:00:00', NULL),
(512, 612, 28, 1, 1, 1, 1, '2018-06-01 00:00:00', '2018-06-01 00:00:00', NULL),
(513, 612, 28, 2, 1, 1, 1, '2018-06-01 00:00:00', '2018-06-01 00:00:00', NULL),
(514, 612, 28, 3, 1, 1, 1, '2018-06-01 00:00:00', '2018-06-01 00:00:00', NULL),
(515, 612, 28, 4, 1, 1, 1, '2018-06-01 00:00:00', '2018-06-01 00:00:00', NULL),
(516, 612, 28, 5, 1, 1, 1, '2018-06-01 00:00:00', '2018-06-01 00:00:00', NULL),
(517, 612, 28, 6, 1, 1, 1, '2018-06-01 00:00:00', '2018-06-01 00:00:00', NULL),
(518, 106, 24, 1, 1, 1, 1, '2018-06-05 00:00:00', '2018-06-05 00:00:00', NULL),
(519, 106, 24, 2, 1, 1, 1, '2018-06-05 00:00:00', '2018-06-05 00:00:00', NULL),
(520, 106, 24, 3, 1, 1, 1, '2018-06-05 00:00:00', '2018-06-05 00:00:00', NULL),
(521, 106, 24, 4, 1, 1, 1, '2018-06-05 00:00:00', '2018-06-05 00:00:00', NULL),
(522, 372, 26, 1, 1, 1, 1, '2018-06-01 00:00:00', '2018-06-01 00:00:00', NULL),
(523, 372, 26, 2, 1, 1, 1, '2018-06-01 00:00:00', '2018-06-01 00:00:00', NULL),
(524, 372, 26, 3, 1, 1, 1, '2018-06-01 00:00:00', '2018-06-01 00:00:00', NULL),
(525, 372, 26, 4, 1, 1, 1, '2018-06-01 00:00:00', '2018-06-01 00:00:00', NULL),
(526, 372, 26, 5, 1, 1, 1, '2018-06-01 00:00:00', '2018-06-01 00:00:00', NULL),
(527, 372, 26, 6, 1, 1, 1, '2018-06-01 00:00:00', '2018-06-01 00:00:00', NULL),
(528, 372, 26, 7, 1, 1, 1, '2018-06-01 00:00:00', '2018-06-01 00:00:00', NULL),
(529, 224, 30, 1, 1, 1, 1, '2018-06-06 00:00:00', '2018-06-06 00:00:00', NULL),
(530, 224, 30, 2, 1, 1, 1, '2018-06-06 00:00:00', '2018-06-06 00:00:00', NULL),
(531, 224, 30, 3, 1, 1, 1, '2018-06-06 00:00:00', '2018-06-06 00:00:00', NULL),
(532, 224, 30, 4, 1, 1, 1, '2018-06-06 00:00:00', '2018-06-06 00:00:00', NULL),
(533, 224, 30, 5, 1, 1, 1, '2018-06-06 00:00:00', '2018-06-06 00:00:00', NULL),
(534, 224, 30, 6, 1, 1, 1, '2018-06-06 00:00:00', '2018-06-06 00:00:00', NULL),
(535, 640, 27, 1, 1, 1, 1, '2018-06-01 00:00:00', '2018-06-01 00:00:00', NULL),
(536, 640, 27, 2, 1, 1, 1, '2018-06-01 00:00:00', '2018-06-01 00:00:00', NULL),
(537, 640, 27, 3, 1, 1, 1, '2018-06-01 00:00:00', '2018-06-01 00:00:00', NULL),
(538, 393, 22, 1, 1, 1, 1, '2018-06-02 00:00:00', '2018-06-02 00:00:00', NULL),
(539, 132, 30, 1, 1, 1, 1, '2018-05-31 00:00:00', '2018-05-31 00:00:00', NULL),
(540, 132, 30, 2, 1, 1, 1, '2018-05-31 00:00:00', '2018-05-31 00:00:00', NULL),
(541, 132, 30, 3, 1, 1, 1, '2018-05-31 00:00:00', '2018-05-31 00:00:00', NULL),
(542, 132, 30, 4, 1, 1, 1, '2018-05-31 00:00:00', '2018-05-31 00:00:00', NULL),
(543, 132, 30, 5, 1, 1, 1, '2018-05-31 00:00:00', '2018-05-31 00:00:00', NULL),
(544, 132, 30, 6, 1, 1, 1, '2018-05-31 00:00:00', '2018-05-31 00:00:00', NULL),
(545, 132, 30, 7, 1, 1, 1, '2018-05-31 00:00:00', '2018-05-31 00:00:00', NULL),
(546, 317, 1, 1, 1, 1, 1, '2018-06-06 00:00:00', '2018-06-06 00:00:00', NULL),
(547, 317, 1, 2, 1, 1, 1, '2018-06-06 00:00:00', '2018-06-06 00:00:00', NULL),
(548, 317, 1, 3, 1, 1, 1, '2018-06-06 00:00:00', '2018-06-06 00:00:00', NULL),
(549, 59, 25, 1, 1, 1, 1, '2018-06-02 00:00:00', '2018-06-02 00:00:00', NULL),
(550, 59, 25, 2, 1, 1, 1, '2018-06-02 00:00:00', '2018-06-02 00:00:00', NULL),
(551, 59, 25, 3, 1, 1, 1, '2018-06-02 00:00:00', '2018-06-02 00:00:00', NULL),
(552, 59, 25, 4, 1, 1, 1, '2018-06-02 00:00:00', '2018-06-02 00:00:00', NULL),
(553, 59, 25, 5, 1, 1, 1, '2018-06-02 00:00:00', '2018-06-02 00:00:00', NULL),
(554, 699, 28, 1, 1, 1, 1, '2018-06-07 00:00:00', '2018-06-07 00:00:00', NULL),
(555, 699, 28, 2, 1, 1, 1, '2018-06-07 00:00:00', '2018-06-07 00:00:00', NULL),
(556, 699, 28, 3, 1, 1, 1, '2018-06-07 00:00:00', '2018-06-07 00:00:00', NULL),
(557, 681, 31, 1, 1, 1, 1, '2018-06-05 00:00:00', '2018-06-05 00:00:00', NULL),
(558, 681, 31, 2, 1, 1, 1, '2018-06-05 00:00:00', '2018-06-05 00:00:00', NULL),
(559, 681, 31, 3, 1, 1, 1, '2018-06-05 00:00:00', '2018-06-05 00:00:00', NULL),
(560, 681, 31, 4, 1, 1, 1, '2018-06-05 00:00:00', '2018-06-05 00:00:00', NULL),
(561, 281, 30, 1, 1, 1, 1, '2018-06-03 00:00:00', '2018-06-03 00:00:00', NULL),
(562, 281, 30, 2, 1, 1, 1, '2018-06-03 00:00:00', '2018-06-03 00:00:00', NULL),
(563, 242, 23, 1, 1, 1, 1, '2018-06-01 00:00:00', '2018-06-01 00:00:00', NULL),
(564, 242, 23, 2, 1, 1, 1, '2018-06-01 00:00:00', '2018-06-01 00:00:00', NULL),
(565, 242, 23, 3, 1, 1, 1, '2018-06-01 00:00:00', '2018-06-01 00:00:00', NULL),
(566, 242, 23, 4, 1, 1, 1, '2018-06-01 00:00:00', '2018-06-01 00:00:00', NULL),
(567, 242, 23, 5, 1, 1, 1, '2018-06-01 00:00:00', '2018-06-01 00:00:00', NULL),
(568, 242, 23, 6, 1, 1, 1, '2018-06-01 00:00:00', '2018-06-01 00:00:00', NULL),
(569, 56, 24, 1, 1, 1, 1, '2018-06-07 00:00:00', '2018-06-07 00:00:00', NULL),
(570, 56, 24, 2, 1, 1, 1, '2018-06-07 00:00:00', '2018-06-07 00:00:00', NULL),
(571, 56, 24, 3, 1, 1, 1, '2018-06-07 00:00:00', '2018-06-07 00:00:00', NULL),
(572, 56, 24, 4, 1, 1, 1, '2018-06-07 00:00:00', '2018-06-07 00:00:00', NULL),
(573, 665, 31, 1, 1, 1, 1, '2018-06-07 00:00:00', '2018-06-07 00:00:00', NULL),
(574, 626, 25, 1, 1, 1, 1, '2018-06-05 00:00:00', '2018-06-05 00:00:00', NULL),
(575, 702, 29, 1, 1, 1, 1, '2018-06-02 00:00:00', '2018-06-02 00:00:00', NULL),
(576, 702, 29, 2, 1, 1, 1, '2018-06-02 00:00:00', '2018-06-02 00:00:00', NULL),
(577, 702, 29, 3, 1, 1, 1, '2018-06-02 00:00:00', '2018-06-02 00:00:00', NULL),
(578, 702, 29, 4, 1, 1, 1, '2018-06-02 00:00:00', '2018-06-02 00:00:00', NULL),
(579, 702, 29, 5, 1, 1, 1, '2018-06-02 00:00:00', '2018-06-02 00:00:00', NULL),
(580, 283, 29, 1, 1, 1, 1, '2018-06-04 00:00:00', '2018-06-04 00:00:00', NULL),
(581, 614, 25, 1, 1, 1, 1, '2018-06-06 00:00:00', '2018-06-06 00:00:00', NULL),
(582, 614, 25, 2, 1, 1, 1, '2018-06-06 00:00:00', '2018-06-06 00:00:00', NULL),
(583, 614, 25, 3, 1, 1, 1, '2018-06-06 00:00:00', '2018-06-06 00:00:00', NULL),
(584, 614, 25, 4, 1, 1, 1, '2018-06-06 00:00:00', '2018-06-06 00:00:00', NULL),
(585, 614, 25, 5, 1, 1, 1, '2018-06-06 00:00:00', '2018-06-06 00:00:00', NULL),
(586, 614, 25, 6, 1, 1, 1, '2018-06-06 00:00:00', '2018-06-06 00:00:00', NULL),
(587, 614, 25, 7, 1, 1, 1, '2018-06-06 00:00:00', '2018-06-06 00:00:00', NULL),
(588, 473, 1, 1, 1, 1, 1, '2018-06-06 00:00:00', '2018-06-06 00:00:00', NULL),
(589, 473, 1, 2, 1, 1, 1, '2018-06-06 00:00:00', '2018-06-06 00:00:00', NULL),
(590, 473, 1, 3, 1, 1, 1, '2018-06-06 00:00:00', '2018-06-06 00:00:00', NULL),
(591, 449, 27, 1, 1, 1, 1, '2018-06-06 00:00:00', '2018-06-06 00:00:00', NULL),
(592, 449, 27, 2, 1, 1, 1, '2018-06-06 00:00:00', '2018-06-06 00:00:00', NULL),
(593, 449, 27, 3, 1, 1, 1, '2018-06-06 00:00:00', '2018-06-06 00:00:00', NULL),
(594, 449, 27, 4, 1, 1, 1, '2018-06-06 00:00:00', '2018-06-06 00:00:00', NULL),
(595, 374, 26, 1, 1, 1, 1, '2018-06-04 00:00:00', '2018-06-04 00:00:00', NULL),
(596, 374, 26, 2, 1, 1, 1, '2018-06-04 00:00:00', '2018-06-04 00:00:00', NULL),
(597, 277, 27, 1, 1, 1, 1, '2018-06-05 00:00:00', '2018-06-05 00:00:00', NULL),
(598, 277, 27, 2, 1, 1, 1, '2018-06-05 00:00:00', '2018-06-05 00:00:00', NULL),
(599, 277, 27, 3, 1, 1, 1, '2018-06-05 00:00:00', '2018-06-05 00:00:00', NULL),
(600, 277, 27, 4, 1, 1, 1, '2018-06-05 00:00:00', '2018-06-05 00:00:00', NULL),
(601, 277, 27, 5, 1, 1, 1, '2018-06-05 00:00:00', '2018-06-05 00:00:00', NULL),
(602, 277, 27, 6, 1, 1, 1, '2018-06-05 00:00:00', '2018-06-05 00:00:00', NULL),
(603, 277, 27, 7, 1, 1, 1, '2018-06-05 00:00:00', '2018-06-05 00:00:00', NULL),
(604, 277, 27, 8, 1, 1, 1, '2018-06-05 00:00:00', '2018-06-05 00:00:00', NULL),
(605, 162, 27, 1, 1, 1, 1, '2018-06-03 00:00:00', '2018-06-03 00:00:00', NULL),
(606, 162, 27, 2, 1, 1, 1, '2018-06-03 00:00:00', '2018-06-03 00:00:00', NULL),
(607, 642, 28, 1, 1, 1, 1, '2018-06-05 00:00:00', '2018-06-05 00:00:00', NULL),
(608, 642, 28, 2, 1, 1, 1, '2018-06-05 00:00:00', '2018-06-05 00:00:00', NULL),
(609, 642, 28, 3, 1, 1, 1, '2018-06-05 00:00:00', '2018-06-05 00:00:00', NULL),
(610, 642, 28, 4, 1, 1, 1, '2018-06-05 00:00:00', '2018-06-05 00:00:00', NULL),
(611, 29, 30, 1, 1, 1, 1, '2018-06-04 00:00:00', '2018-06-04 00:00:00', NULL),
(612, 29, 30, 2, 1, 1, 1, '2018-06-04 00:00:00', '2018-06-04 00:00:00', NULL),
(613, 29, 30, 3, 1, 1, 1, '2018-06-04 00:00:00', '2018-06-04 00:00:00', NULL),
(614, 29, 30, 4, 1, 1, 1, '2018-06-04 00:00:00', '2018-06-04 00:00:00', NULL),
(615, 57, 31, 1, 1, 1, 1, '2018-05-31 00:00:00', '2018-05-31 00:00:00', NULL),
(616, 57, 31, 2, 1, 1, 1, '2018-05-31 00:00:00', '2018-05-31 00:00:00', NULL),
(617, 57, 31, 3, 1, 1, 1, '2018-05-31 00:00:00', '2018-05-31 00:00:00', NULL),
(618, 306, 30, 1, 1, 1, 1, '2018-06-06 00:00:00', '2018-06-06 00:00:00', NULL),
(619, 306, 30, 2, 1, 1, 1, '2018-06-06 00:00:00', '2018-06-06 00:00:00', NULL),
(620, 306, 30, 3, 1, 1, 1, '2018-06-06 00:00:00', '2018-06-06 00:00:00', NULL),
(621, 306, 30, 4, 1, 1, 1, '2018-06-06 00:00:00', '2018-06-06 00:00:00', NULL),
(622, 306, 30, 5, 1, 1, 1, '2018-06-06 00:00:00', '2018-06-06 00:00:00', NULL),
(623, 306, 30, 6, 1, 1, 1, '2018-06-06 00:00:00', '2018-06-06 00:00:00', NULL),
(624, 306, 30, 7, 1, 1, 1, '2018-06-06 00:00:00', '2018-06-06 00:00:00', NULL),
(625, 306, 30, 8, 1, 1, 1, '2018-06-06 00:00:00', '2018-06-06 00:00:00', NULL),
(626, 582, 23, 1, 1, 1, 1, '2018-06-06 00:00:00', '2018-06-06 00:00:00', NULL),
(627, 582, 23, 2, 1, 1, 1, '2018-06-06 00:00:00', '2018-06-06 00:00:00', NULL),
(628, 582, 23, 3, 1, 1, 1, '2018-06-06 00:00:00', '2018-06-06 00:00:00', NULL),
(629, 582, 23, 4, 1, 1, 1, '2018-06-06 00:00:00', '2018-06-06 00:00:00', NULL),
(630, 582, 23, 5, 1, 1, 1, '2018-06-06 00:00:00', '2018-06-06 00:00:00', NULL),
(631, 667, 23, 1, 1, 1, 1, '2018-06-02 00:00:00', '2018-06-02 00:00:00', NULL),
(632, 200, 24, 1, 1, 1, 1, '2018-06-02 00:00:00', '2018-06-02 00:00:00', NULL),
(633, 200, 24, 2, 1, 1, 1, '2018-06-02 00:00:00', '2018-06-02 00:00:00', NULL),
(634, 200, 24, 3, 1, 1, 1, '2018-06-02 00:00:00', '2018-06-02 00:00:00', NULL),
(635, 200, 24, 4, 1, 1, 1, '2018-06-02 00:00:00', '2018-06-02 00:00:00', NULL),
(636, 200, 24, 5, 1, 1, 1, '2018-06-02 00:00:00', '2018-06-02 00:00:00', NULL),
(637, 200, 24, 6, 1, 1, 1, '2018-06-02 00:00:00', '2018-06-02 00:00:00', NULL),
(638, 200, 24, 7, 1, 1, 1, '2018-06-02 00:00:00', '2018-06-02 00:00:00', NULL),
(639, 200, 24, 8, 1, 1, 1, '2018-06-02 00:00:00', '2018-06-02 00:00:00', NULL),
(640, 334, 24, 1, 1, 1, 1, '2018-06-06 00:00:00', '2018-06-06 00:00:00', NULL),
(641, 334, 24, 2, 1, 1, 1, '2018-06-06 00:00:00', '2018-06-06 00:00:00', NULL);
INSERT INTO `call_history` (`id`, `contact_id`, `user_id`, `level_id`, `call_quality_level_id`, `status_service_id`, `status_call_id`, `created_at`, `updated_at`, `deleted_at`) VALUES
(642, 334, 24, 3, 1, 1, 1, '2018-06-06 00:00:00', '2018-06-06 00:00:00', NULL),
(643, 334, 24, 4, 1, 1, 1, '2018-06-06 00:00:00', '2018-06-06 00:00:00', NULL),
(644, 334, 24, 5, 1, 1, 1, '2018-06-06 00:00:00', '2018-06-06 00:00:00', NULL),
(645, 334, 24, 6, 1, 1, 1, '2018-06-06 00:00:00', '2018-06-06 00:00:00', NULL),
(646, 334, 24, 7, 1, 1, 1, '2018-06-06 00:00:00', '2018-06-06 00:00:00', NULL),
(647, 301, 24, 1, 1, 1, 1, '2018-06-07 00:00:00', '2018-06-07 00:00:00', NULL),
(648, 301, 24, 2, 1, 1, 1, '2018-06-07 00:00:00', '2018-06-07 00:00:00', NULL),
(649, 301, 24, 3, 1, 1, 1, '2018-06-07 00:00:00', '2018-06-07 00:00:00', NULL),
(650, 301, 24, 4, 1, 1, 1, '2018-06-07 00:00:00', '2018-06-07 00:00:00', NULL),
(651, 301, 24, 5, 1, 1, 1, '2018-06-07 00:00:00', '2018-06-07 00:00:00', NULL),
(652, 301, 24, 6, 1, 1, 1, '2018-06-07 00:00:00', '2018-06-07 00:00:00', NULL),
(653, 377, 29, 1, 1, 1, 1, '2018-06-07 00:00:00', '2018-06-07 00:00:00', NULL),
(654, 377, 29, 2, 1, 1, 1, '2018-06-07 00:00:00', '2018-06-07 00:00:00', NULL),
(655, 377, 29, 3, 1, 1, 1, '2018-06-07 00:00:00', '2018-06-07 00:00:00', NULL),
(656, 377, 29, 4, 1, 1, 1, '2018-06-07 00:00:00', '2018-06-07 00:00:00', NULL),
(657, 377, 29, 5, 1, 1, 1, '2018-06-07 00:00:00', '2018-06-07 00:00:00', NULL),
(658, 377, 29, 6, 1, 1, 1, '2018-06-07 00:00:00', '2018-06-07 00:00:00', NULL),
(659, 377, 29, 7, 1, 1, 1, '2018-06-07 00:00:00', '2018-06-07 00:00:00', NULL),
(660, 774, 27, 1, 1, 1, 1, '2018-06-01 00:00:00', '2018-06-01 00:00:00', NULL),
(661, 774, 27, 2, 1, 1, 1, '2018-06-01 00:00:00', '2018-06-01 00:00:00', NULL),
(662, 774, 27, 3, 1, 1, 1, '2018-06-01 00:00:00', '2018-06-01 00:00:00', NULL),
(663, 774, 27, 4, 1, 1, 1, '2018-06-01 00:00:00', '2018-06-01 00:00:00', NULL),
(664, 5, 22, 1, 1, 1, 1, '2018-06-06 00:00:00', '2018-06-06 00:00:00', NULL),
(665, 5, 22, 2, 1, 1, 1, '2018-06-06 00:00:00', '2018-06-06 00:00:00', NULL),
(666, 500, 24, 1, 1, 1, 1, '2018-06-01 00:00:00', '2018-06-01 00:00:00', NULL),
(667, 500, 24, 2, 1, 1, 1, '2018-06-01 00:00:00', '2018-06-01 00:00:00', NULL),
(668, 500, 24, 3, 1, 1, 1, '2018-06-01 00:00:00', '2018-06-01 00:00:00', NULL),
(669, 500, 24, 4, 1, 1, 1, '2018-06-01 00:00:00', '2018-06-01 00:00:00', NULL),
(670, 500, 24, 5, 1, 1, 1, '2018-06-01 00:00:00', '2018-06-01 00:00:00', NULL),
(671, 500, 24, 6, 1, 1, 1, '2018-06-01 00:00:00', '2018-06-01 00:00:00', NULL),
(672, 500, 24, 7, 1, 1, 1, '2018-06-01 00:00:00', '2018-06-01 00:00:00', NULL),
(673, 500, 24, 8, 1, 1, 1, '2018-06-01 00:00:00', '2018-06-01 00:00:00', NULL),
(674, 717, 27, 1, 1, 1, 1, '2018-06-07 00:00:00', '2018-06-07 00:00:00', NULL),
(675, 717, 27, 2, 1, 1, 1, '2018-06-07 00:00:00', '2018-06-07 00:00:00', NULL),
(676, 717, 27, 3, 1, 1, 1, '2018-06-07 00:00:00', '2018-06-07 00:00:00', NULL),
(677, 717, 27, 4, 1, 1, 1, '2018-06-07 00:00:00', '2018-06-07 00:00:00', NULL),
(678, 603, 29, 1, 1, 1, 1, '2018-06-04 00:00:00', '2018-06-04 00:00:00', NULL),
(679, 603, 29, 2, 1, 1, 1, '2018-06-04 00:00:00', '2018-06-04 00:00:00', NULL),
(680, 603, 29, 3, 1, 1, 1, '2018-06-04 00:00:00', '2018-06-04 00:00:00', NULL),
(681, 603, 29, 4, 1, 1, 1, '2018-06-04 00:00:00', '2018-06-04 00:00:00', NULL),
(682, 603, 29, 5, 1, 1, 1, '2018-06-04 00:00:00', '2018-06-04 00:00:00', NULL),
(683, 603, 29, 6, 1, 1, 1, '2018-06-04 00:00:00', '2018-06-04 00:00:00', NULL),
(684, 603, 29, 7, 1, 1, 1, '2018-06-04 00:00:00', '2018-06-04 00:00:00', NULL),
(685, 478, 24, 1, 1, 1, 1, '2018-05-31 00:00:00', '2018-05-31 00:00:00', NULL),
(686, 478, 24, 2, 1, 1, 1, '2018-05-31 00:00:00', '2018-05-31 00:00:00', NULL),
(687, 478, 24, 3, 1, 1, 1, '2018-05-31 00:00:00', '2018-05-31 00:00:00', NULL),
(688, 478, 24, 4, 1, 1, 1, '2018-05-31 00:00:00', '2018-05-31 00:00:00', NULL),
(689, 478, 24, 5, 1, 1, 1, '2018-05-31 00:00:00', '2018-05-31 00:00:00', NULL),
(690, 146, 24, 1, 1, 1, 1, '2018-06-03 00:00:00', '2018-06-03 00:00:00', NULL),
(691, 146, 24, 2, 1, 1, 1, '2018-06-03 00:00:00', '2018-06-03 00:00:00', NULL),
(692, 146, 24, 3, 1, 1, 1, '2018-06-03 00:00:00', '2018-06-03 00:00:00', NULL),
(693, 146, 24, 4, 1, 1, 1, '2018-06-03 00:00:00', '2018-06-03 00:00:00', NULL),
(694, 146, 24, 5, 1, 1, 1, '2018-06-03 00:00:00', '2018-06-03 00:00:00', NULL),
(695, 146, 24, 6, 1, 1, 1, '2018-06-03 00:00:00', '2018-06-03 00:00:00', NULL),
(696, 146, 24, 7, 1, 1, 1, '2018-06-03 00:00:00', '2018-06-03 00:00:00', NULL),
(697, 373, 28, 1, 1, 1, 1, '2018-05-31 00:00:00', '2018-05-31 00:00:00', NULL),
(698, 373, 28, 2, 1, 1, 1, '2018-05-31 00:00:00', '2018-05-31 00:00:00', NULL),
(699, 373, 28, 3, 1, 1, 1, '2018-05-31 00:00:00', '2018-05-31 00:00:00', NULL),
(700, 373, 28, 4, 1, 1, 1, '2018-05-31 00:00:00', '2018-05-31 00:00:00', NULL),
(701, 373, 28, 5, 1, 1, 1, '2018-05-31 00:00:00', '2018-05-31 00:00:00', NULL),
(702, 373, 28, 6, 1, 1, 1, '2018-05-31 00:00:00', '2018-05-31 00:00:00', NULL),
(703, 373, 28, 7, 1, 1, 1, '2018-05-31 00:00:00', '2018-05-31 00:00:00', NULL),
(704, 701, 29, 1, 1, 1, 1, '2018-06-01 00:00:00', '2018-06-01 00:00:00', NULL),
(705, 701, 29, 2, 1, 1, 1, '2018-06-01 00:00:00', '2018-06-01 00:00:00', NULL),
(706, 701, 29, 3, 1, 1, 1, '2018-06-01 00:00:00', '2018-06-01 00:00:00', NULL),
(707, 701, 29, 4, 1, 1, 1, '2018-06-01 00:00:00', '2018-06-01 00:00:00', NULL),
(708, 701, 29, 5, 1, 1, 1, '2018-06-01 00:00:00', '2018-06-01 00:00:00', NULL),
(709, 701, 29, 6, 1, 1, 1, '2018-06-01 00:00:00', '2018-06-01 00:00:00', NULL),
(710, 701, 29, 7, 1, 1, 1, '2018-06-01 00:00:00', '2018-06-01 00:00:00', NULL),
(711, 701, 29, 8, 1, 1, 1, '2018-06-01 00:00:00', '2018-06-01 00:00:00', NULL),
(712, 624, 25, 1, 1, 1, 1, '2018-06-05 00:00:00', '2018-06-05 00:00:00', NULL),
(713, 323, 27, 1, 1, 1, 1, '2018-06-01 00:00:00', '2018-06-01 00:00:00', NULL),
(714, 323, 27, 2, 1, 1, 1, '2018-06-01 00:00:00', '2018-06-01 00:00:00', NULL),
(715, 323, 27, 3, 1, 1, 1, '2018-06-01 00:00:00', '2018-06-01 00:00:00', NULL),
(716, 323, 27, 4, 1, 1, 1, '2018-06-01 00:00:00', '2018-06-01 00:00:00', NULL),
(717, 39, 31, 1, 1, 1, 1, '2018-06-02 00:00:00', '2018-06-02 00:00:00', NULL),
(718, 617, 27, 1, 1, 1, 1, '2018-06-02 00:00:00', '2018-06-02 00:00:00', NULL),
(719, 617, 27, 2, 1, 1, 1, '2018-06-02 00:00:00', '2018-06-02 00:00:00', NULL),
(720, 617, 27, 3, 1, 1, 1, '2018-06-02 00:00:00', '2018-06-02 00:00:00', NULL),
(721, 617, 27, 4, 1, 1, 1, '2018-06-02 00:00:00', '2018-06-02 00:00:00', NULL),
(722, 617, 27, 5, 1, 1, 1, '2018-06-02 00:00:00', '2018-06-02 00:00:00', NULL),
(723, 617, 27, 6, 1, 1, 1, '2018-06-02 00:00:00', '2018-06-02 00:00:00', NULL),
(724, 617, 27, 7, 1, 1, 1, '2018-06-02 00:00:00', '2018-06-02 00:00:00', NULL),
(725, 419, 22, 1, 1, 1, 1, '2018-06-03 00:00:00', '2018-06-03 00:00:00', NULL),
(726, 419, 22, 2, 1, 1, 1, '2018-06-03 00:00:00', '2018-06-03 00:00:00', NULL),
(727, 419, 22, 3, 1, 1, 1, '2018-06-03 00:00:00', '2018-06-03 00:00:00', NULL),
(728, 519, 1, 1, 1, 1, 1, '2018-06-01 00:00:00', '2018-06-01 00:00:00', NULL),
(729, 519, 1, 2, 1, 1, 1, '2018-06-01 00:00:00', '2018-06-01 00:00:00', NULL),
(730, 601, 24, 1, 1, 1, 1, '2018-05-31 00:00:00', '2018-05-31 00:00:00', NULL),
(731, 601, 24, 2, 1, 1, 1, '2018-05-31 00:00:00', '2018-05-31 00:00:00', NULL),
(732, 601, 24, 3, 1, 1, 1, '2018-05-31 00:00:00', '2018-05-31 00:00:00', NULL),
(733, 601, 24, 4, 1, 1, 1, '2018-05-31 00:00:00', '2018-05-31 00:00:00', NULL),
(734, 601, 24, 5, 1, 1, 1, '2018-05-31 00:00:00', '2018-05-31 00:00:00', NULL),
(735, 601, 24, 6, 1, 1, 1, '2018-05-31 00:00:00', '2018-05-31 00:00:00', NULL),
(736, 474, 31, 1, 1, 1, 1, '2018-06-04 00:00:00', '2018-06-04 00:00:00', NULL),
(737, 474, 31, 2, 1, 1, 1, '2018-06-04 00:00:00', '2018-06-04 00:00:00', NULL),
(738, 474, 31, 3, 1, 1, 1, '2018-06-04 00:00:00', '2018-06-04 00:00:00', NULL),
(739, 474, 31, 4, 1, 1, 1, '2018-06-04 00:00:00', '2018-06-04 00:00:00', NULL),
(740, 474, 31, 5, 1, 1, 1, '2018-06-04 00:00:00', '2018-06-04 00:00:00', NULL),
(741, 474, 31, 6, 1, 1, 1, '2018-06-04 00:00:00', '2018-06-04 00:00:00', NULL),
(742, 474, 31, 7, 1, 1, 1, '2018-06-04 00:00:00', '2018-06-04 00:00:00', NULL),
(743, 474, 31, 8, 1, 1, 1, '2018-06-04 00:00:00', '2018-06-04 00:00:00', NULL),
(744, 189, 23, 1, 1, 1, 1, '2018-05-31 00:00:00', '2018-05-31 00:00:00', NULL),
(745, 189, 23, 2, 1, 1, 1, '2018-05-31 00:00:00', '2018-05-31 00:00:00', NULL),
(746, 189, 23, 3, 1, 1, 1, '2018-05-31 00:00:00', '2018-05-31 00:00:00', NULL),
(747, 189, 23, 4, 1, 1, 1, '2018-05-31 00:00:00', '2018-05-31 00:00:00', NULL),
(748, 189, 23, 5, 1, 1, 1, '2018-05-31 00:00:00', '2018-05-31 00:00:00', NULL),
(749, 571, 1, 1, 1, 1, 1, '2018-06-04 00:00:00', '2018-06-04 00:00:00', NULL),
(750, 571, 1, 2, 1, 1, 1, '2018-06-04 00:00:00', '2018-06-04 00:00:00', NULL),
(751, 571, 1, 3, 1, 1, 1, '2018-06-04 00:00:00', '2018-06-04 00:00:00', NULL),
(752, 571, 1, 4, 1, 1, 1, '2018-06-04 00:00:00', '2018-06-04 00:00:00', NULL),
(753, 571, 1, 5, 1, 1, 1, '2018-06-04 00:00:00', '2018-06-04 00:00:00', NULL),
(754, 410, 22, 1, 1, 1, 1, '2018-06-01 00:00:00', '2018-06-01 00:00:00', NULL),
(755, 410, 22, 2, 1, 1, 1, '2018-06-01 00:00:00', '2018-06-01 00:00:00', NULL),
(756, 410, 22, 3, 1, 1, 1, '2018-06-01 00:00:00', '2018-06-01 00:00:00', NULL),
(757, 611, 24, 1, 1, 1, 1, '2018-06-05 00:00:00', '2018-06-05 00:00:00', NULL),
(758, 309, 23, 1, 1, 1, 1, '2018-06-04 00:00:00', '2018-06-04 00:00:00', NULL),
(759, 309, 23, 2, 1, 1, 1, '2018-06-04 00:00:00', '2018-06-04 00:00:00', NULL),
(760, 550, 25, 1, 1, 1, 1, '2018-06-05 00:00:00', '2018-06-05 00:00:00', NULL),
(761, 747, 25, 1, 1, 1, 1, '2018-06-05 00:00:00', '2018-06-05 00:00:00', NULL),
(762, 747, 25, 2, 1, 1, 1, '2018-06-05 00:00:00', '2018-06-05 00:00:00', NULL),
(763, 747, 25, 3, 1, 1, 1, '2018-06-05 00:00:00', '2018-06-05 00:00:00', NULL),
(764, 747, 25, 4, 1, 1, 1, '2018-06-05 00:00:00', '2018-06-05 00:00:00', NULL),
(765, 747, 25, 5, 1, 1, 1, '2018-06-05 00:00:00', '2018-06-05 00:00:00', NULL),
(766, 747, 25, 6, 1, 1, 1, '2018-06-05 00:00:00', '2018-06-05 00:00:00', NULL),
(767, 747, 25, 7, 1, 1, 1, '2018-06-05 00:00:00', '2018-06-05 00:00:00', NULL),
(768, 747, 25, 8, 1, 1, 1, '2018-06-05 00:00:00', '2018-06-05 00:00:00', NULL),
(769, 456, 23, 1, 1, 1, 1, '2018-06-07 00:00:00', '2018-06-07 00:00:00', NULL),
(770, 456, 23, 2, 1, 1, 1, '2018-06-07 00:00:00', '2018-06-07 00:00:00', NULL),
(771, 456, 23, 3, 1, 1, 1, '2018-06-07 00:00:00', '2018-06-07 00:00:00', NULL),
(772, 456, 23, 4, 1, 1, 1, '2018-06-07 00:00:00', '2018-06-07 00:00:00', NULL),
(773, 718, 1, 1, 1, 1, 1, '2018-05-31 00:00:00', '2018-05-31 00:00:00', NULL),
(774, 718, 1, 2, 1, 1, 1, '2018-05-31 00:00:00', '2018-05-31 00:00:00', NULL),
(775, 718, 1, 3, 1, 1, 1, '2018-05-31 00:00:00', '2018-05-31 00:00:00', NULL),
(776, 718, 1, 4, 1, 1, 1, '2018-05-31 00:00:00', '2018-05-31 00:00:00', NULL),
(777, 718, 1, 5, 1, 1, 1, '2018-05-31 00:00:00', '2018-05-31 00:00:00', NULL),
(778, 718, 1, 6, 1, 1, 1, '2018-05-31 00:00:00', '2018-05-31 00:00:00', NULL),
(779, 718, 1, 7, 1, 1, 1, '2018-05-31 00:00:00', '2018-05-31 00:00:00', NULL),
(780, 15, 23, 1, 1, 1, 1, '2018-06-05 00:00:00', '2018-06-05 00:00:00', NULL),
(781, 15, 23, 2, 1, 1, 1, '2018-06-05 00:00:00', '2018-06-05 00:00:00', NULL),
(782, 15, 23, 3, 1, 1, 1, '2018-06-05 00:00:00', '2018-06-05 00:00:00', NULL),
(783, 15, 23, 4, 1, 1, 1, '2018-06-05 00:00:00', '2018-06-05 00:00:00', NULL),
(784, 593, 23, 1, 1, 1, 1, '2018-05-31 00:00:00', '2018-05-31 00:00:00', NULL),
(785, 593, 23, 2, 1, 1, 1, '2018-05-31 00:00:00', '2018-05-31 00:00:00', NULL),
(786, 593, 23, 3, 1, 1, 1, '2018-05-31 00:00:00', '2018-05-31 00:00:00', NULL),
(787, 593, 23, 4, 1, 1, 1, '2018-05-31 00:00:00', '2018-05-31 00:00:00', NULL),
(788, 593, 23, 5, 1, 1, 1, '2018-05-31 00:00:00', '2018-05-31 00:00:00', NULL),
(789, 368, 23, 1, 1, 1, 1, '2018-06-01 00:00:00', '2018-06-01 00:00:00', NULL),
(790, 368, 23, 2, 1, 1, 1, '2018-06-01 00:00:00', '2018-06-01 00:00:00', NULL),
(791, 368, 23, 3, 1, 1, 1, '2018-06-01 00:00:00', '2018-06-01 00:00:00', NULL),
(792, 368, 23, 4, 1, 1, 1, '2018-06-01 00:00:00', '2018-06-01 00:00:00', NULL),
(793, 648, 31, 1, 1, 1, 1, '2018-06-07 00:00:00', '2018-06-07 00:00:00', NULL),
(794, 648, 31, 2, 1, 1, 1, '2018-06-07 00:00:00', '2018-06-07 00:00:00', NULL),
(795, 648, 31, 3, 1, 1, 1, '2018-06-07 00:00:00', '2018-06-07 00:00:00', NULL),
(796, 648, 31, 4, 1, 1, 1, '2018-06-07 00:00:00', '2018-06-07 00:00:00', NULL),
(797, 648, 31, 5, 1, 1, 1, '2018-06-07 00:00:00', '2018-06-07 00:00:00', NULL),
(798, 648, 31, 6, 1, 1, 1, '2018-06-07 00:00:00', '2018-06-07 00:00:00', NULL),
(799, 648, 31, 7, 1, 1, 1, '2018-06-07 00:00:00', '2018-06-07 00:00:00', NULL),
(800, 648, 31, 8, 1, 1, 1, '2018-06-07 00:00:00', '2018-06-07 00:00:00', NULL),
(801, 226, 29, 1, 1, 1, 1, '2018-06-07 00:00:00', '2018-06-07 00:00:00', NULL),
(802, 226, 29, 2, 1, 1, 1, '2018-06-07 00:00:00', '2018-06-07 00:00:00', NULL),
(803, 226, 29, 3, 1, 1, 1, '2018-06-07 00:00:00', '2018-06-07 00:00:00', NULL),
(804, 761, 24, 1, 1, 1, 1, '2018-06-07 00:00:00', '2018-06-07 00:00:00', NULL),
(805, 761, 24, 2, 1, 1, 1, '2018-06-07 00:00:00', '2018-06-07 00:00:00', NULL),
(806, 761, 24, 3, 1, 1, 1, '2018-06-07 00:00:00', '2018-06-07 00:00:00', NULL),
(807, 761, 24, 4, 1, 1, 1, '2018-06-07 00:00:00', '2018-06-07 00:00:00', NULL),
(808, 761, 24, 5, 1, 1, 1, '2018-06-07 00:00:00', '2018-06-07 00:00:00', NULL),
(809, 761, 24, 6, 1, 1, 1, '2018-06-07 00:00:00', '2018-06-07 00:00:00', NULL),
(810, 506, 29, 1, 1, 1, 1, '2018-06-06 00:00:00', '2018-06-06 00:00:00', NULL),
(811, 506, 29, 2, 1, 1, 1, '2018-06-06 00:00:00', '2018-06-06 00:00:00', NULL),
(812, 506, 29, 3, 1, 1, 1, '2018-06-06 00:00:00', '2018-06-06 00:00:00', NULL),
(813, 506, 29, 4, 1, 1, 1, '2018-06-06 00:00:00', '2018-06-06 00:00:00', NULL),
(814, 506, 29, 5, 1, 1, 1, '2018-06-06 00:00:00', '2018-06-06 00:00:00', NULL),
(815, 506, 29, 6, 1, 1, 1, '2018-06-06 00:00:00', '2018-06-06 00:00:00', NULL),
(816, 506, 29, 7, 1, 1, 1, '2018-06-06 00:00:00', '2018-06-06 00:00:00', NULL),
(817, 466, 25, 1, 1, 1, 1, '2018-06-06 00:00:00', '2018-06-06 00:00:00', NULL),
(818, 385, 28, 1, 1, 1, 1, '2018-06-05 00:00:00', '2018-06-05 00:00:00', NULL),
(819, 385, 28, 2, 1, 1, 1, '2018-06-05 00:00:00', '2018-06-05 00:00:00', NULL),
(820, 385, 28, 3, 1, 1, 1, '2018-06-05 00:00:00', '2018-06-05 00:00:00', NULL),
(821, 385, 28, 4, 1, 1, 1, '2018-06-05 00:00:00', '2018-06-05 00:00:00', NULL),
(822, 735, 23, 1, 1, 1, 1, '2018-06-01 00:00:00', '2018-06-01 00:00:00', NULL),
(823, 735, 23, 2, 1, 1, 1, '2018-06-01 00:00:00', '2018-06-01 00:00:00', NULL),
(824, 496, 31, 1, 1, 1, 1, '2018-06-04 00:00:00', '2018-06-04 00:00:00', NULL),
(825, 496, 31, 2, 1, 1, 1, '2018-06-04 00:00:00', '2018-06-04 00:00:00', NULL),
(826, 75, 26, 1, 1, 1, 1, '2018-06-06 00:00:00', '2018-06-06 00:00:00', NULL),
(827, 75, 26, 2, 1, 1, 1, '2018-06-06 00:00:00', '2018-06-06 00:00:00', NULL),
(828, 75, 26, 3, 1, 1, 1, '2018-06-06 00:00:00', '2018-06-06 00:00:00', NULL),
(829, 75, 26, 4, 1, 1, 1, '2018-06-06 00:00:00', '2018-06-06 00:00:00', NULL),
(830, 621, 27, 1, 1, 1, 1, '2018-06-06 00:00:00', '2018-06-06 00:00:00', NULL),
(831, 621, 27, 2, 1, 1, 1, '2018-06-06 00:00:00', '2018-06-06 00:00:00', NULL),
(832, 621, 27, 3, 1, 1, 1, '2018-06-06 00:00:00', '2018-06-06 00:00:00', NULL),
(833, 621, 27, 4, 1, 1, 1, '2018-06-06 00:00:00', '2018-06-06 00:00:00', NULL),
(834, 621, 27, 5, 1, 1, 1, '2018-06-06 00:00:00', '2018-06-06 00:00:00', NULL),
(835, 51, 27, 1, 1, 1, 1, '2018-06-05 00:00:00', '2018-06-05 00:00:00', NULL),
(836, 273, 22, 1, 1, 1, 1, '2018-06-02 00:00:00', '2018-06-02 00:00:00', NULL),
(837, 273, 22, 2, 1, 1, 1, '2018-06-02 00:00:00', '2018-06-02 00:00:00', NULL),
(838, 273, 22, 3, 1, 1, 1, '2018-06-02 00:00:00', '2018-06-02 00:00:00', NULL),
(839, 273, 22, 4, 1, 1, 1, '2018-06-02 00:00:00', '2018-06-02 00:00:00', NULL),
(840, 104, 30, 1, 1, 1, 1, '2018-06-05 00:00:00', '2018-06-05 00:00:00', NULL),
(841, 104, 30, 2, 1, 1, 1, '2018-06-05 00:00:00', '2018-06-05 00:00:00', NULL),
(842, 104, 30, 3, 1, 1, 1, '2018-06-05 00:00:00', '2018-06-05 00:00:00', NULL),
(843, 104, 30, 4, 1, 1, 1, '2018-06-05 00:00:00', '2018-06-05 00:00:00', NULL),
(844, 27, 24, 1, 1, 1, 1, '2018-06-06 00:00:00', '2018-06-06 00:00:00', NULL),
(845, 27, 24, 2, 1, 1, 1, '2018-06-06 00:00:00', '2018-06-06 00:00:00', NULL),
(846, 171, 30, 1, 1, 1, 1, '2018-06-01 00:00:00', '2018-06-01 00:00:00', NULL),
(847, 171, 30, 2, 1, 1, 1, '2018-06-01 00:00:00', '2018-06-01 00:00:00', NULL),
(848, 171, 30, 3, 1, 1, 1, '2018-06-01 00:00:00', '2018-06-01 00:00:00', NULL),
(849, 171, 30, 4, 1, 1, 1, '2018-06-01 00:00:00', '2018-06-01 00:00:00', NULL),
(850, 171, 30, 5, 1, 1, 1, '2018-06-01 00:00:00', '2018-06-01 00:00:00', NULL),
(851, 171, 30, 6, 1, 1, 1, '2018-06-01 00:00:00', '2018-06-01 00:00:00', NULL),
(852, 171, 30, 7, 1, 1, 1, '2018-06-01 00:00:00', '2018-06-01 00:00:00', NULL),
(853, 173, 22, 1, 1, 1, 1, '2018-06-01 00:00:00', '2018-06-01 00:00:00', NULL),
(854, 173, 22, 2, 1, 1, 1, '2018-06-01 00:00:00', '2018-06-01 00:00:00', NULL),
(855, 173, 22, 3, 1, 1, 1, '2018-06-01 00:00:00', '2018-06-01 00:00:00', NULL),
(856, 173, 22, 4, 1, 1, 1, '2018-06-01 00:00:00', '2018-06-01 00:00:00', NULL),
(857, 173, 22, 5, 1, 1, 1, '2018-06-01 00:00:00', '2018-06-01 00:00:00', NULL),
(858, 173, 22, 6, 1, 1, 1, '2018-06-01 00:00:00', '2018-06-01 00:00:00', NULL),
(859, 454, 27, 1, 1, 1, 1, '2018-05-31 00:00:00', '2018-05-31 00:00:00', NULL),
(860, 454, 27, 2, 1, 1, 1, '2018-05-31 00:00:00', '2018-05-31 00:00:00', NULL),
(861, 454, 27, 3, 1, 1, 1, '2018-05-31 00:00:00', '2018-05-31 00:00:00', NULL),
(862, 349, 24, 1, 1, 1, 1, '2018-06-05 00:00:00', '2018-06-05 00:00:00', NULL),
(863, 349, 24, 2, 1, 1, 1, '2018-06-05 00:00:00', '2018-06-05 00:00:00', NULL),
(864, 223, 31, 1, 1, 1, 1, '2018-06-02 00:00:00', '2018-06-02 00:00:00', NULL),
(865, 223, 31, 2, 1, 1, 1, '2018-06-02 00:00:00', '2018-06-02 00:00:00', NULL),
(866, 223, 31, 3, 1, 1, 1, '2018-06-02 00:00:00', '2018-06-02 00:00:00', NULL),
(867, 223, 31, 4, 1, 1, 1, '2018-06-02 00:00:00', '2018-06-02 00:00:00', NULL),
(868, 223, 31, 5, 1, 1, 1, '2018-06-02 00:00:00', '2018-06-02 00:00:00', NULL),
(869, 223, 31, 6, 1, 1, 1, '2018-06-02 00:00:00', '2018-06-02 00:00:00', NULL),
(870, 223, 31, 7, 1, 1, 1, '2018-06-02 00:00:00', '2018-06-02 00:00:00', NULL),
(871, 223, 31, 8, 1, 1, 1, '2018-06-02 00:00:00', '2018-06-02 00:00:00', NULL),
(872, 183, 22, 1, 1, 1, 1, '2018-06-01 00:00:00', '2018-06-01 00:00:00', NULL),
(873, 183, 22, 2, 1, 1, 1, '2018-06-01 00:00:00', '2018-06-01 00:00:00', NULL),
(874, 183, 22, 3, 1, 1, 1, '2018-06-01 00:00:00', '2018-06-01 00:00:00', NULL),
(875, 183, 22, 4, 1, 1, 1, '2018-06-01 00:00:00', '2018-06-01 00:00:00', NULL),
(876, 183, 22, 5, 1, 1, 1, '2018-06-01 00:00:00', '2018-06-01 00:00:00', NULL),
(877, 183, 22, 6, 1, 1, 1, '2018-06-01 00:00:00', '2018-06-01 00:00:00', NULL),
(878, 183, 22, 7, 1, 1, 1, '2018-06-01 00:00:00', '2018-06-01 00:00:00', NULL),
(879, 260, 25, 1, 1, 1, 1, '2018-06-07 00:00:00', '2018-06-07 00:00:00', NULL),
(880, 260, 25, 2, 1, 1, 1, '2018-06-07 00:00:00', '2018-06-07 00:00:00', NULL),
(881, 260, 25, 3, 1, 1, 1, '2018-06-07 00:00:00', '2018-06-07 00:00:00', NULL),
(882, 310, 1, 1, 1, 1, 1, '2018-06-02 00:00:00', '2018-06-02 00:00:00', NULL),
(883, 310, 1, 2, 1, 1, 1, '2018-06-02 00:00:00', '2018-06-02 00:00:00', NULL),
(884, 310, 1, 3, 1, 1, 1, '2018-06-02 00:00:00', '2018-06-02 00:00:00', NULL),
(885, 310, 1, 4, 1, 1, 1, '2018-06-02 00:00:00', '2018-06-02 00:00:00', NULL),
(886, 310, 1, 5, 1, 1, 1, '2018-06-02 00:00:00', '2018-06-02 00:00:00', NULL),
(887, 310, 1, 6, 1, 1, 1, '2018-06-02 00:00:00', '2018-06-02 00:00:00', NULL),
(888, 310, 1, 7, 1, 1, 1, '2018-06-02 00:00:00', '2018-06-02 00:00:00', NULL),
(889, 310, 1, 8, 1, 1, 1, '2018-06-02 00:00:00', '2018-06-02 00:00:00', NULL),
(890, 207, 24, 1, 1, 1, 1, '2018-06-03 00:00:00', '2018-06-03 00:00:00', NULL),
(891, 207, 24, 2, 1, 1, 1, '2018-06-03 00:00:00', '2018-06-03 00:00:00', NULL),
(892, 207, 24, 3, 1, 1, 1, '2018-06-03 00:00:00', '2018-06-03 00:00:00', NULL),
(893, 8, 28, 1, 1, 1, 1, '2018-06-04 00:00:00', '2018-06-04 00:00:00', NULL),
(894, 217, 30, 1, 1, 1, 1, '2018-06-04 00:00:00', '2018-06-04 00:00:00', NULL),
(895, 597, 26, 1, 1, 1, 1, '2018-06-05 00:00:00', '2018-06-05 00:00:00', NULL),
(896, 597, 26, 2, 1, 1, 1, '2018-06-05 00:00:00', '2018-06-05 00:00:00', NULL),
(897, 597, 26, 3, 1, 1, 1, '2018-06-05 00:00:00', '2018-06-05 00:00:00', NULL),
(898, 652, 24, 1, 1, 1, 1, '2018-06-05 00:00:00', '2018-06-05 00:00:00', NULL),
(899, 652, 24, 2, 1, 1, 1, '2018-06-05 00:00:00', '2018-06-05 00:00:00', NULL),
(900, 652, 24, 3, 1, 1, 1, '2018-06-05 00:00:00', '2018-06-05 00:00:00', NULL),
(901, 652, 24, 4, 1, 1, 1, '2018-06-05 00:00:00', '2018-06-05 00:00:00', NULL),
(902, 652, 24, 5, 1, 1, 1, '2018-06-05 00:00:00', '2018-06-05 00:00:00', NULL),
(903, 713, 22, 1, 1, 1, 1, '2018-05-31 00:00:00', '2018-05-31 00:00:00', NULL),
(904, 713, 22, 2, 1, 1, 1, '2018-05-31 00:00:00', '2018-05-31 00:00:00', NULL),
(905, 234, 24, 1, 1, 1, 1, '2018-06-01 00:00:00', '2018-06-01 00:00:00', NULL),
(906, 234, 24, 2, 1, 1, 1, '2018-06-01 00:00:00', '2018-06-01 00:00:00', NULL),
(907, 234, 24, 3, 1, 1, 1, '2018-06-01 00:00:00', '2018-06-01 00:00:00', NULL),
(908, 234, 24, 4, 1, 1, 1, '2018-06-01 00:00:00', '2018-06-01 00:00:00', NULL),
(909, 234, 24, 5, 1, 1, 1, '2018-06-01 00:00:00', '2018-06-01 00:00:00', NULL),
(910, 23, 31, 1, 1, 1, 1, '2018-06-01 00:00:00', '2018-06-01 00:00:00', NULL),
(911, 23, 31, 2, 1, 1, 1, '2018-06-01 00:00:00', '2018-06-01 00:00:00', NULL),
(912, 23, 31, 3, 1, 1, 1, '2018-06-01 00:00:00', '2018-06-01 00:00:00', NULL),
(913, 23, 31, 4, 1, 1, 1, '2018-06-01 00:00:00', '2018-06-01 00:00:00', NULL),
(914, 23, 31, 5, 1, 1, 1, '2018-06-01 00:00:00', '2018-06-01 00:00:00', NULL),
(915, 23, 31, 6, 1, 1, 1, '2018-06-01 00:00:00', '2018-06-01 00:00:00', NULL),
(916, 23, 31, 7, 1, 1, 1, '2018-06-01 00:00:00', '2018-06-01 00:00:00', NULL),
(917, 399, 30, 1, 1, 1, 1, '2018-06-07 00:00:00', '2018-06-07 00:00:00', NULL),
(918, 399, 30, 2, 1, 1, 1, '2018-06-07 00:00:00', '2018-06-07 00:00:00', NULL),
(919, 127, 22, 1, 1, 1, 1, '2018-06-05 00:00:00', '2018-06-05 00:00:00', NULL),
(920, 127, 22, 2, 1, 1, 1, '2018-06-05 00:00:00', '2018-06-05 00:00:00', NULL),
(921, 127, 22, 3, 1, 1, 1, '2018-06-05 00:00:00', '2018-06-05 00:00:00', NULL),
(922, 298, 28, 1, 1, 1, 1, '2018-05-31 00:00:00', '2018-05-31 00:00:00', NULL),
(923, 298, 28, 2, 1, 1, 1, '2018-05-31 00:00:00', '2018-05-31 00:00:00', NULL),
(924, 298, 28, 3, 1, 1, 1, '2018-05-31 00:00:00', '2018-05-31 00:00:00', NULL),
(925, 298, 28, 4, 1, 1, 1, '2018-05-31 00:00:00', '2018-05-31 00:00:00', NULL),
(926, 298, 28, 5, 1, 1, 1, '2018-05-31 00:00:00', '2018-05-31 00:00:00', NULL),
(927, 298, 28, 6, 1, 1, 1, '2018-05-31 00:00:00', '2018-05-31 00:00:00', NULL),
(928, 175, 1, 1, 1, 1, 1, '2018-06-01 00:00:00', '2018-06-01 00:00:00', NULL),
(929, 175, 1, 2, 1, 1, 1, '2018-06-01 00:00:00', '2018-06-01 00:00:00', NULL),
(930, 175, 1, 3, 1, 1, 1, '2018-06-01 00:00:00', '2018-06-01 00:00:00', NULL),
(931, 175, 1, 4, 1, 1, 1, '2018-06-01 00:00:00', '2018-06-01 00:00:00', NULL),
(932, 175, 1, 5, 1, 1, 1, '2018-06-01 00:00:00', '2018-06-01 00:00:00', NULL),
(933, 68, 30, 1, 1, 1, 1, '2018-06-06 00:00:00', '2018-06-06 00:00:00', NULL),
(934, 68, 30, 2, 1, 1, 1, '2018-06-06 00:00:00', '2018-06-06 00:00:00', NULL),
(935, 68, 30, 3, 1, 1, 1, '2018-06-06 00:00:00', '2018-06-06 00:00:00', NULL),
(936, 68, 30, 4, 1, 1, 1, '2018-06-06 00:00:00', '2018-06-06 00:00:00', NULL),
(937, 68, 30, 5, 1, 1, 1, '2018-06-06 00:00:00', '2018-06-06 00:00:00', NULL),
(938, 68, 30, 6, 1, 1, 1, '2018-06-06 00:00:00', '2018-06-06 00:00:00', NULL),
(939, 128, 28, 1, 1, 1, 1, '2018-06-06 00:00:00', '2018-06-06 00:00:00', NULL),
(940, 128, 28, 2, 1, 1, 1, '2018-06-06 00:00:00', '2018-06-06 00:00:00', NULL),
(941, 128, 28, 3, 1, 1, 1, '2018-06-06 00:00:00', '2018-06-06 00:00:00', NULL),
(942, 128, 28, 4, 1, 1, 1, '2018-06-06 00:00:00', '2018-06-06 00:00:00', NULL),
(943, 128, 28, 5, 1, 1, 1, '2018-06-06 00:00:00', '2018-06-06 00:00:00', NULL),
(944, 128, 28, 6, 1, 1, 1, '2018-06-06 00:00:00', '2018-06-06 00:00:00', NULL),
(945, 128, 28, 7, 1, 1, 1, '2018-06-06 00:00:00', '2018-06-06 00:00:00', NULL),
(946, 558, 25, 1, 1, 1, 1, '2018-05-31 00:00:00', '2018-05-31 00:00:00', NULL),
(947, 558, 25, 2, 1, 1, 1, '2018-05-31 00:00:00', '2018-05-31 00:00:00', NULL),
(948, 709, 22, 1, 1, 1, 1, '2018-06-01 00:00:00', '2018-06-01 00:00:00', NULL),
(949, 709, 22, 2, 1, 1, 1, '2018-06-01 00:00:00', '2018-06-01 00:00:00', NULL),
(950, 709, 22, 3, 1, 1, 1, '2018-06-01 00:00:00', '2018-06-01 00:00:00', NULL),
(951, 709, 22, 4, 1, 1, 1, '2018-06-01 00:00:00', '2018-06-01 00:00:00', NULL),
(952, 709, 22, 5, 1, 1, 1, '2018-06-01 00:00:00', '2018-06-01 00:00:00', NULL),
(953, 709, 22, 6, 1, 1, 1, '2018-06-01 00:00:00', '2018-06-01 00:00:00', NULL),
(954, 709, 22, 7, 1, 1, 1, '2018-06-01 00:00:00', '2018-06-01 00:00:00', NULL),
(955, 398, 25, 1, 1, 1, 1, '2018-05-31 00:00:00', '2018-05-31 00:00:00', NULL),
(956, 398, 25, 2, 1, 1, 1, '2018-05-31 00:00:00', '2018-05-31 00:00:00', NULL),
(957, 32, 27, 1, 1, 1, 1, '2018-06-06 00:00:00', '2018-06-06 00:00:00', NULL),
(958, 594, 30, 1, 1, 1, 1, '2018-06-01 00:00:00', '2018-06-01 00:00:00', NULL),
(959, 594, 30, 2, 1, 1, 1, '2018-06-01 00:00:00', '2018-06-01 00:00:00', NULL),
(960, 594, 30, 3, 1, 1, 1, '2018-06-01 00:00:00', '2018-06-01 00:00:00', NULL),
(961, 594, 30, 4, 1, 1, 1, '2018-06-01 00:00:00', '2018-06-01 00:00:00', NULL),
(962, 594, 30, 5, 1, 1, 1, '2018-06-01 00:00:00', '2018-06-01 00:00:00', NULL),
(963, 594, 30, 6, 1, 1, 1, '2018-06-01 00:00:00', '2018-06-01 00:00:00', NULL),
(964, 594, 30, 7, 1, 1, 1, '2018-06-01 00:00:00', '2018-06-01 00:00:00', NULL),
(965, 693, 28, 1, 1, 1, 1, '2018-06-02 00:00:00', '2018-06-02 00:00:00', NULL),
(966, 693, 28, 2, 1, 1, 1, '2018-06-02 00:00:00', '2018-06-02 00:00:00', NULL),
(967, 693, 28, 3, 1, 1, 1, '2018-06-02 00:00:00', '2018-06-02 00:00:00', NULL),
(968, 693, 28, 4, 1, 1, 1, '2018-06-02 00:00:00', '2018-06-02 00:00:00', NULL),
(969, 693, 28, 5, 1, 1, 1, '2018-06-02 00:00:00', '2018-06-02 00:00:00', NULL),
(970, 693, 28, 6, 1, 1, 1, '2018-06-02 00:00:00', '2018-06-02 00:00:00', NULL),
(971, 693, 28, 7, 1, 1, 1, '2018-06-02 00:00:00', '2018-06-02 00:00:00', NULL),
(972, 314, 23, 1, 1, 1, 1, '2018-06-03 00:00:00', '2018-06-03 00:00:00', NULL),
(973, 314, 23, 2, 1, 1, 1, '2018-06-03 00:00:00', '2018-06-03 00:00:00', NULL),
(974, 314, 23, 3, 1, 1, 1, '2018-06-03 00:00:00', '2018-06-03 00:00:00', NULL),
(975, 314, 23, 4, 1, 1, 1, '2018-06-03 00:00:00', '2018-06-03 00:00:00', NULL),
(976, 314, 23, 5, 1, 1, 1, '2018-06-03 00:00:00', '2018-06-03 00:00:00', NULL),
(977, 314, 23, 6, 1, 1, 1, '2018-06-03 00:00:00', '2018-06-03 00:00:00', NULL),
(978, 314, 23, 7, 1, 1, 1, '2018-06-03 00:00:00', '2018-06-03 00:00:00', NULL),
(979, 314, 23, 8, 1, 1, 1, '2018-06-03 00:00:00', '2018-06-03 00:00:00', NULL),
(980, 161, 23, 1, 1, 1, 1, '2018-06-06 00:00:00', '2018-06-06 00:00:00', NULL),
(981, 161, 23, 2, 1, 1, 1, '2018-06-06 00:00:00', '2018-06-06 00:00:00', NULL),
(982, 161, 23, 3, 1, 1, 1, '2018-06-06 00:00:00', '2018-06-06 00:00:00', NULL),
(983, 161, 23, 4, 1, 1, 1, '2018-06-06 00:00:00', '2018-06-06 00:00:00', NULL),
(984, 360, 28, 1, 1, 1, 1, '2018-06-01 00:00:00', '2018-06-01 00:00:00', NULL),
(985, 425, 22, 1, 1, 1, 1, '2018-05-31 00:00:00', '2018-05-31 00:00:00', NULL),
(986, 425, 22, 2, 1, 1, 1, '2018-05-31 00:00:00', '2018-05-31 00:00:00', NULL),
(987, 425, 22, 3, 1, 1, 1, '2018-05-31 00:00:00', '2018-05-31 00:00:00', NULL),
(988, 425, 22, 4, 1, 1, 1, '2018-05-31 00:00:00', '2018-05-31 00:00:00', NULL),
(989, 13, 26, 1, 1, 1, 1, '2018-06-02 00:00:00', '2018-06-02 00:00:00', NULL),
(990, 13, 26, 2, 1, 1, 1, '2018-06-02 00:00:00', '2018-06-02 00:00:00', NULL),
(991, 13, 26, 3, 1, 1, 1, '2018-06-02 00:00:00', '2018-06-02 00:00:00', NULL),
(992, 13, 26, 4, 1, 1, 1, '2018-06-02 00:00:00', '2018-06-02 00:00:00', NULL),
(993, 13, 26, 5, 1, 1, 1, '2018-06-02 00:00:00', '2018-06-02 00:00:00', NULL),
(994, 13, 26, 6, 1, 1, 1, '2018-06-02 00:00:00', '2018-06-02 00:00:00', NULL),
(995, 13, 26, 7, 1, 1, 1, '2018-06-02 00:00:00', '2018-06-02 00:00:00', NULL),
(996, 13, 26, 8, 1, 1, 1, '2018-06-02 00:00:00', '2018-06-02 00:00:00', NULL),
(997, 250, 31, 1, 1, 1, 1, '2018-06-02 00:00:00', '2018-06-02 00:00:00', NULL),
(998, 250, 31, 2, 1, 1, 1, '2018-06-02 00:00:00', '2018-06-02 00:00:00', NULL),
(999, 250, 31, 3, 1, 1, 1, '2018-06-02 00:00:00', '2018-06-02 00:00:00', NULL),
(1000, 250, 31, 4, 1, 1, 1, '2018-06-02 00:00:00', '2018-06-02 00:00:00', NULL),
(1001, 250, 31, 5, 1, 1, 1, '2018-06-02 00:00:00', '2018-06-02 00:00:00', NULL),
(1002, 250, 31, 6, 1, 1, 1, '2018-06-02 00:00:00', '2018-06-02 00:00:00', NULL),
(1003, 250, 31, 7, 1, 1, 1, '2018-06-02 00:00:00', '2018-06-02 00:00:00', NULL),
(1004, 371, 29, 1, 1, 1, 1, '2018-06-06 00:00:00', '2018-06-06 00:00:00', NULL),
(1005, 371, 29, 2, 1, 1, 1, '2018-06-06 00:00:00', '2018-06-06 00:00:00', NULL),
(1006, 371, 29, 3, 1, 1, 1, '2018-06-06 00:00:00', '2018-06-06 00:00:00', NULL),
(1007, 371, 29, 4, 1, 1, 1, '2018-06-06 00:00:00', '2018-06-06 00:00:00', NULL),
(1008, 371, 29, 5, 1, 1, 1, '2018-06-06 00:00:00', '2018-06-06 00:00:00', NULL),
(1009, 371, 29, 6, 1, 1, 1, '2018-06-06 00:00:00', '2018-06-06 00:00:00', NULL),
(1010, 616, 25, 1, 1, 1, 1, '2018-06-01 00:00:00', '2018-06-01 00:00:00', NULL),
(1011, 616, 25, 2, 1, 1, 1, '2018-06-01 00:00:00', '2018-06-01 00:00:00', NULL),
(1012, 616, 25, 3, 1, 1, 1, '2018-06-01 00:00:00', '2018-06-01 00:00:00', NULL),
(1013, 616, 25, 4, 1, 1, 1, '2018-06-01 00:00:00', '2018-06-01 00:00:00', NULL),
(1014, 616, 25, 5, 1, 1, 1, '2018-06-01 00:00:00', '2018-06-01 00:00:00', NULL),
(1015, 616, 25, 6, 1, 1, 1, '2018-06-01 00:00:00', '2018-06-01 00:00:00', NULL),
(1016, 616, 25, 7, 1, 1, 1, '2018-06-01 00:00:00', '2018-06-01 00:00:00', NULL),
(1017, 616, 25, 8, 1, 1, 1, '2018-06-01 00:00:00', '2018-06-01 00:00:00', NULL),
(1018, 459, 1, 1, 1, 1, 1, '2018-06-01 00:00:00', '2018-06-01 00:00:00', NULL),
(1019, 459, 1, 2, 1, 1, 1, '2018-06-01 00:00:00', '2018-06-01 00:00:00', NULL),
(1020, 459, 1, 3, 1, 1, 1, '2018-06-01 00:00:00', '2018-06-01 00:00:00', NULL),
(1021, 459, 1, 4, 1, 1, 1, '2018-06-01 00:00:00', '2018-06-01 00:00:00', NULL),
(1022, 246, 25, 1, 1, 1, 1, '2018-06-02 00:00:00', '2018-06-02 00:00:00', NULL),
(1023, 246, 25, 2, 1, 1, 1, '2018-06-02 00:00:00', '2018-06-02 00:00:00', NULL),
(1024, 246, 25, 3, 1, 1, 1, '2018-06-02 00:00:00', '2018-06-02 00:00:00', NULL),
(1025, 246, 25, 4, 1, 1, 1, '2018-06-02 00:00:00', '2018-06-02 00:00:00', NULL),
(1026, 246, 25, 5, 1, 1, 1, '2018-06-02 00:00:00', '2018-06-02 00:00:00', NULL),
(1027, 246, 25, 6, 1, 1, 1, '2018-06-02 00:00:00', '2018-06-02 00:00:00', NULL),
(1028, 246, 25, 7, 1, 1, 1, '2018-06-02 00:00:00', '2018-06-02 00:00:00', NULL),
(1029, 259, 28, 1, 1, 1, 1, '2018-06-05 00:00:00', '2018-06-05 00:00:00', NULL),
(1030, 259, 28, 2, 1, 1, 1, '2018-06-05 00:00:00', '2018-06-05 00:00:00', NULL),
(1031, 259, 28, 3, 1, 1, 1, '2018-06-05 00:00:00', '2018-06-05 00:00:00', NULL),
(1032, 259, 28, 4, 1, 1, 1, '2018-06-05 00:00:00', '2018-06-05 00:00:00', NULL),
(1033, 259, 28, 5, 1, 1, 1, '2018-06-05 00:00:00', '2018-06-05 00:00:00', NULL),
(1034, 259, 28, 6, 1, 1, 1, '2018-06-05 00:00:00', '2018-06-05 00:00:00', NULL),
(1035, 259, 28, 7, 1, 1, 1, '2018-06-05 00:00:00', '2018-06-05 00:00:00', NULL),
(1036, 259, 28, 8, 1, 1, 1, '2018-06-05 00:00:00', '2018-06-05 00:00:00', NULL),
(1037, 179, 29, 1, 1, 1, 1, '2018-05-31 00:00:00', '2018-05-31 00:00:00', NULL),
(1038, 179, 29, 2, 1, 1, 1, '2018-05-31 00:00:00', '2018-05-31 00:00:00', NULL),
(1039, 179, 29, 3, 1, 1, 1, '2018-05-31 00:00:00', '2018-05-31 00:00:00', NULL),
(1040, 179, 29, 4, 1, 1, 1, '2018-05-31 00:00:00', '2018-05-31 00:00:00', NULL),
(1041, 179, 29, 5, 1, 1, 1, '2018-05-31 00:00:00', '2018-05-31 00:00:00', NULL),
(1042, 179, 29, 6, 1, 1, 1, '2018-05-31 00:00:00', '2018-05-31 00:00:00', NULL),
(1043, 179, 29, 7, 1, 1, 1, '2018-05-31 00:00:00', '2018-05-31 00:00:00', NULL),
(1044, 251, 25, 1, 1, 1, 1, '2018-06-05 00:00:00', '2018-06-05 00:00:00', NULL),
(1045, 251, 25, 2, 1, 1, 1, '2018-06-05 00:00:00', '2018-06-05 00:00:00', NULL),
(1046, 251, 25, 3, 1, 1, 1, '2018-06-05 00:00:00', '2018-06-05 00:00:00', NULL),
(1047, 251, 25, 4, 1, 1, 1, '2018-06-05 00:00:00', '2018-06-05 00:00:00', NULL),
(1048, 251, 25, 5, 1, 1, 1, '2018-06-05 00:00:00', '2018-06-05 00:00:00', NULL),
(1049, 251, 25, 6, 1, 1, 1, '2018-06-05 00:00:00', '2018-06-05 00:00:00', NULL),
(1050, 251, 25, 7, 1, 1, 1, '2018-06-05 00:00:00', '2018-06-05 00:00:00', NULL),
(1051, 90, 25, 1, 1, 1, 1, '2018-06-06 00:00:00', '2018-06-06 00:00:00', NULL),
(1052, 90, 25, 2, 1, 1, 1, '2018-06-06 00:00:00', '2018-06-06 00:00:00', NULL),
(1053, 90, 25, 3, 1, 1, 1, '2018-06-06 00:00:00', '2018-06-06 00:00:00', NULL),
(1054, 90, 25, 4, 1, 1, 1, '2018-06-06 00:00:00', '2018-06-06 00:00:00', NULL),
(1055, 90, 25, 5, 1, 1, 1, '2018-06-06 00:00:00', '2018-06-06 00:00:00', NULL),
(1056, 90, 25, 6, 1, 1, 1, '2018-06-06 00:00:00', '2018-06-06 00:00:00', NULL),
(1057, 67, 28, 1, 1, 1, 1, '2018-06-01 00:00:00', '2018-06-01 00:00:00', NULL),
(1058, 67, 28, 2, 1, 1, 1, '2018-06-01 00:00:00', '2018-06-01 00:00:00', NULL),
(1059, 141, 23, 1, 1, 1, 1, '2018-06-02 00:00:00', '2018-06-02 00:00:00', NULL),
(1060, 141, 23, 2, 1, 1, 1, '2018-06-02 00:00:00', '2018-06-02 00:00:00', NULL),
(1061, 141, 23, 3, 1, 1, 1, '2018-06-02 00:00:00', '2018-06-02 00:00:00', NULL),
(1062, 141, 23, 4, 1, 1, 1, '2018-06-02 00:00:00', '2018-06-02 00:00:00', NULL),
(1063, 141, 23, 5, 1, 1, 1, '2018-06-02 00:00:00', '2018-06-02 00:00:00', NULL),
(1064, 141, 23, 6, 1, 1, 1, '2018-06-02 00:00:00', '2018-06-02 00:00:00', NULL),
(1065, 141, 23, 7, 1, 1, 1, '2018-06-02 00:00:00', '2018-06-02 00:00:00', NULL),
(1066, 730, 27, 1, 1, 1, 1, '2018-06-06 00:00:00', '2018-06-06 00:00:00', NULL),
(1067, 580, 24, 1, 1, 1, 1, '2018-06-03 00:00:00', '2018-06-03 00:00:00', NULL),
(1068, 580, 24, 2, 1, 1, 1, '2018-06-03 00:00:00', '2018-06-03 00:00:00', NULL),
(1069, 580, 24, 3, 1, 1, 1, '2018-06-03 00:00:00', '2018-06-03 00:00:00', NULL),
(1070, 255, 30, 1, 1, 1, 1, '2018-06-07 00:00:00', '2018-06-07 00:00:00', NULL),
(1071, 255, 30, 2, 1, 1, 1, '2018-06-07 00:00:00', '2018-06-07 00:00:00', NULL),
(1072, 255, 30, 3, 1, 1, 1, '2018-06-07 00:00:00', '2018-06-07 00:00:00', NULL),
(1073, 255, 30, 4, 1, 1, 1, '2018-06-07 00:00:00', '2018-06-07 00:00:00', NULL),
(1074, 255, 30, 5, 1, 1, 1, '2018-06-07 00:00:00', '2018-06-07 00:00:00', NULL),
(1075, 255, 30, 6, 1, 1, 1, '2018-06-07 00:00:00', '2018-06-07 00:00:00', NULL),
(1076, 424, 1, 1, 1, 1, 1, '2018-05-31 00:00:00', '2018-05-31 00:00:00', NULL),
(1077, 424, 1, 2, 1, 1, 1, '2018-05-31 00:00:00', '2018-05-31 00:00:00', NULL),
(1078, 424, 1, 3, 1, 1, 1, '2018-05-31 00:00:00', '2018-05-31 00:00:00', NULL),
(1079, 424, 1, 4, 1, 1, 1, '2018-05-31 00:00:00', '2018-05-31 00:00:00', NULL),
(1080, 275, 27, 1, 1, 1, 1, '2018-06-03 00:00:00', '2018-06-03 00:00:00', NULL),
(1081, 275, 27, 2, 1, 1, 1, '2018-06-03 00:00:00', '2018-06-03 00:00:00', NULL),
(1082, 275, 27, 3, 1, 1, 1, '2018-06-03 00:00:00', '2018-06-03 00:00:00', NULL),
(1083, 275, 27, 4, 1, 1, 1, '2018-06-03 00:00:00', '2018-06-03 00:00:00', NULL),
(1084, 275, 27, 5, 1, 1, 1, '2018-06-03 00:00:00', '2018-06-03 00:00:00', NULL),
(1085, 275, 27, 6, 1, 1, 1, '2018-06-03 00:00:00', '2018-06-03 00:00:00', NULL),
(1086, 275, 27, 7, 1, 1, 1, '2018-06-03 00:00:00', '2018-06-03 00:00:00', NULL),
(1087, 275, 27, 8, 1, 1, 1, '2018-06-03 00:00:00', '2018-06-03 00:00:00', NULL),
(1088, 64, 22, 1, 1, 1, 1, '2018-06-07 00:00:00', '2018-06-07 00:00:00', NULL),
(1089, 64, 22, 2, 1, 1, 1, '2018-06-07 00:00:00', '2018-06-07 00:00:00', NULL),
(1090, 64, 22, 3, 1, 1, 1, '2018-06-07 00:00:00', '2018-06-07 00:00:00', NULL),
(1091, 64, 22, 4, 1, 1, 1, '2018-06-07 00:00:00', '2018-06-07 00:00:00', NULL),
(1092, 64, 22, 5, 1, 1, 1, '2018-06-07 00:00:00', '2018-06-07 00:00:00', NULL),
(1093, 64, 22, 6, 1, 1, 1, '2018-06-07 00:00:00', '2018-06-07 00:00:00', NULL),
(1094, 428, 22, 1, 1, 1, 1, '2018-06-06 00:00:00', '2018-06-06 00:00:00', NULL),
(1095, 428, 22, 2, 1, 1, 1, '2018-06-06 00:00:00', '2018-06-06 00:00:00', NULL),
(1096, 428, 22, 3, 1, 1, 1, '2018-06-06 00:00:00', '2018-06-06 00:00:00', NULL),
(1097, 428, 22, 4, 1, 1, 1, '2018-06-06 00:00:00', '2018-06-06 00:00:00', NULL),
(1098, 428, 22, 5, 1, 1, 1, '2018-06-06 00:00:00', '2018-06-06 00:00:00', NULL),
(1099, 428, 22, 6, 1, 1, 1, '2018-06-06 00:00:00', '2018-06-06 00:00:00', NULL),
(1100, 467, 1, 1, 1, 1, 1, '2018-06-04 00:00:00', '2018-06-04 00:00:00', NULL),
(1101, 467, 1, 2, 1, 1, 1, '2018-06-04 00:00:00', '2018-06-04 00:00:00', NULL),
(1102, 467, 1, 3, 1, 1, 1, '2018-06-04 00:00:00', '2018-06-04 00:00:00', NULL),
(1103, 467, 1, 4, 1, 1, 1, '2018-06-04 00:00:00', '2018-06-04 00:00:00', NULL),
(1104, 467, 1, 5, 1, 1, 1, '2018-06-04 00:00:00', '2018-06-04 00:00:00', NULL),
(1105, 467, 1, 6, 1, 1, 1, '2018-06-04 00:00:00', '2018-06-04 00:00:00', NULL),
(1106, 467, 1, 7, 1, 1, 1, '2018-06-04 00:00:00', '2018-06-04 00:00:00', NULL),
(1107, 467, 1, 8, 1, 1, 1, '2018-06-04 00:00:00', '2018-06-04 00:00:00', NULL),
(1108, 356, 28, 1, 1, 1, 1, '2018-05-31 00:00:00', '2018-05-31 00:00:00', NULL),
(1109, 356, 28, 2, 1, 1, 1, '2018-05-31 00:00:00', '2018-05-31 00:00:00', NULL),
(1110, 356, 28, 3, 1, 1, 1, '2018-05-31 00:00:00', '2018-05-31 00:00:00', NULL),
(1111, 48, 26, 1, 1, 1, 1, '2018-06-02 00:00:00', '2018-06-02 00:00:00', NULL),
(1112, 48, 26, 2, 1, 1, 1, '2018-06-02 00:00:00', '2018-06-02 00:00:00', NULL),
(1113, 48, 26, 3, 1, 1, 1, '2018-06-02 00:00:00', '2018-06-02 00:00:00', NULL),
(1114, 381, 26, 1, 1, 1, 1, '2018-05-31 00:00:00', '2018-05-31 00:00:00', NULL),
(1115, 381, 26, 2, 1, 1, 1, '2018-05-31 00:00:00', '2018-05-31 00:00:00', NULL),
(1116, 381, 26, 3, 1, 1, 1, '2018-05-31 00:00:00', '2018-05-31 00:00:00', NULL),
(1117, 381, 26, 4, 1, 1, 1, '2018-05-31 00:00:00', '2018-05-31 00:00:00', NULL),
(1118, 381, 26, 5, 1, 1, 1, '2018-05-31 00:00:00', '2018-05-31 00:00:00', NULL),
(1119, 381, 26, 6, 1, 1, 1, '2018-05-31 00:00:00', '2018-05-31 00:00:00', NULL),
(1120, 381, 26, 7, 1, 1, 1, '2018-05-31 00:00:00', '2018-05-31 00:00:00', NULL),
(1121, 381, 26, 8, 1, 1, 1, '2018-05-31 00:00:00', '2018-05-31 00:00:00', NULL),
(1122, 438, 22, 1, 1, 1, 1, '2018-05-31 00:00:00', '2018-05-31 00:00:00', NULL),
(1123, 577, 30, 1, 1, 1, 1, '2018-06-01 00:00:00', '2018-06-01 00:00:00', NULL),
(1124, 577, 30, 2, 1, 1, 1, '2018-06-01 00:00:00', '2018-06-01 00:00:00', NULL),
(1125, 577, 30, 3, 1, 1, 1, '2018-06-01 00:00:00', '2018-06-01 00:00:00', NULL),
(1126, 577, 30, 4, 1, 1, 1, '2018-06-01 00:00:00', '2018-06-01 00:00:00', NULL),
(1127, 577, 30, 5, 1, 1, 1, '2018-06-01 00:00:00', '2018-06-01 00:00:00', NULL),
(1128, 577, 30, 6, 1, 1, 1, '2018-06-01 00:00:00', '2018-06-01 00:00:00', NULL),
(1129, 538, 28, 1, 1, 1, 1, '2018-06-01 00:00:00', '2018-06-01 00:00:00', NULL),
(1130, 538, 28, 2, 1, 1, 1, '2018-06-01 00:00:00', '2018-06-01 00:00:00', NULL),
(1131, 538, 28, 3, 1, 1, 1, '2018-06-01 00:00:00', '2018-06-01 00:00:00', NULL),
(1132, 538, 28, 4, 1, 1, 1, '2018-06-01 00:00:00', '2018-06-01 00:00:00', NULL),
(1133, 538, 28, 5, 1, 1, 1, '2018-06-01 00:00:00', '2018-06-01 00:00:00', NULL),
(1134, 358, 23, 1, 1, 1, 1, '2018-06-07 00:00:00', '2018-06-07 00:00:00', NULL),
(1135, 358, 23, 2, 1, 1, 1, '2018-06-07 00:00:00', '2018-06-07 00:00:00', NULL),
(1136, 358, 23, 3, 1, 1, 1, '2018-06-07 00:00:00', '2018-06-07 00:00:00', NULL),
(1137, 358, 23, 4, 1, 1, 1, '2018-06-07 00:00:00', '2018-06-07 00:00:00', NULL),
(1138, 358, 23, 5, 1, 1, 1, '2018-06-07 00:00:00', '2018-06-07 00:00:00', NULL),
(1139, 358, 23, 6, 1, 1, 1, '2018-06-07 00:00:00', '2018-06-07 00:00:00', NULL),
(1140, 358, 23, 7, 1, 1, 1, '2018-06-07 00:00:00', '2018-06-07 00:00:00', NULL),
(1141, 358, 23, 8, 1, 1, 1, '2018-06-07 00:00:00', '2018-06-07 00:00:00', NULL),
(1142, 164, 23, 1, 1, 1, 1, '2018-06-03 00:00:00', '2018-06-03 00:00:00', NULL),
(1143, 164, 23, 2, 1, 1, 1, '2018-06-03 00:00:00', '2018-06-03 00:00:00', NULL),
(1144, 164, 23, 3, 1, 1, 1, '2018-06-03 00:00:00', '2018-06-03 00:00:00', NULL),
(1145, 555, 24, 1, 1, 1, 1, '2018-06-07 00:00:00', '2018-06-07 00:00:00', NULL),
(1146, 352, 22, 1, 1, 1, 1, '2018-06-01 00:00:00', '2018-06-01 00:00:00', NULL),
(1147, 352, 22, 2, 1, 1, 1, '2018-06-01 00:00:00', '2018-06-01 00:00:00', NULL),
(1148, 352, 22, 3, 1, 1, 1, '2018-06-01 00:00:00', '2018-06-01 00:00:00', NULL),
(1149, 352, 22, 4, 1, 1, 1, '2018-06-01 00:00:00', '2018-06-01 00:00:00', NULL),
(1150, 352, 22, 5, 1, 1, 1, '2018-06-01 00:00:00', '2018-06-01 00:00:00', NULL),
(1151, 352, 22, 6, 1, 1, 1, '2018-06-01 00:00:00', '2018-06-01 00:00:00', NULL),
(1152, 352, 22, 7, 1, 1, 1, '2018-06-01 00:00:00', '2018-06-01 00:00:00', NULL),
(1153, 352, 22, 8, 1, 1, 1, '2018-06-01 00:00:00', '2018-06-01 00:00:00', NULL),
(1154, 54, 22, 1, 1, 1, 1, '2018-06-02 00:00:00', '2018-06-02 00:00:00', NULL),
(1155, 54, 22, 2, 1, 1, 1, '2018-06-02 00:00:00', '2018-06-02 00:00:00', NULL),
(1156, 54, 22, 3, 1, 1, 1, '2018-06-02 00:00:00', '2018-06-02 00:00:00', NULL),
(1157, 54, 22, 4, 1, 1, 1, '2018-06-02 00:00:00', '2018-06-02 00:00:00', NULL),
(1158, 437, 25, 1, 1, 1, 1, '2018-05-31 00:00:00', '2018-05-31 00:00:00', NULL),
(1159, 437, 25, 2, 1, 1, 1, '2018-05-31 00:00:00', '2018-05-31 00:00:00', NULL),
(1160, 437, 25, 3, 1, 1, 1, '2018-05-31 00:00:00', '2018-05-31 00:00:00', NULL),
(1161, 727, 26, 1, 1, 1, 1, '2018-06-03 00:00:00', '2018-06-03 00:00:00', NULL),
(1162, 727, 26, 2, 1, 1, 1, '2018-06-03 00:00:00', '2018-06-03 00:00:00', NULL),
(1163, 727, 26, 3, 1, 1, 1, '2018-06-03 00:00:00', '2018-06-03 00:00:00', NULL),
(1164, 727, 26, 4, 1, 1, 1, '2018-06-03 00:00:00', '2018-06-03 00:00:00', NULL),
(1165, 727, 26, 5, 1, 1, 1, '2018-06-03 00:00:00', '2018-06-03 00:00:00', NULL),
(1166, 727, 26, 6, 1, 1, 1, '2018-06-03 00:00:00', '2018-06-03 00:00:00', NULL),
(1167, 727, 26, 7, 1, 1, 1, '2018-06-03 00:00:00', '2018-06-03 00:00:00', NULL),
(1168, 592, 30, 1, 1, 1, 1, '2018-06-06 00:00:00', '2018-06-06 00:00:00', NULL),
(1169, 592, 30, 2, 1, 1, 1, '2018-06-06 00:00:00', '2018-06-06 00:00:00', NULL),
(1170, 592, 30, 3, 1, 1, 1, '2018-06-06 00:00:00', '2018-06-06 00:00:00', NULL),
(1171, 592, 30, 4, 1, 1, 1, '2018-06-06 00:00:00', '2018-06-06 00:00:00', NULL),
(1172, 592, 30, 5, 1, 1, 1, '2018-06-06 00:00:00', '2018-06-06 00:00:00', NULL),
(1173, 592, 30, 6, 1, 1, 1, '2018-06-06 00:00:00', '2018-06-06 00:00:00', NULL),
(1174, 592, 30, 7, 1, 1, 1, '2018-06-06 00:00:00', '2018-06-06 00:00:00', NULL),
(1175, 592, 30, 8, 1, 1, 1, '2018-06-06 00:00:00', '2018-06-06 00:00:00', NULL),
(1176, 329, 27, 1, 1, 1, 1, '2018-06-02 00:00:00', '2018-06-02 00:00:00', NULL),
(1177, 329, 27, 2, 1, 1, 1, '2018-06-02 00:00:00', '2018-06-02 00:00:00', NULL),
(1178, 329, 27, 3, 1, 1, 1, '2018-06-02 00:00:00', '2018-06-02 00:00:00', NULL),
(1179, 329, 27, 4, 1, 1, 1, '2018-06-02 00:00:00', '2018-06-02 00:00:00', NULL),
(1180, 329, 27, 5, 1, 1, 1, '2018-06-02 00:00:00', '2018-06-02 00:00:00', NULL),
(1181, 329, 27, 6, 1, 1, 1, '2018-06-02 00:00:00', '2018-06-02 00:00:00', NULL),
(1182, 329, 27, 7, 1, 1, 1, '2018-06-02 00:00:00', '2018-06-02 00:00:00', NULL),
(1183, 541, 1, 1, 1, 1, 1, '2018-06-05 00:00:00', '2018-06-05 00:00:00', NULL),
(1184, 541, 1, 2, 1, 1, 1, '2018-06-05 00:00:00', '2018-06-05 00:00:00', NULL),
(1185, 541, 1, 3, 1, 1, 1, '2018-06-05 00:00:00', '2018-06-05 00:00:00', NULL),
(1186, 541, 1, 4, 1, 1, 1, '2018-06-05 00:00:00', '2018-06-05 00:00:00', NULL),
(1187, 541, 1, 5, 1, 1, 1, '2018-06-05 00:00:00', '2018-06-05 00:00:00', NULL),
(1188, 541, 1, 6, 1, 1, 1, '2018-06-05 00:00:00', '2018-06-05 00:00:00', NULL),
(1189, 541, 1, 7, 1, 1, 1, '2018-06-05 00:00:00', '2018-06-05 00:00:00', NULL),
(1190, 531, 1, 1, 1, 1, 1, '2018-06-01 00:00:00', '2018-06-01 00:00:00', NULL),
(1191, 531, 1, 2, 1, 1, 1, '2018-06-01 00:00:00', '2018-06-01 00:00:00', NULL),
(1192, 413, 26, 1, 1, 1, 1, '2018-05-31 00:00:00', '2018-05-31 00:00:00', NULL),
(1193, 413, 26, 2, 1, 1, 1, '2018-05-31 00:00:00', '2018-05-31 00:00:00', NULL),
(1194, 413, 26, 3, 1, 1, 1, '2018-05-31 00:00:00', '2018-05-31 00:00:00', NULL),
(1195, 413, 26, 4, 1, 1, 1, '2018-05-31 00:00:00', '2018-05-31 00:00:00', NULL),
(1196, 413, 26, 5, 1, 1, 1, '2018-05-31 00:00:00', '2018-05-31 00:00:00', NULL),
(1197, 413, 26, 6, 1, 1, 1, '2018-05-31 00:00:00', '2018-05-31 00:00:00', NULL),
(1198, 677, 1, 1, 1, 1, 1, '2018-06-06 00:00:00', '2018-06-06 00:00:00', NULL),
(1199, 677, 1, 2, 1, 1, 1, '2018-06-06 00:00:00', '2018-06-06 00:00:00', NULL),
(1200, 677, 1, 3, 1, 1, 1, '2018-06-06 00:00:00', '2018-06-06 00:00:00', NULL),
(1201, 631, 24, 1, 1, 1, 1, '2018-06-07 00:00:00', '2018-06-07 00:00:00', NULL),
(1202, 631, 24, 2, 1, 1, 1, '2018-06-07 00:00:00', '2018-06-07 00:00:00', NULL),
(1203, 631, 24, 3, 1, 1, 1, '2018-06-07 00:00:00', '2018-06-07 00:00:00', NULL),
(1204, 687, 30, 1, 1, 1, 1, '2018-06-05 00:00:00', '2018-06-05 00:00:00', NULL),
(1205, 687, 30, 2, 1, 1, 1, '2018-06-05 00:00:00', '2018-06-05 00:00:00', NULL),
(1206, 687, 30, 3, 1, 1, 1, '2018-06-05 00:00:00', '2018-06-05 00:00:00', NULL),
(1207, 687, 30, 4, 1, 1, 1, '2018-06-05 00:00:00', '2018-06-05 00:00:00', NULL),
(1208, 687, 30, 5, 1, 1, 1, '2018-06-05 00:00:00', '2018-06-05 00:00:00', NULL),
(1209, 687, 30, 6, 1, 1, 1, '2018-06-05 00:00:00', '2018-06-05 00:00:00', NULL),
(1210, 296, 26, 1, 1, 1, 1, '2018-05-31 00:00:00', '2018-05-31 00:00:00', NULL),
(1211, 296, 26, 2, 1, 1, 1, '2018-05-31 00:00:00', '2018-05-31 00:00:00', NULL),
(1212, 296, 26, 3, 1, 1, 1, '2018-05-31 00:00:00', '2018-05-31 00:00:00', NULL),
(1213, 238, 23, 1, 1, 1, 1, '2018-06-05 00:00:00', '2018-06-05 00:00:00', NULL),
(1214, 238, 23, 2, 1, 1, 1, '2018-06-05 00:00:00', '2018-06-05 00:00:00', NULL),
(1215, 238, 23, 3, 1, 1, 1, '2018-06-05 00:00:00', '2018-06-05 00:00:00', NULL),
(1216, 238, 23, 4, 1, 1, 1, '2018-06-05 00:00:00', '2018-06-05 00:00:00', NULL),
(1217, 238, 23, 5, 1, 1, 1, '2018-06-05 00:00:00', '2018-06-05 00:00:00', NULL),
(1218, 238, 23, 6, 1, 1, 1, '2018-06-05 00:00:00', '2018-06-05 00:00:00', NULL),
(1219, 721, 24, 1, 1, 1, 1, '2018-06-06 00:00:00', '2018-06-06 00:00:00', NULL),
(1220, 721, 24, 2, 1, 1, 1, '2018-06-06 00:00:00', '2018-06-06 00:00:00', NULL),
(1221, 721, 24, 3, 1, 1, 1, '2018-06-06 00:00:00', '2018-06-06 00:00:00', NULL),
(1222, 721, 24, 4, 1, 1, 1, '2018-06-06 00:00:00', '2018-06-06 00:00:00', NULL),
(1223, 721, 24, 5, 1, 1, 1, '2018-06-06 00:00:00', '2018-06-06 00:00:00', NULL),
(1224, 721, 24, 6, 1, 1, 1, '2018-06-06 00:00:00', '2018-06-06 00:00:00', NULL),
(1225, 721, 24, 7, 1, 1, 1, '2018-06-06 00:00:00', '2018-06-06 00:00:00', NULL),
(1226, 186, 22, 1, 1, 1, 1, '2018-06-04 00:00:00', '2018-06-04 00:00:00', NULL),
(1227, 70, 25, 1, 1, 1, 1, '2018-06-03 00:00:00', '2018-06-03 00:00:00', NULL),
(1228, 70, 25, 2, 1, 1, 1, '2018-06-03 00:00:00', '2018-06-03 00:00:00', NULL),
(1229, 70, 25, 3, 1, 1, 1, '2018-06-03 00:00:00', '2018-06-03 00:00:00', NULL),
(1230, 70, 25, 4, 1, 1, 1, '2018-06-03 00:00:00', '2018-06-03 00:00:00', NULL),
(1231, 4, 24, 1, 1, 1, 1, '2018-06-06 00:00:00', '2018-06-06 00:00:00', NULL),
(1232, 4, 24, 2, 1, 1, 1, '2018-06-06 00:00:00', '2018-06-06 00:00:00', NULL),
(1233, 4, 24, 3, 1, 1, 1, '2018-06-06 00:00:00', '2018-06-06 00:00:00', NULL),
(1234, 4, 24, 4, 1, 1, 1, '2018-06-06 00:00:00', '2018-06-06 00:00:00', NULL),
(1235, 4, 24, 5, 1, 1, 1, '2018-06-06 00:00:00', '2018-06-06 00:00:00', NULL),
(1236, 4, 24, 6, 1, 1, 1, '2018-06-06 00:00:00', '2018-06-06 00:00:00', NULL),
(1237, 403, 28, 1, 1, 1, 1, '2018-06-04 00:00:00', '2018-06-04 00:00:00', NULL),
(1238, 403, 28, 2, 1, 1, 1, '2018-06-04 00:00:00', '2018-06-04 00:00:00', NULL),
(1239, 553, 1, 1, 1, 1, 1, '2018-06-04 00:00:00', '2018-06-04 00:00:00', NULL),
(1240, 553, 1, 2, 1, 1, 1, '2018-06-04 00:00:00', '2018-06-04 00:00:00', NULL),
(1241, 553, 1, 3, 1, 1, 1, '2018-06-04 00:00:00', '2018-06-04 00:00:00', NULL),
(1242, 553, 1, 4, 1, 1, 1, '2018-06-04 00:00:00', '2018-06-04 00:00:00', NULL),
(1243, 553, 1, 5, 1, 1, 1, '2018-06-04 00:00:00', '2018-06-04 00:00:00', NULL),
(1244, 553, 1, 6, 1, 1, 1, '2018-06-04 00:00:00', '2018-06-04 00:00:00', NULL),
(1245, 553, 1, 7, 1, 1, 1, '2018-06-04 00:00:00', '2018-06-04 00:00:00', NULL),
(1246, 553, 1, 8, 1, 1, 1, '2018-06-04 00:00:00', '2018-06-04 00:00:00', NULL),
(1247, 237, 25, 1, 1, 1, 1, '2018-06-07 00:00:00', '2018-06-07 00:00:00', NULL),
(1248, 237, 25, 2, 1, 1, 1, '2018-06-07 00:00:00', '2018-06-07 00:00:00', NULL),
(1249, 237, 25, 3, 1, 1, 1, '2018-06-07 00:00:00', '2018-06-07 00:00:00', NULL),
(1250, 264, 25, 1, 1, 1, 1, '2018-05-31 00:00:00', '2018-05-31 00:00:00', NULL),
(1251, 264, 25, 2, 1, 1, 1, '2018-05-31 00:00:00', '2018-05-31 00:00:00', NULL),
(1252, 264, 25, 3, 1, 1, 1, '2018-05-31 00:00:00', '2018-05-31 00:00:00', NULL),
(1253, 264, 25, 4, 1, 1, 1, '2018-05-31 00:00:00', '2018-05-31 00:00:00', NULL),
(1254, 264, 25, 5, 1, 1, 1, '2018-05-31 00:00:00', '2018-05-31 00:00:00', NULL),
(1255, 89, 31, 1, 1, 1, 1, '2018-06-01 00:00:00', '2018-06-01 00:00:00', NULL),
(1256, 89, 31, 2, 1, 1, 1, '2018-06-01 00:00:00', '2018-06-01 00:00:00', NULL),
(1257, 89, 31, 3, 1, 1, 1, '2018-06-01 00:00:00', '2018-06-01 00:00:00', NULL),
(1258, 89, 31, 4, 1, 1, 1, '2018-06-01 00:00:00', '2018-06-01 00:00:00', NULL),
(1259, 660, 24, 1, 1, 1, 1, '2018-06-05 00:00:00', '2018-06-05 00:00:00', NULL),
(1260, 660, 24, 2, 1, 1, 1, '2018-06-05 00:00:00', '2018-06-05 00:00:00', NULL),
(1261, 696, 29, 1, 1, 1, 1, '2018-06-05 00:00:00', '2018-06-05 00:00:00', NULL),
(1262, 696, 29, 2, 1, 1, 1, '2018-06-05 00:00:00', '2018-06-05 00:00:00', NULL),
(1263, 696, 29, 3, 1, 1, 1, '2018-06-05 00:00:00', '2018-06-05 00:00:00', NULL),
(1264, 696, 29, 4, 1, 1, 1, '2018-06-05 00:00:00', '2018-06-05 00:00:00', NULL),
(1265, 696, 29, 5, 1, 1, 1, '2018-06-05 00:00:00', '2018-06-05 00:00:00', NULL),
(1266, 696, 29, 6, 1, 1, 1, '2018-06-05 00:00:00', '2018-06-05 00:00:00', NULL),
(1267, 696, 29, 7, 1, 1, 1, '2018-06-05 00:00:00', '2018-06-05 00:00:00', NULL),
(1268, 728, 28, 1, 1, 1, 1, '2018-06-01 00:00:00', '2018-06-01 00:00:00', NULL),
(1269, 728, 28, 2, 1, 1, 1, '2018-06-01 00:00:00', '2018-06-01 00:00:00', NULL),
(1270, 728, 28, 3, 1, 1, 1, '2018-06-01 00:00:00', '2018-06-01 00:00:00', NULL),
(1271, 728, 28, 4, 1, 1, 1, '2018-06-01 00:00:00', '2018-06-01 00:00:00', NULL),
(1272, 728, 28, 5, 1, 1, 1, '2018-06-01 00:00:00', '2018-06-01 00:00:00', NULL),
(1273, 542, 24, 1, 1, 1, 1, '2018-06-02 00:00:00', '2018-06-02 00:00:00', NULL),
(1274, 542, 24, 2, 1, 1, 1, '2018-06-02 00:00:00', '2018-06-02 00:00:00', NULL),
(1275, 542, 24, 3, 1, 1, 1, '2018-06-02 00:00:00', '2018-06-02 00:00:00', NULL),
(1276, 542, 24, 4, 1, 1, 1, '2018-06-02 00:00:00', '2018-06-02 00:00:00', NULL),
(1277, 542, 24, 5, 1, 1, 1, '2018-06-02 00:00:00', '2018-06-02 00:00:00', NULL);
INSERT INTO `call_history` (`id`, `contact_id`, `user_id`, `level_id`, `call_quality_level_id`, `status_service_id`, `status_call_id`, `created_at`, `updated_at`, `deleted_at`) VALUES
(1278, 542, 24, 6, 1, 1, 1, '2018-06-02 00:00:00', '2018-06-02 00:00:00', NULL),
(1279, 542, 24, 7, 1, 1, 1, '2018-06-02 00:00:00', '2018-06-02 00:00:00', NULL),
(1280, 386, 23, 1, 1, 1, 1, '2018-06-03 00:00:00', '2018-06-03 00:00:00', NULL),
(1281, 386, 23, 2, 1, 1, 1, '2018-06-03 00:00:00', '2018-06-03 00:00:00', NULL),
(1282, 386, 23, 3, 1, 1, 1, '2018-06-03 00:00:00', '2018-06-03 00:00:00', NULL),
(1283, 235, 24, 1, 1, 1, 1, '2018-06-04 00:00:00', '2018-06-04 00:00:00', NULL),
(1284, 235, 24, 2, 1, 1, 1, '2018-06-04 00:00:00', '2018-06-04 00:00:00', NULL),
(1285, 324, 29, 1, 1, 1, 1, '2018-05-31 00:00:00', '2018-05-31 00:00:00', NULL),
(1286, 324, 29, 2, 1, 1, 1, '2018-05-31 00:00:00', '2018-05-31 00:00:00', NULL),
(1287, 324, 29, 3, 1, 1, 1, '2018-05-31 00:00:00', '2018-05-31 00:00:00', NULL),
(1288, 324, 29, 4, 1, 1, 1, '2018-05-31 00:00:00', '2018-05-31 00:00:00', NULL),
(1289, 324, 29, 5, 1, 1, 1, '2018-05-31 00:00:00', '2018-05-31 00:00:00', NULL),
(1290, 324, 29, 6, 1, 1, 1, '2018-05-31 00:00:00', '2018-05-31 00:00:00', NULL),
(1291, 324, 29, 7, 1, 1, 1, '2018-05-31 00:00:00', '2018-05-31 00:00:00', NULL),
(1292, 324, 29, 8, 1, 1, 1, '2018-05-31 00:00:00', '2018-05-31 00:00:00', NULL),
(1293, 294, 30, 1, 1, 1, 1, '2018-06-04 00:00:00', '2018-06-04 00:00:00', NULL),
(1294, 204, 29, 1, 1, 1, 1, '2018-06-03 00:00:00', '2018-06-03 00:00:00', NULL),
(1295, 204, 29, 2, 1, 1, 1, '2018-06-03 00:00:00', '2018-06-03 00:00:00', NULL),
(1296, 204, 29, 3, 1, 1, 1, '2018-06-03 00:00:00', '2018-06-03 00:00:00', NULL),
(1297, 72, 27, 1, 1, 1, 1, '2018-05-31 00:00:00', '2018-05-31 00:00:00', NULL),
(1298, 72, 27, 2, 1, 1, 1, '2018-05-31 00:00:00', '2018-05-31 00:00:00', NULL),
(1299, 72, 27, 3, 1, 1, 1, '2018-05-31 00:00:00', '2018-05-31 00:00:00', NULL),
(1300, 72, 27, 4, 1, 1, 1, '2018-05-31 00:00:00', '2018-05-31 00:00:00', NULL),
(1301, 72, 27, 5, 1, 1, 1, '2018-05-31 00:00:00', '2018-05-31 00:00:00', NULL),
(1302, 282, 22, 1, 1, 1, 1, '2018-06-04 00:00:00', '2018-06-04 00:00:00', NULL),
(1303, 282, 22, 2, 1, 1, 1, '2018-06-04 00:00:00', '2018-06-04 00:00:00', NULL),
(1304, 282, 22, 3, 1, 1, 1, '2018-06-04 00:00:00', '2018-06-04 00:00:00', NULL),
(1305, 282, 22, 4, 1, 1, 1, '2018-06-04 00:00:00', '2018-06-04 00:00:00', NULL),
(1306, 282, 22, 5, 1, 1, 1, '2018-06-04 00:00:00', '2018-06-04 00:00:00', NULL),
(1307, 514, 27, 1, 1, 1, 1, '2018-06-01 00:00:00', '2018-06-01 00:00:00', NULL),
(1308, 6, 1, 1, 1, 1, 1, '2018-06-04 00:00:00', '2018-06-04 00:00:00', NULL),
(1309, 6, 1, 2, 1, 1, 1, '2018-06-04 00:00:00', '2018-06-04 00:00:00', NULL),
(1310, 6, 1, 3, 1, 1, 1, '2018-06-04 00:00:00', '2018-06-04 00:00:00', NULL),
(1311, 299, 1, 1, 1, 1, 1, '2018-05-31 00:00:00', '2018-05-31 00:00:00', NULL),
(1312, 299, 1, 2, 1, 1, 1, '2018-05-31 00:00:00', '2018-05-31 00:00:00', NULL),
(1313, 299, 1, 3, 1, 1, 1, '2018-05-31 00:00:00', '2018-05-31 00:00:00', NULL),
(1314, 195, 23, 1, 1, 1, 1, '2018-06-01 00:00:00', '2018-06-01 00:00:00', NULL),
(1315, 195, 23, 2, 1, 1, 1, '2018-06-01 00:00:00', '2018-06-01 00:00:00', NULL),
(1316, 195, 23, 3, 1, 1, 1, '2018-06-01 00:00:00', '2018-06-01 00:00:00', NULL),
(1317, 195, 23, 4, 1, 1, 1, '2018-06-01 00:00:00', '2018-06-01 00:00:00', NULL),
(1318, 195, 23, 5, 1, 1, 1, '2018-06-01 00:00:00', '2018-06-01 00:00:00', NULL),
(1319, 167, 28, 1, 1, 1, 1, '2018-06-07 00:00:00', '2018-06-07 00:00:00', NULL),
(1320, 167, 28, 2, 1, 1, 1, '2018-06-07 00:00:00', '2018-06-07 00:00:00', NULL),
(1321, 167, 28, 3, 1, 1, 1, '2018-06-07 00:00:00', '2018-06-07 00:00:00', NULL),
(1322, 167, 28, 4, 1, 1, 1, '2018-06-07 00:00:00', '2018-06-07 00:00:00', NULL),
(1323, 154, 1, 1, 1, 1, 1, '2018-06-07 00:00:00', '2018-06-07 00:00:00', NULL),
(1324, 154, 1, 2, 1, 1, 1, '2018-06-07 00:00:00', '2018-06-07 00:00:00', NULL),
(1325, 672, 29, 1, 1, 1, 1, '2018-06-07 00:00:00', '2018-06-07 00:00:00', NULL),
(1326, 672, 29, 2, 1, 1, 1, '2018-06-07 00:00:00', '2018-06-07 00:00:00', NULL),
(1327, 672, 29, 3, 1, 1, 1, '2018-06-07 00:00:00', '2018-06-07 00:00:00', NULL),
(1328, 672, 29, 4, 1, 1, 1, '2018-06-07 00:00:00', '2018-06-07 00:00:00', NULL),
(1329, 672, 29, 5, 1, 1, 1, '2018-06-07 00:00:00', '2018-06-07 00:00:00', NULL),
(1330, 672, 29, 6, 1, 1, 1, '2018-06-07 00:00:00', '2018-06-07 00:00:00', NULL),
(1331, 672, 29, 7, 1, 1, 1, '2018-06-07 00:00:00', '2018-06-07 00:00:00', NULL),
(1332, 214, 24, 1, 1, 1, 1, '2018-06-05 00:00:00', '2018-06-05 00:00:00', NULL),
(1333, 214, 24, 2, 1, 1, 1, '2018-06-05 00:00:00', '2018-06-05 00:00:00', NULL),
(1334, 214, 24, 3, 1, 1, 1, '2018-06-05 00:00:00', '2018-06-05 00:00:00', NULL),
(1335, 635, 25, 1, 1, 1, 1, '2018-06-01 00:00:00', '2018-06-01 00:00:00', NULL),
(1336, 635, 25, 2, 1, 1, 1, '2018-06-01 00:00:00', '2018-06-01 00:00:00', NULL),
(1337, 635, 25, 3, 1, 1, 1, '2018-06-01 00:00:00', '2018-06-01 00:00:00', NULL),
(1338, 635, 25, 4, 1, 1, 1, '2018-06-01 00:00:00', '2018-06-01 00:00:00', NULL),
(1339, 635, 25, 5, 1, 1, 1, '2018-06-01 00:00:00', '2018-06-01 00:00:00', NULL),
(1340, 635, 25, 6, 1, 1, 1, '2018-06-01 00:00:00', '2018-06-01 00:00:00', NULL),
(1341, 682, 29, 1, 1, 1, 1, '2018-06-05 00:00:00', '2018-06-05 00:00:00', NULL),
(1342, 682, 29, 2, 1, 1, 1, '2018-06-05 00:00:00', '2018-06-05 00:00:00', NULL),
(1343, 682, 29, 3, 1, 1, 1, '2018-06-05 00:00:00', '2018-06-05 00:00:00', NULL),
(1344, 472, 25, 1, 1, 1, 1, '2018-06-04 00:00:00', '2018-06-04 00:00:00', NULL),
(1345, 472, 25, 2, 1, 1, 1, '2018-06-04 00:00:00', '2018-06-04 00:00:00', NULL),
(1346, 472, 25, 3, 1, 1, 1, '2018-06-04 00:00:00', '2018-06-04 00:00:00', NULL),
(1347, 472, 25, 4, 1, 1, 1, '2018-06-04 00:00:00', '2018-06-04 00:00:00', NULL),
(1348, 131, 23, 1, 1, 1, 1, '2018-06-01 00:00:00', '2018-06-01 00:00:00', NULL),
(1349, 131, 23, 2, 1, 1, 1, '2018-06-01 00:00:00', '2018-06-01 00:00:00', NULL),
(1350, 131, 23, 3, 1, 1, 1, '2018-06-01 00:00:00', '2018-06-01 00:00:00', NULL),
(1351, 131, 23, 4, 1, 1, 1, '2018-06-01 00:00:00', '2018-06-01 00:00:00', NULL),
(1352, 131, 23, 5, 1, 1, 1, '2018-06-01 00:00:00', '2018-06-01 00:00:00', NULL),
(1353, 131, 23, 6, 1, 1, 1, '2018-06-01 00:00:00', '2018-06-01 00:00:00', NULL),
(1354, 131, 23, 7, 1, 1, 1, '2018-06-01 00:00:00', '2018-06-01 00:00:00', NULL),
(1355, 131, 23, 8, 1, 1, 1, '2018-06-01 00:00:00', '2018-06-01 00:00:00', NULL),
(1356, 143, 22, 1, 1, 1, 1, '2018-05-31 00:00:00', '2018-05-31 00:00:00', NULL),
(1357, 143, 22, 2, 1, 1, 1, '2018-05-31 00:00:00', '2018-05-31 00:00:00', NULL),
(1358, 143, 22, 3, 1, 1, 1, '2018-05-31 00:00:00', '2018-05-31 00:00:00', NULL),
(1359, 392, 28, 1, 1, 1, 1, '2018-06-06 00:00:00', '2018-06-06 00:00:00', NULL),
(1360, 392, 28, 2, 1, 1, 1, '2018-06-06 00:00:00', '2018-06-06 00:00:00', NULL),
(1361, 392, 28, 3, 1, 1, 1, '2018-06-06 00:00:00', '2018-06-06 00:00:00', NULL),
(1362, 392, 28, 4, 1, 1, 1, '2018-06-06 00:00:00', '2018-06-06 00:00:00', NULL),
(1363, 3, 23, 1, 1, 1, 1, '2018-05-31 00:00:00', '2018-05-31 00:00:00', NULL),
(1364, 3, 23, 2, 1, 1, 1, '2018-05-31 00:00:00', '2018-05-31 00:00:00', NULL),
(1365, 3, 23, 3, 1, 1, 1, '2018-05-31 00:00:00', '2018-05-31 00:00:00', NULL),
(1366, 3, 23, 4, 1, 1, 1, '2018-05-31 00:00:00', '2018-05-31 00:00:00', NULL),
(1367, 109, 26, 1, 1, 1, 1, '2018-06-06 00:00:00', '2018-06-06 00:00:00', NULL),
(1368, 222, 1, 1, 1, 1, 1, '2018-06-03 00:00:00', '2018-06-03 00:00:00', NULL),
(1369, 222, 1, 2, 1, 1, 1, '2018-06-03 00:00:00', '2018-06-03 00:00:00', NULL),
(1370, 222, 1, 3, 1, 1, 1, '2018-06-03 00:00:00', '2018-06-03 00:00:00', NULL),
(1371, 341, 30, 1, 1, 1, 1, '2018-06-06 00:00:00', '2018-06-06 00:00:00', NULL),
(1372, 341, 30, 2, 1, 1, 1, '2018-06-06 00:00:00', '2018-06-06 00:00:00', NULL),
(1373, 341, 30, 3, 1, 1, 1, '2018-06-06 00:00:00', '2018-06-06 00:00:00', NULL),
(1374, 463, 27, 1, 1, 1, 1, '2018-06-02 00:00:00', '2018-06-02 00:00:00', NULL),
(1375, 463, 27, 2, 1, 1, 1, '2018-06-02 00:00:00', '2018-06-02 00:00:00', NULL),
(1376, 463, 27, 3, 1, 1, 1, '2018-06-02 00:00:00', '2018-06-02 00:00:00', NULL),
(1377, 463, 27, 4, 1, 1, 1, '2018-06-02 00:00:00', '2018-06-02 00:00:00', NULL),
(1378, 463, 27, 5, 1, 1, 1, '2018-06-02 00:00:00', '2018-06-02 00:00:00', NULL),
(1379, 463, 27, 6, 1, 1, 1, '2018-06-02 00:00:00', '2018-06-02 00:00:00', NULL),
(1380, 463, 27, 7, 1, 1, 1, '2018-06-02 00:00:00', '2018-06-02 00:00:00', NULL),
(1381, 140, 27, 1, 1, 1, 1, '2018-06-02 00:00:00', '2018-06-02 00:00:00', NULL),
(1382, 407, 28, 1, 1, 1, 1, '2018-06-06 00:00:00', '2018-06-06 00:00:00', NULL),
(1383, 407, 28, 2, 1, 1, 1, '2018-06-06 00:00:00', '2018-06-06 00:00:00', NULL),
(1384, 407, 28, 3, 1, 1, 1, '2018-06-06 00:00:00', '2018-06-06 00:00:00', NULL),
(1385, 407, 28, 4, 1, 1, 1, '2018-06-06 00:00:00', '2018-06-06 00:00:00', NULL),
(1386, 407, 28, 5, 1, 1, 1, '2018-06-06 00:00:00', '2018-06-06 00:00:00', NULL),
(1387, 407, 28, 6, 1, 1, 1, '2018-06-06 00:00:00', '2018-06-06 00:00:00', NULL),
(1388, 407, 28, 7, 1, 1, 1, '2018-06-06 00:00:00', '2018-06-06 00:00:00', NULL),
(1389, 407, 28, 8, 1, 1, 1, '2018-06-06 00:00:00', '2018-06-06 00:00:00', NULL),
(1390, 559, 30, 1, 1, 1, 1, '2018-06-07 00:00:00', '2018-06-07 00:00:00', NULL),
(1391, 559, 30, 2, 1, 1, 1, '2018-06-07 00:00:00', '2018-06-07 00:00:00', NULL),
(1392, 559, 30, 3, 1, 1, 1, '2018-06-07 00:00:00', '2018-06-07 00:00:00', NULL),
(1393, 208, 29, 1, 1, 1, 1, '2018-06-07 00:00:00', '2018-06-07 00:00:00', NULL),
(1394, 208, 29, 2, 1, 1, 1, '2018-06-07 00:00:00', '2018-06-07 00:00:00', NULL),
(1395, 208, 29, 3, 1, 1, 1, '2018-06-07 00:00:00', '2018-06-07 00:00:00', NULL),
(1396, 208, 29, 4, 1, 1, 1, '2018-06-07 00:00:00', '2018-06-07 00:00:00', NULL),
(1397, 208, 29, 5, 1, 1, 1, '2018-06-07 00:00:00', '2018-06-07 00:00:00', NULL),
(1398, 208, 29, 6, 1, 1, 1, '2018-06-07 00:00:00', '2018-06-07 00:00:00', NULL),
(1399, 715, 31, 1, 1, 1, 1, '2018-06-06 00:00:00', '2018-06-06 00:00:00', NULL),
(1400, 715, 31, 2, 1, 1, 1, '2018-06-06 00:00:00', '2018-06-06 00:00:00', NULL),
(1401, 715, 31, 3, 1, 1, 1, '2018-06-06 00:00:00', '2018-06-06 00:00:00', NULL),
(1402, 715, 31, 4, 1, 1, 1, '2018-06-06 00:00:00', '2018-06-06 00:00:00', NULL),
(1403, 715, 31, 5, 1, 1, 1, '2018-06-06 00:00:00', '2018-06-06 00:00:00', NULL),
(1404, 715, 31, 6, 1, 1, 1, '2018-06-06 00:00:00', '2018-06-06 00:00:00', NULL),
(1405, 623, 27, 1, 1, 1, 1, '2018-06-03 00:00:00', '2018-06-03 00:00:00', NULL),
(1406, 579, 25, 1, 1, 1, 1, '2018-06-03 00:00:00', '2018-06-03 00:00:00', NULL),
(1407, 579, 25, 2, 1, 1, 1, '2018-06-03 00:00:00', '2018-06-03 00:00:00', NULL),
(1408, 579, 25, 3, 1, 1, 1, '2018-06-03 00:00:00', '2018-06-03 00:00:00', NULL),
(1409, 630, 28, 1, 1, 1, 1, '2018-06-04 00:00:00', '2018-06-04 00:00:00', NULL),
(1410, 654, 1, 1, 1, 1, 1, '2018-06-07 00:00:00', '2018-06-07 00:00:00', NULL),
(1411, 654, 1, 2, 1, 1, 1, '2018-06-07 00:00:00', '2018-06-07 00:00:00', NULL),
(1412, 654, 1, 3, 1, 1, 1, '2018-06-07 00:00:00', '2018-06-07 00:00:00', NULL),
(1413, 654, 1, 4, 1, 1, 1, '2018-06-07 00:00:00', '2018-06-07 00:00:00', NULL),
(1414, 710, 1, 1, 1, 1, 1, '2018-06-06 00:00:00', '2018-06-06 00:00:00', NULL),
(1415, 710, 1, 2, 1, 1, 1, '2018-06-06 00:00:00', '2018-06-06 00:00:00', NULL),
(1416, 710, 1, 3, 1, 1, 1, '2018-06-06 00:00:00', '2018-06-06 00:00:00', NULL),
(1417, 710, 1, 4, 1, 1, 1, '2018-06-06 00:00:00', '2018-06-06 00:00:00', NULL),
(1418, 488, 23, 1, 1, 1, 1, '2018-06-04 00:00:00', '2018-06-04 00:00:00', NULL),
(1419, 488, 23, 2, 1, 1, 1, '2018-06-04 00:00:00', '2018-06-04 00:00:00', NULL),
(1420, 488, 23, 3, 1, 1, 1, '2018-06-04 00:00:00', '2018-06-04 00:00:00', NULL),
(1421, 488, 23, 4, 1, 1, 1, '2018-06-04 00:00:00', '2018-06-04 00:00:00', NULL),
(1422, 121, 25, 1, 1, 1, 1, '2018-06-06 00:00:00', '2018-06-06 00:00:00', NULL),
(1423, 121, 25, 2, 1, 1, 1, '2018-06-06 00:00:00', '2018-06-06 00:00:00', NULL),
(1424, 121, 25, 3, 1, 1, 1, '2018-06-06 00:00:00', '2018-06-06 00:00:00', NULL),
(1425, 121, 25, 4, 1, 1, 1, '2018-06-06 00:00:00', '2018-06-06 00:00:00', NULL),
(1426, 121, 25, 5, 1, 1, 1, '2018-06-06 00:00:00', '2018-06-06 00:00:00', NULL),
(1427, 121, 25, 6, 1, 1, 1, '2018-06-06 00:00:00', '2018-06-06 00:00:00', NULL),
(1428, 643, 28, 1, 1, 1, 1, '2018-06-04 00:00:00', '2018-06-04 00:00:00', NULL),
(1429, 643, 28, 2, 1, 1, 1, '2018-06-04 00:00:00', '2018-06-04 00:00:00', NULL),
(1430, 291, 24, 1, 1, 1, 1, '2018-06-03 00:00:00', '2018-06-03 00:00:00', NULL),
(1431, 291, 24, 2, 1, 1, 1, '2018-06-03 00:00:00', '2018-06-03 00:00:00', NULL),
(1432, 291, 24, 3, 1, 1, 1, '2018-06-03 00:00:00', '2018-06-03 00:00:00', NULL),
(1433, 291, 24, 4, 1, 1, 1, '2018-06-03 00:00:00', '2018-06-03 00:00:00', NULL),
(1434, 291, 24, 5, 1, 1, 1, '2018-06-03 00:00:00', '2018-06-03 00:00:00', NULL),
(1435, 291, 24, 6, 1, 1, 1, '2018-06-03 00:00:00', '2018-06-03 00:00:00', NULL),
(1436, 221, 23, 1, 1, 1, 1, '2018-06-03 00:00:00', '2018-06-03 00:00:00', NULL),
(1437, 221, 23, 2, 1, 1, 1, '2018-06-03 00:00:00', '2018-06-03 00:00:00', NULL),
(1438, 26, 30, 1, 1, 1, 1, '2018-06-05 00:00:00', '2018-06-05 00:00:00', NULL),
(1439, 26, 30, 2, 1, 1, 1, '2018-06-05 00:00:00', '2018-06-05 00:00:00', NULL),
(1440, 26, 30, 3, 1, 1, 1, '2018-06-05 00:00:00', '2018-06-05 00:00:00', NULL),
(1441, 26, 30, 4, 1, 1, 1, '2018-06-05 00:00:00', '2018-06-05 00:00:00', NULL),
(1442, 588, 26, 1, 1, 1, 1, '2018-06-05 00:00:00', '2018-06-05 00:00:00', NULL),
(1443, 588, 26, 2, 1, 1, 1, '2018-06-05 00:00:00', '2018-06-05 00:00:00', NULL),
(1444, 286, 24, 1, 1, 1, 1, '2018-06-06 00:00:00', '2018-06-06 00:00:00', NULL),
(1445, 286, 24, 2, 1, 1, 1, '2018-06-06 00:00:00', '2018-06-06 00:00:00', NULL),
(1446, 286, 24, 3, 1, 1, 1, '2018-06-06 00:00:00', '2018-06-06 00:00:00', NULL),
(1447, 286, 24, 4, 1, 1, 1, '2018-06-06 00:00:00', '2018-06-06 00:00:00', NULL),
(1448, 286, 24, 5, 1, 1, 1, '2018-06-06 00:00:00', '2018-06-06 00:00:00', NULL),
(1449, 286, 24, 6, 1, 1, 1, '2018-06-06 00:00:00', '2018-06-06 00:00:00', NULL),
(1450, 271, 28, 1, 1, 1, 1, '2018-06-04 00:00:00', '2018-06-04 00:00:00', NULL),
(1451, 271, 28, 2, 1, 1, 1, '2018-06-04 00:00:00', '2018-06-04 00:00:00', NULL),
(1452, 562, 27, 1, 1, 1, 1, '2018-05-31 00:00:00', '2018-05-31 00:00:00', NULL),
(1453, 739, 30, 1, 1, 1, 1, '2018-05-31 00:00:00', '2018-05-31 00:00:00', NULL),
(1454, 420, 1, 1, 1, 1, 1, '2018-06-05 00:00:00', '2018-06-05 00:00:00', NULL),
(1455, 420, 1, 2, 1, 1, 1, '2018-06-05 00:00:00', '2018-06-05 00:00:00', NULL),
(1456, 420, 1, 3, 1, 1, 1, '2018-06-05 00:00:00', '2018-06-05 00:00:00', NULL),
(1457, 420, 1, 4, 1, 1, 1, '2018-06-05 00:00:00', '2018-06-05 00:00:00', NULL),
(1458, 420, 1, 5, 1, 1, 1, '2018-06-05 00:00:00', '2018-06-05 00:00:00', NULL),
(1459, 420, 1, 6, 1, 1, 1, '2018-06-05 00:00:00', '2018-06-05 00:00:00', NULL),
(1460, 427, 31, 1, 1, 1, 1, '2018-06-06 00:00:00', '2018-06-06 00:00:00', NULL),
(1461, 427, 31, 2, 1, 1, 1, '2018-06-06 00:00:00', '2018-06-06 00:00:00', NULL),
(1462, 427, 31, 3, 1, 1, 1, '2018-06-06 00:00:00', '2018-06-06 00:00:00', NULL),
(1463, 427, 31, 4, 1, 1, 1, '2018-06-06 00:00:00', '2018-06-06 00:00:00', NULL),
(1464, 390, 28, 1, 1, 1, 1, '2018-06-02 00:00:00', '2018-06-02 00:00:00', NULL),
(1465, 390, 28, 2, 1, 1, 1, '2018-06-02 00:00:00', '2018-06-02 00:00:00', NULL),
(1466, 390, 28, 3, 1, 1, 1, '2018-06-02 00:00:00', '2018-06-02 00:00:00', NULL),
(1467, 390, 28, 4, 1, 1, 1, '2018-06-02 00:00:00', '2018-06-02 00:00:00', NULL),
(1468, 390, 28, 5, 1, 1, 1, '2018-06-02 00:00:00', '2018-06-02 00:00:00', NULL),
(1469, 390, 28, 6, 1, 1, 1, '2018-06-02 00:00:00', '2018-06-02 00:00:00', NULL),
(1470, 629, 31, 1, 1, 1, 1, '2018-05-31 00:00:00', '2018-05-31 00:00:00', NULL),
(1471, 629, 31, 2, 1, 1, 1, '2018-05-31 00:00:00', '2018-05-31 00:00:00', NULL),
(1472, 629, 31, 3, 1, 1, 1, '2018-05-31 00:00:00', '2018-05-31 00:00:00', NULL),
(1473, 266, 27, 1, 1, 1, 1, '2018-06-05 00:00:00', '2018-06-05 00:00:00', NULL),
(1474, 266, 27, 2, 1, 1, 1, '2018-06-05 00:00:00', '2018-06-05 00:00:00', NULL),
(1475, 266, 27, 3, 1, 1, 1, '2018-06-05 00:00:00', '2018-06-05 00:00:00', NULL),
(1476, 743, 22, 1, 1, 1, 1, '2018-06-02 00:00:00', '2018-06-02 00:00:00', NULL),
(1477, 743, 22, 2, 1, 1, 1, '2018-06-02 00:00:00', '2018-06-02 00:00:00', NULL),
(1478, 743, 22, 3, 1, 1, 1, '2018-06-02 00:00:00', '2018-06-02 00:00:00', NULL),
(1479, 743, 22, 4, 1, 1, 1, '2018-06-02 00:00:00', '2018-06-02 00:00:00', NULL),
(1480, 737, 25, 1, 1, 1, 1, '2018-06-02 00:00:00', '2018-06-02 00:00:00', NULL),
(1481, 737, 25, 2, 1, 1, 1, '2018-06-02 00:00:00', '2018-06-02 00:00:00', NULL),
(1482, 737, 25, 3, 1, 1, 1, '2018-06-02 00:00:00', '2018-06-02 00:00:00', NULL),
(1483, 525, 26, 1, 1, 1, 1, '2018-06-01 00:00:00', '2018-06-01 00:00:00', NULL),
(1484, 525, 26, 2, 1, 1, 1, '2018-06-01 00:00:00', '2018-06-01 00:00:00', NULL),
(1485, 525, 26, 3, 1, 1, 1, '2018-06-01 00:00:00', '2018-06-01 00:00:00', NULL),
(1486, 674, 30, 1, 1, 1, 1, '2018-06-06 00:00:00', '2018-06-06 00:00:00', NULL),
(1487, 674, 30, 2, 1, 1, 1, '2018-06-06 00:00:00', '2018-06-06 00:00:00', NULL),
(1488, 674, 30, 3, 1, 1, 1, '2018-06-06 00:00:00', '2018-06-06 00:00:00', NULL),
(1489, 674, 30, 4, 1, 1, 1, '2018-06-06 00:00:00', '2018-06-06 00:00:00', NULL),
(1490, 674, 30, 5, 1, 1, 1, '2018-06-06 00:00:00', '2018-06-06 00:00:00', NULL),
(1491, 290, 27, 1, 1, 1, 1, '2018-05-31 00:00:00', '2018-05-31 00:00:00', NULL),
(1492, 290, 27, 2, 1, 1, 1, '2018-05-31 00:00:00', '2018-05-31 00:00:00', NULL),
(1493, 290, 27, 3, 1, 1, 1, '2018-05-31 00:00:00', '2018-05-31 00:00:00', NULL),
(1494, 450, 26, 1, 1, 1, 1, '2018-05-31 00:00:00', '2018-05-31 00:00:00', NULL),
(1495, 450, 26, 2, 1, 1, 1, '2018-05-31 00:00:00', '2018-05-31 00:00:00', NULL),
(1496, 450, 26, 3, 1, 1, 1, '2018-05-31 00:00:00', '2018-05-31 00:00:00', NULL),
(1497, 450, 26, 4, 1, 1, 1, '2018-05-31 00:00:00', '2018-05-31 00:00:00', NULL),
(1498, 450, 26, 5, 1, 1, 1, '2018-05-31 00:00:00', '2018-05-31 00:00:00', NULL),
(1499, 450, 26, 6, 1, 1, 1, '2018-05-31 00:00:00', '2018-05-31 00:00:00', NULL),
(1500, 560, 28, 1, 1, 1, 1, '2018-06-01 00:00:00', '2018-06-01 00:00:00', NULL),
(1501, 560, 28, 2, 1, 1, 1, '2018-06-01 00:00:00', '2018-06-01 00:00:00', NULL),
(1502, 560, 28, 3, 1, 1, 1, '2018-06-01 00:00:00', '2018-06-01 00:00:00', NULL),
(1503, 130, 31, 1, 1, 1, 1, '2018-05-31 00:00:00', '2018-05-31 00:00:00', NULL),
(1504, 130, 31, 2, 1, 1, 1, '2018-05-31 00:00:00', '2018-05-31 00:00:00', NULL),
(1505, 130, 31, 3, 1, 1, 1, '2018-05-31 00:00:00', '2018-05-31 00:00:00', NULL),
(1506, 130, 31, 4, 1, 1, 1, '2018-05-31 00:00:00', '2018-05-31 00:00:00', NULL),
(1507, 130, 31, 5, 1, 1, 1, '2018-05-31 00:00:00', '2018-05-31 00:00:00', NULL),
(1508, 130, 31, 6, 1, 1, 1, '2018-05-31 00:00:00', '2018-05-31 00:00:00', NULL),
(1509, 130, 31, 7, 1, 1, 1, '2018-05-31 00:00:00', '2018-05-31 00:00:00', NULL),
(1510, 130, 31, 8, 1, 1, 1, '2018-05-31 00:00:00', '2018-05-31 00:00:00', NULL),
(1511, 327, 26, 1, 1, 1, 1, '2018-06-02 00:00:00', '2018-06-02 00:00:00', NULL),
(1512, 327, 26, 2, 1, 1, 1, '2018-06-02 00:00:00', '2018-06-02 00:00:00', NULL),
(1513, 327, 26, 3, 1, 1, 1, '2018-06-02 00:00:00', '2018-06-02 00:00:00', NULL),
(1514, 327, 26, 4, 1, 1, 1, '2018-06-02 00:00:00', '2018-06-02 00:00:00', NULL),
(1515, 327, 26, 5, 1, 1, 1, '2018-06-02 00:00:00', '2018-06-02 00:00:00', NULL),
(1516, 327, 26, 6, 1, 1, 1, '2018-06-02 00:00:00', '2018-06-02 00:00:00', NULL),
(1517, 327, 26, 7, 1, 1, 1, '2018-06-02 00:00:00', '2018-06-02 00:00:00', NULL),
(1518, 561, 29, 1, 1, 1, 1, '2018-06-05 00:00:00', '2018-06-05 00:00:00', NULL),
(1519, 561, 29, 2, 1, 1, 1, '2018-06-05 00:00:00', '2018-06-05 00:00:00', NULL),
(1520, 561, 29, 3, 1, 1, 1, '2018-06-05 00:00:00', '2018-06-05 00:00:00', NULL),
(1521, 561, 29, 4, 1, 1, 1, '2018-06-05 00:00:00', '2018-06-05 00:00:00', NULL),
(1522, 561, 29, 5, 1, 1, 1, '2018-06-05 00:00:00', '2018-06-05 00:00:00', NULL),
(1523, 561, 29, 6, 1, 1, 1, '2018-06-05 00:00:00', '2018-06-05 00:00:00', NULL),
(1524, 527, 24, 1, 1, 1, 1, '2018-06-07 00:00:00', '2018-06-07 00:00:00', NULL),
(1525, 527, 24, 2, 1, 1, 1, '2018-06-07 00:00:00', '2018-06-07 00:00:00', NULL),
(1526, 527, 24, 3, 1, 1, 1, '2018-06-07 00:00:00', '2018-06-07 00:00:00', NULL),
(1527, 527, 24, 4, 1, 1, 1, '2018-06-07 00:00:00', '2018-06-07 00:00:00', NULL),
(1528, 527, 24, 5, 1, 1, 1, '2018-06-07 00:00:00', '2018-06-07 00:00:00', NULL),
(1529, 527, 24, 6, 1, 1, 1, '2018-06-07 00:00:00', '2018-06-07 00:00:00', NULL),
(1530, 527, 24, 7, 1, 1, 1, '2018-06-07 00:00:00', '2018-06-07 00:00:00', NULL),
(1531, 527, 24, 8, 1, 1, 1, '2018-06-07 00:00:00', '2018-06-07 00:00:00', NULL),
(1532, 664, 22, 1, 1, 1, 1, '2018-06-07 00:00:00', '2018-06-07 00:00:00', NULL),
(1533, 664, 22, 2, 1, 1, 1, '2018-06-07 00:00:00', '2018-06-07 00:00:00', NULL),
(1534, 664, 22, 3, 1, 1, 1, '2018-06-07 00:00:00', '2018-06-07 00:00:00', NULL),
(1535, 664, 22, 4, 1, 1, 1, '2018-06-07 00:00:00', '2018-06-07 00:00:00', NULL),
(1536, 664, 22, 5, 1, 1, 1, '2018-06-07 00:00:00', '2018-06-07 00:00:00', NULL),
(1537, 664, 22, 6, 1, 1, 1, '2018-06-07 00:00:00', '2018-06-07 00:00:00', NULL),
(1538, 664, 22, 7, 1, 1, 1, '2018-06-07 00:00:00', '2018-06-07 00:00:00', NULL),
(1539, 664, 22, 8, 1, 1, 1, '2018-06-07 00:00:00', '2018-06-07 00:00:00', NULL),
(1540, 700, 30, 1, 1, 1, 1, '2018-06-05 00:00:00', '2018-06-05 00:00:00', NULL),
(1541, 700, 30, 2, 1, 1, 1, '2018-06-05 00:00:00', '2018-06-05 00:00:00', NULL),
(1542, 700, 30, 3, 1, 1, 1, '2018-06-05 00:00:00', '2018-06-05 00:00:00', NULL),
(1543, 501, 30, 1, 1, 1, 1, '2018-05-31 00:00:00', '2018-05-31 00:00:00', NULL),
(1544, 501, 30, 2, 1, 1, 1, '2018-05-31 00:00:00', '2018-05-31 00:00:00', NULL),
(1545, 501, 30, 3, 1, 1, 1, '2018-05-31 00:00:00', '2018-05-31 00:00:00', NULL),
(1546, 501, 30, 4, 1, 1, 1, '2018-05-31 00:00:00', '2018-05-31 00:00:00', NULL),
(1547, 501, 30, 5, 1, 1, 1, '2018-05-31 00:00:00', '2018-05-31 00:00:00', NULL),
(1548, 199, 29, 1, 1, 1, 1, '2018-06-03 00:00:00', '2018-06-03 00:00:00', NULL),
(1549, 199, 29, 2, 1, 1, 1, '2018-06-03 00:00:00', '2018-06-03 00:00:00', NULL),
(1550, 199, 29, 3, 1, 1, 1, '2018-06-03 00:00:00', '2018-06-03 00:00:00', NULL),
(1551, 199, 29, 4, 1, 1, 1, '2018-06-03 00:00:00', '2018-06-03 00:00:00', NULL),
(1552, 199, 29, 5, 1, 1, 1, '2018-06-03 00:00:00', '2018-06-03 00:00:00', NULL),
(1553, 199, 29, 6, 1, 1, 1, '2018-06-03 00:00:00', '2018-06-03 00:00:00', NULL),
(1554, 199, 29, 7, 1, 1, 1, '2018-06-03 00:00:00', '2018-06-03 00:00:00', NULL),
(1555, 69, 28, 1, 1, 1, 1, '2018-06-06 00:00:00', '2018-06-06 00:00:00', NULL),
(1556, 69, 28, 2, 1, 1, 1, '2018-06-06 00:00:00', '2018-06-06 00:00:00', NULL),
(1557, 69, 28, 3, 1, 1, 1, '2018-06-06 00:00:00', '2018-06-06 00:00:00', NULL),
(1558, 34, 22, 1, 1, 1, 1, '2018-06-04 00:00:00', '2018-06-04 00:00:00', NULL),
(1559, 34, 22, 2, 1, 1, 1, '2018-06-04 00:00:00', '2018-06-04 00:00:00', NULL),
(1560, 34, 22, 3, 1, 1, 1, '2018-06-04 00:00:00', '2018-06-04 00:00:00', NULL),
(1561, 34, 22, 4, 1, 1, 1, '2018-06-04 00:00:00', '2018-06-04 00:00:00', NULL),
(1562, 34, 22, 5, 1, 1, 1, '2018-06-04 00:00:00', '2018-06-04 00:00:00', NULL),
(1563, 34, 22, 6, 1, 1, 1, '2018-06-04 00:00:00', '2018-06-04 00:00:00', NULL),
(1564, 34, 22, 7, 1, 1, 1, '2018-06-04 00:00:00', '2018-06-04 00:00:00', NULL),
(1565, 34, 22, 8, 1, 1, 1, '2018-06-04 00:00:00', '2018-06-04 00:00:00', NULL),
(1566, 14, 22, 1, 1, 1, 1, '2018-06-03 00:00:00', '2018-06-03 00:00:00', NULL),
(1567, 14, 22, 2, 1, 1, 1, '2018-06-03 00:00:00', '2018-06-03 00:00:00', NULL),
(1568, 14, 22, 3, 1, 1, 1, '2018-06-03 00:00:00', '2018-06-03 00:00:00', NULL),
(1569, 14, 22, 4, 1, 1, 1, '2018-06-03 00:00:00', '2018-06-03 00:00:00', NULL),
(1570, 14, 22, 5, 1, 1, 1, '2018-06-03 00:00:00', '2018-06-03 00:00:00', NULL),
(1571, 256, 25, 1, 1, 1, 1, '2018-06-07 00:00:00', '2018-06-07 00:00:00', NULL),
(1572, 256, 25, 2, 1, 1, 1, '2018-06-07 00:00:00', '2018-06-07 00:00:00', NULL),
(1573, 256, 25, 3, 1, 1, 1, '2018-06-07 00:00:00', '2018-06-07 00:00:00', NULL),
(1574, 256, 25, 4, 1, 1, 1, '2018-06-07 00:00:00', '2018-06-07 00:00:00', NULL),
(1575, 256, 25, 5, 1, 1, 1, '2018-06-07 00:00:00', '2018-06-07 00:00:00', NULL),
(1576, 326, 28, 1, 1, 1, 1, '2018-06-06 00:00:00', '2018-06-06 00:00:00', NULL),
(1577, 326, 28, 2, 1, 1, 1, '2018-06-06 00:00:00', '2018-06-06 00:00:00', NULL),
(1578, 532, 23, 1, 1, 1, 1, '2018-06-06 00:00:00', '2018-06-06 00:00:00', NULL),
(1579, 532, 23, 2, 1, 1, 1, '2018-06-06 00:00:00', '2018-06-06 00:00:00', NULL),
(1580, 532, 23, 3, 1, 1, 1, '2018-06-06 00:00:00', '2018-06-06 00:00:00', NULL),
(1581, 532, 23, 4, 1, 1, 1, '2018-06-06 00:00:00', '2018-06-06 00:00:00', NULL),
(1582, 532, 23, 5, 1, 1, 1, '2018-06-06 00:00:00', '2018-06-06 00:00:00', NULL),
(1583, 532, 23, 6, 1, 1, 1, '2018-06-06 00:00:00', '2018-06-06 00:00:00', NULL),
(1584, 532, 23, 7, 1, 1, 1, '2018-06-06 00:00:00', '2018-06-06 00:00:00', NULL),
(1585, 532, 23, 8, 1, 1, 1, '2018-06-06 00:00:00', '2018-06-06 00:00:00', NULL),
(1586, 600, 24, 1, 1, 1, 1, '2018-05-31 00:00:00', '2018-05-31 00:00:00', NULL),
(1587, 600, 24, 2, 1, 1, 1, '2018-05-31 00:00:00', '2018-05-31 00:00:00', NULL),
(1588, 600, 24, 3, 1, 1, 1, '2018-05-31 00:00:00', '2018-05-31 00:00:00', NULL),
(1589, 600, 24, 4, 1, 1, 1, '2018-05-31 00:00:00', '2018-05-31 00:00:00', NULL),
(1590, 156, 30, 1, 1, 1, 1, '2018-06-02 00:00:00', '2018-06-02 00:00:00', NULL),
(1591, 354, 23, 1, 1, 1, 1, '2018-06-01 00:00:00', '2018-06-01 00:00:00', NULL),
(1592, 354, 23, 2, 1, 1, 1, '2018-06-01 00:00:00', '2018-06-01 00:00:00', NULL),
(1593, 354, 23, 3, 1, 1, 1, '2018-06-01 00:00:00', '2018-06-01 00:00:00', NULL),
(1594, 133, 30, 1, 1, 1, 1, '2018-05-31 00:00:00', '2018-05-31 00:00:00', NULL),
(1595, 133, 30, 2, 1, 1, 1, '2018-05-31 00:00:00', '2018-05-31 00:00:00', NULL),
(1596, 133, 30, 3, 1, 1, 1, '2018-05-31 00:00:00', '2018-05-31 00:00:00', NULL),
(1597, 133, 30, 4, 1, 1, 1, '2018-05-31 00:00:00', '2018-05-31 00:00:00', NULL),
(1598, 133, 30, 5, 1, 1, 1, '2018-05-31 00:00:00', '2018-05-31 00:00:00', NULL),
(1599, 133, 30, 6, 1, 1, 1, '2018-05-31 00:00:00', '2018-05-31 00:00:00', NULL),
(1600, 133, 30, 7, 1, 1, 1, '2018-05-31 00:00:00', '2018-05-31 00:00:00', NULL),
(1601, 133, 30, 8, 1, 1, 1, '2018-05-31 00:00:00', '2018-05-31 00:00:00', NULL),
(1602, 397, 25, 1, 1, 1, 1, '2018-06-06 00:00:00', '2018-06-06 00:00:00', NULL),
(1603, 397, 25, 2, 1, 1, 1, '2018-06-06 00:00:00', '2018-06-06 00:00:00', NULL),
(1604, 397, 25, 3, 1, 1, 1, '2018-06-06 00:00:00', '2018-06-06 00:00:00', NULL),
(1605, 397, 25, 4, 1, 1, 1, '2018-06-06 00:00:00', '2018-06-06 00:00:00', NULL),
(1606, 397, 25, 5, 1, 1, 1, '2018-06-06 00:00:00', '2018-06-06 00:00:00', NULL),
(1607, 397, 25, 6, 1, 1, 1, '2018-06-06 00:00:00', '2018-06-06 00:00:00', NULL),
(1608, 397, 25, 7, 1, 1, 1, '2018-06-06 00:00:00', '2018-06-06 00:00:00', NULL),
(1609, 270, 28, 1, 1, 1, 1, '2018-06-03 00:00:00', '2018-06-03 00:00:00', NULL),
(1610, 270, 28, 2, 1, 1, 1, '2018-06-03 00:00:00', '2018-06-03 00:00:00', NULL),
(1611, 270, 28, 3, 1, 1, 1, '2018-06-03 00:00:00', '2018-06-03 00:00:00', NULL),
(1612, 33, 1, 1, 1, 1, 1, '2018-06-01 00:00:00', '2018-06-01 00:00:00', NULL),
(1613, 33, 1, 2, 1, 1, 1, '2018-06-01 00:00:00', '2018-06-01 00:00:00', NULL),
(1614, 33, 1, 3, 1, 1, 1, '2018-06-01 00:00:00', '2018-06-01 00:00:00', NULL),
(1615, 583, 25, 1, 1, 1, 1, '2018-06-07 00:00:00', '2018-06-07 00:00:00', NULL),
(1616, 583, 25, 2, 1, 1, 1, '2018-06-07 00:00:00', '2018-06-07 00:00:00', NULL),
(1617, 583, 25, 3, 1, 1, 1, '2018-06-07 00:00:00', '2018-06-07 00:00:00', NULL),
(1618, 583, 25, 4, 1, 1, 1, '2018-06-07 00:00:00', '2018-06-07 00:00:00', NULL),
(1619, 583, 25, 5, 1, 1, 1, '2018-06-07 00:00:00', '2018-06-07 00:00:00', NULL),
(1620, 583, 25, 6, 1, 1, 1, '2018-06-07 00:00:00', '2018-06-07 00:00:00', NULL),
(1621, 583, 25, 7, 1, 1, 1, '2018-06-07 00:00:00', '2018-06-07 00:00:00', NULL),
(1622, 583, 25, 8, 1, 1, 1, '2018-06-07 00:00:00', '2018-06-07 00:00:00', NULL),
(1623, 694, 23, 1, 1, 1, 1, '2018-06-07 00:00:00', '2018-06-07 00:00:00', NULL),
(1624, 772, 29, 1, 1, 1, 1, '2018-06-06 00:00:00', '2018-06-06 00:00:00', NULL),
(1625, 676, 24, 1, 1, 1, 1, '2018-05-31 00:00:00', '2018-05-31 00:00:00', NULL),
(1626, 676, 24, 2, 1, 1, 1, '2018-05-31 00:00:00', '2018-05-31 00:00:00', NULL),
(1627, 676, 24, 3, 1, 1, 1, '2018-05-31 00:00:00', '2018-05-31 00:00:00', NULL),
(1628, 676, 24, 4, 1, 1, 1, '2018-05-31 00:00:00', '2018-05-31 00:00:00', NULL),
(1629, 760, 28, 1, 1, 1, 1, '2018-06-07 00:00:00', '2018-06-07 00:00:00', NULL),
(1630, 760, 28, 2, 1, 1, 1, '2018-06-07 00:00:00', '2018-06-07 00:00:00', NULL),
(1631, 760, 28, 3, 1, 1, 1, '2018-06-07 00:00:00', '2018-06-07 00:00:00', NULL),
(1632, 760, 28, 4, 1, 1, 1, '2018-06-07 00:00:00', '2018-06-07 00:00:00', NULL),
(1633, 760, 28, 5, 1, 1, 1, '2018-06-07 00:00:00', '2018-06-07 00:00:00', NULL),
(1634, 760, 28, 6, 1, 1, 1, '2018-06-07 00:00:00', '2018-06-07 00:00:00', NULL),
(1635, 760, 28, 7, 1, 1, 1, '2018-06-07 00:00:00', '2018-06-07 00:00:00', NULL),
(1636, 760, 28, 8, 1, 1, 1, '2018-06-07 00:00:00', '2018-06-07 00:00:00', NULL),
(1637, 258, 24, 1, 1, 1, 1, '2018-05-31 00:00:00', '2018-05-31 00:00:00', NULL),
(1638, 258, 24, 2, 1, 1, 1, '2018-05-31 00:00:00', '2018-05-31 00:00:00', NULL),
(1639, 258, 24, 3, 1, 1, 1, '2018-05-31 00:00:00', '2018-05-31 00:00:00', NULL),
(1640, 258, 24, 4, 1, 1, 1, '2018-05-31 00:00:00', '2018-05-31 00:00:00', NULL),
(1641, 258, 24, 5, 1, 1, 1, '2018-05-31 00:00:00', '2018-05-31 00:00:00', NULL),
(1642, 258, 24, 6, 1, 1, 1, '2018-05-31 00:00:00', '2018-05-31 00:00:00', NULL),
(1643, 258, 24, 7, 1, 1, 1, '2018-05-31 00:00:00', '2018-05-31 00:00:00', NULL),
(1644, 522, 22, 1, 1, 1, 1, '2018-05-31 00:00:00', '2018-05-31 00:00:00', NULL),
(1645, 522, 22, 2, 1, 1, 1, '2018-05-31 00:00:00', '2018-05-31 00:00:00', NULL),
(1646, 522, 22, 3, 1, 1, 1, '2018-05-31 00:00:00', '2018-05-31 00:00:00', NULL),
(1647, 522, 22, 4, 1, 1, 1, '2018-05-31 00:00:00', '2018-05-31 00:00:00', NULL),
(1648, 522, 22, 5, 1, 1, 1, '2018-05-31 00:00:00', '2018-05-31 00:00:00', NULL),
(1649, 522, 22, 6, 1, 1, 1, '2018-05-31 00:00:00', '2018-05-31 00:00:00', NULL),
(1650, 487, 30, 1, 1, 1, 1, '2018-05-31 00:00:00', '2018-05-31 00:00:00', NULL),
(1651, 487, 30, 2, 1, 1, 1, '2018-05-31 00:00:00', '2018-05-31 00:00:00', NULL),
(1652, 487, 30, 3, 1, 1, 1, '2018-05-31 00:00:00', '2018-05-31 00:00:00', NULL),
(1653, 487, 30, 4, 1, 1, 1, '2018-05-31 00:00:00', '2018-05-31 00:00:00', NULL),
(1654, 487, 30, 5, 1, 1, 1, '2018-05-31 00:00:00', '2018-05-31 00:00:00', NULL),
(1655, 487, 30, 6, 1, 1, 1, '2018-05-31 00:00:00', '2018-05-31 00:00:00', NULL),
(1656, 227, 26, 1, 1, 1, 1, '2018-06-05 00:00:00', '2018-06-05 00:00:00', NULL),
(1657, 227, 26, 2, 1, 1, 1, '2018-06-05 00:00:00', '2018-06-05 00:00:00', NULL),
(1658, 227, 26, 3, 1, 1, 1, '2018-06-05 00:00:00', '2018-06-05 00:00:00', NULL),
(1659, 755, 22, 1, 1, 1, 1, '2018-06-02 00:00:00', '2018-06-02 00:00:00', NULL),
(1660, 755, 22, 2, 1, 1, 1, '2018-06-02 00:00:00', '2018-06-02 00:00:00', NULL),
(1661, 755, 22, 3, 1, 1, 1, '2018-06-02 00:00:00', '2018-06-02 00:00:00', NULL),
(1662, 755, 22, 4, 1, 1, 1, '2018-06-02 00:00:00', '2018-06-02 00:00:00', NULL),
(1663, 755, 22, 5, 1, 1, 1, '2018-06-02 00:00:00', '2018-06-02 00:00:00', NULL),
(1664, 584, 26, 1, 1, 1, 1, '2018-06-03 00:00:00', '2018-06-03 00:00:00', NULL),
(1665, 584, 26, 2, 1, 1, 1, '2018-06-03 00:00:00', '2018-06-03 00:00:00', NULL),
(1666, 584, 26, 3, 1, 1, 1, '2018-06-03 00:00:00', '2018-06-03 00:00:00', NULL),
(1667, 584, 26, 4, 1, 1, 1, '2018-06-03 00:00:00', '2018-06-03 00:00:00', NULL),
(1668, 556, 1, 1, 1, 1, 1, '2018-05-31 00:00:00', '2018-05-31 00:00:00', NULL),
(1669, 556, 1, 2, 1, 1, 1, '2018-05-31 00:00:00', '2018-05-31 00:00:00', NULL),
(1670, 556, 1, 3, 1, 1, 1, '2018-05-31 00:00:00', '2018-05-31 00:00:00', NULL),
(1671, 556, 1, 4, 1, 1, 1, '2018-05-31 00:00:00', '2018-05-31 00:00:00', NULL),
(1672, 556, 1, 5, 1, 1, 1, '2018-05-31 00:00:00', '2018-05-31 00:00:00', NULL),
(1673, 556, 1, 6, 1, 1, 1, '2018-05-31 00:00:00', '2018-05-31 00:00:00', NULL),
(1674, 40, 22, 1, 1, 1, 1, '2018-06-04 00:00:00', '2018-06-04 00:00:00', NULL),
(1675, 40, 22, 2, 1, 1, 1, '2018-06-04 00:00:00', '2018-06-04 00:00:00', NULL),
(1676, 40, 22, 3, 1, 1, 1, '2018-06-04 00:00:00', '2018-06-04 00:00:00', NULL),
(1677, 40, 22, 4, 1, 1, 1, '2018-06-04 00:00:00', '2018-06-04 00:00:00', NULL),
(1678, 40, 22, 5, 1, 1, 1, '2018-06-04 00:00:00', '2018-06-04 00:00:00', NULL),
(1679, 24, 30, 1, 1, 1, 1, '2018-06-05 00:00:00', '2018-06-05 00:00:00', NULL),
(1680, 24, 30, 2, 1, 1, 1, '2018-06-05 00:00:00', '2018-06-05 00:00:00', NULL),
(1681, 24, 30, 3, 1, 1, 1, '2018-06-05 00:00:00', '2018-06-05 00:00:00', NULL),
(1682, 423, 29, 1, 1, 1, 1, '2018-06-02 00:00:00', '2018-06-02 00:00:00', NULL),
(1683, 423, 29, 2, 1, 1, 1, '2018-06-02 00:00:00', '2018-06-02 00:00:00', NULL),
(1684, 453, 23, 1, 1, 1, 1, '2018-06-05 00:00:00', '2018-06-05 00:00:00', NULL),
(1685, 453, 23, 2, 1, 1, 1, '2018-06-05 00:00:00', '2018-06-05 00:00:00', NULL),
(1686, 453, 23, 3, 1, 1, 1, '2018-06-05 00:00:00', '2018-06-05 00:00:00', NULL),
(1687, 453, 23, 4, 1, 1, 1, '2018-06-05 00:00:00', '2018-06-05 00:00:00', NULL),
(1688, 453, 23, 5, 1, 1, 1, '2018-06-05 00:00:00', '2018-06-05 00:00:00', NULL),
(1689, 453, 23, 6, 1, 1, 1, '2018-06-05 00:00:00', '2018-06-05 00:00:00', NULL),
(1690, 453, 23, 7, 1, 1, 1, '2018-06-05 00:00:00', '2018-06-05 00:00:00', NULL),
(1691, 370, 29, 1, 1, 1, 1, '2018-06-02 00:00:00', '2018-06-02 00:00:00', NULL),
(1692, 370, 29, 2, 1, 1, 1, '2018-06-02 00:00:00', '2018-06-02 00:00:00', NULL),
(1693, 370, 29, 3, 1, 1, 1, '2018-06-02 00:00:00', '2018-06-02 00:00:00', NULL),
(1694, 370, 29, 4, 1, 1, 1, '2018-06-02 00:00:00', '2018-06-02 00:00:00', NULL),
(1695, 370, 29, 5, 1, 1, 1, '2018-06-02 00:00:00', '2018-06-02 00:00:00', NULL),
(1696, 370, 29, 6, 1, 1, 1, '2018-06-02 00:00:00', '2018-06-02 00:00:00', NULL),
(1697, 357, 23, 1, 1, 1, 1, '2018-06-03 00:00:00', '2018-06-03 00:00:00', NULL),
(1698, 357, 23, 2, 1, 1, 1, '2018-06-03 00:00:00', '2018-06-03 00:00:00', NULL),
(1699, 357, 23, 3, 1, 1, 1, '2018-06-03 00:00:00', '2018-06-03 00:00:00', NULL),
(1700, 357, 23, 4, 1, 1, 1, '2018-06-03 00:00:00', '2018-06-03 00:00:00', NULL),
(1701, 357, 23, 5, 1, 1, 1, '2018-06-03 00:00:00', '2018-06-03 00:00:00', NULL),
(1702, 76, 30, 1, 1, 1, 1, '2018-05-31 00:00:00', '2018-05-31 00:00:00', NULL),
(1703, 573, 23, 1, 1, 1, 1, '2018-06-06 00:00:00', '2018-06-06 00:00:00', NULL),
(1704, 573, 23, 2, 1, 1, 1, '2018-06-06 00:00:00', '2018-06-06 00:00:00', NULL),
(1705, 573, 23, 3, 1, 1, 1, '2018-06-06 00:00:00', '2018-06-06 00:00:00', NULL),
(1706, 573, 23, 4, 1, 1, 1, '2018-06-06 00:00:00', '2018-06-06 00:00:00', NULL),
(1707, 11, 30, 1, 1, 1, 1, '2018-06-02 00:00:00', '2018-06-02 00:00:00', NULL),
(1708, 11, 30, 2, 1, 1, 1, '2018-06-02 00:00:00', '2018-06-02 00:00:00', NULL),
(1709, 11, 30, 3, 1, 1, 1, '2018-06-02 00:00:00', '2018-06-02 00:00:00', NULL),
(1710, 11, 30, 4, 1, 1, 1, '2018-06-02 00:00:00', '2018-06-02 00:00:00', NULL),
(1711, 11, 30, 5, 1, 1, 1, '2018-06-02 00:00:00', '2018-06-02 00:00:00', NULL),
(1712, 11, 30, 6, 1, 1, 1, '2018-06-02 00:00:00', '2018-06-02 00:00:00', NULL),
(1713, 11, 30, 7, 1, 1, 1, '2018-06-02 00:00:00', '2018-06-02 00:00:00', NULL),
(1714, 745, 27, 1, 1, 1, 1, '2018-06-06 00:00:00', '2018-06-06 00:00:00', NULL),
(1715, 745, 27, 2, 1, 1, 1, '2018-06-06 00:00:00', '2018-06-06 00:00:00', NULL),
(1716, 745, 27, 3, 1, 1, 1, '2018-06-06 00:00:00', '2018-06-06 00:00:00', NULL),
(1717, 745, 27, 4, 1, 1, 1, '2018-06-06 00:00:00', '2018-06-06 00:00:00', NULL),
(1718, 745, 27, 5, 1, 1, 1, '2018-06-06 00:00:00', '2018-06-06 00:00:00', NULL),
(1719, 745, 27, 6, 1, 1, 1, '2018-06-06 00:00:00', '2018-06-06 00:00:00', NULL),
(1720, 673, 25, 1, 1, 1, 1, '2018-06-02 00:00:00', '2018-06-02 00:00:00', NULL),
(1721, 673, 25, 2, 1, 1, 1, '2018-06-02 00:00:00', '2018-06-02 00:00:00', NULL),
(1722, 673, 25, 3, 1, 1, 1, '2018-06-02 00:00:00', '2018-06-02 00:00:00', NULL),
(1723, 673, 25, 4, 1, 1, 1, '2018-06-02 00:00:00', '2018-06-02 00:00:00', NULL),
(1724, 673, 25, 5, 1, 1, 1, '2018-06-02 00:00:00', '2018-06-02 00:00:00', NULL),
(1725, 673, 25, 6, 1, 1, 1, '2018-06-02 00:00:00', '2018-06-02 00:00:00', NULL),
(1726, 673, 25, 7, 1, 1, 1, '2018-06-02 00:00:00', '2018-06-02 00:00:00', NULL),
(1727, 751, 25, 1, 1, 1, 1, '2018-06-07 00:00:00', '2018-06-07 00:00:00', NULL),
(1728, 751, 25, 2, 1, 1, 1, '2018-06-07 00:00:00', '2018-06-07 00:00:00', NULL),
(1729, 751, 25, 3, 1, 1, 1, '2018-06-07 00:00:00', '2018-06-07 00:00:00', NULL),
(1730, 751, 25, 4, 1, 1, 1, '2018-06-07 00:00:00', '2018-06-07 00:00:00', NULL),
(1731, 751, 25, 5, 1, 1, 1, '2018-06-07 00:00:00', '2018-06-07 00:00:00', NULL),
(1732, 751, 25, 6, 1, 1, 1, '2018-06-07 00:00:00', '2018-06-07 00:00:00', NULL),
(1733, 751, 25, 7, 1, 1, 1, '2018-06-07 00:00:00', '2018-06-07 00:00:00', NULL),
(1734, 483, 30, 1, 1, 1, 1, '2018-05-31 00:00:00', '2018-05-31 00:00:00', NULL),
(1735, 483, 30, 2, 1, 1, 1, '2018-05-31 00:00:00', '2018-05-31 00:00:00', NULL),
(1736, 239, 22, 1, 1, 1, 1, '2018-06-02 00:00:00', '2018-06-02 00:00:00', NULL),
(1737, 239, 22, 2, 1, 1, 1, '2018-06-02 00:00:00', '2018-06-02 00:00:00', NULL),
(1738, 239, 22, 3, 1, 1, 1, '2018-06-02 00:00:00', '2018-06-02 00:00:00', NULL),
(1739, 239, 22, 4, 1, 1, 1, '2018-06-02 00:00:00', '2018-06-02 00:00:00', NULL),
(1740, 239, 22, 5, 1, 1, 1, '2018-06-02 00:00:00', '2018-06-02 00:00:00', NULL),
(1741, 239, 22, 6, 1, 1, 1, '2018-06-02 00:00:00', '2018-06-02 00:00:00', NULL),
(1742, 239, 22, 7, 1, 1, 1, '2018-06-02 00:00:00', '2018-06-02 00:00:00', NULL),
(1743, 239, 22, 8, 1, 1, 1, '2018-06-02 00:00:00', '2018-06-02 00:00:00', NULL),
(1744, 249, 22, 1, 1, 1, 1, '2018-06-03 00:00:00', '2018-06-03 00:00:00', NULL),
(1745, 249, 22, 2, 1, 1, 1, '2018-06-03 00:00:00', '2018-06-03 00:00:00', NULL),
(1746, 378, 28, 1, 1, 1, 1, '2018-06-07 00:00:00', '2018-06-07 00:00:00', NULL),
(1747, 378, 28, 2, 1, 1, 1, '2018-06-07 00:00:00', '2018-06-07 00:00:00', NULL),
(1748, 378, 28, 3, 1, 1, 1, '2018-06-07 00:00:00', '2018-06-07 00:00:00', NULL),
(1749, 378, 28, 4, 1, 1, 1, '2018-06-07 00:00:00', '2018-06-07 00:00:00', NULL),
(1750, 165, 27, 1, 1, 1, 1, '2018-06-05 00:00:00', '2018-06-05 00:00:00', NULL),
(1751, 165, 27, 2, 1, 1, 1, '2018-06-05 00:00:00', '2018-06-05 00:00:00', NULL),
(1752, 165, 27, 3, 1, 1, 1, '2018-06-05 00:00:00', '2018-06-05 00:00:00', NULL),
(1753, 165, 27, 4, 1, 1, 1, '2018-06-05 00:00:00', '2018-06-05 00:00:00', NULL),
(1754, 165, 27, 5, 1, 1, 1, '2018-06-05 00:00:00', '2018-06-05 00:00:00', NULL),
(1755, 191, 28, 1, 1, 1, 1, '2018-06-04 00:00:00', '2018-06-04 00:00:00', NULL),
(1756, 191, 28, 2, 1, 1, 1, '2018-06-04 00:00:00', '2018-06-04 00:00:00', NULL),
(1757, 50, 28, 1, 1, 1, 1, '2018-06-03 00:00:00', '2018-06-03 00:00:00', NULL),
(1758, 50, 28, 2, 1, 1, 1, '2018-06-03 00:00:00', '2018-06-03 00:00:00', NULL),
(1759, 50, 28, 3, 1, 1, 1, '2018-06-03 00:00:00', '2018-06-03 00:00:00', NULL),
(1760, 50, 28, 4, 1, 1, 1, '2018-06-03 00:00:00', '2018-06-03 00:00:00', NULL),
(1761, 722, 28, 1, 1, 1, 1, '2018-06-02 00:00:00', '2018-06-02 00:00:00', NULL),
(1762, 722, 28, 2, 1, 1, 1, '2018-06-02 00:00:00', '2018-06-02 00:00:00', NULL),
(1763, 722, 28, 3, 1, 1, 1, '2018-06-02 00:00:00', '2018-06-02 00:00:00', NULL),
(1764, 722, 28, 4, 1, 1, 1, '2018-06-02 00:00:00', '2018-06-02 00:00:00', NULL),
(1765, 722, 28, 5, 1, 1, 1, '2018-06-02 00:00:00', '2018-06-02 00:00:00', NULL),
(1766, 722, 28, 6, 1, 1, 1, '2018-06-02 00:00:00', '2018-06-02 00:00:00', NULL),
(1767, 645, 22, 1, 1, 1, 1, '2018-06-03 00:00:00', '2018-06-03 00:00:00', NULL),
(1768, 645, 22, 2, 1, 1, 1, '2018-06-03 00:00:00', '2018-06-03 00:00:00', NULL),
(1769, 645, 22, 3, 1, 1, 1, '2018-06-03 00:00:00', '2018-06-03 00:00:00', NULL),
(1770, 645, 22, 4, 1, 1, 1, '2018-06-03 00:00:00', '2018-06-03 00:00:00', NULL),
(1771, 645, 22, 5, 1, 1, 1, '2018-06-03 00:00:00', '2018-06-03 00:00:00', NULL),
(1772, 645, 22, 6, 1, 1, 1, '2018-06-03 00:00:00', '2018-06-03 00:00:00', NULL),
(1773, 598, 30, 1, 1, 1, 1, '2018-06-05 00:00:00', '2018-06-05 00:00:00', NULL),
(1774, 598, 30, 2, 1, 1, 1, '2018-06-05 00:00:00', '2018-06-05 00:00:00', NULL),
(1775, 598, 30, 3, 1, 1, 1, '2018-06-05 00:00:00', '2018-06-05 00:00:00', NULL),
(1776, 598, 30, 4, 1, 1, 1, '2018-06-05 00:00:00', '2018-06-05 00:00:00', NULL),
(1777, 598, 30, 5, 1, 1, 1, '2018-06-05 00:00:00', '2018-06-05 00:00:00', NULL),
(1778, 598, 30, 6, 1, 1, 1, '2018-06-05 00:00:00', '2018-06-05 00:00:00', NULL),
(1779, 598, 30, 7, 1, 1, 1, '2018-06-05 00:00:00', '2018-06-05 00:00:00', NULL),
(1780, 598, 30, 8, 1, 1, 1, '2018-06-05 00:00:00', '2018-06-05 00:00:00', NULL),
(1781, 653, 22, 1, 1, 1, 1, '2018-05-31 00:00:00', '2018-05-31 00:00:00', NULL),
(1782, 653, 22, 2, 1, 1, 1, '2018-05-31 00:00:00', '2018-05-31 00:00:00', NULL),
(1783, 653, 22, 3, 1, 1, 1, '2018-05-31 00:00:00', '2018-05-31 00:00:00', NULL),
(1784, 653, 22, 4, 1, 1, 1, '2018-05-31 00:00:00', '2018-05-31 00:00:00', NULL),
(1785, 653, 22, 5, 1, 1, 1, '2018-05-31 00:00:00', '2018-05-31 00:00:00', NULL),
(1786, 653, 22, 6, 1, 1, 1, '2018-05-31 00:00:00', '2018-05-31 00:00:00', NULL),
(1787, 653, 22, 7, 1, 1, 1, '2018-05-31 00:00:00', '2018-05-31 00:00:00', NULL),
(1788, 653, 22, 8, 1, 1, 1, '2018-05-31 00:00:00', '2018-05-31 00:00:00', NULL),
(1789, 549, 31, 1, 1, 1, 1, '2018-06-04 00:00:00', '2018-06-04 00:00:00', NULL),
(1790, 549, 31, 2, 1, 1, 1, '2018-06-04 00:00:00', '2018-06-04 00:00:00', NULL),
(1791, 549, 31, 3, 1, 1, 1, '2018-06-04 00:00:00', '2018-06-04 00:00:00', NULL),
(1792, 549, 31, 4, 1, 1, 1, '2018-06-04 00:00:00', '2018-06-04 00:00:00', NULL),
(1793, 92, 29, 1, 1, 1, 1, '2018-06-04 00:00:00', '2018-06-04 00:00:00', NULL),
(1794, 92, 29, 2, 1, 1, 1, '2018-06-04 00:00:00', '2018-06-04 00:00:00', NULL),
(1795, 92, 29, 3, 1, 1, 1, '2018-06-04 00:00:00', '2018-06-04 00:00:00', NULL),
(1796, 92, 29, 4, 1, 1, 1, '2018-06-04 00:00:00', '2018-06-04 00:00:00', NULL),
(1797, 707, 24, 1, 1, 1, 1, '2018-06-02 00:00:00', '2018-06-02 00:00:00', NULL),
(1798, 707, 24, 2, 1, 1, 1, '2018-06-02 00:00:00', '2018-06-02 00:00:00', NULL),
(1799, 707, 24, 3, 1, 1, 1, '2018-06-02 00:00:00', '2018-06-02 00:00:00', NULL),
(1800, 707, 24, 4, 1, 1, 1, '2018-06-02 00:00:00', '2018-06-02 00:00:00', NULL),
(1801, 707, 24, 5, 1, 1, 1, '2018-06-02 00:00:00', '2018-06-02 00:00:00', NULL),
(1802, 707, 24, 6, 1, 1, 1, '2018-06-02 00:00:00', '2018-06-02 00:00:00', NULL),
(1803, 388, 1, 1, 1, 1, 1, '2018-06-02 00:00:00', '2018-06-02 00:00:00', NULL),
(1804, 388, 1, 2, 1, 1, 1, '2018-06-02 00:00:00', '2018-06-02 00:00:00', NULL),
(1805, 388, 1, 3, 1, 1, 1, '2018-06-02 00:00:00', '2018-06-02 00:00:00', NULL),
(1806, 388, 1, 4, 1, 1, 1, '2018-06-02 00:00:00', '2018-06-02 00:00:00', NULL),
(1807, 388, 1, 5, 1, 1, 1, '2018-06-02 00:00:00', '2018-06-02 00:00:00', NULL),
(1808, 120, 28, 1, 1, 1, 1, '2018-06-03 00:00:00', '2018-06-03 00:00:00', NULL),
(1809, 120, 28, 2, 1, 1, 1, '2018-06-03 00:00:00', '2018-06-03 00:00:00', NULL),
(1810, 120, 28, 3, 1, 1, 1, '2018-06-03 00:00:00', '2018-06-03 00:00:00', NULL),
(1811, 120, 28, 4, 1, 1, 1, '2018-06-03 00:00:00', '2018-06-03 00:00:00', NULL),
(1812, 120, 28, 5, 1, 1, 1, '2018-06-03 00:00:00', '2018-06-03 00:00:00', NULL),
(1813, 768, 25, 1, 1, 1, 1, '2018-06-05 00:00:00', '2018-06-05 00:00:00', NULL),
(1814, 768, 25, 2, 1, 1, 1, '2018-06-05 00:00:00', '2018-06-05 00:00:00', NULL),
(1815, 768, 25, 3, 1, 1, 1, '2018-06-05 00:00:00', '2018-06-05 00:00:00', NULL),
(1816, 768, 25, 4, 1, 1, 1, '2018-06-05 00:00:00', '2018-06-05 00:00:00', NULL),
(1817, 734, 28, 1, 1, 1, 1, '2018-06-03 00:00:00', '2018-06-03 00:00:00', NULL),
(1818, 734, 28, 2, 1, 1, 1, '2018-06-03 00:00:00', '2018-06-03 00:00:00', NULL),
(1819, 734, 28, 3, 1, 1, 1, '2018-06-03 00:00:00', '2018-06-03 00:00:00', NULL),
(1820, 144, 1, 1, 1, 1, 1, '2018-06-04 00:00:00', '2018-06-04 00:00:00', NULL),
(1821, 144, 1, 2, 1, 1, 1, '2018-06-04 00:00:00', '2018-06-04 00:00:00', NULL),
(1822, 144, 1, 3, 1, 1, 1, '2018-06-04 00:00:00', '2018-06-04 00:00:00', NULL),
(1823, 144, 1, 4, 1, 1, 1, '2018-06-04 00:00:00', '2018-06-04 00:00:00', NULL),
(1824, 144, 1, 5, 1, 1, 1, '2018-06-04 00:00:00', '2018-06-04 00:00:00', NULL),
(1825, 144, 1, 6, 1, 1, 1, '2018-06-04 00:00:00', '2018-06-04 00:00:00', NULL),
(1826, 185, 22, 1, 1, 1, 1, '2018-06-06 00:00:00', '2018-06-06 00:00:00', NULL),
(1827, 185, 22, 2, 1, 1, 1, '2018-06-06 00:00:00', '2018-06-06 00:00:00', NULL),
(1828, 185, 22, 3, 1, 1, 1, '2018-06-06 00:00:00', '2018-06-06 00:00:00', NULL),
(1829, 185, 22, 4, 1, 1, 1, '2018-06-06 00:00:00', '2018-06-06 00:00:00', NULL),
(1830, 185, 22, 5, 1, 1, 1, '2018-06-06 00:00:00', '2018-06-06 00:00:00', NULL),
(1831, 185, 22, 6, 1, 1, 1, '2018-06-06 00:00:00', '2018-06-06 00:00:00', NULL),
(1832, 185, 22, 7, 1, 1, 1, '2018-06-06 00:00:00', '2018-06-06 00:00:00', NULL),
(1833, 185, 22, 8, 1, 1, 1, '2018-06-06 00:00:00', '2018-06-06 00:00:00', NULL),
(1834, 662, 31, 1, 1, 1, 1, '2018-06-02 00:00:00', '2018-06-02 00:00:00', NULL),
(1835, 572, 31, 1, 1, 1, 1, '2018-06-04 00:00:00', '2018-06-04 00:00:00', NULL),
(1836, 572, 31, 2, 1, 1, 1, '2018-06-04 00:00:00', '2018-06-04 00:00:00', NULL),
(1837, 564, 26, 1, 1, 1, 1, '2018-06-01 00:00:00', '2018-06-01 00:00:00', NULL),
(1838, 564, 26, 2, 1, 1, 1, '2018-06-01 00:00:00', '2018-06-01 00:00:00', NULL),
(1839, 564, 26, 3, 1, 1, 1, '2018-06-01 00:00:00', '2018-06-01 00:00:00', NULL),
(1840, 564, 26, 4, 1, 1, 1, '2018-06-01 00:00:00', '2018-06-01 00:00:00', NULL),
(1841, 564, 26, 5, 1, 1, 1, '2018-06-01 00:00:00', '2018-06-01 00:00:00', NULL),
(1842, 564, 26, 6, 1, 1, 1, '2018-06-01 00:00:00', '2018-06-01 00:00:00', NULL),
(1843, 526, 25, 1, 1, 1, 1, '2018-06-04 00:00:00', '2018-06-04 00:00:00', NULL),
(1844, 526, 25, 2, 1, 1, 1, '2018-06-04 00:00:00', '2018-06-04 00:00:00', NULL),
(1845, 526, 25, 3, 1, 1, 1, '2018-06-04 00:00:00', '2018-06-04 00:00:00', NULL),
(1846, 526, 25, 4, 1, 1, 1, '2018-06-04 00:00:00', '2018-06-04 00:00:00', NULL),
(1847, 526, 25, 5, 1, 1, 1, '2018-06-04 00:00:00', '2018-06-04 00:00:00', NULL),
(1848, 526, 25, 6, 1, 1, 1, '2018-06-04 00:00:00', '2018-06-04 00:00:00', NULL),
(1849, 452, 27, 1, 1, 1, 1, '2018-05-31 00:00:00', '2018-05-31 00:00:00', NULL),
(1850, 452, 27, 2, 1, 1, 1, '2018-05-31 00:00:00', '2018-05-31 00:00:00', NULL),
(1851, 452, 27, 3, 1, 1, 1, '2018-05-31 00:00:00', '2018-05-31 00:00:00', NULL),
(1852, 452, 27, 4, 1, 1, 1, '2018-05-31 00:00:00', '2018-05-31 00:00:00', NULL),
(1853, 97, 27, 1, 1, 1, 1, '2018-06-04 00:00:00', '2018-06-04 00:00:00', NULL),
(1854, 97, 27, 2, 1, 1, 1, '2018-06-04 00:00:00', '2018-06-04 00:00:00', NULL),
(1855, 97, 27, 3, 1, 1, 1, '2018-06-04 00:00:00', '2018-06-04 00:00:00', NULL),
(1856, 97, 27, 4, 1, 1, 1, '2018-06-04 00:00:00', '2018-06-04 00:00:00', NULL),
(1857, 97, 27, 5, 1, 1, 1, '2018-06-04 00:00:00', '2018-06-04 00:00:00', NULL),
(1858, 97, 27, 6, 1, 1, 1, '2018-06-04 00:00:00', '2018-06-04 00:00:00', NULL),
(1859, 97, 27, 7, 1, 1, 1, '2018-06-04 00:00:00', '2018-06-04 00:00:00', NULL),
(1860, 150, 23, 1, 1, 1, 1, '2018-06-02 00:00:00', '2018-06-02 00:00:00', NULL),
(1861, 150, 23, 2, 1, 1, 1, '2018-06-02 00:00:00', '2018-06-02 00:00:00', NULL),
(1862, 150, 23, 3, 1, 1, 1, '2018-06-02 00:00:00', '2018-06-02 00:00:00', NULL),
(1863, 150, 23, 4, 1, 1, 1, '2018-06-02 00:00:00', '2018-06-02 00:00:00', NULL),
(1864, 150, 23, 5, 1, 1, 1, '2018-06-02 00:00:00', '2018-06-02 00:00:00', NULL),
(1865, 150, 23, 6, 1, 1, 1, '2018-06-02 00:00:00', '2018-06-02 00:00:00', NULL),
(1866, 150, 23, 7, 1, 1, 1, '2018-06-02 00:00:00', '2018-06-02 00:00:00', NULL),
(1867, 150, 23, 8, 1, 1, 1, '2018-06-02 00:00:00', '2018-06-02 00:00:00', NULL),
(1868, 471, 27, 1, 1, 1, 1, '2018-06-06 00:00:00', '2018-06-06 00:00:00', NULL),
(1869, 471, 27, 2, 1, 1, 1, '2018-06-06 00:00:00', '2018-06-06 00:00:00', NULL),
(1870, 471, 27, 3, 1, 1, 1, '2018-06-06 00:00:00', '2018-06-06 00:00:00', NULL),
(1871, 471, 27, 4, 1, 1, 1, '2018-06-06 00:00:00', '2018-06-06 00:00:00', NULL),
(1872, 471, 27, 5, 1, 1, 1, '2018-06-06 00:00:00', '2018-06-06 00:00:00', NULL),
(1873, 498, 30, 1, 1, 1, 1, '2018-06-05 00:00:00', '2018-06-05 00:00:00', NULL),
(1874, 498, 30, 2, 1, 1, 1, '2018-06-05 00:00:00', '2018-06-05 00:00:00', NULL),
(1875, 498, 30, 3, 1, 1, 1, '2018-06-05 00:00:00', '2018-06-05 00:00:00', NULL),
(1876, 498, 30, 4, 1, 1, 1, '2018-06-05 00:00:00', '2018-06-05 00:00:00', NULL),
(1877, 498, 30, 5, 1, 1, 1, '2018-06-05 00:00:00', '2018-06-05 00:00:00', NULL),
(1878, 498, 30, 6, 1, 1, 1, '2018-06-05 00:00:00', '2018-06-05 00:00:00', NULL),
(1879, 498, 30, 7, 1, 1, 1, '2018-06-05 00:00:00', '2018-06-05 00:00:00', NULL),
(1880, 498, 30, 8, 1, 1, 1, '2018-06-05 00:00:00', '2018-06-05 00:00:00', NULL),
(1881, 776, 27, 1, 1, 1, 1, '2018-06-05 00:00:00', '2018-06-05 00:00:00', NULL),
(1882, 776, 27, 2, 1, 1, 1, '2018-06-05 00:00:00', '2018-06-05 00:00:00', NULL),
(1883, 776, 27, 3, 1, 1, 1, '2018-06-05 00:00:00', '2018-06-05 00:00:00', NULL),
(1884, 80, 31, 1, 1, 1, 1, '2018-06-05 00:00:00', '2018-06-05 00:00:00', NULL),
(1885, 139, 28, 1, 1, 1, 1, '2018-06-07 00:00:00', '2018-06-07 00:00:00', NULL),
(1886, 139, 28, 2, 1, 1, 1, '2018-06-07 00:00:00', '2018-06-07 00:00:00', NULL),
(1887, 139, 28, 3, 1, 1, 1, '2018-06-07 00:00:00', '2018-06-07 00:00:00', NULL),
(1888, 95, 28, 1, 1, 1, 1, '2018-06-06 00:00:00', '2018-06-06 00:00:00', NULL),
(1889, 95, 28, 2, 1, 1, 1, '2018-06-06 00:00:00', '2018-06-06 00:00:00', NULL),
(1890, 95, 28, 3, 1, 1, 1, '2018-06-06 00:00:00', '2018-06-06 00:00:00', NULL),
(1891, 95, 28, 4, 1, 1, 1, '2018-06-06 00:00:00', '2018-06-06 00:00:00', NULL),
(1892, 95, 28, 5, 1, 1, 1, '2018-06-06 00:00:00', '2018-06-06 00:00:00', NULL),
(1893, 95, 28, 6, 1, 1, 1, '2018-06-06 00:00:00', '2018-06-06 00:00:00', NULL),
(1894, 95, 28, 7, 1, 1, 1, '2018-06-06 00:00:00', '2018-06-06 00:00:00', NULL),
(1895, 95, 28, 8, 1, 1, 1, '2018-06-06 00:00:00', '2018-06-06 00:00:00', NULL),
(1896, 232, 26, 1, 1, 1, 1, '2018-06-05 00:00:00', '2018-06-05 00:00:00', NULL),
(1897, 433, 29, 1, 1, 1, 1, '2018-05-31 00:00:00', '2018-05-31 00:00:00', NULL),
(1898, 433, 29, 2, 1, 1, 1, '2018-05-31 00:00:00', '2018-05-31 00:00:00', NULL),
(1899, 433, 29, 3, 1, 1, 1, '2018-05-31 00:00:00', '2018-05-31 00:00:00', NULL),
(1900, 433, 29, 4, 1, 1, 1, '2018-05-31 00:00:00', '2018-05-31 00:00:00', NULL),
(1901, 433, 29, 5, 1, 1, 1, '2018-05-31 00:00:00', '2018-05-31 00:00:00', NULL),
(1902, 433, 29, 6, 1, 1, 1, '2018-05-31 00:00:00', '2018-05-31 00:00:00', NULL),
(1903, 666, 25, 1, 1, 1, 1, '2018-06-06 00:00:00', '2018-06-06 00:00:00', NULL),
(1904, 666, 25, 2, 1, 1, 1, '2018-06-06 00:00:00', '2018-06-06 00:00:00', NULL),
(1905, 666, 25, 3, 1, 1, 1, '2018-06-06 00:00:00', '2018-06-06 00:00:00', NULL),
(1906, 666, 25, 4, 1, 1, 1, '2018-06-06 00:00:00', '2018-06-06 00:00:00', NULL),
(1907, 528, 25, 1, 1, 1, 1, '2018-06-03 00:00:00', '2018-06-03 00:00:00', NULL),
(1908, 528, 25, 2, 1, 1, 1, '2018-06-03 00:00:00', '2018-06-03 00:00:00', NULL),
(1909, 528, 25, 3, 1, 1, 1, '2018-06-03 00:00:00', '2018-06-03 00:00:00', NULL);
INSERT INTO `call_history` (`id`, `contact_id`, `user_id`, `level_id`, `call_quality_level_id`, `status_service_id`, `status_call_id`, `created_at`, `updated_at`, `deleted_at`) VALUES
(1910, 528, 25, 4, 1, 1, 1, '2018-06-03 00:00:00', '2018-06-03 00:00:00', NULL),
(1911, 528, 25, 5, 1, 1, 1, '2018-06-03 00:00:00', '2018-06-03 00:00:00', NULL),
(1912, 528, 25, 6, 1, 1, 1, '2018-06-03 00:00:00', '2018-06-03 00:00:00', NULL),
(1913, 528, 25, 7, 1, 1, 1, '2018-06-03 00:00:00', '2018-06-03 00:00:00', NULL),
(1914, 528, 25, 8, 1, 1, 1, '2018-06-03 00:00:00', '2018-06-03 00:00:00', NULL),
(1915, 219, 23, 1, 1, 1, 1, '2018-06-03 00:00:00', '2018-06-03 00:00:00', NULL),
(1916, 219, 23, 2, 1, 1, 1, '2018-06-03 00:00:00', '2018-06-03 00:00:00', NULL),
(1917, 279, 25, 1, 1, 1, 1, '2018-06-01 00:00:00', '2018-06-01 00:00:00', NULL),
(1918, 21, 1, 1, 1, 1, 1, '2018-06-01 00:00:00', '2018-06-01 00:00:00', NULL),
(1919, 21, 1, 2, 1, 1, 1, '2018-06-01 00:00:00', '2018-06-01 00:00:00', NULL),
(1920, 21, 1, 3, 1, 1, 1, '2018-06-01 00:00:00', '2018-06-01 00:00:00', NULL),
(1921, 21, 1, 4, 1, 1, 1, '2018-06-01 00:00:00', '2018-06-01 00:00:00', NULL),
(1922, 21, 1, 5, 1, 1, 1, '2018-06-01 00:00:00', '2018-06-01 00:00:00', NULL),
(1923, 21, 1, 6, 1, 1, 1, '2018-06-01 00:00:00', '2018-06-01 00:00:00', NULL),
(1924, 21, 1, 7, 1, 1, 1, '2018-06-01 00:00:00', '2018-06-01 00:00:00', NULL),
(1925, 159, 24, 1, 1, 1, 1, '2018-06-07 00:00:00', '2018-06-07 00:00:00', NULL),
(1926, 300, 22, 1, 1, 1, 1, '2018-06-06 00:00:00', '2018-06-06 00:00:00', NULL),
(1927, 300, 22, 2, 1, 1, 1, '2018-06-06 00:00:00', '2018-06-06 00:00:00', NULL),
(1928, 300, 22, 3, 1, 1, 1, '2018-06-06 00:00:00', '2018-06-06 00:00:00', NULL),
(1929, 300, 22, 4, 1, 1, 1, '2018-06-06 00:00:00', '2018-06-06 00:00:00', NULL),
(1930, 300, 22, 5, 1, 1, 1, '2018-06-06 00:00:00', '2018-06-06 00:00:00', NULL),
(1931, 300, 22, 6, 1, 1, 1, '2018-06-06 00:00:00', '2018-06-06 00:00:00', NULL),
(1932, 764, 26, 1, 1, 1, 1, '2018-06-04 00:00:00', '2018-06-04 00:00:00', NULL),
(1933, 764, 26, 2, 1, 1, 1, '2018-06-04 00:00:00', '2018-06-04 00:00:00', NULL),
(1934, 336, 29, 1, 1, 1, 1, '2018-06-02 00:00:00', '2018-06-02 00:00:00', NULL),
(1935, 336, 29, 2, 1, 1, 1, '2018-06-02 00:00:00', '2018-06-02 00:00:00', NULL),
(1936, 336, 29, 3, 1, 1, 1, '2018-06-02 00:00:00', '2018-06-02 00:00:00', NULL),
(1937, 336, 29, 4, 1, 1, 1, '2018-06-02 00:00:00', '2018-06-02 00:00:00', NULL),
(1938, 336, 29, 5, 1, 1, 1, '2018-06-02 00:00:00', '2018-06-02 00:00:00', NULL),
(1939, 336, 29, 6, 1, 1, 1, '2018-06-02 00:00:00', '2018-06-02 00:00:00', NULL),
(1940, 336, 29, 7, 1, 1, 1, '2018-06-02 00:00:00', '2018-06-02 00:00:00', NULL),
(1941, 726, 27, 1, 1, 1, 1, '2018-06-06 00:00:00', '2018-06-06 00:00:00', NULL),
(1942, 688, 29, 1, 1, 1, 1, '2018-05-31 00:00:00', '2018-05-31 00:00:00', NULL),
(1943, 231, 22, 1, 1, 1, 1, '2018-06-01 00:00:00', '2018-06-01 00:00:00', NULL),
(1944, 231, 22, 2, 1, 1, 1, '2018-06-01 00:00:00', '2018-06-01 00:00:00', NULL),
(1945, 231, 22, 3, 1, 1, 1, '2018-06-01 00:00:00', '2018-06-01 00:00:00', NULL),
(1946, 231, 22, 4, 1, 1, 1, '2018-06-01 00:00:00', '2018-06-01 00:00:00', NULL),
(1947, 231, 22, 5, 1, 1, 1, '2018-06-01 00:00:00', '2018-06-01 00:00:00', NULL),
(1948, 231, 22, 6, 1, 1, 1, '2018-06-01 00:00:00', '2018-06-01 00:00:00', NULL),
(1949, 742, 28, 1, 1, 1, 1, '2018-06-02 00:00:00', '2018-06-02 00:00:00', NULL),
(1950, 742, 28, 2, 1, 1, 1, '2018-06-02 00:00:00', '2018-06-02 00:00:00', NULL),
(1951, 742, 28, 3, 1, 1, 1, '2018-06-02 00:00:00', '2018-06-02 00:00:00', NULL),
(1952, 742, 28, 4, 1, 1, 1, '2018-06-02 00:00:00', '2018-06-02 00:00:00', NULL),
(1953, 742, 28, 5, 1, 1, 1, '2018-06-02 00:00:00', '2018-06-02 00:00:00', NULL),
(1954, 719, 24, 1, 1, 1, 1, '2018-06-06 00:00:00', '2018-06-06 00:00:00', NULL),
(1955, 719, 24, 2, 1, 1, 1, '2018-06-06 00:00:00', '2018-06-06 00:00:00', NULL),
(1956, 719, 24, 3, 1, 1, 1, '2018-06-06 00:00:00', '2018-06-06 00:00:00', NULL),
(1957, 719, 24, 4, 1, 1, 1, '2018-06-06 00:00:00', '2018-06-06 00:00:00', NULL),
(1958, 719, 24, 5, 1, 1, 1, '2018-06-06 00:00:00', '2018-06-06 00:00:00', NULL),
(1959, 404, 31, 1, 1, 1, 1, '2018-06-02 00:00:00', '2018-06-02 00:00:00', NULL),
(1960, 404, 31, 2, 1, 1, 1, '2018-06-02 00:00:00', '2018-06-02 00:00:00', NULL),
(1961, 404, 31, 3, 1, 1, 1, '2018-06-02 00:00:00', '2018-06-02 00:00:00', NULL),
(1962, 404, 31, 4, 1, 1, 1, '2018-06-02 00:00:00', '2018-06-02 00:00:00', NULL),
(1963, 658, 28, 1, 1, 1, 1, '2018-06-01 00:00:00', '2018-06-01 00:00:00', NULL),
(1964, 658, 28, 2, 1, 1, 1, '2018-06-01 00:00:00', '2018-06-01 00:00:00', NULL),
(1965, 658, 28, 3, 1, 1, 1, '2018-06-01 00:00:00', '2018-06-01 00:00:00', NULL),
(1966, 658, 28, 4, 1, 1, 1, '2018-06-01 00:00:00', '2018-06-01 00:00:00', NULL),
(1967, 658, 28, 5, 1, 1, 1, '2018-06-01 00:00:00', '2018-06-01 00:00:00', NULL),
(1968, 547, 31, 1, 1, 1, 1, '2018-05-31 00:00:00', '2018-05-31 00:00:00', NULL),
(1969, 547, 31, 2, 1, 1, 1, '2018-05-31 00:00:00', '2018-05-31 00:00:00', NULL),
(1970, 547, 31, 3, 1, 1, 1, '2018-05-31 00:00:00', '2018-05-31 00:00:00', NULL),
(1971, 547, 31, 4, 1, 1, 1, '2018-05-31 00:00:00', '2018-05-31 00:00:00', NULL),
(1972, 547, 31, 5, 1, 1, 1, '2018-05-31 00:00:00', '2018-05-31 00:00:00', NULL),
(1973, 440, 27, 1, 1, 1, 1, '2018-06-05 00:00:00', '2018-06-05 00:00:00', NULL),
(1974, 440, 27, 2, 1, 1, 1, '2018-06-05 00:00:00', '2018-06-05 00:00:00', NULL),
(1975, 440, 27, 3, 1, 1, 1, '2018-06-05 00:00:00', '2018-06-05 00:00:00', NULL),
(1976, 610, 24, 1, 1, 1, 1, '2018-06-02 00:00:00', '2018-06-02 00:00:00', NULL),
(1977, 563, 22, 1, 1, 1, 1, '2018-06-06 00:00:00', '2018-06-06 00:00:00', NULL),
(1978, 563, 22, 2, 1, 1, 1, '2018-06-06 00:00:00', '2018-06-06 00:00:00', NULL),
(1979, 563, 22, 3, 1, 1, 1, '2018-06-06 00:00:00', '2018-06-06 00:00:00', NULL),
(1980, 563, 22, 4, 1, 1, 1, '2018-06-06 00:00:00', '2018-06-06 00:00:00', NULL),
(1981, 670, 24, 1, 1, 1, 1, '2018-06-07 00:00:00', '2018-06-07 00:00:00', NULL),
(1982, 670, 24, 2, 1, 1, 1, '2018-06-07 00:00:00', '2018-06-07 00:00:00', NULL),
(1983, 670, 24, 3, 1, 1, 1, '2018-06-07 00:00:00', '2018-06-07 00:00:00', NULL),
(1984, 670, 24, 4, 1, 1, 1, '2018-06-07 00:00:00', '2018-06-07 00:00:00', NULL),
(1985, 670, 24, 5, 1, 1, 1, '2018-06-07 00:00:00', '2018-06-07 00:00:00', NULL),
(1986, 670, 24, 6, 1, 1, 1, '2018-06-07 00:00:00', '2018-06-07 00:00:00', NULL),
(1987, 670, 24, 7, 1, 1, 1, '2018-06-07 00:00:00', '2018-06-07 00:00:00', NULL),
(1988, 784, 29, 1, 1, 1, 1, '2018-06-03 00:00:00', '2018-06-03 00:00:00', NULL),
(1989, 784, 29, 2, 1, 1, 1, '2018-06-03 00:00:00', '2018-06-03 00:00:00', NULL),
(1990, 784, 29, 3, 1, 1, 1, '2018-06-03 00:00:00', '2018-06-03 00:00:00', NULL),
(1991, 784, 29, 4, 1, 1, 1, '2018-06-03 00:00:00', '2018-06-03 00:00:00', NULL),
(1992, 784, 29, 5, 1, 1, 1, '2018-06-03 00:00:00', '2018-06-03 00:00:00', NULL),
(1993, 784, 29, 6, 1, 1, 1, '2018-06-03 00:00:00', '2018-06-03 00:00:00', NULL),
(1994, 784, 29, 7, 1, 1, 1, '2018-06-03 00:00:00', '2018-06-03 00:00:00', NULL),
(1995, 784, 29, 8, 1, 1, 1, '2018-06-03 00:00:00', '2018-06-03 00:00:00', NULL),
(1996, 245, 25, 1, 1, 1, 1, '2018-06-02 00:00:00', '2018-06-02 00:00:00', NULL),
(1997, 245, 25, 2, 1, 1, 1, '2018-06-02 00:00:00', '2018-06-02 00:00:00', NULL),
(1998, 245, 25, 3, 1, 1, 1, '2018-06-02 00:00:00', '2018-06-02 00:00:00', NULL),
(1999, 245, 25, 4, 1, 1, 1, '2018-06-02 00:00:00', '2018-06-02 00:00:00', NULL),
(2000, 245, 25, 5, 1, 1, 1, '2018-06-02 00:00:00', '2018-06-02 00:00:00', NULL),
(2001, 245, 25, 6, 1, 1, 1, '2018-06-02 00:00:00', '2018-06-02 00:00:00', NULL),
(2002, 245, 25, 7, 1, 1, 1, '2018-06-02 00:00:00', '2018-06-02 00:00:00', NULL),
(2003, 520, 25, 1, 1, 1, 1, '2018-06-04 00:00:00', '2018-06-04 00:00:00', NULL),
(2004, 520, 25, 2, 1, 1, 1, '2018-06-04 00:00:00', '2018-06-04 00:00:00', NULL),
(2005, 520, 25, 3, 1, 1, 1, '2018-06-04 00:00:00', '2018-06-04 00:00:00', NULL),
(2006, 520, 25, 4, 1, 1, 1, '2018-06-04 00:00:00', '2018-06-04 00:00:00', NULL),
(2007, 520, 25, 5, 1, 1, 1, '2018-06-04 00:00:00', '2018-06-04 00:00:00', NULL),
(2008, 520, 25, 6, 1, 1, 1, '2018-06-04 00:00:00', '2018-06-04 00:00:00', NULL),
(2009, 244, 28, 1, 1, 1, 1, '2018-06-01 00:00:00', '2018-06-01 00:00:00', NULL),
(2010, 763, 1, 1, 1, 1, 1, '2018-06-04 00:00:00', '2018-06-04 00:00:00', NULL),
(2011, 763, 1, 2, 1, 1, 1, '2018-06-04 00:00:00', '2018-06-04 00:00:00', NULL),
(2012, 763, 1, 3, 1, 1, 1, '2018-06-04 00:00:00', '2018-06-04 00:00:00', NULL),
(2013, 763, 1, 4, 1, 1, 1, '2018-06-04 00:00:00', '2018-06-04 00:00:00', NULL),
(2014, 198, 23, 1, 1, 1, 1, '2018-06-01 00:00:00', '2018-06-01 00:00:00', NULL),
(2015, 198, 23, 2, 1, 1, 1, '2018-06-01 00:00:00', '2018-06-01 00:00:00', NULL),
(2016, 198, 23, 3, 1, 1, 1, '2018-06-01 00:00:00', '2018-06-01 00:00:00', NULL),
(2017, 198, 23, 4, 1, 1, 1, '2018-06-01 00:00:00', '2018-06-01 00:00:00', NULL),
(2018, 198, 23, 5, 1, 1, 1, '2018-06-01 00:00:00', '2018-06-01 00:00:00', NULL),
(2019, 307, 31, 1, 1, 1, 1, '2018-06-03 00:00:00', '2018-06-03 00:00:00', NULL),
(2020, 307, 31, 2, 1, 1, 1, '2018-06-03 00:00:00', '2018-06-03 00:00:00', NULL),
(2021, 307, 31, 3, 1, 1, 1, '2018-06-03 00:00:00', '2018-06-03 00:00:00', NULL),
(2022, 307, 31, 4, 1, 1, 1, '2018-06-03 00:00:00', '2018-06-03 00:00:00', NULL),
(2023, 307, 31, 5, 1, 1, 1, '2018-06-03 00:00:00', '2018-06-03 00:00:00', NULL),
(2024, 307, 31, 6, 1, 1, 1, '2018-06-03 00:00:00', '2018-06-03 00:00:00', NULL),
(2025, 783, 31, 1, 1, 1, 1, '2018-06-01 00:00:00', '2018-06-01 00:00:00', NULL),
(2026, 422, 25, 1, 1, 1, 1, '2018-06-01 00:00:00', '2018-06-01 00:00:00', NULL),
(2027, 422, 25, 2, 1, 1, 1, '2018-06-01 00:00:00', '2018-06-01 00:00:00', NULL),
(2028, 422, 25, 3, 1, 1, 1, '2018-06-01 00:00:00', '2018-06-01 00:00:00', NULL),
(2029, 272, 23, 1, 1, 1, 1, '2018-06-03 00:00:00', '2018-06-03 00:00:00', NULL),
(2030, 272, 23, 2, 1, 1, 1, '2018-06-03 00:00:00', '2018-06-03 00:00:00', NULL),
(2031, 272, 23, 3, 1, 1, 1, '2018-06-03 00:00:00', '2018-06-03 00:00:00', NULL),
(2032, 272, 23, 4, 1, 1, 1, '2018-06-03 00:00:00', '2018-06-03 00:00:00', NULL),
(2033, 272, 23, 5, 1, 1, 1, '2018-06-03 00:00:00', '2018-06-03 00:00:00', NULL),
(2034, 272, 23, 6, 1, 1, 1, '2018-06-03 00:00:00', '2018-06-03 00:00:00', NULL),
(2035, 272, 23, 7, 1, 1, 1, '2018-06-03 00:00:00', '2018-06-03 00:00:00', NULL),
(2036, 272, 23, 8, 1, 1, 1, '2018-06-03 00:00:00', '2018-06-03 00:00:00', NULL),
(2037, 369, 31, 1, 1, 1, 1, '2018-05-31 00:00:00', '2018-05-31 00:00:00', NULL),
(2038, 369, 31, 2, 1, 1, 1, '2018-05-31 00:00:00', '2018-05-31 00:00:00', NULL),
(2039, 426, 22, 1, 1, 1, 1, '2018-06-05 00:00:00', '2018-06-05 00:00:00', NULL),
(2040, 426, 22, 2, 1, 1, 1, '2018-06-05 00:00:00', '2018-06-05 00:00:00', NULL),
(2041, 426, 22, 3, 1, 1, 1, '2018-06-05 00:00:00', '2018-06-05 00:00:00', NULL),
(2042, 766, 26, 1, 1, 1, 1, '2018-06-05 00:00:00', '2018-06-05 00:00:00', NULL),
(2043, 766, 26, 2, 1, 1, 1, '2018-06-05 00:00:00', '2018-06-05 00:00:00', NULL),
(2044, 766, 26, 3, 1, 1, 1, '2018-06-05 00:00:00', '2018-06-05 00:00:00', NULL),
(2045, 766, 26, 4, 1, 1, 1, '2018-06-05 00:00:00', '2018-06-05 00:00:00', NULL),
(2046, 187, 31, 1, 1, 1, 1, '2018-06-07 00:00:00', '2018-06-07 00:00:00', NULL),
(2047, 187, 31, 2, 1, 1, 1, '2018-06-07 00:00:00', '2018-06-07 00:00:00', NULL),
(2048, 187, 31, 3, 1, 1, 1, '2018-06-07 00:00:00', '2018-06-07 00:00:00', NULL),
(2049, 211, 22, 1, 1, 1, 1, '2018-06-07 00:00:00', '2018-06-07 00:00:00', NULL),
(2050, 211, 22, 2, 1, 1, 1, '2018-06-07 00:00:00', '2018-06-07 00:00:00', NULL),
(2051, 211, 22, 3, 1, 1, 1, '2018-06-07 00:00:00', '2018-06-07 00:00:00', NULL),
(2052, 211, 22, 4, 1, 1, 1, '2018-06-07 00:00:00', '2018-06-07 00:00:00', NULL),
(2053, 41, 31, 1, 1, 1, 1, '2018-06-03 00:00:00', '2018-06-03 00:00:00', NULL),
(2054, 41, 31, 2, 1, 1, 1, '2018-06-03 00:00:00', '2018-06-03 00:00:00', NULL),
(2055, 41, 31, 3, 1, 1, 1, '2018-06-03 00:00:00', '2018-06-03 00:00:00', NULL),
(2056, 41, 31, 4, 1, 1, 1, '2018-06-03 00:00:00', '2018-06-03 00:00:00', NULL),
(2057, 41, 31, 5, 1, 1, 1, '2018-06-03 00:00:00', '2018-06-03 00:00:00', NULL),
(2058, 41, 31, 6, 1, 1, 1, '2018-06-03 00:00:00', '2018-06-03 00:00:00', NULL),
(2059, 41, 31, 7, 1, 1, 1, '2018-06-03 00:00:00', '2018-06-03 00:00:00', NULL),
(2060, 382, 23, 1, 1, 1, 1, '2018-06-07 00:00:00', '2018-06-07 00:00:00', NULL),
(2061, 382, 23, 2, 1, 1, 1, '2018-06-07 00:00:00', '2018-06-07 00:00:00', NULL),
(2062, 382, 23, 3, 1, 1, 1, '2018-06-07 00:00:00', '2018-06-07 00:00:00', NULL),
(2063, 58, 28, 1, 1, 1, 1, '2018-06-07 00:00:00', '2018-06-07 00:00:00', NULL),
(2064, 58, 28, 2, 1, 1, 1, '2018-06-07 00:00:00', '2018-06-07 00:00:00', NULL),
(2065, 58, 28, 3, 1, 1, 1, '2018-06-07 00:00:00', '2018-06-07 00:00:00', NULL),
(2066, 58, 28, 4, 1, 1, 1, '2018-06-07 00:00:00', '2018-06-07 00:00:00', NULL),
(2067, 58, 28, 5, 1, 1, 1, '2018-06-07 00:00:00', '2018-06-07 00:00:00', NULL),
(2068, 58, 28, 6, 1, 1, 1, '2018-06-07 00:00:00', '2018-06-07 00:00:00', NULL),
(2069, 177, 23, 1, 1, 1, 1, '2018-06-01 00:00:00', '2018-06-01 00:00:00', NULL),
(2070, 177, 23, 2, 1, 1, 1, '2018-06-01 00:00:00', '2018-06-01 00:00:00', NULL),
(2071, 177, 23, 3, 1, 1, 1, '2018-06-01 00:00:00', '2018-06-01 00:00:00', NULL),
(2072, 177, 23, 4, 1, 1, 1, '2018-06-01 00:00:00', '2018-06-01 00:00:00', NULL),
(2073, 177, 23, 5, 1, 1, 1, '2018-06-01 00:00:00', '2018-06-01 00:00:00', NULL),
(2074, 83, 1, 1, 1, 1, 1, '2018-06-03 00:00:00', '2018-06-03 00:00:00', NULL),
(2075, 83, 1, 2, 1, 1, 1, '2018-06-03 00:00:00', '2018-06-03 00:00:00', NULL),
(2076, 83, 1, 3, 1, 1, 1, '2018-06-03 00:00:00', '2018-06-03 00:00:00', NULL),
(2077, 83, 1, 4, 1, 1, 1, '2018-06-03 00:00:00', '2018-06-03 00:00:00', NULL),
(2078, 83, 1, 5, 1, 1, 1, '2018-06-03 00:00:00', '2018-06-03 00:00:00', NULL),
(2079, 83, 1, 6, 1, 1, 1, '2018-06-03 00:00:00', '2018-06-03 00:00:00', NULL),
(2080, 83, 1, 7, 1, 1, 1, '2018-06-03 00:00:00', '2018-06-03 00:00:00', NULL),
(2081, 546, 23, 1, 1, 1, 1, '2018-06-01 00:00:00', '2018-06-01 00:00:00', NULL),
(2082, 546, 23, 2, 1, 1, 1, '2018-06-01 00:00:00', '2018-06-01 00:00:00', NULL),
(2083, 546, 23, 3, 1, 1, 1, '2018-06-01 00:00:00', '2018-06-01 00:00:00', NULL),
(2084, 546, 23, 4, 1, 1, 1, '2018-06-01 00:00:00', '2018-06-01 00:00:00', NULL),
(2085, 46, 24, 1, 1, 1, 1, '2018-06-05 00:00:00', '2018-06-05 00:00:00', NULL),
(2086, 46, 24, 2, 1, 1, 1, '2018-06-05 00:00:00', '2018-06-05 00:00:00', NULL),
(2087, 46, 24, 3, 1, 1, 1, '2018-06-05 00:00:00', '2018-06-05 00:00:00', NULL),
(2088, 46, 24, 4, 1, 1, 1, '2018-06-05 00:00:00', '2018-06-05 00:00:00', NULL),
(2089, 46, 24, 5, 1, 1, 1, '2018-06-05 00:00:00', '2018-06-05 00:00:00', NULL),
(2090, 46, 24, 6, 1, 1, 1, '2018-06-05 00:00:00', '2018-06-05 00:00:00', NULL),
(2091, 46, 24, 7, 1, 1, 1, '2018-06-05 00:00:00', '2018-06-05 00:00:00', NULL),
(2092, 136, 22, 1, 1, 1, 1, '2018-06-06 00:00:00', '2018-06-06 00:00:00', NULL),
(2093, 136, 22, 2, 1, 1, 1, '2018-06-06 00:00:00', '2018-06-06 00:00:00', NULL),
(2094, 136, 22, 3, 1, 1, 1, '2018-06-06 00:00:00', '2018-06-06 00:00:00', NULL),
(2095, 136, 22, 4, 1, 1, 1, '2018-06-06 00:00:00', '2018-06-06 00:00:00', NULL),
(2096, 136, 22, 5, 1, 1, 1, '2018-06-06 00:00:00', '2018-06-06 00:00:00', NULL),
(2097, 136, 22, 6, 1, 1, 1, '2018-06-06 00:00:00', '2018-06-06 00:00:00', NULL),
(2098, 554, 23, 1, 1, 1, 1, '2018-06-06 00:00:00', '2018-06-06 00:00:00', NULL),
(2099, 554, 23, 2, 1, 1, 1, '2018-06-06 00:00:00', '2018-06-06 00:00:00', NULL),
(2100, 554, 23, 3, 1, 1, 1, '2018-06-06 00:00:00', '2018-06-06 00:00:00', NULL),
(2101, 554, 23, 4, 1, 1, 1, '2018-06-06 00:00:00', '2018-06-06 00:00:00', NULL),
(2102, 554, 23, 5, 1, 1, 1, '2018-06-06 00:00:00', '2018-06-06 00:00:00', NULL),
(2103, 554, 23, 6, 1, 1, 1, '2018-06-06 00:00:00', '2018-06-06 00:00:00', NULL),
(2104, 738, 24, 1, 1, 1, 1, '2018-06-04 00:00:00', '2018-06-04 00:00:00', NULL),
(2105, 738, 24, 2, 1, 1, 1, '2018-06-04 00:00:00', '2018-06-04 00:00:00', NULL),
(2106, 738, 24, 3, 1, 1, 1, '2018-06-04 00:00:00', '2018-06-04 00:00:00', NULL),
(2107, 738, 24, 4, 1, 1, 1, '2018-06-04 00:00:00', '2018-06-04 00:00:00', NULL),
(2108, 738, 24, 5, 1, 1, 1, '2018-06-04 00:00:00', '2018-06-04 00:00:00', NULL),
(2109, 149, 24, 1, 1, 1, 1, '2018-06-01 00:00:00', '2018-06-01 00:00:00', NULL),
(2110, 149, 24, 2, 1, 1, 1, '2018-06-01 00:00:00', '2018-06-01 00:00:00', NULL),
(2111, 149, 24, 3, 1, 1, 1, '2018-06-01 00:00:00', '2018-06-01 00:00:00', NULL),
(2112, 149, 24, 4, 1, 1, 1, '2018-06-01 00:00:00', '2018-06-01 00:00:00', NULL),
(2113, 149, 24, 5, 1, 1, 1, '2018-06-01 00:00:00', '2018-06-01 00:00:00', NULL),
(2114, 149, 24, 6, 1, 1, 1, '2018-06-01 00:00:00', '2018-06-01 00:00:00', NULL),
(2115, 149, 24, 7, 1, 1, 1, '2018-06-01 00:00:00', '2018-06-01 00:00:00', NULL),
(2116, 184, 31, 1, 1, 1, 1, '2018-06-07 00:00:00', '2018-06-07 00:00:00', NULL),
(2117, 184, 31, 2, 1, 1, 1, '2018-06-07 00:00:00', '2018-06-07 00:00:00', NULL),
(2118, 157, 31, 1, 1, 1, 1, '2018-05-31 00:00:00', '2018-05-31 00:00:00', NULL),
(2119, 157, 31, 2, 1, 1, 1, '2018-05-31 00:00:00', '2018-05-31 00:00:00', NULL),
(2120, 157, 31, 3, 1, 1, 1, '2018-05-31 00:00:00', '2018-05-31 00:00:00', NULL),
(2121, 157, 31, 4, 1, 1, 1, '2018-05-31 00:00:00', '2018-05-31 00:00:00', NULL),
(2122, 769, 26, 1, 1, 1, 1, '2018-06-07 00:00:00', '2018-06-07 00:00:00', NULL),
(2123, 769, 26, 2, 1, 1, 1, '2018-06-07 00:00:00', '2018-06-07 00:00:00', NULL),
(2124, 769, 26, 3, 1, 1, 1, '2018-06-07 00:00:00', '2018-06-07 00:00:00', NULL),
(2125, 769, 26, 4, 1, 1, 1, '2018-06-07 00:00:00', '2018-06-07 00:00:00', NULL),
(2126, 752, 22, 1, 1, 1, 1, '2018-05-31 00:00:00', '2018-05-31 00:00:00', NULL),
(2127, 752, 22, 2, 1, 1, 1, '2018-05-31 00:00:00', '2018-05-31 00:00:00', NULL),
(2128, 752, 22, 3, 1, 1, 1, '2018-05-31 00:00:00', '2018-05-31 00:00:00', NULL),
(2129, 752, 22, 4, 1, 1, 1, '2018-05-31 00:00:00', '2018-05-31 00:00:00', NULL),
(2130, 752, 22, 5, 1, 1, 1, '2018-05-31 00:00:00', '2018-05-31 00:00:00', NULL),
(2131, 119, 25, 1, 1, 1, 1, '2018-06-05 00:00:00', '2018-06-05 00:00:00', NULL),
(2132, 119, 25, 2, 1, 1, 1, '2018-06-05 00:00:00', '2018-06-05 00:00:00', NULL),
(2133, 119, 25, 3, 1, 1, 1, '2018-06-05 00:00:00', '2018-06-05 00:00:00', NULL),
(2134, 119, 25, 4, 1, 1, 1, '2018-06-05 00:00:00', '2018-06-05 00:00:00', NULL),
(2135, 119, 25, 5, 1, 1, 1, '2018-06-05 00:00:00', '2018-06-05 00:00:00', NULL),
(2136, 119, 25, 6, 1, 1, 1, '2018-06-05 00:00:00', '2018-06-05 00:00:00', NULL),
(2137, 119, 25, 7, 1, 1, 1, '2018-06-05 00:00:00', '2018-06-05 00:00:00', NULL),
(2138, 240, 31, 1, 1, 1, 1, '2018-05-31 00:00:00', '2018-05-31 00:00:00', NULL),
(2139, 240, 31, 2, 1, 1, 1, '2018-05-31 00:00:00', '2018-05-31 00:00:00', NULL),
(2140, 240, 31, 3, 1, 1, 1, '2018-05-31 00:00:00', '2018-05-31 00:00:00', NULL),
(2141, 657, 31, 1, 1, 1, 1, '2018-06-06 00:00:00', '2018-06-06 00:00:00', NULL),
(2142, 657, 31, 2, 1, 1, 1, '2018-06-06 00:00:00', '2018-06-06 00:00:00', NULL),
(2143, 657, 31, 3, 1, 1, 1, '2018-06-06 00:00:00', '2018-06-06 00:00:00', NULL),
(2144, 491, 22, 1, 1, 1, 1, '2018-05-31 00:00:00', '2018-05-31 00:00:00', NULL),
(2145, 491, 22, 2, 1, 1, 1, '2018-05-31 00:00:00', '2018-05-31 00:00:00', NULL),
(2146, 491, 22, 3, 1, 1, 1, '2018-05-31 00:00:00', '2018-05-31 00:00:00', NULL),
(2147, 491, 22, 4, 1, 1, 1, '2018-05-31 00:00:00', '2018-05-31 00:00:00', NULL),
(2148, 218, 31, 1, 1, 1, 1, '2018-06-05 00:00:00', '2018-06-05 00:00:00', NULL),
(2149, 218, 31, 2, 1, 1, 1, '2018-06-05 00:00:00', '2018-06-05 00:00:00', NULL),
(2150, 218, 31, 3, 1, 1, 1, '2018-06-05 00:00:00', '2018-06-05 00:00:00', NULL),
(2151, 218, 31, 4, 1, 1, 1, '2018-06-05 00:00:00', '2018-06-05 00:00:00', NULL),
(2152, 218, 31, 5, 1, 1, 1, '2018-06-05 00:00:00', '2018-06-05 00:00:00', NULL),
(2153, 218, 31, 6, 1, 1, 1, '2018-06-05 00:00:00', '2018-06-05 00:00:00', NULL),
(2154, 744, 24, 1, 1, 1, 1, '2018-06-01 00:00:00', '2018-06-01 00:00:00', NULL),
(2155, 744, 24, 2, 1, 1, 1, '2018-06-01 00:00:00', '2018-06-01 00:00:00', NULL),
(2156, 659, 30, 1, 1, 1, 1, '2018-06-02 00:00:00', '2018-06-02 00:00:00', NULL),
(2157, 659, 30, 2, 1, 1, 1, '2018-06-02 00:00:00', '2018-06-02 00:00:00', NULL),
(2158, 659, 30, 3, 1, 1, 1, '2018-06-02 00:00:00', '2018-06-02 00:00:00', NULL),
(2159, 659, 30, 4, 1, 1, 1, '2018-06-02 00:00:00', '2018-06-02 00:00:00', NULL),
(2160, 311, 24, 1, 1, 1, 1, '2018-06-03 00:00:00', '2018-06-03 00:00:00', NULL),
(2161, 311, 24, 2, 1, 1, 1, '2018-06-03 00:00:00', '2018-06-03 00:00:00', NULL),
(2162, 342, 25, 1, 1, 1, 1, '2018-06-01 00:00:00', '2018-06-01 00:00:00', NULL),
(2163, 342, 25, 2, 1, 1, 1, '2018-06-01 00:00:00', '2018-06-01 00:00:00', NULL),
(2164, 342, 25, 3, 1, 1, 1, '2018-06-01 00:00:00', '2018-06-01 00:00:00', NULL),
(2165, 342, 25, 4, 1, 1, 1, '2018-06-01 00:00:00', '2018-06-01 00:00:00', NULL),
(2166, 342, 25, 5, 1, 1, 1, '2018-06-01 00:00:00', '2018-06-01 00:00:00', NULL),
(2167, 342, 25, 6, 1, 1, 1, '2018-06-01 00:00:00', '2018-06-01 00:00:00', NULL),
(2168, 342, 25, 7, 1, 1, 1, '2018-06-01 00:00:00', '2018-06-01 00:00:00', NULL),
(2169, 342, 25, 8, 1, 1, 1, '2018-06-01 00:00:00', '2018-06-01 00:00:00', NULL),
(2170, 400, 27, 1, 1, 1, 1, '2018-06-07 00:00:00', '2018-06-07 00:00:00', NULL),
(2171, 400, 27, 2, 1, 1, 1, '2018-06-07 00:00:00', '2018-06-07 00:00:00', NULL),
(2172, 400, 27, 3, 1, 1, 1, '2018-06-07 00:00:00', '2018-06-07 00:00:00', NULL),
(2173, 400, 27, 4, 1, 1, 1, '2018-06-07 00:00:00', '2018-06-07 00:00:00', NULL),
(2174, 400, 27, 5, 1, 1, 1, '2018-06-07 00:00:00', '2018-06-07 00:00:00', NULL),
(2175, 400, 27, 6, 1, 1, 1, '2018-06-07 00:00:00', '2018-06-07 00:00:00', NULL),
(2176, 190, 22, 1, 1, 1, 1, '2018-05-31 00:00:00', '2018-05-31 00:00:00', NULL),
(2177, 190, 22, 2, 1, 1, 1, '2018-05-31 00:00:00', '2018-05-31 00:00:00', NULL),
(2178, 190, 22, 3, 1, 1, 1, '2018-05-31 00:00:00', '2018-05-31 00:00:00', NULL),
(2179, 190, 22, 4, 1, 1, 1, '2018-05-31 00:00:00', '2018-05-31 00:00:00', NULL),
(2180, 190, 22, 5, 1, 1, 1, '2018-05-31 00:00:00', '2018-05-31 00:00:00', NULL),
(2181, 190, 22, 6, 1, 1, 1, '2018-05-31 00:00:00', '2018-05-31 00:00:00', NULL),
(2182, 190, 22, 7, 1, 1, 1, '2018-05-31 00:00:00', '2018-05-31 00:00:00', NULL),
(2183, 714, 28, 1, 1, 1, 1, '2018-06-02 00:00:00', '2018-06-02 00:00:00', NULL),
(2184, 714, 28, 2, 1, 1, 1, '2018-06-02 00:00:00', '2018-06-02 00:00:00', NULL),
(2185, 714, 28, 3, 1, 1, 1, '2018-06-02 00:00:00', '2018-06-02 00:00:00', NULL),
(2186, 714, 28, 4, 1, 1, 1, '2018-06-02 00:00:00', '2018-06-02 00:00:00', NULL),
(2187, 714, 28, 5, 1, 1, 1, '2018-06-02 00:00:00', '2018-06-02 00:00:00', NULL),
(2188, 714, 28, 6, 1, 1, 1, '2018-06-02 00:00:00', '2018-06-02 00:00:00', NULL),
(2189, 714, 28, 7, 1, 1, 1, '2018-06-02 00:00:00', '2018-06-02 00:00:00', NULL),
(2190, 499, 30, 1, 1, 1, 1, '2018-06-04 00:00:00', '2018-06-04 00:00:00', NULL),
(2191, 499, 30, 2, 1, 1, 1, '2018-06-04 00:00:00', '2018-06-04 00:00:00', NULL),
(2192, 499, 30, 3, 1, 1, 1, '2018-06-04 00:00:00', '2018-06-04 00:00:00', NULL),
(2193, 62, 26, 1, 1, 1, 1, '2018-05-31 00:00:00', '2018-05-31 00:00:00', NULL),
(2194, 62, 26, 2, 1, 1, 1, '2018-05-31 00:00:00', '2018-05-31 00:00:00', NULL),
(2195, 17, 30, 1, 1, 1, 1, '2018-06-07 00:00:00', '2018-06-07 00:00:00', NULL),
(2196, 17, 30, 2, 1, 1, 1, '2018-06-07 00:00:00', '2018-06-07 00:00:00', NULL),
(2197, 17, 30, 3, 1, 1, 1, '2018-06-07 00:00:00', '2018-06-07 00:00:00', NULL),
(2198, 17, 30, 4, 1, 1, 1, '2018-06-07 00:00:00', '2018-06-07 00:00:00', NULL),
(2199, 17, 30, 5, 1, 1, 1, '2018-06-07 00:00:00', '2018-06-07 00:00:00', NULL),
(2200, 17, 30, 6, 1, 1, 1, '2018-06-07 00:00:00', '2018-06-07 00:00:00', NULL),
(2201, 172, 23, 1, 1, 1, 1, '2018-06-02 00:00:00', '2018-06-02 00:00:00', NULL),
(2202, 172, 23, 2, 1, 1, 1, '2018-06-02 00:00:00', '2018-06-02 00:00:00', NULL),
(2203, 172, 23, 3, 1, 1, 1, '2018-06-02 00:00:00', '2018-06-02 00:00:00', NULL),
(2204, 172, 23, 4, 1, 1, 1, '2018-06-02 00:00:00', '2018-06-02 00:00:00', NULL),
(2205, 637, 25, 1, 1, 1, 1, '2018-06-06 00:00:00', '2018-06-06 00:00:00', NULL),
(2206, 637, 25, 2, 1, 1, 1, '2018-06-06 00:00:00', '2018-06-06 00:00:00', NULL),
(2207, 637, 25, 3, 1, 1, 1, '2018-06-06 00:00:00', '2018-06-06 00:00:00', NULL),
(2208, 111, 29, 1, 1, 1, 1, '2018-06-06 00:00:00', '2018-06-06 00:00:00', NULL),
(2209, 111, 29, 2, 1, 1, 1, '2018-06-06 00:00:00', '2018-06-06 00:00:00', NULL),
(2210, 111, 29, 3, 1, 1, 1, '2018-06-06 00:00:00', '2018-06-06 00:00:00', NULL),
(2211, 111, 29, 4, 1, 1, 1, '2018-06-06 00:00:00', '2018-06-06 00:00:00', NULL),
(2212, 625, 25, 1, 1, 1, 1, '2018-05-31 00:00:00', '2018-05-31 00:00:00', NULL),
(2213, 625, 25, 2, 1, 1, 1, '2018-05-31 00:00:00', '2018-05-31 00:00:00', NULL),
(2214, 625, 25, 3, 1, 1, 1, '2018-05-31 00:00:00', '2018-05-31 00:00:00', NULL),
(2215, 625, 25, 4, 1, 1, 1, '2018-05-31 00:00:00', '2018-05-31 00:00:00', NULL),
(2216, 625, 25, 5, 1, 1, 1, '2018-05-31 00:00:00', '2018-05-31 00:00:00', NULL),
(2217, 625, 25, 6, 1, 1, 1, '2018-05-31 00:00:00', '2018-05-31 00:00:00', NULL),
(2218, 295, 27, 1, 1, 1, 1, '2018-06-06 00:00:00', '2018-06-06 00:00:00', NULL),
(2219, 295, 27, 2, 1, 1, 1, '2018-06-06 00:00:00', '2018-06-06 00:00:00', NULL),
(2220, 295, 27, 3, 1, 1, 1, '2018-06-06 00:00:00', '2018-06-06 00:00:00', NULL),
(2221, 295, 27, 4, 1, 1, 1, '2018-06-06 00:00:00', '2018-06-06 00:00:00', NULL),
(2222, 295, 27, 5, 1, 1, 1, '2018-06-06 00:00:00', '2018-06-06 00:00:00', NULL),
(2223, 638, 29, 1, 1, 1, 1, '2018-06-07 00:00:00', '2018-06-07 00:00:00', NULL),
(2224, 638, 29, 2, 1, 1, 1, '2018-06-07 00:00:00', '2018-06-07 00:00:00', NULL),
(2225, 98, 26, 1, 1, 1, 1, '2018-06-01 00:00:00', '2018-06-01 00:00:00', NULL),
(2226, 98, 26, 2, 1, 1, 1, '2018-06-01 00:00:00', '2018-06-01 00:00:00', NULL),
(2227, 98, 26, 3, 1, 1, 1, '2018-06-01 00:00:00', '2018-06-01 00:00:00', NULL),
(2228, 98, 26, 4, 1, 1, 1, '2018-06-01 00:00:00', '2018-06-01 00:00:00', NULL),
(2229, 98, 26, 5, 1, 1, 1, '2018-06-01 00:00:00', '2018-06-01 00:00:00', NULL),
(2230, 98, 26, 6, 1, 1, 1, '2018-06-01 00:00:00', '2018-06-01 00:00:00', NULL),
(2231, 98, 26, 7, 1, 1, 1, '2018-06-01 00:00:00', '2018-06-01 00:00:00', NULL),
(2232, 98, 26, 8, 1, 1, 1, '2018-06-01 00:00:00', '2018-06-01 00:00:00', NULL),
(2233, 196, 27, 1, 1, 1, 1, '2018-06-06 00:00:00', '2018-06-06 00:00:00', NULL),
(2234, 196, 27, 2, 1, 1, 1, '2018-06-06 00:00:00', '2018-06-06 00:00:00', NULL),
(2235, 196, 27, 3, 1, 1, 1, '2018-06-06 00:00:00', '2018-06-06 00:00:00', NULL),
(2236, 196, 27, 4, 1, 1, 1, '2018-06-06 00:00:00', '2018-06-06 00:00:00', NULL),
(2237, 196, 27, 5, 1, 1, 1, '2018-06-06 00:00:00', '2018-06-06 00:00:00', NULL),
(2238, 196, 27, 6, 1, 1, 1, '2018-06-06 00:00:00', '2018-06-06 00:00:00', NULL),
(2239, 196, 27, 7, 1, 1, 1, '2018-06-06 00:00:00', '2018-06-06 00:00:00', NULL),
(2240, 196, 27, 8, 1, 1, 1, '2018-06-06 00:00:00', '2018-06-06 00:00:00', NULL),
(2241, 465, 30, 1, 1, 1, 1, '2018-06-05 00:00:00', '2018-06-05 00:00:00', NULL),
(2242, 465, 30, 2, 1, 1, 1, '2018-06-05 00:00:00', '2018-06-05 00:00:00', NULL),
(2243, 465, 30, 3, 1, 1, 1, '2018-06-05 00:00:00', '2018-06-05 00:00:00', NULL),
(2244, 465, 30, 4, 1, 1, 1, '2018-06-05 00:00:00', '2018-06-05 00:00:00', NULL),
(2245, 465, 30, 5, 1, 1, 1, '2018-06-05 00:00:00', '2018-06-05 00:00:00', NULL),
(2246, 465, 30, 6, 1, 1, 1, '2018-06-05 00:00:00', '2018-06-05 00:00:00', NULL),
(2247, 465, 30, 7, 1, 1, 1, '2018-06-05 00:00:00', '2018-06-05 00:00:00', NULL),
(2248, 465, 30, 8, 1, 1, 1, '2018-06-05 00:00:00', '2018-06-05 00:00:00', NULL),
(2249, 114, 1, 1, 1, 1, 1, '2018-06-06 00:00:00', '2018-06-06 00:00:00', NULL),
(2250, 114, 1, 2, 1, 1, 1, '2018-06-06 00:00:00', '2018-06-06 00:00:00', NULL),
(2251, 114, 1, 3, 1, 1, 1, '2018-06-06 00:00:00', '2018-06-06 00:00:00', NULL),
(2252, 114, 1, 4, 1, 1, 1, '2018-06-06 00:00:00', '2018-06-06 00:00:00', NULL),
(2253, 114, 1, 5, 1, 1, 1, '2018-06-06 00:00:00', '2018-06-06 00:00:00', NULL),
(2254, 114, 1, 6, 1, 1, 1, '2018-06-06 00:00:00', '2018-06-06 00:00:00', NULL),
(2255, 114, 1, 7, 1, 1, 1, '2018-06-06 00:00:00', '2018-06-06 00:00:00', NULL),
(2256, 509, 31, 1, 1, 1, 1, '2018-06-05 00:00:00', '2018-06-05 00:00:00', NULL),
(2257, 509, 31, 2, 1, 1, 1, '2018-06-05 00:00:00', '2018-06-05 00:00:00', NULL),
(2258, 509, 31, 3, 1, 1, 1, '2018-06-05 00:00:00', '2018-06-05 00:00:00', NULL),
(2259, 509, 31, 4, 1, 1, 1, '2018-06-05 00:00:00', '2018-06-05 00:00:00', NULL),
(2260, 348, 22, 1, 1, 1, 1, '2018-06-02 00:00:00', '2018-06-02 00:00:00', NULL),
(2261, 348, 22, 2, 1, 1, 1, '2018-06-02 00:00:00', '2018-06-02 00:00:00', NULL),
(2262, 348, 22, 3, 1, 1, 1, '2018-06-02 00:00:00', '2018-06-02 00:00:00', NULL),
(2263, 348, 22, 4, 1, 1, 1, '2018-06-02 00:00:00', '2018-06-02 00:00:00', NULL),
(2264, 115, 23, 1, 1, 1, 1, '2018-06-05 00:00:00', '2018-06-05 00:00:00', NULL),
(2265, 115, 23, 2, 1, 1, 1, '2018-06-05 00:00:00', '2018-06-05 00:00:00', NULL),
(2266, 115, 23, 3, 1, 1, 1, '2018-06-05 00:00:00', '2018-06-05 00:00:00', NULL),
(2267, 115, 23, 4, 1, 1, 1, '2018-06-05 00:00:00', '2018-06-05 00:00:00', NULL),
(2268, 115, 23, 5, 1, 1, 1, '2018-06-05 00:00:00', '2018-06-05 00:00:00', NULL),
(2269, 115, 23, 6, 1, 1, 1, '2018-06-05 00:00:00', '2018-06-05 00:00:00', NULL),
(2270, 115, 23, 7, 1, 1, 1, '2018-06-05 00:00:00', '2018-06-05 00:00:00', NULL),
(2271, 115, 23, 8, 1, 1, 1, '2018-06-05 00:00:00', '2018-06-05 00:00:00', NULL),
(2272, 724, 1, 1, 1, 1, 1, '2018-06-04 00:00:00', '2018-06-04 00:00:00', NULL),
(2273, 724, 1, 2, 1, 1, 1, '2018-06-04 00:00:00', '2018-06-04 00:00:00', NULL),
(2274, 724, 1, 3, 1, 1, 1, '2018-06-04 00:00:00', '2018-06-04 00:00:00', NULL),
(2275, 724, 1, 4, 1, 1, 1, '2018-06-04 00:00:00', '2018-06-04 00:00:00', NULL),
(2276, 724, 1, 5, 1, 1, 1, '2018-06-04 00:00:00', '2018-06-04 00:00:00', NULL),
(2277, 724, 1, 6, 1, 1, 1, '2018-06-04 00:00:00', '2018-06-04 00:00:00', NULL),
(2278, 724, 1, 7, 1, 1, 1, '2018-06-04 00:00:00', '2018-06-04 00:00:00', NULL),
(2279, 724, 1, 8, 1, 1, 1, '2018-06-04 00:00:00', '2018-06-04 00:00:00', NULL),
(2280, 148, 30, 1, 1, 1, 1, '2018-06-05 00:00:00', '2018-06-05 00:00:00', NULL),
(2281, 148, 30, 2, 1, 1, 1, '2018-06-05 00:00:00', '2018-06-05 00:00:00', NULL),
(2282, 148, 30, 3, 1, 1, 1, '2018-06-05 00:00:00', '2018-06-05 00:00:00', NULL),
(2283, 148, 30, 4, 1, 1, 1, '2018-06-05 00:00:00', '2018-06-05 00:00:00', NULL),
(2284, 148, 30, 5, 1, 1, 1, '2018-06-05 00:00:00', '2018-06-05 00:00:00', NULL),
(2285, 52, 22, 1, 1, 1, 1, '2018-06-01 00:00:00', '2018-06-01 00:00:00', NULL),
(2286, 52, 22, 2, 1, 1, 1, '2018-06-01 00:00:00', '2018-06-01 00:00:00', NULL),
(2287, 52, 22, 3, 1, 1, 1, '2018-06-01 00:00:00', '2018-06-01 00:00:00', NULL),
(2288, 586, 27, 1, 1, 1, 1, '2018-05-31 00:00:00', '2018-05-31 00:00:00', NULL),
(2289, 586, 27, 2, 1, 1, 1, '2018-05-31 00:00:00', '2018-05-31 00:00:00', NULL),
(2290, 586, 27, 3, 1, 1, 1, '2018-05-31 00:00:00', '2018-05-31 00:00:00', NULL),
(2291, 586, 27, 4, 1, 1, 1, '2018-05-31 00:00:00', '2018-05-31 00:00:00', NULL),
(2292, 586, 27, 5, 1, 1, 1, '2018-05-31 00:00:00', '2018-05-31 00:00:00', NULL),
(2293, 586, 27, 6, 1, 1, 1, '2018-05-31 00:00:00', '2018-05-31 00:00:00', NULL),
(2294, 586, 27, 7, 1, 1, 1, '2018-05-31 00:00:00', '2018-05-31 00:00:00', NULL),
(2295, 35, 25, 1, 1, 1, 1, '2018-06-04 00:00:00', '2018-06-04 00:00:00', NULL),
(2296, 35, 25, 2, 1, 1, 1, '2018-06-04 00:00:00', '2018-06-04 00:00:00', NULL),
(2297, 35, 25, 3, 1, 1, 1, '2018-06-04 00:00:00', '2018-06-04 00:00:00', NULL),
(2298, 35, 25, 4, 1, 1, 1, '2018-06-04 00:00:00', '2018-06-04 00:00:00', NULL),
(2299, 35, 25, 5, 1, 1, 1, '2018-06-04 00:00:00', '2018-06-04 00:00:00', NULL),
(2300, 35, 25, 6, 1, 1, 1, '2018-06-04 00:00:00', '2018-06-04 00:00:00', NULL),
(2301, 35, 25, 7, 1, 1, 1, '2018-06-04 00:00:00', '2018-06-04 00:00:00', NULL),
(2302, 35, 25, 8, 1, 1, 1, '2018-06-04 00:00:00', '2018-06-04 00:00:00', NULL),
(2303, 137, 26, 1, 1, 1, 1, '2018-06-05 00:00:00', '2018-06-05 00:00:00', NULL),
(2304, 137, 26, 2, 1, 1, 1, '2018-06-05 00:00:00', '2018-06-05 00:00:00', NULL),
(2305, 137, 26, 3, 1, 1, 1, '2018-06-05 00:00:00', '2018-06-05 00:00:00', NULL),
(2306, 137, 26, 4, 1, 1, 1, '2018-06-05 00:00:00', '2018-06-05 00:00:00', NULL),
(2307, 137, 26, 5, 1, 1, 1, '2018-06-05 00:00:00', '2018-06-05 00:00:00', NULL),
(2308, 137, 26, 6, 1, 1, 1, '2018-06-05 00:00:00', '2018-06-05 00:00:00', NULL),
(2309, 137, 26, 7, 1, 1, 1, '2018-06-05 00:00:00', '2018-06-05 00:00:00', NULL),
(2310, 646, 27, 1, 1, 1, 1, '2018-06-03 00:00:00', '2018-06-03 00:00:00', NULL),
(2311, 646, 27, 2, 1, 1, 1, '2018-06-03 00:00:00', '2018-06-03 00:00:00', NULL),
(2312, 646, 27, 3, 1, 1, 1, '2018-06-03 00:00:00', '2018-06-03 00:00:00', NULL),
(2313, 646, 27, 4, 1, 1, 1, '2018-06-03 00:00:00', '2018-06-03 00:00:00', NULL),
(2314, 646, 27, 5, 1, 1, 1, '2018-06-03 00:00:00', '2018-06-03 00:00:00', NULL),
(2315, 66, 30, 1, 1, 1, 1, '2018-06-02 00:00:00', '2018-06-02 00:00:00', NULL),
(2316, 66, 30, 2, 1, 1, 1, '2018-06-02 00:00:00', '2018-06-02 00:00:00', NULL),
(2317, 66, 30, 3, 1, 1, 1, '2018-06-02 00:00:00', '2018-06-02 00:00:00', NULL),
(2318, 66, 30, 4, 1, 1, 1, '2018-06-02 00:00:00', '2018-06-02 00:00:00', NULL),
(2319, 529, 28, 1, 1, 1, 1, '2018-06-02 00:00:00', '2018-06-02 00:00:00', NULL),
(2320, 529, 28, 2, 1, 1, 1, '2018-06-02 00:00:00', '2018-06-02 00:00:00', NULL),
(2321, 529, 28, 3, 1, 1, 1, '2018-06-02 00:00:00', '2018-06-02 00:00:00', NULL),
(2322, 529, 28, 4, 1, 1, 1, '2018-06-02 00:00:00', '2018-06-02 00:00:00', NULL),
(2323, 529, 28, 5, 1, 1, 1, '2018-06-02 00:00:00', '2018-06-02 00:00:00', NULL),
(2324, 529, 28, 6, 1, 1, 1, '2018-06-02 00:00:00', '2018-06-02 00:00:00', NULL),
(2325, 529, 28, 7, 1, 1, 1, '2018-06-02 00:00:00', '2018-06-02 00:00:00', NULL),
(2326, 88, 27, 1, 1, 1, 1, '2018-06-05 00:00:00', '2018-06-05 00:00:00', NULL),
(2327, 88, 27, 2, 1, 1, 1, '2018-06-05 00:00:00', '2018-06-05 00:00:00', NULL),
(2328, 88, 27, 3, 1, 1, 1, '2018-06-05 00:00:00', '2018-06-05 00:00:00', NULL),
(2329, 88, 27, 4, 1, 1, 1, '2018-06-05 00:00:00', '2018-06-05 00:00:00', NULL),
(2330, 88, 27, 5, 1, 1, 1, '2018-06-05 00:00:00', '2018-06-05 00:00:00', NULL),
(2331, 31, 28, 1, 1, 1, 1, '2018-06-04 00:00:00', '2018-06-04 00:00:00', NULL),
(2332, 678, 27, 1, 1, 1, 1, '2018-05-31 00:00:00', '2018-05-31 00:00:00', NULL),
(2333, 678, 27, 2, 1, 1, 1, '2018-05-31 00:00:00', '2018-05-31 00:00:00', NULL),
(2334, 678, 27, 3, 1, 1, 1, '2018-05-31 00:00:00', '2018-05-31 00:00:00', NULL),
(2335, 678, 27, 4, 1, 1, 1, '2018-05-31 00:00:00', '2018-05-31 00:00:00', NULL),
(2336, 678, 27, 5, 1, 1, 1, '2018-05-31 00:00:00', '2018-05-31 00:00:00', NULL),
(2337, 678, 27, 6, 1, 1, 1, '2018-05-31 00:00:00', '2018-05-31 00:00:00', NULL),
(2338, 678, 27, 7, 1, 1, 1, '2018-05-31 00:00:00', '2018-05-31 00:00:00', NULL),
(2339, 678, 27, 8, 1, 1, 1, '2018-05-31 00:00:00', '2018-05-31 00:00:00', NULL),
(2340, 494, 29, 1, 1, 1, 1, '2018-06-02 00:00:00', '2018-06-02 00:00:00', NULL),
(2341, 494, 29, 2, 1, 1, 1, '2018-06-02 00:00:00', '2018-06-02 00:00:00', NULL),
(2342, 494, 29, 3, 1, 1, 1, '2018-06-02 00:00:00', '2018-06-02 00:00:00', NULL),
(2343, 494, 29, 4, 1, 1, 1, '2018-06-02 00:00:00', '2018-06-02 00:00:00', NULL),
(2344, 494, 29, 5, 1, 1, 1, '2018-06-02 00:00:00', '2018-06-02 00:00:00', NULL),
(2345, 494, 29, 6, 1, 1, 1, '2018-06-02 00:00:00', '2018-06-02 00:00:00', NULL),
(2346, 494, 29, 7, 1, 1, 1, '2018-06-02 00:00:00', '2018-06-02 00:00:00', NULL),
(2347, 494, 29, 8, 1, 1, 1, '2018-06-02 00:00:00', '2018-06-02 00:00:00', NULL),
(2348, 108, 26, 1, 1, 1, 1, '2018-05-31 00:00:00', '2018-05-31 00:00:00', NULL),
(2349, 108, 26, 2, 1, 1, 1, '2018-05-31 00:00:00', '2018-05-31 00:00:00', NULL),
(2350, 108, 26, 3, 1, 1, 1, '2018-05-31 00:00:00', '2018-05-31 00:00:00', NULL),
(2351, 108, 26, 4, 1, 1, 1, '2018-05-31 00:00:00', '2018-05-31 00:00:00', NULL),
(2352, 108, 26, 5, 1, 1, 1, '2018-05-31 00:00:00', '2018-05-31 00:00:00', NULL),
(2353, 108, 26, 6, 1, 1, 1, '2018-05-31 00:00:00', '2018-05-31 00:00:00', NULL),
(2354, 108, 26, 7, 1, 1, 1, '2018-05-31 00:00:00', '2018-05-31 00:00:00', NULL),
(2355, 757, 24, 1, 1, 1, 1, '2018-06-03 00:00:00', '2018-06-03 00:00:00', NULL),
(2356, 757, 24, 2, 1, 1, 1, '2018-06-03 00:00:00', '2018-06-03 00:00:00', NULL),
(2357, 757, 24, 3, 1, 1, 1, '2018-06-03 00:00:00', '2018-06-03 00:00:00', NULL),
(2358, 757, 24, 4, 1, 1, 1, '2018-06-03 00:00:00', '2018-06-03 00:00:00', NULL),
(2359, 757, 24, 5, 1, 1, 1, '2018-06-03 00:00:00', '2018-06-03 00:00:00', NULL),
(2360, 757, 24, 6, 1, 1, 1, '2018-06-03 00:00:00', '2018-06-03 00:00:00', NULL),
(2361, 650, 28, 1, 1, 1, 1, '2018-06-02 00:00:00', '2018-06-02 00:00:00', NULL),
(2362, 650, 28, 2, 1, 1, 1, '2018-06-02 00:00:00', '2018-06-02 00:00:00', NULL),
(2363, 650, 28, 3, 1, 1, 1, '2018-06-02 00:00:00', '2018-06-02 00:00:00', NULL),
(2364, 650, 28, 4, 1, 1, 1, '2018-06-02 00:00:00', '2018-06-02 00:00:00', NULL),
(2365, 650, 28, 5, 1, 1, 1, '2018-06-02 00:00:00', '2018-06-02 00:00:00', NULL),
(2366, 650, 28, 6, 1, 1, 1, '2018-06-02 00:00:00', '2018-06-02 00:00:00', NULL),
(2367, 780, 29, 1, 1, 1, 1, '2018-06-06 00:00:00', '2018-06-06 00:00:00', NULL),
(2368, 780, 29, 2, 1, 1, 1, '2018-06-06 00:00:00', '2018-06-06 00:00:00', NULL),
(2369, 780, 29, 3, 1, 1, 1, '2018-06-06 00:00:00', '2018-06-06 00:00:00', NULL),
(2370, 780, 29, 4, 1, 1, 1, '2018-06-06 00:00:00', '2018-06-06 00:00:00', NULL),
(2371, 268, 29, 1, 1, 1, 1, '2018-05-31 00:00:00', '2018-05-31 00:00:00', NULL),
(2372, 268, 29, 2, 1, 1, 1, '2018-05-31 00:00:00', '2018-05-31 00:00:00', NULL),
(2373, 268, 29, 3, 1, 1, 1, '2018-05-31 00:00:00', '2018-05-31 00:00:00', NULL),
(2374, 268, 29, 4, 1, 1, 1, '2018-05-31 00:00:00', '2018-05-31 00:00:00', NULL),
(2375, 268, 29, 5, 1, 1, 1, '2018-05-31 00:00:00', '2018-05-31 00:00:00', NULL),
(2376, 651, 28, 1, 1, 1, 1, '2018-06-01 00:00:00', '2018-06-01 00:00:00', NULL),
(2377, 651, 28, 2, 1, 1, 1, '2018-06-01 00:00:00', '2018-06-01 00:00:00', NULL),
(2378, 651, 28, 3, 1, 1, 1, '2018-06-01 00:00:00', '2018-06-01 00:00:00', NULL),
(2379, 651, 28, 4, 1, 1, 1, '2018-06-01 00:00:00', '2018-06-01 00:00:00', NULL),
(2380, 651, 28, 5, 1, 1, 1, '2018-06-01 00:00:00', '2018-06-01 00:00:00', NULL),
(2381, 651, 28, 6, 1, 1, 1, '2018-06-01 00:00:00', '2018-06-01 00:00:00', NULL),
(2382, 651, 28, 7, 1, 1, 1, '2018-06-01 00:00:00', '2018-06-01 00:00:00', NULL),
(2383, 9, 28, 1, 1, 1, 1, '2018-06-04 00:00:00', '2018-06-04 00:00:00', NULL),
(2384, 9, 28, 2, 1, 1, 1, '2018-06-04 00:00:00', '2018-06-04 00:00:00', NULL),
(2385, 9, 28, 3, 1, 1, 1, '2018-06-04 00:00:00', '2018-06-04 00:00:00', NULL),
(2386, 9, 28, 4, 1, 1, 1, '2018-06-04 00:00:00', '2018-06-04 00:00:00', NULL),
(2387, 278, 29, 1, 1, 1, 1, '2018-06-04 00:00:00', '2018-06-04 00:00:00', NULL),
(2388, 278, 29, 2, 1, 1, 1, '2018-06-04 00:00:00', '2018-06-04 00:00:00', NULL),
(2389, 278, 29, 3, 1, 1, 1, '2018-06-04 00:00:00', '2018-06-04 00:00:00', NULL),
(2390, 278, 29, 4, 1, 1, 1, '2018-06-04 00:00:00', '2018-06-04 00:00:00', NULL),
(2391, 278, 29, 5, 1, 1, 1, '2018-06-04 00:00:00', '2018-06-04 00:00:00', NULL),
(2392, 679, 1, 1, 1, 1, 1, '2018-06-04 00:00:00', '2018-06-04 00:00:00', NULL),
(2393, 679, 1, 2, 1, 1, 1, '2018-06-04 00:00:00', '2018-06-04 00:00:00', NULL),
(2394, 679, 1, 3, 1, 1, 1, '2018-06-04 00:00:00', '2018-06-04 00:00:00', NULL),
(2395, 679, 1, 4, 1, 1, 1, '2018-06-04 00:00:00', '2018-06-04 00:00:00', NULL),
(2396, 679, 1, 5, 1, 1, 1, '2018-06-04 00:00:00', '2018-06-04 00:00:00', NULL),
(2397, 243, 24, 1, 1, 1, 1, '2018-06-03 00:00:00', '2018-06-03 00:00:00', NULL),
(2398, 243, 24, 2, 1, 1, 1, '2018-06-03 00:00:00', '2018-06-03 00:00:00', NULL),
(2399, 243, 24, 3, 1, 1, 1, '2018-06-03 00:00:00', '2018-06-03 00:00:00', NULL),
(2400, 243, 24, 4, 1, 1, 1, '2018-06-03 00:00:00', '2018-06-03 00:00:00', NULL),
(2401, 243, 24, 5, 1, 1, 1, '2018-06-03 00:00:00', '2018-06-03 00:00:00', NULL),
(2402, 243, 24, 6, 1, 1, 1, '2018-06-03 00:00:00', '2018-06-03 00:00:00', NULL),
(2403, 243, 24, 7, 1, 1, 1, '2018-06-03 00:00:00', '2018-06-03 00:00:00', NULL),
(2404, 243, 24, 8, 1, 1, 1, '2018-06-03 00:00:00', '2018-06-03 00:00:00', NULL),
(2405, 20, 24, 1, 1, 1, 1, '2018-06-07 00:00:00', '2018-06-07 00:00:00', NULL),
(2406, 20, 24, 2, 1, 1, 1, '2018-06-07 00:00:00', '2018-06-07 00:00:00', NULL),
(2407, 619, 24, 1, 1, 1, 1, '2018-06-07 00:00:00', '2018-06-07 00:00:00', NULL),
(2408, 619, 24, 2, 1, 1, 1, '2018-06-07 00:00:00', '2018-06-07 00:00:00', NULL),
(2409, 457, 27, 1, 1, 1, 1, '2018-06-05 00:00:00', '2018-06-05 00:00:00', NULL),
(2410, 457, 27, 2, 1, 1, 1, '2018-06-05 00:00:00', '2018-06-05 00:00:00', NULL),
(2411, 457, 27, 3, 1, 1, 1, '2018-06-05 00:00:00', '2018-06-05 00:00:00', NULL),
(2412, 457, 27, 4, 1, 1, 1, '2018-06-05 00:00:00', '2018-06-05 00:00:00', NULL),
(2413, 406, 1, 1, 1, 1, 1, '2018-05-31 00:00:00', '2018-05-31 00:00:00', NULL),
(2414, 406, 1, 2, 1, 1, 1, '2018-05-31 00:00:00', '2018-05-31 00:00:00', NULL),
(2415, 406, 1, 3, 1, 1, 1, '2018-05-31 00:00:00', '2018-05-31 00:00:00', NULL),
(2416, 406, 1, 4, 1, 1, 1, '2018-05-31 00:00:00', '2018-05-31 00:00:00', NULL),
(2417, 406, 1, 5, 1, 1, 1, '2018-05-31 00:00:00', '2018-05-31 00:00:00', NULL),
(2418, 406, 1, 6, 1, 1, 1, '2018-05-31 00:00:00', '2018-05-31 00:00:00', NULL),
(2419, 406, 1, 7, 1, 1, 1, '2018-05-31 00:00:00', '2018-05-31 00:00:00', NULL),
(2420, 406, 1, 8, 1, 1, 1, '2018-05-31 00:00:00', '2018-05-31 00:00:00', NULL),
(2421, 338, 25, 1, 1, 1, 1, '2018-06-03 00:00:00', '2018-06-03 00:00:00', NULL),
(2422, 338, 25, 2, 1, 1, 1, '2018-06-03 00:00:00', '2018-06-03 00:00:00', NULL),
(2423, 338, 25, 3, 1, 1, 1, '2018-06-03 00:00:00', '2018-06-03 00:00:00', NULL),
(2424, 338, 25, 4, 1, 1, 1, '2018-06-03 00:00:00', '2018-06-03 00:00:00', NULL),
(2425, 765, 22, 1, 1, 1, 1, '2018-06-03 00:00:00', '2018-06-03 00:00:00', NULL),
(2426, 765, 22, 2, 1, 1, 1, '2018-06-03 00:00:00', '2018-06-03 00:00:00', NULL),
(2427, 765, 22, 3, 1, 1, 1, '2018-06-03 00:00:00', '2018-06-03 00:00:00', NULL),
(2428, 765, 22, 4, 1, 1, 1, '2018-06-03 00:00:00', '2018-06-03 00:00:00', NULL),
(2429, 765, 22, 5, 1, 1, 1, '2018-06-03 00:00:00', '2018-06-03 00:00:00', NULL),
(2430, 765, 22, 6, 1, 1, 1, '2018-06-03 00:00:00', '2018-06-03 00:00:00', NULL),
(2431, 765, 22, 7, 1, 1, 1, '2018-06-03 00:00:00', '2018-06-03 00:00:00', NULL),
(2432, 36, 23, 1, 1, 1, 1, '2018-06-03 00:00:00', '2018-06-03 00:00:00', NULL),
(2433, 451, 29, 1, 1, 1, 1, '2018-06-07 00:00:00', '2018-06-07 00:00:00', NULL),
(2434, 441, 22, 1, 1, 1, 1, '2018-06-03 00:00:00', '2018-06-03 00:00:00', NULL),
(2435, 505, 26, 1, 1, 1, 1, '2018-05-31 00:00:00', '2018-05-31 00:00:00', NULL),
(2436, 690, 1, 1, 1, 1, 1, '2018-06-01 00:00:00', '2018-06-01 00:00:00', NULL),
(2437, 690, 1, 2, 1, 1, 1, '2018-06-01 00:00:00', '2018-06-01 00:00:00', NULL),
(2438, 690, 1, 3, 1, 1, 1, '2018-06-01 00:00:00', '2018-06-01 00:00:00', NULL),
(2439, 690, 1, 4, 1, 1, 1, '2018-06-01 00:00:00', '2018-06-01 00:00:00', NULL),
(2440, 690, 1, 5, 1, 1, 1, '2018-06-01 00:00:00', '2018-06-01 00:00:00', NULL),
(2441, 690, 1, 6, 1, 1, 1, '2018-06-01 00:00:00', '2018-06-01 00:00:00', NULL),
(2442, 690, 1, 7, 1, 1, 1, '2018-06-01 00:00:00', '2018-06-01 00:00:00', NULL),
(2443, 690, 1, 8, 1, 1, 1, '2018-06-01 00:00:00', '2018-06-01 00:00:00', NULL),
(2444, 591, 27, 1, 1, 1, 1, '2018-06-05 00:00:00', '2018-06-05 00:00:00', NULL),
(2445, 285, 31, 1, 1, 1, 1, '2018-05-31 00:00:00', '2018-05-31 00:00:00', NULL),
(2446, 285, 31, 2, 1, 1, 1, '2018-05-31 00:00:00', '2018-05-31 00:00:00', NULL),
(2447, 285, 31, 3, 1, 1, 1, '2018-05-31 00:00:00', '2018-05-31 00:00:00', NULL),
(2448, 778, 26, 1, 1, 1, 1, '2018-06-04 00:00:00', '2018-06-04 00:00:00', NULL),
(2449, 778, 26, 2, 1, 1, 1, '2018-06-04 00:00:00', '2018-06-04 00:00:00', NULL),
(2450, 778, 26, 3, 1, 1, 1, '2018-06-04 00:00:00', '2018-06-04 00:00:00', NULL),
(2451, 778, 26, 4, 1, 1, 1, '2018-06-04 00:00:00', '2018-06-04 00:00:00', NULL),
(2452, 778, 26, 5, 1, 1, 1, '2018-06-04 00:00:00', '2018-06-04 00:00:00', NULL),
(2453, 778, 26, 6, 1, 1, 1, '2018-06-04 00:00:00', '2018-06-04 00:00:00', NULL),
(2454, 778, 26, 7, 1, 1, 1, '2018-06-04 00:00:00', '2018-06-04 00:00:00', NULL),
(2455, 778, 26, 8, 1, 1, 1, '2018-06-04 00:00:00', '2018-06-04 00:00:00', NULL),
(2456, 544, 27, 1, 1, 1, 1, '2018-06-01 00:00:00', '2018-06-01 00:00:00', NULL),
(2457, 544, 27, 2, 1, 1, 1, '2018-06-01 00:00:00', '2018-06-01 00:00:00', NULL),
(2458, 544, 27, 3, 1, 1, 1, '2018-06-01 00:00:00', '2018-06-01 00:00:00', NULL),
(2459, 544, 27, 4, 1, 1, 1, '2018-06-01 00:00:00', '2018-06-01 00:00:00', NULL),
(2460, 544, 27, 5, 1, 1, 1, '2018-06-01 00:00:00', '2018-06-01 00:00:00', NULL),
(2461, 544, 27, 6, 1, 1, 1, '2018-06-01 00:00:00', '2018-06-01 00:00:00', NULL),
(2462, 544, 27, 7, 1, 1, 1, '2018-06-01 00:00:00', '2018-06-01 00:00:00', NULL),
(2463, 544, 27, 8, 1, 1, 1, '2018-06-01 00:00:00', '2018-06-01 00:00:00', NULL),
(2464, 197, 24, 1, 1, 1, 1, '2018-06-03 00:00:00', '2018-06-03 00:00:00', NULL),
(2465, 197, 24, 2, 1, 1, 1, '2018-06-03 00:00:00', '2018-06-03 00:00:00', NULL),
(2466, 197, 24, 3, 1, 1, 1, '2018-06-03 00:00:00', '2018-06-03 00:00:00', NULL),
(2467, 124, 22, 1, 1, 1, 1, '2018-06-03 00:00:00', '2018-06-03 00:00:00', NULL),
(2468, 124, 22, 2, 1, 1, 1, '2018-06-03 00:00:00', '2018-06-03 00:00:00', NULL),
(2469, 124, 22, 3, 1, 1, 1, '2018-06-03 00:00:00', '2018-06-03 00:00:00', NULL),
(2470, 124, 22, 4, 1, 1, 1, '2018-06-03 00:00:00', '2018-06-03 00:00:00', NULL),
(2471, 416, 31, 1, 1, 1, 1, '2018-06-04 00:00:00', '2018-06-04 00:00:00', NULL),
(2472, 416, 31, 2, 1, 1, 1, '2018-06-04 00:00:00', '2018-06-04 00:00:00', NULL),
(2473, 416, 31, 3, 1, 1, 1, '2018-06-04 00:00:00', '2018-06-04 00:00:00', NULL),
(2474, 416, 31, 4, 1, 1, 1, '2018-06-04 00:00:00', '2018-06-04 00:00:00', NULL),
(2475, 416, 31, 5, 1, 1, 1, '2018-06-04 00:00:00', '2018-06-04 00:00:00', NULL),
(2476, 416, 31, 6, 1, 1, 1, '2018-06-04 00:00:00', '2018-06-04 00:00:00', NULL),
(2477, 142, 27, 1, 1, 1, 1, '2018-06-07 00:00:00', '2018-06-07 00:00:00', NULL),
(2478, 142, 27, 2, 1, 1, 1, '2018-06-07 00:00:00', '2018-06-07 00:00:00', NULL),
(2479, 142, 27, 3, 1, 1, 1, '2018-06-07 00:00:00', '2018-06-07 00:00:00', NULL),
(2480, 228, 22, 1, 1, 1, 1, '2018-06-05 00:00:00', '2018-06-05 00:00:00', NULL),
(2481, 228, 22, 2, 1, 1, 1, '2018-06-05 00:00:00', '2018-06-05 00:00:00', NULL),
(2482, 228, 22, 3, 1, 1, 1, '2018-06-05 00:00:00', '2018-06-05 00:00:00', NULL),
(2483, 228, 22, 4, 1, 1, 1, '2018-06-05 00:00:00', '2018-06-05 00:00:00', NULL),
(2484, 228, 22, 5, 1, 1, 1, '2018-06-05 00:00:00', '2018-06-05 00:00:00', NULL),
(2485, 315, 1, 1, 1, 1, 1, '2018-06-07 00:00:00', '2018-06-07 00:00:00', NULL),
(2486, 315, 1, 2, 1, 1, 1, '2018-06-07 00:00:00', '2018-06-07 00:00:00', NULL),
(2487, 315, 1, 3, 1, 1, 1, '2018-06-07 00:00:00', '2018-06-07 00:00:00', NULL),
(2488, 315, 1, 4, 1, 1, 1, '2018-06-07 00:00:00', '2018-06-07 00:00:00', NULL),
(2489, 315, 1, 5, 1, 1, 1, '2018-06-07 00:00:00', '2018-06-07 00:00:00', NULL),
(2490, 315, 1, 6, 1, 1, 1, '2018-06-07 00:00:00', '2018-06-07 00:00:00', NULL),
(2491, 315, 1, 7, 1, 1, 1, '2018-06-07 00:00:00', '2018-06-07 00:00:00', NULL),
(2492, 315, 1, 8, 1, 1, 1, '2018-06-07 00:00:00', '2018-06-07 00:00:00', NULL),
(2493, 160, 23, 1, 1, 1, 1, '2018-06-04 00:00:00', '2018-06-04 00:00:00', NULL),
(2494, 160, 23, 2, 1, 1, 1, '2018-06-04 00:00:00', '2018-06-04 00:00:00', NULL),
(2495, 160, 23, 3, 1, 1, 1, '2018-06-04 00:00:00', '2018-06-04 00:00:00', NULL),
(2496, 160, 23, 4, 1, 1, 1, '2018-06-04 00:00:00', '2018-06-04 00:00:00', NULL),
(2497, 160, 23, 5, 1, 1, 1, '2018-06-04 00:00:00', '2018-06-04 00:00:00', NULL),
(2498, 160, 23, 6, 1, 1, 1, '2018-06-04 00:00:00', '2018-06-04 00:00:00', NULL),
(2499, 497, 31, 1, 1, 1, 1, '2018-06-03 00:00:00', '2018-06-03 00:00:00', NULL),
(2500, 497, 31, 2, 1, 1, 1, '2018-06-03 00:00:00', '2018-06-03 00:00:00', NULL),
(2501, 497, 31, 3, 1, 1, 1, '2018-06-03 00:00:00', '2018-06-03 00:00:00', NULL),
(2502, 497, 31, 4, 1, 1, 1, '2018-06-03 00:00:00', '2018-06-03 00:00:00', NULL),
(2503, 497, 31, 5, 1, 1, 1, '2018-06-03 00:00:00', '2018-06-03 00:00:00', NULL),
(2504, 497, 31, 6, 1, 1, 1, '2018-06-03 00:00:00', '2018-06-03 00:00:00', NULL),
(2505, 669, 31, 1, 1, 1, 1, '2018-06-07 00:00:00', '2018-06-07 00:00:00', NULL),
(2506, 257, 25, 1, 1, 1, 1, '2018-06-02 00:00:00', '2018-06-02 00:00:00', NULL),
(2507, 257, 25, 2, 1, 1, 1, '2018-06-02 00:00:00', '2018-06-02 00:00:00', NULL),
(2508, 257, 25, 3, 1, 1, 1, '2018-06-02 00:00:00', '2018-06-02 00:00:00', NULL),
(2509, 257, 25, 4, 1, 1, 1, '2018-06-02 00:00:00', '2018-06-02 00:00:00', NULL),
(2510, 257, 25, 5, 1, 1, 1, '2018-06-02 00:00:00', '2018-06-02 00:00:00', NULL),
(2511, 257, 25, 6, 1, 1, 1, '2018-06-02 00:00:00', '2018-06-02 00:00:00', NULL),
(2512, 257, 25, 7, 1, 1, 1, '2018-06-02 00:00:00', '2018-06-02 00:00:00', NULL),
(2513, 166, 1, 1, 1, 1, 1, '2018-05-31 00:00:00', '2018-05-31 00:00:00', NULL),
(2514, 166, 1, 2, 1, 1, 1, '2018-05-31 00:00:00', '2018-05-31 00:00:00', NULL),
(2515, 166, 1, 3, 1, 1, 1, '2018-05-31 00:00:00', '2018-05-31 00:00:00', NULL),
(2516, 166, 1, 4, 1, 1, 1, '2018-05-31 00:00:00', '2018-05-31 00:00:00', NULL),
(2517, 166, 1, 5, 1, 1, 1, '2018-05-31 00:00:00', '2018-05-31 00:00:00', NULL),
(2518, 166, 1, 6, 1, 1, 1, '2018-05-31 00:00:00', '2018-05-31 00:00:00', NULL),
(2519, 166, 1, 7, 1, 1, 1, '2018-05-31 00:00:00', '2018-05-31 00:00:00', NULL),
(2520, 417, 24, 1, 1, 1, 1, '2018-06-02 00:00:00', '2018-06-02 00:00:00', NULL),
(2521, 417, 24, 2, 1, 1, 1, '2018-06-02 00:00:00', '2018-06-02 00:00:00', NULL),
(2522, 417, 24, 3, 1, 1, 1, '2018-06-02 00:00:00', '2018-06-02 00:00:00', NULL),
(2523, 417, 24, 4, 1, 1, 1, '2018-06-02 00:00:00', '2018-06-02 00:00:00', NULL),
(2524, 417, 24, 5, 1, 1, 1, '2018-06-02 00:00:00', '2018-06-02 00:00:00', NULL),
(2525, 417, 24, 6, 1, 1, 1, '2018-06-02 00:00:00', '2018-06-02 00:00:00', NULL),
(2526, 417, 24, 7, 1, 1, 1, '2018-06-02 00:00:00', '2018-06-02 00:00:00', NULL),
(2527, 417, 24, 8, 1, 1, 1, '2018-06-02 00:00:00', '2018-06-02 00:00:00', NULL),
(2528, 627, 23, 1, 1, 1, 1, '2018-06-02 00:00:00', '2018-06-02 00:00:00', NULL),
(2529, 627, 23, 2, 1, 1, 1, '2018-06-02 00:00:00', '2018-06-02 00:00:00', NULL),
(2530, 627, 23, 3, 1, 1, 1, '2018-06-02 00:00:00', '2018-06-02 00:00:00', NULL),
(2531, 1, 30, 1, 1, 1, 1, '2018-06-06 00:00:00', '2018-06-06 00:00:00', NULL),
(2532, 1, 30, 2, 1, 1, 1, '2018-06-06 00:00:00', '2018-06-06 00:00:00', NULL),
(2533, 1, 30, 3, 1, 1, 1, '2018-06-06 00:00:00', '2018-06-06 00:00:00', NULL),
(2534, 1, 30, 4, 1, 1, 1, '2018-06-06 00:00:00', '2018-06-06 00:00:00', NULL),
(2535, 703, 29, 1, 1, 1, 1, '2018-06-05 00:00:00', '2018-06-05 00:00:00', NULL),
(2536, 703, 29, 2, 1, 1, 1, '2018-06-05 00:00:00', '2018-06-05 00:00:00', NULL),
(2537, 703, 29, 3, 1, 1, 1, '2018-06-05 00:00:00', '2018-06-05 00:00:00', NULL),
(2538, 703, 29, 4, 1, 1, 1, '2018-06-05 00:00:00', '2018-06-05 00:00:00', NULL),
(2539, 703, 29, 5, 1, 1, 1, '2018-06-05 00:00:00', '2018-06-05 00:00:00', NULL),
(2540, 703, 29, 6, 1, 1, 1, '2018-06-05 00:00:00', '2018-06-05 00:00:00', NULL),
(2541, 703, 29, 7, 1, 1, 1, '2018-06-05 00:00:00', '2018-06-05 00:00:00', NULL);
INSERT INTO `call_history` (`id`, `contact_id`, `user_id`, `level_id`, `call_quality_level_id`, `status_service_id`, `status_call_id`, `created_at`, `updated_at`, `deleted_at`) VALUES
(2542, 176, 26, 1, 1, 1, 1, '2018-06-02 00:00:00', '2018-06-02 00:00:00', NULL),
(2543, 176, 26, 2, 1, 1, 1, '2018-06-02 00:00:00', '2018-06-02 00:00:00', NULL),
(2544, 698, 23, 1, 1, 1, 1, '2018-06-01 00:00:00', '2018-06-01 00:00:00', NULL),
(2545, 698, 23, 2, 1, 1, 1, '2018-06-01 00:00:00', '2018-06-01 00:00:00', NULL),
(2546, 698, 23, 3, 1, 1, 1, '2018-06-01 00:00:00', '2018-06-01 00:00:00', NULL),
(2547, 698, 23, 4, 1, 1, 1, '2018-06-01 00:00:00', '2018-06-01 00:00:00', NULL),
(2548, 698, 23, 5, 1, 1, 1, '2018-06-01 00:00:00', '2018-06-01 00:00:00', NULL),
(2549, 698, 23, 6, 1, 1, 1, '2018-06-01 00:00:00', '2018-06-01 00:00:00', NULL),
(2550, 698, 23, 7, 1, 1, 1, '2018-06-01 00:00:00', '2018-06-01 00:00:00', NULL),
(2551, 574, 31, 1, 1, 1, 1, '2018-05-31 00:00:00', '2018-05-31 00:00:00', NULL),
(2552, 574, 31, 2, 1, 1, 1, '2018-05-31 00:00:00', '2018-05-31 00:00:00', NULL),
(2553, 574, 31, 3, 1, 1, 1, '2018-05-31 00:00:00', '2018-05-31 00:00:00', NULL),
(2554, 574, 31, 4, 1, 1, 1, '2018-05-31 00:00:00', '2018-05-31 00:00:00', NULL),
(2555, 762, 28, 1, 1, 1, 1, '2018-06-06 00:00:00', '2018-06-06 00:00:00', NULL),
(2556, 762, 28, 2, 1, 1, 1, '2018-06-06 00:00:00', '2018-06-06 00:00:00', NULL),
(2557, 762, 28, 3, 1, 1, 1, '2018-06-06 00:00:00', '2018-06-06 00:00:00', NULL),
(2558, 762, 28, 4, 1, 1, 1, '2018-06-06 00:00:00', '2018-06-06 00:00:00', NULL),
(2559, 762, 28, 5, 1, 1, 1, '2018-06-06 00:00:00', '2018-06-06 00:00:00', NULL),
(2560, 762, 28, 6, 1, 1, 1, '2018-06-06 00:00:00', '2018-06-06 00:00:00', NULL),
(2561, 762, 28, 7, 1, 1, 1, '2018-06-06 00:00:00', '2018-06-06 00:00:00', NULL),
(2562, 762, 28, 8, 1, 1, 1, '2018-06-06 00:00:00', '2018-06-06 00:00:00', NULL),
(2563, 731, 30, 1, 1, 1, 1, '2018-06-04 00:00:00', '2018-06-04 00:00:00', NULL),
(2564, 731, 30, 2, 1, 1, 1, '2018-06-04 00:00:00', '2018-06-04 00:00:00', NULL),
(2565, 731, 30, 3, 1, 1, 1, '2018-06-04 00:00:00', '2018-06-04 00:00:00', NULL),
(2566, 731, 30, 4, 1, 1, 1, '2018-06-04 00:00:00', '2018-06-04 00:00:00', NULL),
(2567, 746, 25, 1, 1, 1, 1, '2018-06-07 00:00:00', '2018-06-07 00:00:00', NULL),
(2568, 746, 25, 2, 1, 1, 1, '2018-06-07 00:00:00', '2018-06-07 00:00:00', NULL),
(2569, 746, 25, 3, 1, 1, 1, '2018-06-07 00:00:00', '2018-06-07 00:00:00', NULL),
(2570, 178, 25, 1, 1, 1, 1, '2018-05-31 00:00:00', '2018-05-31 00:00:00', NULL),
(2571, 178, 25, 2, 1, 1, 1, '2018-05-31 00:00:00', '2018-05-31 00:00:00', NULL),
(2572, 178, 25, 3, 1, 1, 1, '2018-05-31 00:00:00', '2018-05-31 00:00:00', NULL),
(2573, 205, 28, 1, 1, 1, 1, '2018-06-03 00:00:00', '2018-06-03 00:00:00', NULL),
(2574, 205, 28, 2, 1, 1, 1, '2018-06-03 00:00:00', '2018-06-03 00:00:00', NULL),
(2575, 205, 28, 3, 1, 1, 1, '2018-06-03 00:00:00', '2018-06-03 00:00:00', NULL),
(2576, 205, 28, 4, 1, 1, 1, '2018-06-03 00:00:00', '2018-06-03 00:00:00', NULL),
(2577, 205, 28, 5, 1, 1, 1, '2018-06-03 00:00:00', '2018-06-03 00:00:00', NULL),
(2578, 205, 28, 6, 1, 1, 1, '2018-06-03 00:00:00', '2018-06-03 00:00:00', NULL),
(2579, 205, 28, 7, 1, 1, 1, '2018-06-03 00:00:00', '2018-06-03 00:00:00', NULL),
(2580, 205, 28, 8, 1, 1, 1, '2018-06-03 00:00:00', '2018-06-03 00:00:00', NULL),
(2581, 540, 26, 1, 1, 1, 1, '2018-06-07 00:00:00', '2018-06-07 00:00:00', NULL),
(2582, 540, 26, 2, 1, 1, 1, '2018-06-07 00:00:00', '2018-06-07 00:00:00', NULL),
(2583, 540, 26, 3, 1, 1, 1, '2018-06-07 00:00:00', '2018-06-07 00:00:00', NULL),
(2584, 540, 26, 4, 1, 1, 1, '2018-06-07 00:00:00', '2018-06-07 00:00:00', NULL),
(2585, 193, 22, 1, 1, 1, 1, '2018-06-05 00:00:00', '2018-06-05 00:00:00', NULL),
(2586, 193, 22, 2, 1, 1, 1, '2018-06-05 00:00:00', '2018-06-05 00:00:00', NULL),
(2587, 193, 22, 3, 1, 1, 1, '2018-06-05 00:00:00', '2018-06-05 00:00:00', NULL),
(2588, 193, 22, 4, 1, 1, 1, '2018-06-05 00:00:00', '2018-06-05 00:00:00', NULL),
(2589, 193, 22, 5, 1, 1, 1, '2018-06-05 00:00:00', '2018-06-05 00:00:00', NULL),
(2590, 193, 22, 6, 1, 1, 1, '2018-06-05 00:00:00', '2018-06-05 00:00:00', NULL),
(2591, 302, 30, 1, 1, 1, 1, '2018-06-02 00:00:00', '2018-06-02 00:00:00', NULL),
(2592, 302, 30, 2, 1, 1, 1, '2018-06-02 00:00:00', '2018-06-02 00:00:00', NULL),
(2593, 302, 30, 3, 1, 1, 1, '2018-06-02 00:00:00', '2018-06-02 00:00:00', NULL),
(2594, 302, 30, 4, 1, 1, 1, '2018-06-02 00:00:00', '2018-06-02 00:00:00', NULL),
(2595, 530, 26, 1, 1, 1, 1, '2018-06-01 00:00:00', '2018-06-01 00:00:00', NULL),
(2596, 530, 26, 2, 1, 1, 1, '2018-06-01 00:00:00', '2018-06-01 00:00:00', NULL),
(2597, 530, 26, 3, 1, 1, 1, '2018-06-01 00:00:00', '2018-06-01 00:00:00', NULL),
(2598, 530, 26, 4, 1, 1, 1, '2018-06-01 00:00:00', '2018-06-01 00:00:00', NULL),
(2599, 530, 26, 5, 1, 1, 1, '2018-06-01 00:00:00', '2018-06-01 00:00:00', NULL),
(2600, 79, 24, 1, 1, 1, 1, '2018-06-02 00:00:00', '2018-06-02 00:00:00', NULL),
(2601, 387, 29, 1, 1, 1, 1, '2018-06-04 00:00:00', '2018-06-04 00:00:00', NULL),
(2602, 387, 29, 2, 1, 1, 1, '2018-06-04 00:00:00', '2018-06-04 00:00:00', NULL),
(2603, 387, 29, 3, 1, 1, 1, '2018-06-04 00:00:00', '2018-06-04 00:00:00', NULL),
(2604, 387, 29, 4, 1, 1, 1, '2018-06-04 00:00:00', '2018-06-04 00:00:00', NULL),
(2605, 387, 29, 5, 1, 1, 1, '2018-06-04 00:00:00', '2018-06-04 00:00:00', NULL),
(2606, 387, 29, 6, 1, 1, 1, '2018-06-04 00:00:00', '2018-06-04 00:00:00', NULL),
(2607, 387, 29, 7, 1, 1, 1, '2018-06-04 00:00:00', '2018-06-04 00:00:00', NULL),
(2608, 387, 29, 8, 1, 1, 1, '2018-06-04 00:00:00', '2018-06-04 00:00:00', NULL),
(2609, 470, 24, 1, 1, 1, 1, '2018-06-04 00:00:00', '2018-06-04 00:00:00', NULL),
(2610, 470, 24, 2, 1, 1, 1, '2018-06-04 00:00:00', '2018-06-04 00:00:00', NULL),
(2611, 470, 24, 3, 1, 1, 1, '2018-06-04 00:00:00', '2018-06-04 00:00:00', NULL),
(2612, 470, 24, 4, 1, 1, 1, '2018-06-04 00:00:00', '2018-06-04 00:00:00', NULL),
(2613, 470, 24, 5, 1, 1, 1, '2018-06-04 00:00:00', '2018-06-04 00:00:00', NULL),
(2614, 470, 24, 6, 1, 1, 1, '2018-06-04 00:00:00', '2018-06-04 00:00:00', NULL),
(2615, 470, 24, 7, 1, 1, 1, '2018-06-04 00:00:00', '2018-06-04 00:00:00', NULL),
(2616, 93, 22, 1, 1, 1, 1, '2018-06-07 00:00:00', '2018-06-07 00:00:00', NULL),
(2617, 93, 22, 2, 1, 1, 1, '2018-06-07 00:00:00', '2018-06-07 00:00:00', NULL),
(2618, 93, 22, 3, 1, 1, 1, '2018-06-07 00:00:00', '2018-06-07 00:00:00', NULL),
(2619, 93, 22, 4, 1, 1, 1, '2018-06-07 00:00:00', '2018-06-07 00:00:00', NULL),
(2620, 93, 22, 5, 1, 1, 1, '2018-06-07 00:00:00', '2018-06-07 00:00:00', NULL),
(2621, 93, 22, 6, 1, 1, 1, '2018-06-07 00:00:00', '2018-06-07 00:00:00', NULL),
(2622, 101, 30, 1, 1, 1, 1, '2018-06-07 00:00:00', '2018-06-07 00:00:00', NULL),
(2623, 101, 30, 2, 1, 1, 1, '2018-06-07 00:00:00', '2018-06-07 00:00:00', NULL),
(2624, 101, 30, 3, 1, 1, 1, '2018-06-07 00:00:00', '2018-06-07 00:00:00', NULL),
(2625, 101, 30, 4, 1, 1, 1, '2018-06-07 00:00:00', '2018-06-07 00:00:00', NULL),
(2626, 101, 30, 5, 1, 1, 1, '2018-06-07 00:00:00', '2018-06-07 00:00:00', NULL),
(2627, 101, 30, 6, 1, 1, 1, '2018-06-07 00:00:00', '2018-06-07 00:00:00', NULL),
(2628, 202, 31, 1, 1, 1, 1, '2018-06-05 00:00:00', '2018-06-05 00:00:00', NULL),
(2629, 202, 31, 2, 1, 1, 1, '2018-06-05 00:00:00', '2018-06-05 00:00:00', NULL),
(2630, 202, 31, 3, 1, 1, 1, '2018-06-05 00:00:00', '2018-06-05 00:00:00', NULL),
(2631, 202, 31, 4, 1, 1, 1, '2018-06-05 00:00:00', '2018-06-05 00:00:00', NULL),
(2632, 202, 31, 5, 1, 1, 1, '2018-06-05 00:00:00', '2018-06-05 00:00:00', NULL),
(2633, 202, 31, 6, 1, 1, 1, '2018-06-05 00:00:00', '2018-06-05 00:00:00', NULL),
(2634, 202, 31, 7, 1, 1, 1, '2018-06-05 00:00:00', '2018-06-05 00:00:00', NULL),
(2635, 202, 31, 8, 1, 1, 1, '2018-06-05 00:00:00', '2018-06-05 00:00:00', NULL),
(2636, 151, 25, 1, 1, 1, 1, '2018-06-01 00:00:00', '2018-06-01 00:00:00', NULL),
(2637, 151, 25, 2, 1, 1, 1, '2018-06-01 00:00:00', '2018-06-01 00:00:00', NULL),
(2638, 151, 25, 3, 1, 1, 1, '2018-06-01 00:00:00', '2018-06-01 00:00:00', NULL),
(2639, 151, 25, 4, 1, 1, 1, '2018-06-01 00:00:00', '2018-06-01 00:00:00', NULL),
(2640, 151, 25, 5, 1, 1, 1, '2018-06-01 00:00:00', '2018-06-01 00:00:00', NULL),
(2641, 151, 25, 6, 1, 1, 1, '2018-06-01 00:00:00', '2018-06-01 00:00:00', NULL),
(2642, 151, 25, 7, 1, 1, 1, '2018-06-01 00:00:00', '2018-06-01 00:00:00', NULL),
(2643, 194, 31, 1, 1, 1, 1, '2018-06-03 00:00:00', '2018-06-03 00:00:00', NULL),
(2644, 194, 31, 2, 1, 1, 1, '2018-06-03 00:00:00', '2018-06-03 00:00:00', NULL),
(2645, 194, 31, 3, 1, 1, 1, '2018-06-03 00:00:00', '2018-06-03 00:00:00', NULL),
(2646, 339, 28, 1, 1, 1, 1, '2018-06-06 00:00:00', '2018-06-06 00:00:00', NULL),
(2647, 339, 28, 2, 1, 1, 1, '2018-06-06 00:00:00', '2018-06-06 00:00:00', NULL),
(2648, 339, 28, 3, 1, 1, 1, '2018-06-06 00:00:00', '2018-06-06 00:00:00', NULL),
(2649, 339, 28, 4, 1, 1, 1, '2018-06-06 00:00:00', '2018-06-06 00:00:00', NULL),
(2650, 339, 28, 5, 1, 1, 1, '2018-06-06 00:00:00', '2018-06-06 00:00:00', NULL),
(2651, 339, 28, 6, 1, 1, 1, '2018-06-06 00:00:00', '2018-06-06 00:00:00', NULL),
(2652, 339, 28, 7, 1, 1, 1, '2018-06-06 00:00:00', '2018-06-06 00:00:00', NULL),
(2653, 339, 28, 8, 1, 1, 1, '2018-06-06 00:00:00', '2018-06-06 00:00:00', NULL),
(2654, 741, 22, 1, 1, 1, 1, '2018-06-06 00:00:00', '2018-06-06 00:00:00', NULL),
(2655, 741, 22, 2, 1, 1, 1, '2018-06-06 00:00:00', '2018-06-06 00:00:00', NULL),
(2656, 741, 22, 3, 1, 1, 1, '2018-06-06 00:00:00', '2018-06-06 00:00:00', NULL),
(2657, 741, 22, 4, 1, 1, 1, '2018-06-06 00:00:00', '2018-06-06 00:00:00', NULL),
(2658, 741, 22, 5, 1, 1, 1, '2018-06-06 00:00:00', '2018-06-06 00:00:00', NULL),
(2659, 741, 22, 6, 1, 1, 1, '2018-06-06 00:00:00', '2018-06-06 00:00:00', NULL),
(2660, 741, 22, 7, 1, 1, 1, '2018-06-06 00:00:00', '2018-06-06 00:00:00', NULL),
(2661, 85, 27, 1, 1, 1, 1, '2018-06-01 00:00:00', '2018-06-01 00:00:00', NULL),
(2662, 363, 27, 1, 1, 1, 1, '2018-06-05 00:00:00', '2018-06-05 00:00:00', NULL),
(2663, 363, 27, 2, 1, 1, 1, '2018-06-05 00:00:00', '2018-06-05 00:00:00', NULL),
(2664, 363, 27, 3, 1, 1, 1, '2018-06-05 00:00:00', '2018-06-05 00:00:00', NULL),
(2665, 363, 27, 4, 1, 1, 1, '2018-06-05 00:00:00', '2018-06-05 00:00:00', NULL),
(2666, 363, 27, 5, 1, 1, 1, '2018-06-05 00:00:00', '2018-06-05 00:00:00', NULL),
(2667, 363, 27, 6, 1, 1, 1, '2018-06-05 00:00:00', '2018-06-05 00:00:00', NULL),
(2668, 363, 27, 7, 1, 1, 1, '2018-06-05 00:00:00', '2018-06-05 00:00:00', NULL),
(2669, 469, 26, 1, 1, 1, 1, '2018-06-07 00:00:00', '2018-06-07 00:00:00', NULL),
(2670, 469, 26, 2, 1, 1, 1, '2018-06-07 00:00:00', '2018-06-07 00:00:00', NULL),
(2671, 469, 26, 3, 1, 1, 1, '2018-06-07 00:00:00', '2018-06-07 00:00:00', NULL),
(2672, 535, 31, 1, 1, 1, 1, '2018-06-02 00:00:00', '2018-06-02 00:00:00', NULL),
(2673, 535, 31, 2, 1, 1, 1, '2018-06-02 00:00:00', '2018-06-02 00:00:00', NULL),
(2674, 535, 31, 3, 1, 1, 1, '2018-06-02 00:00:00', '2018-06-02 00:00:00', NULL),
(2675, 535, 31, 4, 1, 1, 1, '2018-06-02 00:00:00', '2018-06-02 00:00:00', NULL),
(2676, 535, 31, 5, 1, 1, 1, '2018-06-02 00:00:00', '2018-06-02 00:00:00', NULL),
(2677, 535, 31, 6, 1, 1, 1, '2018-06-02 00:00:00', '2018-06-02 00:00:00', NULL),
(2678, 318, 25, 1, 1, 1, 1, '2018-06-06 00:00:00', '2018-06-06 00:00:00', NULL),
(2679, 318, 25, 2, 1, 1, 1, '2018-06-06 00:00:00', '2018-06-06 00:00:00', NULL),
(2680, 318, 25, 3, 1, 1, 1, '2018-06-06 00:00:00', '2018-06-06 00:00:00', NULL),
(2681, 318, 25, 4, 1, 1, 1, '2018-06-06 00:00:00', '2018-06-06 00:00:00', NULL),
(2682, 318, 25, 5, 1, 1, 1, '2018-06-06 00:00:00', '2018-06-06 00:00:00', NULL),
(2683, 318, 25, 6, 1, 1, 1, '2018-06-06 00:00:00', '2018-06-06 00:00:00', NULL),
(2684, 318, 25, 7, 1, 1, 1, '2018-06-06 00:00:00', '2018-06-06 00:00:00', NULL),
(2685, 418, 1, 1, 1, 1, 1, '2018-06-07 00:00:00', '2018-06-07 00:00:00', NULL),
(2686, 418, 1, 2, 1, 1, 1, '2018-06-07 00:00:00', '2018-06-07 00:00:00', NULL),
(2687, 418, 1, 3, 1, 1, 1, '2018-06-07 00:00:00', '2018-06-07 00:00:00', NULL),
(2688, 418, 1, 4, 1, 1, 1, '2018-06-07 00:00:00', '2018-06-07 00:00:00', NULL),
(2689, 418, 1, 5, 1, 1, 1, '2018-06-07 00:00:00', '2018-06-07 00:00:00', NULL),
(2690, 261, 25, 1, 1, 1, 1, '2018-05-31 00:00:00', '2018-05-31 00:00:00', NULL),
(2691, 261, 25, 2, 1, 1, 1, '2018-05-31 00:00:00', '2018-05-31 00:00:00', NULL),
(2692, 261, 25, 3, 1, 1, 1, '2018-05-31 00:00:00', '2018-05-31 00:00:00', NULL),
(2693, 261, 25, 4, 1, 1, 1, '2018-05-31 00:00:00', '2018-05-31 00:00:00', NULL),
(2694, 261, 25, 5, 1, 1, 1, '2018-05-31 00:00:00', '2018-05-31 00:00:00', NULL),
(2695, 261, 25, 6, 1, 1, 1, '2018-05-31 00:00:00', '2018-05-31 00:00:00', NULL),
(2696, 261, 25, 7, 1, 1, 1, '2018-05-31 00:00:00', '2018-05-31 00:00:00', NULL),
(2697, 261, 25, 8, 1, 1, 1, '2018-05-31 00:00:00', '2018-05-31 00:00:00', NULL),
(2698, 265, 22, 1, 1, 1, 1, '2018-06-05 00:00:00', '2018-06-05 00:00:00', NULL),
(2699, 265, 22, 2, 1, 1, 1, '2018-06-05 00:00:00', '2018-06-05 00:00:00', NULL),
(2700, 265, 22, 3, 1, 1, 1, '2018-06-05 00:00:00', '2018-06-05 00:00:00', NULL),
(2701, 265, 22, 4, 1, 1, 1, '2018-06-05 00:00:00', '2018-06-05 00:00:00', NULL),
(2702, 265, 22, 5, 1, 1, 1, '2018-06-05 00:00:00', '2018-06-05 00:00:00', NULL),
(2703, 265, 22, 6, 1, 1, 1, '2018-06-05 00:00:00', '2018-06-05 00:00:00', NULL),
(2704, 265, 22, 7, 1, 1, 1, '2018-06-05 00:00:00', '2018-06-05 00:00:00', NULL),
(2705, 458, 1, 1, 1, 1, 1, '2018-05-31 00:00:00', '2018-05-31 00:00:00', NULL),
(2706, 458, 1, 2, 1, 1, 1, '2018-05-31 00:00:00', '2018-05-31 00:00:00', NULL),
(2707, 458, 1, 3, 1, 1, 1, '2018-05-31 00:00:00', '2018-05-31 00:00:00', NULL),
(2708, 661, 1, 1, 1, 1, 1, '2018-06-06 00:00:00', '2018-06-06 00:00:00', NULL),
(2709, 661, 1, 2, 1, 1, 1, '2018-06-06 00:00:00', '2018-06-06 00:00:00', NULL),
(2710, 248, 1, 1, 1, 1, 1, '2018-06-01 00:00:00', '2018-06-01 00:00:00', NULL),
(2711, 248, 1, 2, 1, 1, 1, '2018-06-01 00:00:00', '2018-06-01 00:00:00', NULL),
(2712, 448, 22, 1, 1, 1, 1, '2018-06-05 00:00:00', '2018-06-05 00:00:00', NULL),
(2713, 448, 22, 2, 1, 1, 1, '2018-06-05 00:00:00', '2018-06-05 00:00:00', NULL),
(2714, 448, 22, 3, 1, 1, 1, '2018-06-05 00:00:00', '2018-06-05 00:00:00', NULL),
(2715, 448, 22, 4, 1, 1, 1, '2018-06-05 00:00:00', '2018-06-05 00:00:00', NULL),
(2716, 448, 22, 5, 1, 1, 1, '2018-06-05 00:00:00', '2018-06-05 00:00:00', NULL),
(2717, 448, 22, 6, 1, 1, 1, '2018-06-05 00:00:00', '2018-06-05 00:00:00', NULL),
(2718, 313, 25, 1, 1, 1, 1, '2018-06-03 00:00:00', '2018-06-03 00:00:00', NULL),
(2719, 313, 25, 2, 1, 1, 1, '2018-06-03 00:00:00', '2018-06-03 00:00:00', NULL),
(2720, 313, 25, 3, 1, 1, 1, '2018-06-03 00:00:00', '2018-06-03 00:00:00', NULL),
(2721, 313, 25, 4, 1, 1, 1, '2018-06-03 00:00:00', '2018-06-03 00:00:00', NULL),
(2722, 313, 25, 5, 1, 1, 1, '2018-06-03 00:00:00', '2018-06-03 00:00:00', NULL),
(2723, 313, 25, 6, 1, 1, 1, '2018-06-03 00:00:00', '2018-06-03 00:00:00', NULL),
(2724, 313, 25, 7, 1, 1, 1, '2018-06-03 00:00:00', '2018-06-03 00:00:00', NULL),
(2725, 210, 29, 1, 1, 1, 1, '2018-06-07 00:00:00', '2018-06-07 00:00:00', NULL),
(2726, 210, 29, 2, 1, 1, 1, '2018-06-07 00:00:00', '2018-06-07 00:00:00', NULL),
(2727, 720, 28, 1, 1, 1, 1, '2018-06-07 00:00:00', '2018-06-07 00:00:00', NULL),
(2728, 720, 28, 2, 1, 1, 1, '2018-06-07 00:00:00', '2018-06-07 00:00:00', NULL),
(2729, 720, 28, 3, 1, 1, 1, '2018-06-07 00:00:00', '2018-06-07 00:00:00', NULL),
(2730, 720, 28, 4, 1, 1, 1, '2018-06-07 00:00:00', '2018-06-07 00:00:00', NULL),
(2731, 720, 28, 5, 1, 1, 1, '2018-06-07 00:00:00', '2018-06-07 00:00:00', NULL),
(2732, 720, 28, 6, 1, 1, 1, '2018-06-07 00:00:00', '2018-06-07 00:00:00', NULL),
(2733, 770, 31, 1, 1, 1, 1, '2018-06-07 00:00:00', '2018-06-07 00:00:00', NULL),
(2734, 770, 31, 2, 1, 1, 1, '2018-06-07 00:00:00', '2018-06-07 00:00:00', NULL),
(2735, 770, 31, 3, 1, 1, 1, '2018-06-07 00:00:00', '2018-06-07 00:00:00', NULL),
(2736, 770, 31, 4, 1, 1, 1, '2018-06-07 00:00:00', '2018-06-07 00:00:00', NULL),
(2737, 770, 31, 5, 1, 1, 1, '2018-06-07 00:00:00', '2018-06-07 00:00:00', NULL),
(2738, 770, 31, 6, 1, 1, 1, '2018-06-07 00:00:00', '2018-06-07 00:00:00', NULL),
(2739, 770, 31, 7, 1, 1, 1, '2018-06-07 00:00:00', '2018-06-07 00:00:00', NULL),
(2740, 113, 22, 1, 1, 1, 1, '2018-06-02 00:00:00', '2018-06-02 00:00:00', NULL),
(2741, 113, 22, 2, 1, 1, 1, '2018-06-02 00:00:00', '2018-06-02 00:00:00', NULL),
(2742, 622, 29, 1, 1, 1, 1, '2018-06-06 00:00:00', '2018-06-06 00:00:00', NULL),
(2743, 622, 29, 2, 1, 1, 1, '2018-06-06 00:00:00', '2018-06-06 00:00:00', NULL),
(2744, 622, 29, 3, 1, 1, 1, '2018-06-06 00:00:00', '2018-06-06 00:00:00', NULL),
(2745, 180, 30, 1, 1, 1, 1, '2018-06-03 00:00:00', '2018-06-03 00:00:00', NULL),
(2746, 180, 30, 2, 1, 1, 1, '2018-06-03 00:00:00', '2018-06-03 00:00:00', NULL),
(2747, 180, 30, 3, 1, 1, 1, '2018-06-03 00:00:00', '2018-06-03 00:00:00', NULL),
(2748, 180, 30, 4, 1, 1, 1, '2018-06-03 00:00:00', '2018-06-03 00:00:00', NULL),
(2749, 152, 29, 1, 1, 1, 1, '2018-06-04 00:00:00', '2018-06-04 00:00:00', NULL),
(2750, 736, 29, 1, 1, 1, 1, '2018-06-02 00:00:00', '2018-06-02 00:00:00', NULL),
(2751, 736, 29, 2, 1, 1, 1, '2018-06-02 00:00:00', '2018-06-02 00:00:00', NULL),
(2752, 736, 29, 3, 1, 1, 1, '2018-06-02 00:00:00', '2018-06-02 00:00:00', NULL),
(2753, 736, 29, 4, 1, 1, 1, '2018-06-02 00:00:00', '2018-06-02 00:00:00', NULL),
(2754, 736, 29, 5, 1, 1, 1, '2018-06-02 00:00:00', '2018-06-02 00:00:00', NULL),
(2755, 736, 29, 6, 1, 1, 1, '2018-06-02 00:00:00', '2018-06-02 00:00:00', NULL),
(2756, 333, 27, 1, 1, 1, 1, '2018-06-04 00:00:00', '2018-06-04 00:00:00', NULL),
(2757, 333, 27, 2, 1, 1, 1, '2018-06-04 00:00:00', '2018-06-04 00:00:00', NULL),
(2758, 333, 27, 3, 1, 1, 1, '2018-06-04 00:00:00', '2018-06-04 00:00:00', NULL),
(2759, 333, 27, 4, 1, 1, 1, '2018-06-04 00:00:00', '2018-06-04 00:00:00', NULL),
(2760, 333, 27, 5, 1, 1, 1, '2018-06-04 00:00:00', '2018-06-04 00:00:00', NULL),
(2761, 333, 27, 6, 1, 1, 1, '2018-06-04 00:00:00', '2018-06-04 00:00:00', NULL),
(2762, 44, 22, 1, 1, 1, 1, '2018-05-31 00:00:00', '2018-05-31 00:00:00', NULL),
(2763, 316, 23, 1, 1, 1, 1, '2018-06-07 00:00:00', '2018-06-07 00:00:00', NULL),
(2764, 316, 23, 2, 1, 1, 1, '2018-06-07 00:00:00', '2018-06-07 00:00:00', NULL),
(2765, 316, 23, 3, 1, 1, 1, '2018-06-07 00:00:00', '2018-06-07 00:00:00', NULL),
(2766, 316, 23, 4, 1, 1, 1, '2018-06-07 00:00:00', '2018-06-07 00:00:00', NULL),
(2767, 316, 23, 5, 1, 1, 1, '2018-06-07 00:00:00', '2018-06-07 00:00:00', NULL),
(2768, 316, 23, 6, 1, 1, 1, '2018-06-07 00:00:00', '2018-06-07 00:00:00', NULL),
(2769, 316, 23, 7, 1, 1, 1, '2018-06-07 00:00:00', '2018-06-07 00:00:00', NULL),
(2770, 340, 30, 1, 1, 1, 1, '2018-05-31 00:00:00', '2018-05-31 00:00:00', NULL),
(2771, 340, 30, 2, 1, 1, 1, '2018-05-31 00:00:00', '2018-05-31 00:00:00', NULL),
(2772, 524, 23, 1, 1, 1, 1, '2018-06-07 00:00:00', '2018-06-07 00:00:00', NULL),
(2773, 524, 23, 2, 1, 1, 1, '2018-06-07 00:00:00', '2018-06-07 00:00:00', NULL),
(2774, 524, 23, 3, 1, 1, 1, '2018-06-07 00:00:00', '2018-06-07 00:00:00', NULL),
(2775, 524, 23, 4, 1, 1, 1, '2018-06-07 00:00:00', '2018-06-07 00:00:00', NULL),
(2776, 524, 23, 5, 1, 1, 1, '2018-06-07 00:00:00', '2018-06-07 00:00:00', NULL),
(2777, 524, 23, 6, 1, 1, 1, '2018-06-07 00:00:00', '2018-06-07 00:00:00', NULL),
(2778, 524, 23, 7, 1, 1, 1, '2018-06-07 00:00:00', '2018-06-07 00:00:00', NULL),
(2779, 153, 22, 1, 1, 1, 1, '2018-06-03 00:00:00', '2018-06-03 00:00:00', NULL),
(2780, 153, 22, 2, 1, 1, 1, '2018-06-03 00:00:00', '2018-06-03 00:00:00', NULL),
(2781, 153, 22, 3, 1, 1, 1, '2018-06-03 00:00:00', '2018-06-03 00:00:00', NULL),
(2782, 153, 22, 4, 1, 1, 1, '2018-06-03 00:00:00', '2018-06-03 00:00:00', NULL),
(2783, 153, 22, 5, 1, 1, 1, '2018-06-03 00:00:00', '2018-06-03 00:00:00', NULL),
(2784, 153, 22, 6, 1, 1, 1, '2018-06-03 00:00:00', '2018-06-03 00:00:00', NULL),
(2785, 521, 24, 1, 1, 1, 1, '2018-06-05 00:00:00', '2018-06-05 00:00:00', NULL),
(2786, 521, 24, 2, 1, 1, 1, '2018-06-05 00:00:00', '2018-06-05 00:00:00', NULL),
(2787, 521, 24, 3, 1, 1, 1, '2018-06-05 00:00:00', '2018-06-05 00:00:00', NULL),
(2788, 521, 24, 4, 1, 1, 1, '2018-06-05 00:00:00', '2018-06-05 00:00:00', NULL),
(2789, 521, 24, 5, 1, 1, 1, '2018-06-05 00:00:00', '2018-06-05 00:00:00', NULL),
(2790, 521, 24, 6, 1, 1, 1, '2018-06-05 00:00:00', '2018-06-05 00:00:00', NULL),
(2791, 521, 24, 7, 1, 1, 1, '2018-06-05 00:00:00', '2018-06-05 00:00:00', NULL),
(2792, 203, 27, 1, 1, 1, 1, '2018-06-04 00:00:00', '2018-06-04 00:00:00', NULL),
(2793, 203, 27, 2, 1, 1, 1, '2018-06-04 00:00:00', '2018-06-04 00:00:00', NULL),
(2794, 203, 27, 3, 1, 1, 1, '2018-06-04 00:00:00', '2018-06-04 00:00:00', NULL),
(2795, 203, 27, 4, 1, 1, 1, '2018-06-04 00:00:00', '2018-06-04 00:00:00', NULL),
(2796, 203, 27, 5, 1, 1, 1, '2018-06-04 00:00:00', '2018-06-04 00:00:00', NULL),
(2797, 203, 27, 6, 1, 1, 1, '2018-06-04 00:00:00', '2018-06-04 00:00:00', NULL),
(2798, 203, 27, 7, 1, 1, 1, '2018-06-04 00:00:00', '2018-06-04 00:00:00', NULL),
(2799, 203, 27, 8, 1, 1, 1, '2018-06-04 00:00:00', '2018-06-04 00:00:00', NULL),
(2800, 384, 24, 1, 1, 1, 1, '2018-06-03 00:00:00', '2018-06-03 00:00:00', NULL),
(2801, 384, 24, 2, 1, 1, 1, '2018-06-03 00:00:00', '2018-06-03 00:00:00', NULL),
(2802, 384, 24, 3, 1, 1, 1, '2018-06-03 00:00:00', '2018-06-03 00:00:00', NULL),
(2803, 116, 1, 1, 1, 1, 1, '2018-06-02 00:00:00', '2018-06-02 00:00:00', NULL),
(2804, 107, 22, 1, 1, 1, 1, '2018-06-03 00:00:00', '2018-06-03 00:00:00', NULL),
(2805, 230, 24, 1, 1, 1, 1, '2018-06-07 00:00:00', '2018-06-07 00:00:00', NULL),
(2806, 230, 24, 2, 1, 1, 1, '2018-06-07 00:00:00', '2018-06-07 00:00:00', NULL),
(2807, 230, 24, 3, 1, 1, 1, '2018-06-07 00:00:00', '2018-06-07 00:00:00', NULL),
(2808, 230, 24, 4, 1, 1, 1, '2018-06-07 00:00:00', '2018-06-07 00:00:00', NULL),
(2809, 230, 24, 5, 1, 1, 1, '2018-06-07 00:00:00', '2018-06-07 00:00:00', NULL),
(2810, 230, 24, 6, 1, 1, 1, '2018-06-07 00:00:00', '2018-06-07 00:00:00', NULL),
(2811, 230, 24, 7, 1, 1, 1, '2018-06-07 00:00:00', '2018-06-07 00:00:00', NULL),
(2812, 230, 24, 8, 1, 1, 1, '2018-06-07 00:00:00', '2018-06-07 00:00:00', NULL),
(2813, 477, 22, 1, 1, 1, 1, '2018-06-06 00:00:00', '2018-06-06 00:00:00', NULL),
(2814, 477, 22, 2, 1, 1, 1, '2018-06-06 00:00:00', '2018-06-06 00:00:00', NULL),
(2815, 477, 22, 3, 1, 1, 1, '2018-06-06 00:00:00', '2018-06-06 00:00:00', NULL),
(2816, 337, 31, 1, 1, 1, 1, '2018-06-01 00:00:00', '2018-06-01 00:00:00', NULL),
(2817, 337, 31, 2, 1, 1, 1, '2018-06-01 00:00:00', '2018-06-01 00:00:00', NULL),
(2818, 337, 31, 3, 1, 1, 1, '2018-06-01 00:00:00', '2018-06-01 00:00:00', NULL),
(2819, 337, 31, 4, 1, 1, 1, '2018-06-01 00:00:00', '2018-06-01 00:00:00', NULL),
(2820, 337, 31, 5, 1, 1, 1, '2018-06-01 00:00:00', '2018-06-01 00:00:00', NULL),
(2821, 337, 31, 6, 1, 1, 1, '2018-06-01 00:00:00', '2018-06-01 00:00:00', NULL),
(2822, 337, 31, 7, 1, 1, 1, '2018-06-01 00:00:00', '2018-06-01 00:00:00', NULL),
(2823, 585, 25, 1, 1, 1, 1, '2018-06-05 00:00:00', '2018-06-05 00:00:00', NULL),
(2824, 585, 25, 2, 1, 1, 1, '2018-06-05 00:00:00', '2018-06-05 00:00:00', NULL),
(2825, 585, 25, 3, 1, 1, 1, '2018-06-05 00:00:00', '2018-06-05 00:00:00', NULL),
(2826, 585, 25, 4, 1, 1, 1, '2018-06-05 00:00:00', '2018-06-05 00:00:00', NULL),
(2827, 585, 25, 5, 1, 1, 1, '2018-06-05 00:00:00', '2018-06-05 00:00:00', NULL),
(2828, 585, 25, 6, 1, 1, 1, '2018-06-05 00:00:00', '2018-06-05 00:00:00', NULL),
(2829, 365, 28, 1, 1, 1, 1, '2018-06-03 00:00:00', '2018-06-03 00:00:00', NULL),
(2830, 608, 28, 1, 1, 1, 1, '2018-06-02 00:00:00', '2018-06-02 00:00:00', NULL),
(2831, 608, 28, 2, 1, 1, 1, '2018-06-02 00:00:00', '2018-06-02 00:00:00', NULL),
(2832, 608, 28, 3, 1, 1, 1, '2018-06-02 00:00:00', '2018-06-02 00:00:00', NULL),
(2833, 608, 28, 4, 1, 1, 1, '2018-06-02 00:00:00', '2018-06-02 00:00:00', NULL),
(2834, 608, 28, 5, 1, 1, 1, '2018-06-02 00:00:00', '2018-06-02 00:00:00', NULL),
(2835, 608, 28, 6, 1, 1, 1, '2018-06-02 00:00:00', '2018-06-02 00:00:00', NULL),
(2836, 608, 28, 7, 1, 1, 1, '2018-06-02 00:00:00', '2018-06-02 00:00:00', NULL),
(2837, 608, 28, 8, 1, 1, 1, '2018-06-02 00:00:00', '2018-06-02 00:00:00', NULL),
(2838, 596, 27, 1, 1, 1, 1, '2018-06-01 00:00:00', '2018-06-01 00:00:00', NULL),
(2839, 596, 27, 2, 1, 1, 1, '2018-06-01 00:00:00', '2018-06-01 00:00:00', NULL),
(2840, 596, 27, 3, 1, 1, 1, '2018-06-01 00:00:00', '2018-06-01 00:00:00', NULL),
(2841, 596, 27, 4, 1, 1, 1, '2018-06-01 00:00:00', '2018-06-01 00:00:00', NULL),
(2842, 7, 22, 1, 1, 1, 1, '2018-06-07 00:00:00', '2018-06-07 00:00:00', NULL),
(2843, 7, 22, 2, 1, 1, 1, '2018-06-07 00:00:00', '2018-06-07 00:00:00', NULL),
(2844, 576, 29, 1, 1, 1, 1, '2018-06-06 00:00:00', '2018-06-06 00:00:00', NULL),
(2845, 576, 29, 2, 1, 1, 1, '2018-06-06 00:00:00', '2018-06-06 00:00:00', NULL),
(2846, 628, 26, 1, 1, 1, 1, '2018-05-31 00:00:00', '2018-05-31 00:00:00', NULL),
(2847, 383, 31, 1, 1, 1, 1, '2018-06-05 00:00:00', '2018-06-05 00:00:00', NULL),
(2848, 490, 30, 1, 1, 1, 1, '2018-06-01 00:00:00', '2018-06-01 00:00:00', NULL),
(2849, 490, 30, 2, 1, 1, 1, '2018-06-01 00:00:00', '2018-06-01 00:00:00', NULL),
(2850, 490, 30, 3, 1, 1, 1, '2018-06-01 00:00:00', '2018-06-01 00:00:00', NULL),
(2851, 490, 30, 4, 1, 1, 1, '2018-06-01 00:00:00', '2018-06-01 00:00:00', NULL),
(2852, 490, 30, 5, 1, 1, 1, '2018-06-01 00:00:00', '2018-06-01 00:00:00', NULL),
(2853, 490, 30, 6, 1, 1, 1, '2018-06-01 00:00:00', '2018-06-01 00:00:00', NULL),
(2854, 464, 31, 1, 1, 1, 1, '2018-06-04 00:00:00', '2018-06-04 00:00:00', NULL),
(2855, 464, 31, 2, 1, 1, 1, '2018-06-04 00:00:00', '2018-06-04 00:00:00', NULL),
(2856, 464, 31, 3, 1, 1, 1, '2018-06-04 00:00:00', '2018-06-04 00:00:00', NULL),
(2857, 464, 31, 4, 1, 1, 1, '2018-06-04 00:00:00', '2018-06-04 00:00:00', NULL),
(2858, 464, 31, 5, 1, 1, 1, '2018-06-04 00:00:00', '2018-06-04 00:00:00', NULL),
(2859, 464, 31, 6, 1, 1, 1, '2018-06-04 00:00:00', '2018-06-04 00:00:00', NULL),
(2860, 464, 31, 7, 1, 1, 1, '2018-06-04 00:00:00', '2018-06-04 00:00:00', NULL),
(2861, 464, 31, 8, 1, 1, 1, '2018-06-04 00:00:00', '2018-06-04 00:00:00', NULL),
(2862, 482, 29, 1, 1, 1, 1, '2018-06-06 00:00:00', '2018-06-06 00:00:00', NULL),
(2863, 482, 29, 2, 1, 1, 1, '2018-06-06 00:00:00', '2018-06-06 00:00:00', NULL),
(2864, 482, 29, 3, 1, 1, 1, '2018-06-06 00:00:00', '2018-06-06 00:00:00', NULL),
(2865, 482, 29, 4, 1, 1, 1, '2018-06-06 00:00:00', '2018-06-06 00:00:00', NULL),
(2866, 482, 29, 5, 1, 1, 1, '2018-06-06 00:00:00', '2018-06-06 00:00:00', NULL),
(2867, 482, 29, 6, 1, 1, 1, '2018-06-06 00:00:00', '2018-06-06 00:00:00', NULL),
(2868, 482, 29, 7, 1, 1, 1, '2018-06-06 00:00:00', '2018-06-06 00:00:00', NULL),
(2869, 756, 1, 1, 1, 1, 1, '2018-06-06 00:00:00', '2018-06-06 00:00:00', NULL),
(2870, 756, 1, 2, 1, 1, 1, '2018-06-06 00:00:00', '2018-06-06 00:00:00', NULL),
(2871, 508, 27, 1, 1, 1, 1, '2018-06-03 00:00:00', '2018-06-03 00:00:00', NULL),
(2872, 508, 27, 2, 1, 1, 1, '2018-06-03 00:00:00', '2018-06-03 00:00:00', NULL),
(2873, 508, 27, 3, 1, 1, 1, '2018-06-03 00:00:00', '2018-06-03 00:00:00', NULL),
(2874, 233, 30, 1, 1, 1, 1, '2018-06-06 00:00:00', '2018-06-06 00:00:00', NULL),
(2875, 233, 30, 2, 1, 1, 1, '2018-06-06 00:00:00', '2018-06-06 00:00:00', NULL),
(2876, 233, 30, 3, 1, 1, 1, '2018-06-06 00:00:00', '2018-06-06 00:00:00', NULL),
(2877, 233, 30, 4, 1, 1, 1, '2018-06-06 00:00:00', '2018-06-06 00:00:00', NULL),
(2878, 168, 29, 1, 1, 1, 1, '2018-06-07 00:00:00', '2018-06-07 00:00:00', NULL),
(2879, 168, 29, 2, 1, 1, 1, '2018-06-07 00:00:00', '2018-06-07 00:00:00', NULL),
(2880, 168, 29, 3, 1, 1, 1, '2018-06-07 00:00:00', '2018-06-07 00:00:00', NULL),
(2881, 168, 29, 4, 1, 1, 1, '2018-06-07 00:00:00', '2018-06-07 00:00:00', NULL),
(2882, 168, 29, 5, 1, 1, 1, '2018-06-07 00:00:00', '2018-06-07 00:00:00', NULL),
(2883, 168, 29, 6, 1, 1, 1, '2018-06-07 00:00:00', '2018-06-07 00:00:00', NULL),
(2884, 168, 29, 7, 1, 1, 1, '2018-06-07 00:00:00', '2018-06-07 00:00:00', NULL),
(2885, 170, 23, 1, 1, 1, 1, '2018-05-31 00:00:00', '2018-05-31 00:00:00', NULL),
(2886, 170, 23, 2, 1, 1, 1, '2018-05-31 00:00:00', '2018-05-31 00:00:00', NULL),
(2887, 170, 23, 3, 1, 1, 1, '2018-05-31 00:00:00', '2018-05-31 00:00:00', NULL),
(2888, 170, 23, 4, 1, 1, 1, '2018-05-31 00:00:00', '2018-05-31 00:00:00', NULL),
(2889, 170, 23, 5, 1, 1, 1, '2018-05-31 00:00:00', '2018-05-31 00:00:00', NULL),
(2890, 604, 28, 1, 1, 1, 1, '2018-06-03 00:00:00', '2018-06-03 00:00:00', NULL),
(2891, 604, 28, 2, 1, 1, 1, '2018-06-03 00:00:00', '2018-06-03 00:00:00', NULL),
(2892, 604, 28, 3, 1, 1, 1, '2018-06-03 00:00:00', '2018-06-03 00:00:00', NULL),
(2893, 604, 28, 4, 1, 1, 1, '2018-06-03 00:00:00', '2018-06-03 00:00:00', NULL),
(2894, 604, 28, 5, 1, 1, 1, '2018-06-03 00:00:00', '2018-06-03 00:00:00', NULL),
(2895, 604, 28, 6, 1, 1, 1, '2018-06-03 00:00:00', '2018-06-03 00:00:00', NULL),
(2896, 604, 28, 7, 1, 1, 1, '2018-06-03 00:00:00', '2018-06-03 00:00:00', NULL),
(2897, 604, 28, 8, 1, 1, 1, '2018-06-03 00:00:00', '2018-06-03 00:00:00', NULL),
(2898, 284, 1, 1, 1, 1, 1, '2018-06-04 00:00:00', '2018-06-04 00:00:00', NULL),
(2899, 284, 1, 2, 1, 1, 1, '2018-06-04 00:00:00', '2018-06-04 00:00:00', NULL),
(2900, 284, 1, 3, 1, 1, 1, '2018-06-04 00:00:00', '2018-06-04 00:00:00', NULL),
(2901, 284, 1, 4, 1, 1, 1, '2018-06-04 00:00:00', '2018-06-04 00:00:00', NULL),
(2902, 284, 1, 5, 1, 1, 1, '2018-06-04 00:00:00', '2018-06-04 00:00:00', NULL),
(2903, 284, 1, 6, 1, 1, 1, '2018-06-04 00:00:00', '2018-06-04 00:00:00', NULL),
(2904, 284, 1, 7, 1, 1, 1, '2018-06-04 00:00:00', '2018-06-04 00:00:00', NULL),
(2905, 284, 1, 8, 1, 1, 1, '2018-06-04 00:00:00', '2018-06-04 00:00:00', NULL),
(2906, 262, 1, 1, 1, 1, 1, '2018-06-04 00:00:00', '2018-06-04 00:00:00', NULL),
(2907, 262, 1, 2, 1, 1, 1, '2018-06-04 00:00:00', '2018-06-04 00:00:00', NULL),
(2908, 262, 1, 3, 1, 1, 1, '2018-06-04 00:00:00', '2018-06-04 00:00:00', NULL),
(2909, 262, 1, 4, 1, 1, 1, '2018-06-04 00:00:00', '2018-06-04 00:00:00', NULL),
(2910, 262, 1, 5, 1, 1, 1, '2018-06-04 00:00:00', '2018-06-04 00:00:00', NULL),
(2911, 435, 25, 1, 1, 1, 1, '2018-06-06 00:00:00', '2018-06-06 00:00:00', NULL),
(2912, 435, 25, 2, 1, 1, 1, '2018-06-06 00:00:00', '2018-06-06 00:00:00', NULL),
(2913, 749, 24, 1, 1, 1, 1, '2018-06-02 00:00:00', '2018-06-02 00:00:00', NULL),
(2914, 389, 27, 1, 1, 1, 1, '2018-06-01 00:00:00', '2018-06-01 00:00:00', NULL),
(2915, 389, 27, 2, 1, 1, 1, '2018-06-01 00:00:00', '2018-06-01 00:00:00', NULL),
(2916, 504, 26, 1, 1, 1, 1, '2018-06-04 00:00:00', '2018-06-04 00:00:00', NULL),
(2917, 504, 26, 2, 1, 1, 1, '2018-06-04 00:00:00', '2018-06-04 00:00:00', NULL),
(2918, 504, 26, 3, 1, 1, 1, '2018-06-04 00:00:00', '2018-06-04 00:00:00', NULL),
(2919, 504, 26, 4, 1, 1, 1, '2018-06-04 00:00:00', '2018-06-04 00:00:00', NULL),
(2920, 504, 26, 5, 1, 1, 1, '2018-06-04 00:00:00', '2018-06-04 00:00:00', NULL),
(2921, 504, 26, 6, 1, 1, 1, '2018-06-04 00:00:00', '2018-06-04 00:00:00', NULL),
(2922, 504, 26, 7, 1, 1, 1, '2018-06-04 00:00:00', '2018-06-04 00:00:00', NULL),
(2923, 504, 26, 8, 1, 1, 1, '2018-06-04 00:00:00', '2018-06-04 00:00:00', NULL),
(2924, 439, 31, 1, 1, 1, 1, '2018-06-05 00:00:00', '2018-06-05 00:00:00', NULL),
(2925, 439, 31, 2, 1, 1, 1, '2018-06-05 00:00:00', '2018-06-05 00:00:00', NULL),
(2926, 439, 31, 3, 1, 1, 1, '2018-06-05 00:00:00', '2018-06-05 00:00:00', NULL),
(2927, 439, 31, 4, 1, 1, 1, '2018-06-05 00:00:00', '2018-06-05 00:00:00', NULL),
(2928, 439, 31, 5, 1, 1, 1, '2018-06-05 00:00:00', '2018-06-05 00:00:00', NULL),
(2929, 439, 31, 6, 1, 1, 1, '2018-06-05 00:00:00', '2018-06-05 00:00:00', NULL),
(2930, 447, 30, 1, 1, 1, 1, '2018-06-05 00:00:00', '2018-06-05 00:00:00', NULL),
(2931, 447, 30, 2, 1, 1, 1, '2018-06-05 00:00:00', '2018-06-05 00:00:00', NULL),
(2932, 447, 30, 3, 1, 1, 1, '2018-06-05 00:00:00', '2018-06-05 00:00:00', NULL),
(2933, 447, 30, 4, 1, 1, 1, '2018-06-05 00:00:00', '2018-06-05 00:00:00', NULL),
(2934, 447, 30, 5, 1, 1, 1, '2018-06-05 00:00:00', '2018-06-05 00:00:00', NULL),
(2935, 447, 30, 6, 1, 1, 1, '2018-06-05 00:00:00', '2018-06-05 00:00:00', NULL),
(2936, 447, 30, 7, 1, 1, 1, '2018-06-05 00:00:00', '2018-06-05 00:00:00', NULL),
(2937, 447, 30, 8, 1, 1, 1, '2018-06-05 00:00:00', '2018-06-05 00:00:00', NULL),
(2938, 73, 26, 1, 1, 1, 1, '2018-06-06 00:00:00', '2018-06-06 00:00:00', NULL),
(2939, 225, 22, 1, 1, 1, 1, '2018-06-01 00:00:00', '2018-06-01 00:00:00', NULL),
(2940, 225, 22, 2, 1, 1, 1, '2018-06-01 00:00:00', '2018-06-01 00:00:00', NULL),
(2941, 759, 24, 1, 1, 1, 1, '2018-06-05 00:00:00', '2018-06-05 00:00:00', NULL),
(2942, 759, 24, 2, 1, 1, 1, '2018-06-05 00:00:00', '2018-06-05 00:00:00', NULL),
(2943, 759, 24, 3, 1, 1, 1, '2018-06-05 00:00:00', '2018-06-05 00:00:00', NULL),
(2944, 759, 24, 4, 1, 1, 1, '2018-06-05 00:00:00', '2018-06-05 00:00:00', NULL),
(2945, 759, 24, 5, 1, 1, 1, '2018-06-05 00:00:00', '2018-06-05 00:00:00', NULL),
(2946, 759, 24, 6, 1, 1, 1, '2018-06-05 00:00:00', '2018-06-05 00:00:00', NULL),
(2947, 759, 24, 7, 1, 1, 1, '2018-06-05 00:00:00', '2018-06-05 00:00:00', NULL),
(2948, 55, 25, 1, 1, 1, 1, '2018-06-05 00:00:00', '2018-06-05 00:00:00', NULL),
(2949, 55, 25, 2, 1, 1, 1, '2018-06-05 00:00:00', '2018-06-05 00:00:00', NULL),
(2950, 55, 25, 3, 1, 1, 1, '2018-06-05 00:00:00', '2018-06-05 00:00:00', NULL),
(2951, 55, 25, 4, 1, 1, 1, '2018-06-05 00:00:00', '2018-06-05 00:00:00', NULL),
(2952, 55, 25, 5, 1, 1, 1, '2018-06-05 00:00:00', '2018-06-05 00:00:00', NULL),
(2953, 55, 25, 6, 1, 1, 1, '2018-06-05 00:00:00', '2018-06-05 00:00:00', NULL),
(2954, 557, 31, 1, 1, 1, 1, '2018-06-03 00:00:00', '2018-06-03 00:00:00', NULL),
(2955, 557, 31, 2, 1, 1, 1, '2018-06-03 00:00:00', '2018-06-03 00:00:00', NULL),
(2956, 557, 31, 3, 1, 1, 1, '2018-06-03 00:00:00', '2018-06-03 00:00:00', NULL),
(2957, 557, 31, 4, 1, 1, 1, '2018-06-03 00:00:00', '2018-06-03 00:00:00', NULL),
(2958, 557, 31, 5, 1, 1, 1, '2018-06-03 00:00:00', '2018-06-03 00:00:00', NULL),
(2959, 557, 31, 6, 1, 1, 1, '2018-06-03 00:00:00', '2018-06-03 00:00:00', NULL),
(2960, 557, 31, 7, 1, 1, 1, '2018-06-03 00:00:00', '2018-06-03 00:00:00', NULL),
(2961, 557, 31, 8, 1, 1, 1, '2018-06-03 00:00:00', '2018-06-03 00:00:00', NULL),
(2962, 615, 24, 1, 1, 1, 1, '2018-06-06 00:00:00', '2018-06-06 00:00:00', NULL),
(2963, 615, 24, 2, 1, 1, 1, '2018-06-06 00:00:00', '2018-06-06 00:00:00', NULL),
(2964, 615, 24, 3, 1, 1, 1, '2018-06-06 00:00:00', '2018-06-06 00:00:00', NULL),
(2965, 615, 24, 4, 1, 1, 1, '2018-06-06 00:00:00', '2018-06-06 00:00:00', NULL),
(2966, 782, 29, 1, 1, 1, 1, '2018-06-05 00:00:00', '2018-06-05 00:00:00', NULL),
(2967, 543, 31, 1, 1, 1, 1, '2018-06-05 00:00:00', '2018-06-05 00:00:00', NULL),
(2968, 543, 31, 2, 1, 1, 1, '2018-06-05 00:00:00', '2018-06-05 00:00:00', NULL),
(2969, 543, 31, 3, 1, 1, 1, '2018-06-05 00:00:00', '2018-06-05 00:00:00', NULL),
(2970, 543, 31, 4, 1, 1, 1, '2018-06-05 00:00:00', '2018-06-05 00:00:00', NULL),
(2971, 421, 25, 1, 1, 1, 1, '2018-06-02 00:00:00', '2018-06-02 00:00:00', NULL),
(2972, 552, 25, 1, 1, 1, 1, '2018-06-06 00:00:00', '2018-06-06 00:00:00', NULL),
(2973, 455, 22, 1, 1, 1, 1, '2018-06-03 00:00:00', '2018-06-03 00:00:00', NULL),
(2974, 455, 22, 2, 1, 1, 1, '2018-06-03 00:00:00', '2018-06-03 00:00:00', NULL),
(2975, 455, 22, 3, 1, 1, 1, '2018-06-03 00:00:00', '2018-06-03 00:00:00', NULL),
(2976, 455, 22, 4, 1, 1, 1, '2018-06-03 00:00:00', '2018-06-03 00:00:00', NULL),
(2977, 455, 22, 5, 1, 1, 1, '2018-06-03 00:00:00', '2018-06-03 00:00:00', NULL),
(2978, 444, 31, 1, 1, 1, 1, '2018-06-06 00:00:00', '2018-06-06 00:00:00', NULL),
(2979, 444, 31, 2, 1, 1, 1, '2018-06-06 00:00:00', '2018-06-06 00:00:00', NULL),
(2980, 444, 31, 3, 1, 1, 1, '2018-06-06 00:00:00', '2018-06-06 00:00:00', NULL),
(2981, 444, 31, 4, 1, 1, 1, '2018-06-06 00:00:00', '2018-06-06 00:00:00', NULL),
(2982, 444, 31, 5, 1, 1, 1, '2018-06-06 00:00:00', '2018-06-06 00:00:00', NULL),
(2983, 263, 26, 1, 1, 1, 1, '2018-06-05 00:00:00', '2018-06-05 00:00:00', NULL),
(2984, 263, 26, 2, 1, 1, 1, '2018-06-05 00:00:00', '2018-06-05 00:00:00', NULL),
(2985, 263, 26, 3, 1, 1, 1, '2018-06-05 00:00:00', '2018-06-05 00:00:00', NULL),
(2986, 263, 26, 4, 1, 1, 1, '2018-06-05 00:00:00', '2018-06-05 00:00:00', NULL),
(2987, 263, 26, 5, 1, 1, 1, '2018-06-05 00:00:00', '2018-06-05 00:00:00', NULL),
(2988, 263, 26, 6, 1, 1, 1, '2018-06-05 00:00:00', '2018-06-05 00:00:00', NULL),
(2989, 263, 26, 7, 1, 1, 1, '2018-06-05 00:00:00', '2018-06-05 00:00:00', NULL),
(2990, 263, 26, 8, 1, 1, 1, '2018-06-05 00:00:00', '2018-06-05 00:00:00', NULL),
(2991, 480, 27, 1, 1, 1, 1, '2018-05-31 00:00:00', '2018-05-31 00:00:00', NULL),
(2992, 480, 27, 2, 1, 1, 1, '2018-05-31 00:00:00', '2018-05-31 00:00:00', NULL),
(2993, 480, 27, 3, 1, 1, 1, '2018-05-31 00:00:00', '2018-05-31 00:00:00', NULL),
(2994, 480, 27, 4, 1, 1, 1, '2018-05-31 00:00:00', '2018-05-31 00:00:00', NULL),
(2995, 480, 27, 5, 1, 1, 1, '2018-05-31 00:00:00', '2018-05-31 00:00:00', NULL),
(2996, 480, 27, 6, 1, 1, 1, '2018-05-31 00:00:00', '2018-05-31 00:00:00', NULL),
(2997, 345, 27, 1, 1, 1, 1, '2018-06-04 00:00:00', '2018-06-04 00:00:00', NULL),
(2998, 345, 27, 2, 1, 1, 1, '2018-06-04 00:00:00', '2018-06-04 00:00:00', NULL),
(2999, 345, 27, 3, 1, 1, 1, '2018-06-04 00:00:00', '2018-06-04 00:00:00', NULL),
(3000, 345, 27, 4, 1, 1, 1, '2018-06-04 00:00:00', '2018-06-04 00:00:00', NULL),
(3001, 345, 27, 5, 1, 1, 1, '2018-06-04 00:00:00', '2018-06-04 00:00:00', NULL),
(3002, 188, 31, 1, 1, 1, 1, '2018-06-06 00:00:00', '2018-06-06 00:00:00', NULL),
(3003, 188, 31, 2, 1, 1, 1, '2018-06-06 00:00:00', '2018-06-06 00:00:00', NULL),
(3004, 188, 31, 3, 1, 1, 1, '2018-06-06 00:00:00', '2018-06-06 00:00:00', NULL),
(3005, 188, 31, 4, 1, 1, 1, '2018-06-06 00:00:00', '2018-06-06 00:00:00', NULL),
(3006, 188, 31, 5, 1, 1, 1, '2018-06-06 00:00:00', '2018-06-06 00:00:00', NULL),
(3007, 188, 31, 6, 1, 1, 1, '2018-06-06 00:00:00', '2018-06-06 00:00:00', NULL),
(3008, 276, 30, 1, 1, 1, 1, '2018-06-01 00:00:00', '2018-06-01 00:00:00', NULL),
(3009, 276, 30, 2, 1, 1, 1, '2018-06-01 00:00:00', '2018-06-01 00:00:00', NULL),
(3010, 276, 30, 3, 1, 1, 1, '2018-06-01 00:00:00', '2018-06-01 00:00:00', NULL),
(3011, 293, 1, 1, 1, 1, 1, '2018-06-01 00:00:00', '2018-06-01 00:00:00', NULL),
(3012, 293, 1, 2, 1, 1, 1, '2018-06-01 00:00:00', '2018-06-01 00:00:00', NULL),
(3013, 293, 1, 3, 1, 1, 1, '2018-06-01 00:00:00', '2018-06-01 00:00:00', NULL),
(3014, 293, 1, 4, 1, 1, 1, '2018-06-01 00:00:00', '2018-06-01 00:00:00', NULL),
(3015, 293, 1, 5, 1, 1, 1, '2018-06-01 00:00:00', '2018-06-01 00:00:00', NULL),
(3016, 293, 1, 6, 1, 1, 1, '2018-06-01 00:00:00', '2018-06-01 00:00:00', NULL),
(3017, 293, 1, 7, 1, 1, 1, '2018-06-01 00:00:00', '2018-06-01 00:00:00', NULL),
(3018, 293, 1, 8, 1, 1, 1, '2018-06-01 00:00:00', '2018-06-01 00:00:00', NULL),
(3019, 201, 29, 1, 1, 1, 1, '2018-06-03 00:00:00', '2018-06-03 00:00:00', NULL),
(3020, 201, 29, 2, 1, 1, 1, '2018-06-03 00:00:00', '2018-06-03 00:00:00', NULL),
(3021, 201, 29, 3, 1, 1, 1, '2018-06-03 00:00:00', '2018-06-03 00:00:00', NULL),
(3022, 668, 30, 1, 1, 1, 1, '2018-06-01 00:00:00', '2018-06-01 00:00:00', NULL),
(3023, 411, 23, 1, 1, 1, 1, '2018-06-06 00:00:00', '2018-06-06 00:00:00', NULL),
(3024, 411, 23, 2, 1, 1, 1, '2018-06-06 00:00:00', '2018-06-06 00:00:00', NULL),
(3025, 537, 25, 1, 1, 1, 1, '2018-06-06 00:00:00', '2018-06-06 00:00:00', NULL),
(3026, 537, 25, 2, 1, 1, 1, '2018-06-06 00:00:00', '2018-06-06 00:00:00', NULL),
(3027, 537, 25, 3, 1, 1, 1, '2018-06-06 00:00:00', '2018-06-06 00:00:00', NULL),
(3028, 537, 25, 4, 1, 1, 1, '2018-06-06 00:00:00', '2018-06-06 00:00:00', NULL),
(3029, 537, 25, 5, 1, 1, 1, '2018-06-06 00:00:00', '2018-06-06 00:00:00', NULL),
(3030, 304, 31, 1, 1, 1, 1, '2018-06-06 00:00:00', '2018-06-06 00:00:00', NULL),
(3031, 304, 31, 2, 1, 1, 1, '2018-06-06 00:00:00', '2018-06-06 00:00:00', NULL),
(3032, 304, 31, 3, 1, 1, 1, '2018-06-06 00:00:00', '2018-06-06 00:00:00', NULL),
(3033, 304, 31, 4, 1, 1, 1, '2018-06-06 00:00:00', '2018-06-06 00:00:00', NULL),
(3034, 304, 31, 5, 1, 1, 1, '2018-06-06 00:00:00', '2018-06-06 00:00:00', NULL),
(3035, 304, 31, 6, 1, 1, 1, '2018-06-06 00:00:00', '2018-06-06 00:00:00', NULL),
(3036, 634, 27, 1, 1, 1, 1, '2018-06-03 00:00:00', '2018-06-03 00:00:00', NULL),
(3037, 634, 27, 2, 1, 1, 1, '2018-06-03 00:00:00', '2018-06-03 00:00:00', NULL),
(3038, 634, 27, 3, 1, 1, 1, '2018-06-03 00:00:00', '2018-06-03 00:00:00', NULL),
(3039, 634, 27, 4, 1, 1, 1, '2018-06-03 00:00:00', '2018-06-03 00:00:00', NULL),
(3040, 430, 31, 1, 1, 1, 1, '2018-06-05 00:00:00', '2018-06-05 00:00:00', NULL),
(3041, 430, 31, 2, 1, 1, 1, '2018-06-05 00:00:00', '2018-06-05 00:00:00', NULL),
(3042, 77, 24, 1, 1, 1, 1, '2018-06-06 00:00:00', '2018-06-06 00:00:00', NULL),
(3043, 77, 24, 2, 1, 1, 1, '2018-06-06 00:00:00', '2018-06-06 00:00:00', NULL),
(3044, 77, 24, 3, 1, 1, 1, '2018-06-06 00:00:00', '2018-06-06 00:00:00', NULL),
(3045, 620, 27, 1, 1, 1, 1, '2018-06-07 00:00:00', '2018-06-07 00:00:00', NULL),
(3046, 620, 27, 2, 1, 1, 1, '2018-06-07 00:00:00', '2018-06-07 00:00:00', NULL),
(3047, 620, 27, 3, 1, 1, 1, '2018-06-07 00:00:00', '2018-06-07 00:00:00', NULL),
(3048, 620, 27, 4, 1, 1, 1, '2018-06-07 00:00:00', '2018-06-07 00:00:00', NULL),
(3049, 620, 27, 5, 1, 1, 1, '2018-06-07 00:00:00', '2018-06-07 00:00:00', NULL),
(3050, 620, 27, 6, 1, 1, 1, '2018-06-07 00:00:00', '2018-06-07 00:00:00', NULL),
(3051, 750, 23, 1, 1, 1, 1, '2018-06-05 00:00:00', '2018-06-05 00:00:00', NULL),
(3052, 750, 23, 2, 1, 1, 1, '2018-06-05 00:00:00', '2018-06-05 00:00:00', NULL),
(3053, 750, 23, 3, 1, 1, 1, '2018-06-05 00:00:00', '2018-06-05 00:00:00', NULL),
(3054, 750, 23, 4, 1, 1, 1, '2018-06-05 00:00:00', '2018-06-05 00:00:00', NULL),
(3055, 60, 24, 1, 1, 1, 1, '2018-06-02 00:00:00', '2018-06-02 00:00:00', NULL),
(3056, 60, 24, 2, 1, 1, 1, '2018-06-02 00:00:00', '2018-06-02 00:00:00', NULL),
(3057, 344, 1, 1, 1, 1, 1, '2018-06-02 00:00:00', '2018-06-02 00:00:00', NULL),
(3058, 344, 1, 2, 1, 1, 1, '2018-06-02 00:00:00', '2018-06-02 00:00:00', NULL),
(3059, 732, 23, 1, 1, 1, 1, '2018-06-06 00:00:00', '2018-06-06 00:00:00', NULL),
(3060, 732, 23, 2, 1, 1, 1, '2018-06-06 00:00:00', '2018-06-06 00:00:00', NULL),
(3061, 732, 23, 3, 1, 1, 1, '2018-06-06 00:00:00', '2018-06-06 00:00:00', NULL),
(3062, 732, 23, 4, 1, 1, 1, '2018-06-06 00:00:00', '2018-06-06 00:00:00', NULL),
(3063, 431, 22, 1, 1, 1, 1, '2018-06-01 00:00:00', '2018-06-01 00:00:00', NULL),
(3064, 581, 27, 1, 1, 1, 1, '2018-06-04 00:00:00', '2018-06-04 00:00:00', NULL),
(3065, 581, 27, 2, 1, 1, 1, '2018-06-04 00:00:00', '2018-06-04 00:00:00', NULL),
(3066, 581, 27, 3, 1, 1, 1, '2018-06-04 00:00:00', '2018-06-04 00:00:00', NULL),
(3067, 581, 27, 4, 1, 1, 1, '2018-06-04 00:00:00', '2018-06-04 00:00:00', NULL),
(3068, 63, 22, 1, 1, 1, 1, '2018-06-04 00:00:00', '2018-06-04 00:00:00', NULL),
(3069, 169, 31, 1, 1, 1, 1, '2018-06-07 00:00:00', '2018-06-07 00:00:00', NULL),
(3070, 158, 1, 1, 1, 1, 1, '2018-05-31 00:00:00', '2018-05-31 00:00:00', NULL),
(3071, 158, 1, 2, 1, 1, 1, '2018-05-31 00:00:00', '2018-05-31 00:00:00', NULL),
(3072, 158, 1, 3, 1, 1, 1, '2018-05-31 00:00:00', '2018-05-31 00:00:00', NULL),
(3073, 158, 1, 4, 1, 1, 1, '2018-05-31 00:00:00', '2018-05-31 00:00:00', NULL),
(3074, 158, 1, 5, 1, 1, 1, '2018-05-31 00:00:00', '2018-05-31 00:00:00', NULL),
(3075, 158, 1, 6, 1, 1, 1, '2018-05-31 00:00:00', '2018-05-31 00:00:00', NULL),
(3076, 10, 23, 1, 1, 1, 1, '2018-06-01 00:00:00', '2018-06-01 00:00:00', NULL),
(3077, 10, 23, 2, 1, 1, 1, '2018-06-01 00:00:00', '2018-06-01 00:00:00', NULL),
(3078, 10, 23, 3, 1, 1, 1, '2018-06-01 00:00:00', '2018-06-01 00:00:00', NULL),
(3079, 10, 23, 4, 1, 1, 1, '2018-06-01 00:00:00', '2018-06-01 00:00:00', NULL),
(3080, 10, 23, 5, 1, 1, 1, '2018-06-01 00:00:00', '2018-06-01 00:00:00', NULL),
(3081, 10, 23, 6, 1, 1, 1, '2018-06-01 00:00:00', '2018-06-01 00:00:00', NULL),
(3082, 22, 22, 1, 1, 1, 1, '2018-06-03 00:00:00', '2018-06-03 00:00:00', NULL),
(3083, 22, 22, 2, 1, 1, 1, '2018-06-03 00:00:00', '2018-06-03 00:00:00', NULL),
(3084, 22, 22, 3, 1, 1, 1, '2018-06-03 00:00:00', '2018-06-03 00:00:00', NULL),
(3085, 22, 22, 4, 1, 1, 1, '2018-06-03 00:00:00', '2018-06-03 00:00:00', NULL),
(3086, 22, 22, 5, 1, 1, 1, '2018-06-03 00:00:00', '2018-06-03 00:00:00', NULL),
(3087, 22, 22, 6, 1, 1, 1, '2018-06-03 00:00:00', '2018-06-03 00:00:00', NULL),
(3088, 22, 22, 7, 1, 1, 1, '2018-06-03 00:00:00', '2018-06-03 00:00:00', NULL),
(3089, 22, 22, 8, 1, 1, 1, '2018-06-03 00:00:00', '2018-06-03 00:00:00', NULL),
(3090, 725, 1, 1, 1, 1, 1, '2018-06-04 00:00:00', '2018-06-04 00:00:00', NULL),
(3091, 725, 1, 2, 1, 1, 1, '2018-06-04 00:00:00', '2018-06-04 00:00:00', NULL),
(3092, 725, 1, 3, 1, 1, 1, '2018-06-04 00:00:00', '2018-06-04 00:00:00', NULL),
(3093, 725, 1, 4, 1, 1, 1, '2018-06-04 00:00:00', '2018-06-04 00:00:00', NULL),
(3094, 247, 28, 1, 1, 1, 1, '2018-06-05 00:00:00', '2018-06-05 00:00:00', NULL),
(3095, 247, 28, 2, 1, 1, 1, '2018-06-05 00:00:00', '2018-06-05 00:00:00', NULL),
(3096, 247, 28, 3, 1, 1, 1, '2018-06-05 00:00:00', '2018-06-05 00:00:00', NULL),
(3097, 247, 28, 4, 1, 1, 1, '2018-06-05 00:00:00', '2018-06-05 00:00:00', NULL),
(3098, 247, 28, 5, 1, 1, 1, '2018-06-05 00:00:00', '2018-06-05 00:00:00', NULL),
(3099, 247, 28, 6, 1, 1, 1, '2018-06-05 00:00:00', '2018-06-05 00:00:00', NULL),
(3100, 274, 1, 1, 1, 1, 1, '2018-06-02 00:00:00', '2018-06-02 00:00:00', NULL),
(3101, 274, 1, 2, 1, 1, 1, '2018-06-02 00:00:00', '2018-06-02 00:00:00', NULL),
(3102, 274, 1, 3, 1, 1, 1, '2018-06-02 00:00:00', '2018-06-02 00:00:00', NULL),
(3103, 274, 1, 4, 1, 1, 1, '2018-06-02 00:00:00', '2018-06-02 00:00:00', NULL),
(3104, 274, 1, 5, 1, 1, 1, '2018-06-02 00:00:00', '2018-06-02 00:00:00', NULL),
(3105, 274, 1, 6, 1, 1, 1, '2018-06-02 00:00:00', '2018-06-02 00:00:00', NULL),
(3106, 274, 1, 7, 1, 1, 1, '2018-06-02 00:00:00', '2018-06-02 00:00:00', NULL),
(3107, 274, 1, 8, 1, 1, 1, '2018-06-02 00:00:00', '2018-06-02 00:00:00', NULL),
(3108, 587, 25, 1, 1, 1, 1, '2018-05-31 00:00:00', '2018-05-31 00:00:00', NULL),
(3109, 587, 25, 2, 1, 1, 1, '2018-05-31 00:00:00', '2018-05-31 00:00:00', NULL),
(3110, 587, 25, 3, 1, 1, 1, '2018-05-31 00:00:00', '2018-05-31 00:00:00', NULL),
(3111, 567, 25, 1, 1, 1, 1, '2018-06-06 00:00:00', '2018-06-06 00:00:00', NULL),
(3112, 567, 25, 2, 1, 1, 1, '2018-06-06 00:00:00', '2018-06-06 00:00:00', NULL),
(3113, 429, 22, 1, 1, 1, 1, '2018-06-07 00:00:00', '2018-06-07 00:00:00', NULL),
(3114, 429, 22, 2, 1, 1, 1, '2018-06-07 00:00:00', '2018-06-07 00:00:00', NULL),
(3115, 429, 22, 3, 1, 1, 1, '2018-06-07 00:00:00', '2018-06-07 00:00:00', NULL),
(3116, 129, 26, 1, 1, 1, 1, '2018-06-07 00:00:00', '2018-06-07 00:00:00', NULL),
(3117, 129, 26, 2, 1, 1, 1, '2018-06-07 00:00:00', '2018-06-07 00:00:00', NULL),
(3118, 129, 26, 3, 1, 1, 1, '2018-06-07 00:00:00', '2018-06-07 00:00:00', NULL),
(3119, 129, 26, 4, 1, 1, 1, '2018-06-07 00:00:00', '2018-06-07 00:00:00', NULL),
(3120, 129, 26, 5, 1, 1, 1, '2018-06-07 00:00:00', '2018-06-07 00:00:00', NULL),
(3121, 129, 26, 6, 1, 1, 1, '2018-06-07 00:00:00', '2018-06-07 00:00:00', NULL),
(3122, 129, 26, 7, 1, 1, 1, '2018-06-07 00:00:00', '2018-06-07 00:00:00', NULL),
(3123, 215, 24, 1, 1, 1, 1, '2018-05-31 00:00:00', '2018-05-31 00:00:00', NULL),
(3124, 215, 24, 2, 1, 1, 1, '2018-05-31 00:00:00', '2018-05-31 00:00:00', NULL),
(3125, 215, 24, 3, 1, 1, 1, '2018-05-31 00:00:00', '2018-05-31 00:00:00', NULL),
(3126, 215, 24, 4, 1, 1, 1, '2018-05-31 00:00:00', '2018-05-31 00:00:00', NULL),
(3127, 212, 24, 1, 1, 1, 1, '2018-06-05 00:00:00', '2018-06-05 00:00:00', NULL),
(3128, 212, 24, 2, 1, 1, 1, '2018-06-05 00:00:00', '2018-06-05 00:00:00', NULL),
(3129, 212, 24, 3, 1, 1, 1, '2018-06-05 00:00:00', '2018-06-05 00:00:00', NULL),
(3130, 212, 24, 4, 1, 1, 1, '2018-06-05 00:00:00', '2018-06-05 00:00:00', NULL),
(3131, 361, 23, 1, 1, 1, 1, '2018-06-04 00:00:00', '2018-06-04 00:00:00', NULL),
(3132, 361, 23, 2, 1, 1, 1, '2018-06-04 00:00:00', '2018-06-04 00:00:00', NULL),
(3133, 361, 23, 3, 1, 1, 1, '2018-06-04 00:00:00', '2018-06-04 00:00:00', NULL),
(3134, 361, 23, 4, 1, 1, 1, '2018-06-04 00:00:00', '2018-06-04 00:00:00', NULL),
(3135, 361, 23, 5, 1, 1, 1, '2018-06-04 00:00:00', '2018-06-04 00:00:00', NULL),
(3136, 361, 23, 6, 1, 1, 1, '2018-06-04 00:00:00', '2018-06-04 00:00:00', NULL),
(3137, 361, 23, 7, 1, 1, 1, '2018-06-04 00:00:00', '2018-06-04 00:00:00', NULL),
(3138, 288, 30, 1, 1, 1, 1, '2018-06-03 00:00:00', '2018-06-03 00:00:00', NULL),
(3139, 288, 30, 2, 1, 1, 1, '2018-06-03 00:00:00', '2018-06-03 00:00:00', NULL),
(3140, 288, 30, 3, 1, 1, 1, '2018-06-03 00:00:00', '2018-06-03 00:00:00', NULL),
(3141, 12, 28, 1, 1, 1, 1, '2018-06-03 00:00:00', '2018-06-03 00:00:00', NULL),
(3142, 12, 28, 2, 1, 1, 1, '2018-06-03 00:00:00', '2018-06-03 00:00:00', NULL),
(3143, 12, 28, 3, 1, 1, 1, '2018-06-03 00:00:00', '2018-06-03 00:00:00', NULL),
(3144, 12, 28, 4, 1, 1, 1, '2018-06-03 00:00:00', '2018-06-03 00:00:00', NULL),
(3145, 412, 27, 1, 1, 1, 1, '2018-06-05 00:00:00', '2018-06-05 00:00:00', NULL),
(3146, 412, 27, 2, 1, 1, 1, '2018-06-05 00:00:00', '2018-06-05 00:00:00', NULL),
(3147, 412, 27, 3, 1, 1, 1, '2018-06-05 00:00:00', '2018-06-05 00:00:00', NULL),
(3148, 412, 27, 4, 1, 1, 1, '2018-06-05 00:00:00', '2018-06-05 00:00:00', NULL),
(3149, 412, 27, 5, 1, 1, 1, '2018-06-05 00:00:00', '2018-06-05 00:00:00', NULL),
(3150, 412, 27, 6, 1, 1, 1, '2018-06-05 00:00:00', '2018-06-05 00:00:00', NULL),
(3151, 412, 27, 7, 1, 1, 1, '2018-06-05 00:00:00', '2018-06-05 00:00:00', NULL),
(3152, 412, 27, 8, 1, 1, 1, '2018-06-05 00:00:00', '2018-06-05 00:00:00', NULL),
(3153, 462, 31, 1, 1, 1, 1, '2018-06-05 00:00:00', '2018-06-05 00:00:00', NULL),
(3154, 462, 31, 2, 1, 1, 1, '2018-06-05 00:00:00', '2018-06-05 00:00:00', NULL),
(3155, 462, 31, 3, 1, 1, 1, '2018-06-05 00:00:00', '2018-06-05 00:00:00', NULL),
(3156, 462, 31, 4, 1, 1, 1, '2018-06-05 00:00:00', '2018-06-05 00:00:00', NULL),
(3157, 462, 31, 5, 1, 1, 1, '2018-06-05 00:00:00', '2018-06-05 00:00:00', NULL),
(3158, 462, 31, 6, 1, 1, 1, '2018-06-05 00:00:00', '2018-06-05 00:00:00', NULL),
(3159, 462, 31, 7, 1, 1, 1, '2018-06-05 00:00:00', '2018-06-05 00:00:00', NULL),
(3160, 394, 27, 1, 1, 1, 1, '2018-06-03 00:00:00', '2018-06-03 00:00:00', NULL),
(3161, 394, 27, 2, 1, 1, 1, '2018-06-03 00:00:00', '2018-06-03 00:00:00', NULL),
(3162, 394, 27, 3, 1, 1, 1, '2018-06-03 00:00:00', '2018-06-03 00:00:00', NULL),
(3163, 394, 27, 4, 1, 1, 1, '2018-06-03 00:00:00', '2018-06-03 00:00:00', NULL),
(3164, 394, 27, 5, 1, 1, 1, '2018-06-03 00:00:00', '2018-06-03 00:00:00', NULL),
(3165, 394, 27, 6, 1, 1, 1, '2018-06-03 00:00:00', '2018-06-03 00:00:00', NULL),
(3166, 322, 30, 1, 1, 1, 1, '2018-06-05 00:00:00', '2018-06-05 00:00:00', NULL),
(3167, 322, 30, 2, 1, 1, 1, '2018-06-05 00:00:00', '2018-06-05 00:00:00', NULL),
(3168, 322, 30, 3, 1, 1, 1, '2018-06-05 00:00:00', '2018-06-05 00:00:00', NULL),
(3169, 322, 30, 4, 1, 1, 1, '2018-06-05 00:00:00', '2018-06-05 00:00:00', NULL),
(3170, 135, 1, 1, 1, 1, 1, '2018-06-02 00:00:00', '2018-06-02 00:00:00', NULL),
(3171, 135, 1, 2, 1, 1, 1, '2018-06-02 00:00:00', '2018-06-02 00:00:00', NULL),
(3172, 135, 1, 3, 1, 1, 1, '2018-06-02 00:00:00', '2018-06-02 00:00:00', NULL);
INSERT INTO `call_history` (`id`, `contact_id`, `user_id`, `level_id`, `call_quality_level_id`, `status_service_id`, `status_call_id`, `created_at`, `updated_at`, `deleted_at`) VALUES
(3173, 135, 1, 4, 1, 1, 1, '2018-06-02 00:00:00', '2018-06-02 00:00:00', NULL),
(3174, 135, 1, 5, 1, 1, 1, '2018-06-02 00:00:00', '2018-06-02 00:00:00', NULL),
(3175, 135, 1, 6, 1, 1, 1, '2018-06-02 00:00:00', '2018-06-02 00:00:00', NULL),
(3176, 135, 1, 7, 1, 1, 1, '2018-06-02 00:00:00', '2018-06-02 00:00:00', NULL),
(3177, 135, 1, 8, 1, 1, 1, '2018-06-02 00:00:00', '2018-06-02 00:00:00', NULL),
(3178, 96, 25, 1, 1, 1, 1, '2018-05-31 00:00:00', '2018-05-31 00:00:00', NULL),
(3179, 545, 28, 1, 1, 1, 1, '2018-05-31 00:00:00', '2018-05-31 00:00:00', NULL),
(3180, 545, 28, 2, 1, 1, 1, '2018-05-31 00:00:00', '2018-05-31 00:00:00', NULL),
(3181, 545, 28, 3, 1, 1, 1, '2018-05-31 00:00:00', '2018-05-31 00:00:00', NULL),
(3182, 545, 28, 4, 1, 1, 1, '2018-05-31 00:00:00', '2018-05-31 00:00:00', NULL),
(3183, 692, 26, 1, 1, 1, 1, '2018-06-03 00:00:00', '2018-06-03 00:00:00', NULL),
(3184, 692, 26, 2, 1, 1, 1, '2018-06-03 00:00:00', '2018-06-03 00:00:00', NULL),
(3185, 692, 26, 3, 1, 1, 1, '2018-06-03 00:00:00', '2018-06-03 00:00:00', NULL),
(3186, 692, 26, 4, 1, 1, 1, '2018-06-03 00:00:00', '2018-06-03 00:00:00', NULL),
(3187, 692, 26, 5, 1, 1, 1, '2018-06-03 00:00:00', '2018-06-03 00:00:00', NULL),
(3188, 692, 26, 6, 1, 1, 1, '2018-06-03 00:00:00', '2018-06-03 00:00:00', NULL),
(3189, 692, 26, 7, 1, 1, 1, '2018-06-03 00:00:00', '2018-06-03 00:00:00', NULL),
(3190, 495, 24, 1, 1, 1, 1, '2018-06-01 00:00:00', '2018-06-01 00:00:00', NULL),
(3191, 495, 24, 2, 1, 1, 1, '2018-06-01 00:00:00', '2018-06-01 00:00:00', NULL),
(3192, 495, 24, 3, 1, 1, 1, '2018-06-01 00:00:00', '2018-06-01 00:00:00', NULL),
(3193, 495, 24, 4, 1, 1, 1, '2018-06-01 00:00:00', '2018-06-01 00:00:00', NULL),
(3194, 495, 24, 5, 1, 1, 1, '2018-06-01 00:00:00', '2018-06-01 00:00:00', NULL),
(3195, 495, 24, 6, 1, 1, 1, '2018-06-01 00:00:00', '2018-06-01 00:00:00', NULL),
(3196, 495, 24, 7, 1, 1, 1, '2018-06-01 00:00:00', '2018-06-01 00:00:00', NULL),
(3197, 206, 22, 1, 1, 1, 1, '2018-06-05 00:00:00', '2018-06-05 00:00:00', NULL),
(3198, 206, 22, 2, 1, 1, 1, '2018-06-05 00:00:00', '2018-06-05 00:00:00', NULL),
(3199, 206, 22, 3, 1, 1, 1, '2018-06-05 00:00:00', '2018-06-05 00:00:00', NULL),
(3200, 534, 30, 1, 1, 1, 1, '2018-06-07 00:00:00', '2018-06-07 00:00:00', NULL),
(3201, 42, 28, 1, 1, 1, 1, '2018-06-04 00:00:00', '2018-06-04 00:00:00', NULL),
(3202, 42, 28, 2, 1, 1, 1, '2018-06-04 00:00:00', '2018-06-04 00:00:00', NULL),
(3203, 42, 28, 3, 1, 1, 1, '2018-06-04 00:00:00', '2018-06-04 00:00:00', NULL),
(3204, 42, 28, 4, 1, 1, 1, '2018-06-04 00:00:00', '2018-06-04 00:00:00', NULL),
(3205, 42, 28, 5, 1, 1, 1, '2018-06-04 00:00:00', '2018-06-04 00:00:00', NULL),
(3206, 331, 22, 1, 1, 1, 1, '2018-06-04 00:00:00', '2018-06-04 00:00:00', NULL),
(3207, 331, 22, 2, 1, 1, 1, '2018-06-04 00:00:00', '2018-06-04 00:00:00', NULL),
(3208, 331, 22, 3, 1, 1, 1, '2018-06-04 00:00:00', '2018-06-04 00:00:00', NULL),
(3209, 331, 22, 4, 1, 1, 1, '2018-06-04 00:00:00', '2018-06-04 00:00:00', NULL),
(3210, 331, 22, 5, 1, 1, 1, '2018-06-04 00:00:00', '2018-06-04 00:00:00', NULL),
(3211, 748, 29, 1, 1, 1, 1, '2018-06-05 00:00:00', '2018-06-05 00:00:00', NULL),
(3212, 748, 29, 2, 1, 1, 1, '2018-06-05 00:00:00', '2018-06-05 00:00:00', NULL),
(3213, 748, 29, 3, 1, 1, 1, '2018-06-05 00:00:00', '2018-06-05 00:00:00', NULL),
(3214, 748, 29, 4, 1, 1, 1, '2018-06-05 00:00:00', '2018-06-05 00:00:00', NULL),
(3215, 748, 29, 5, 1, 1, 1, '2018-06-05 00:00:00', '2018-06-05 00:00:00', NULL),
(3216, 748, 29, 6, 1, 1, 1, '2018-06-05 00:00:00', '2018-06-05 00:00:00', NULL),
(3217, 729, 31, 1, 1, 1, 1, '2018-06-02 00:00:00', '2018-06-02 00:00:00', NULL),
(3218, 729, 31, 2, 1, 1, 1, '2018-06-02 00:00:00', '2018-06-02 00:00:00', NULL),
(3219, 729, 31, 3, 1, 1, 1, '2018-06-02 00:00:00', '2018-06-02 00:00:00', NULL),
(3220, 729, 31, 4, 1, 1, 1, '2018-06-02 00:00:00', '2018-06-02 00:00:00', NULL),
(3221, 729, 31, 5, 1, 1, 1, '2018-06-02 00:00:00', '2018-06-02 00:00:00', NULL),
(3222, 729, 31, 6, 1, 1, 1, '2018-06-02 00:00:00', '2018-06-02 00:00:00', NULL),
(3223, 729, 31, 7, 1, 1, 1, '2018-06-02 00:00:00', '2018-06-02 00:00:00', NULL),
(3224, 123, 1, 1, 1, 1, 1, '2018-06-01 00:00:00', '2018-06-01 00:00:00', NULL),
(3225, 123, 1, 2, 1, 1, 1, '2018-06-01 00:00:00', '2018-06-01 00:00:00', NULL),
(3226, 123, 1, 3, 1, 1, 1, '2018-06-01 00:00:00', '2018-06-01 00:00:00', NULL),
(3227, 123, 1, 4, 1, 1, 1, '2018-06-01 00:00:00', '2018-06-01 00:00:00', NULL),
(3228, 123, 1, 5, 1, 1, 1, '2018-06-01 00:00:00', '2018-06-01 00:00:00', NULL),
(3229, 123, 1, 6, 1, 1, 1, '2018-06-01 00:00:00', '2018-06-01 00:00:00', NULL),
(3230, 123, 1, 7, 1, 1, 1, '2018-06-01 00:00:00', '2018-06-01 00:00:00', NULL),
(3231, 123, 1, 8, 1, 1, 1, '2018-06-01 00:00:00', '2018-06-01 00:00:00', NULL),
(3232, 515, 25, 1, 1, 1, 1, '2018-06-07 00:00:00', '2018-06-07 00:00:00', NULL),
(3233, 515, 25, 2, 1, 1, 1, '2018-06-07 00:00:00', '2018-06-07 00:00:00', NULL),
(3234, 515, 25, 3, 1, 1, 1, '2018-06-07 00:00:00', '2018-06-07 00:00:00', NULL),
(3235, 515, 25, 4, 1, 1, 1, '2018-06-07 00:00:00', '2018-06-07 00:00:00', NULL),
(3236, 515, 25, 5, 1, 1, 1, '2018-06-07 00:00:00', '2018-06-07 00:00:00', NULL),
(3237, 515, 25, 6, 1, 1, 1, '2018-06-07 00:00:00', '2018-06-07 00:00:00', NULL),
(3238, 380, 31, 1, 1, 1, 1, '2018-06-06 00:00:00', '2018-06-06 00:00:00', NULL),
(3239, 380, 31, 2, 1, 1, 1, '2018-06-06 00:00:00', '2018-06-06 00:00:00', NULL),
(3240, 380, 31, 3, 1, 1, 1, '2018-06-06 00:00:00', '2018-06-06 00:00:00', NULL),
(3241, 380, 31, 4, 1, 1, 1, '2018-06-06 00:00:00', '2018-06-06 00:00:00', NULL),
(3242, 380, 31, 5, 1, 1, 1, '2018-06-06 00:00:00', '2018-06-06 00:00:00', NULL),
(3243, 380, 31, 6, 1, 1, 1, '2018-06-06 00:00:00', '2018-06-06 00:00:00', NULL),
(3244, 380, 31, 7, 1, 1, 1, '2018-06-06 00:00:00', '2018-06-06 00:00:00', NULL),
(3245, 380, 31, 8, 1, 1, 1, '2018-06-06 00:00:00', '2018-06-06 00:00:00', NULL),
(3246, 781, 22, 1, 1, 1, 1, '2018-06-04 00:00:00', '2018-06-04 00:00:00', NULL),
(3247, 781, 22, 2, 1, 1, 1, '2018-06-04 00:00:00', '2018-06-04 00:00:00', NULL),
(3248, 781, 22, 3, 1, 1, 1, '2018-06-04 00:00:00', '2018-06-04 00:00:00', NULL),
(3249, 613, 25, 1, 1, 1, 1, '2018-06-06 00:00:00', '2018-06-06 00:00:00', NULL),
(3250, 613, 25, 2, 1, 1, 1, '2018-06-06 00:00:00', '2018-06-06 00:00:00', NULL),
(3251, 613, 25, 3, 1, 1, 1, '2018-06-06 00:00:00', '2018-06-06 00:00:00', NULL),
(3252, 613, 25, 4, 1, 1, 1, '2018-06-06 00:00:00', '2018-06-06 00:00:00', NULL),
(3253, 613, 25, 5, 1, 1, 1, '2018-06-06 00:00:00', '2018-06-06 00:00:00', NULL),
(3254, 613, 25, 6, 1, 1, 1, '2018-06-06 00:00:00', '2018-06-06 00:00:00', NULL),
(3255, 613, 25, 7, 1, 1, 1, '2018-06-06 00:00:00', '2018-06-06 00:00:00', NULL),
(3256, 683, 27, 1, 1, 1, 1, '2018-06-03 00:00:00', '2018-06-03 00:00:00', NULL),
(3257, 683, 27, 2, 1, 1, 1, '2018-06-03 00:00:00', '2018-06-03 00:00:00', NULL),
(3258, 683, 27, 3, 1, 1, 1, '2018-06-03 00:00:00', '2018-06-03 00:00:00', NULL),
(3259, 330, 23, 1, 1, 1, 1, '2018-06-05 00:00:00', '2018-06-05 00:00:00', NULL),
(3260, 330, 23, 2, 1, 1, 1, '2018-06-05 00:00:00', '2018-06-05 00:00:00', NULL),
(3261, 330, 23, 3, 1, 1, 1, '2018-06-05 00:00:00', '2018-06-05 00:00:00', NULL),
(3262, 353, 22, 1, 1, 1, 1, '2018-06-02 00:00:00', '2018-06-02 00:00:00', NULL),
(3263, 332, 26, 1, 1, 1, 1, '2018-05-31 00:00:00', '2018-05-31 00:00:00', NULL),
(3264, 332, 26, 2, 1, 1, 1, '2018-05-31 00:00:00', '2018-05-31 00:00:00', NULL),
(3265, 25, 31, 1, 1, 1, 1, '2018-05-31 00:00:00', '2018-05-31 00:00:00', NULL),
(3266, 25, 31, 2, 1, 1, 1, '2018-05-31 00:00:00', '2018-05-31 00:00:00', NULL),
(3267, 25, 31, 3, 1, 1, 1, '2018-05-31 00:00:00', '2018-05-31 00:00:00', NULL),
(3268, 25, 31, 4, 1, 1, 1, '2018-05-31 00:00:00', '2018-05-31 00:00:00', NULL),
(3269, 25, 31, 5, 1, 1, 1, '2018-05-31 00:00:00', '2018-05-31 00:00:00', NULL),
(3270, 25, 31, 6, 1, 1, 1, '2018-05-31 00:00:00', '2018-05-31 00:00:00', NULL),
(3271, 82, 24, 1, 1, 1, 1, '2018-06-07 00:00:00', '2018-06-07 00:00:00', NULL),
(3272, 82, 24, 2, 1, 1, 1, '2018-06-07 00:00:00', '2018-06-07 00:00:00', NULL),
(3273, 82, 24, 3, 1, 1, 1, '2018-06-07 00:00:00', '2018-06-07 00:00:00', NULL),
(3274, 82, 24, 4, 1, 1, 1, '2018-06-07 00:00:00', '2018-06-07 00:00:00', NULL),
(3275, 82, 24, 5, 1, 1, 1, '2018-06-07 00:00:00', '2018-06-07 00:00:00', NULL),
(3276, 82, 24, 6, 1, 1, 1, '2018-06-07 00:00:00', '2018-06-07 00:00:00', NULL),
(3277, 484, 1, 1, 1, 1, 1, '2018-06-01 00:00:00', '2018-06-01 00:00:00', NULL),
(3278, 484, 1, 2, 1, 1, 1, '2018-06-01 00:00:00', '2018-06-01 00:00:00', NULL),
(3279, 484, 1, 3, 1, 1, 1, '2018-06-01 00:00:00', '2018-06-01 00:00:00', NULL),
(3280, 484, 1, 4, 1, 1, 1, '2018-06-01 00:00:00', '2018-06-01 00:00:00', NULL),
(3281, 484, 1, 5, 1, 1, 1, '2018-06-01 00:00:00', '2018-06-01 00:00:00', NULL),
(3282, 484, 1, 6, 1, 1, 1, '2018-06-01 00:00:00', '2018-06-01 00:00:00', NULL),
(3283, 484, 1, 7, 1, 1, 1, '2018-06-01 00:00:00', '2018-06-01 00:00:00', NULL),
(3284, 484, 1, 8, 1, 1, 1, '2018-06-01 00:00:00', '2018-06-01 00:00:00', NULL),
(3285, 174, 29, 1, 1, 1, 1, '2018-06-02 00:00:00', '2018-06-02 00:00:00', NULL),
(3286, 122, 22, 1, 1, 1, 1, '2018-06-02 00:00:00', '2018-06-02 00:00:00', NULL),
(3287, 122, 22, 2, 1, 1, 1, '2018-06-02 00:00:00', '2018-06-02 00:00:00', NULL),
(3288, 145, 1, 1, 1, 1, 1, '2018-06-04 00:00:00', '2018-06-04 00:00:00', NULL),
(3289, 145, 1, 2, 1, 1, 1, '2018-06-04 00:00:00', '2018-06-04 00:00:00', NULL),
(3290, 145, 1, 3, 1, 1, 1, '2018-06-04 00:00:00', '2018-06-04 00:00:00', NULL),
(3291, 145, 1, 4, 1, 1, 1, '2018-06-04 00:00:00', '2018-06-04 00:00:00', NULL),
(3292, 145, 1, 5, 1, 1, 1, '2018-06-04 00:00:00', '2018-06-04 00:00:00', NULL),
(3293, 145, 1, 6, 1, 1, 1, '2018-06-04 00:00:00', '2018-06-04 00:00:00', NULL),
(3294, 415, 22, 1, 1, 1, 1, '2018-06-06 00:00:00', '2018-06-06 00:00:00', NULL),
(3295, 415, 22, 2, 1, 1, 1, '2018-06-06 00:00:00', '2018-06-06 00:00:00', NULL),
(3296, 415, 22, 3, 1, 1, 1, '2018-06-06 00:00:00', '2018-06-06 00:00:00', NULL),
(3297, 512, 27, 1, 1, 1, 1, '2018-05-31 00:00:00', '2018-05-31 00:00:00', NULL),
(3298, 512, 27, 2, 1, 1, 1, '2018-05-31 00:00:00', '2018-05-31 00:00:00', NULL),
(3299, 512, 27, 3, 1, 1, 1, '2018-05-31 00:00:00', '2018-05-31 00:00:00', NULL),
(3300, 512, 27, 4, 1, 1, 1, '2018-05-31 00:00:00', '2018-05-31 00:00:00', NULL),
(3301, 512, 27, 5, 1, 1, 1, '2018-05-31 00:00:00', '2018-05-31 00:00:00', NULL),
(3302, 753, 31, 1, 1, 1, 1, '2018-06-03 00:00:00', '2018-06-03 00:00:00', NULL),
(3303, 753, 31, 2, 1, 1, 1, '2018-06-03 00:00:00', '2018-06-03 00:00:00', NULL),
(3304, 753, 31, 3, 1, 1, 1, '2018-06-03 00:00:00', '2018-06-03 00:00:00', NULL),
(3305, 753, 31, 4, 1, 1, 1, '2018-06-03 00:00:00', '2018-06-03 00:00:00', NULL),
(3306, 753, 31, 5, 1, 1, 1, '2018-06-03 00:00:00', '2018-06-03 00:00:00', NULL),
(3307, 753, 31, 6, 1, 1, 1, '2018-06-03 00:00:00', '2018-06-03 00:00:00', NULL),
(3308, 753, 31, 7, 1, 1, 1, '2018-06-03 00:00:00', '2018-06-03 00:00:00', NULL),
(3309, 753, 31, 8, 1, 1, 1, '2018-06-03 00:00:00', '2018-06-03 00:00:00', NULL),
(3310, 43, 31, 1, 1, 1, 1, '2018-06-01 00:00:00', '2018-06-01 00:00:00', NULL),
(3311, 30, 30, 1, 1, 1, 1, '2018-06-06 00:00:00', '2018-06-06 00:00:00', NULL),
(3312, 589, 22, 1, 1, 1, 1, '2018-06-01 00:00:00', '2018-06-01 00:00:00', NULL),
(3313, 589, 22, 2, 1, 1, 1, '2018-06-01 00:00:00', '2018-06-01 00:00:00', NULL),
(3314, 589, 22, 3, 1, 1, 1, '2018-06-01 00:00:00', '2018-06-01 00:00:00', NULL),
(3315, 589, 22, 4, 1, 1, 1, '2018-06-01 00:00:00', '2018-06-01 00:00:00', NULL),
(3316, 589, 22, 5, 1, 1, 1, '2018-06-01 00:00:00', '2018-06-01 00:00:00', NULL),
(3317, 589, 22, 6, 1, 1, 1, '2018-06-01 00:00:00', '2018-06-01 00:00:00', NULL),
(3318, 606, 23, 1, 1, 1, 1, '2018-06-03 00:00:00', '2018-06-03 00:00:00', NULL),
(3319, 606, 23, 2, 1, 1, 1, '2018-06-03 00:00:00', '2018-06-03 00:00:00', NULL),
(3320, 606, 23, 3, 1, 1, 1, '2018-06-03 00:00:00', '2018-06-03 00:00:00', NULL),
(3321, 606, 23, 4, 1, 1, 1, '2018-06-03 00:00:00', '2018-06-03 00:00:00', NULL),
(3322, 118, 29, 1, 1, 1, 1, '2018-06-02 00:00:00', '2018-06-02 00:00:00', NULL),
(3323, 118, 29, 2, 1, 1, 1, '2018-06-02 00:00:00', '2018-06-02 00:00:00', NULL),
(3324, 118, 29, 3, 1, 1, 1, '2018-06-02 00:00:00', '2018-06-02 00:00:00', NULL),
(3325, 110, 25, 1, 1, 1, 1, '2018-06-07 00:00:00', '2018-06-07 00:00:00', NULL),
(3326, 110, 25, 2, 1, 1, 1, '2018-06-07 00:00:00', '2018-06-07 00:00:00', NULL),
(3327, 110, 25, 3, 1, 1, 1, '2018-06-07 00:00:00', '2018-06-07 00:00:00', NULL),
(3328, 110, 25, 4, 1, 1, 1, '2018-06-07 00:00:00', '2018-06-07 00:00:00', NULL),
(3329, 110, 25, 5, 1, 1, 1, '2018-06-07 00:00:00', '2018-06-07 00:00:00', NULL),
(3330, 632, 23, 1, 1, 1, 1, '2018-06-05 00:00:00', '2018-06-05 00:00:00', NULL),
(3331, 632, 23, 2, 1, 1, 1, '2018-06-05 00:00:00', '2018-06-05 00:00:00', NULL),
(3332, 632, 23, 3, 1, 1, 1, '2018-06-05 00:00:00', '2018-06-05 00:00:00', NULL),
(3333, 632, 23, 4, 1, 1, 1, '2018-06-05 00:00:00', '2018-06-05 00:00:00', NULL),
(3334, 711, 1, 1, 1, 1, 1, '2018-06-05 00:00:00', '2018-06-05 00:00:00', NULL),
(3335, 711, 1, 2, 1, 1, 1, '2018-06-05 00:00:00', '2018-06-05 00:00:00', NULL),
(3336, 711, 1, 3, 1, 1, 1, '2018-06-05 00:00:00', '2018-06-05 00:00:00', NULL),
(3337, 711, 1, 4, 1, 1, 1, '2018-06-05 00:00:00', '2018-06-05 00:00:00', NULL),
(3338, 711, 1, 5, 1, 1, 1, '2018-06-05 00:00:00', '2018-06-05 00:00:00', NULL),
(3339, 711, 1, 6, 1, 1, 1, '2018-06-05 00:00:00', '2018-06-05 00:00:00', NULL),
(3340, 163, 30, 1, 1, 1, 1, '2018-06-04 00:00:00', '2018-06-04 00:00:00', NULL),
(3341, 163, 30, 2, 1, 1, 1, '2018-06-04 00:00:00', '2018-06-04 00:00:00', NULL),
(3342, 147, 31, 1, 1, 1, 1, '2018-06-06 00:00:00', '2018-06-06 00:00:00', NULL),
(3343, 147, 31, 2, 1, 1, 1, '2018-06-06 00:00:00', '2018-06-06 00:00:00', NULL),
(3344, 147, 31, 3, 1, 1, 1, '2018-06-06 00:00:00', '2018-06-06 00:00:00', NULL),
(3345, 147, 31, 4, 1, 1, 1, '2018-06-06 00:00:00', '2018-06-06 00:00:00', NULL),
(3346, 147, 31, 5, 1, 1, 1, '2018-06-06 00:00:00', '2018-06-06 00:00:00', NULL),
(3347, 147, 31, 6, 1, 1, 1, '2018-06-06 00:00:00', '2018-06-06 00:00:00', NULL),
(3348, 767, 26, 1, 1, 1, 1, '2018-05-31 00:00:00', '2018-05-31 00:00:00', NULL),
(3349, 99, 23, 1, 1, 1, 1, '2018-06-06 00:00:00', '2018-06-06 00:00:00', NULL),
(3350, 99, 23, 2, 1, 1, 1, '2018-06-06 00:00:00', '2018-06-06 00:00:00', NULL),
(3351, 99, 23, 3, 1, 1, 1, '2018-06-06 00:00:00', '2018-06-06 00:00:00', NULL),
(3352, 99, 23, 4, 1, 1, 1, '2018-06-06 00:00:00', '2018-06-06 00:00:00', NULL),
(3353, 99, 23, 5, 1, 1, 1, '2018-06-06 00:00:00', '2018-06-06 00:00:00', NULL),
(3354, 99, 23, 6, 1, 1, 1, '2018-06-06 00:00:00', '2018-06-06 00:00:00', NULL),
(3355, 99, 23, 7, 1, 1, 1, '2018-06-06 00:00:00', '2018-06-06 00:00:00', NULL),
(3356, 569, 1, 1, 1, 1, 1, '2018-06-02 00:00:00', '2018-06-02 00:00:00', NULL),
(3357, 569, 1, 2, 1, 1, 1, '2018-06-02 00:00:00', '2018-06-02 00:00:00', NULL),
(3358, 569, 1, 3, 1, 1, 1, '2018-06-02 00:00:00', '2018-06-02 00:00:00', NULL),
(3359, 569, 1, 4, 1, 1, 1, '2018-06-02 00:00:00', '2018-06-02 00:00:00', NULL),
(3360, 569, 1, 5, 1, 1, 1, '2018-06-02 00:00:00', '2018-06-02 00:00:00', NULL),
(3361, 569, 1, 6, 1, 1, 1, '2018-06-02 00:00:00', '2018-06-02 00:00:00', NULL),
(3362, 569, 1, 7, 1, 1, 1, '2018-06-02 00:00:00', '2018-06-02 00:00:00', NULL),
(3363, 460, 1, 1, 1, 1, 1, '2018-05-31 00:00:00', '2018-05-31 00:00:00', NULL),
(3364, 460, 1, 2, 1, 1, 1, '2018-05-31 00:00:00', '2018-05-31 00:00:00', NULL),
(3365, 460, 1, 3, 1, 1, 1, '2018-05-31 00:00:00', '2018-05-31 00:00:00', NULL),
(3366, 297, 23, 1, 1, 1, 1, '2018-05-31 00:00:00', '2018-05-31 00:00:00', NULL),
(3367, 297, 23, 2, 1, 1, 1, '2018-05-31 00:00:00', '2018-05-31 00:00:00', NULL),
(3368, 297, 23, 3, 1, 1, 1, '2018-05-31 00:00:00', '2018-05-31 00:00:00', NULL),
(3369, 297, 23, 4, 1, 1, 1, '2018-05-31 00:00:00', '2018-05-31 00:00:00', NULL),
(3370, 297, 23, 5, 1, 1, 1, '2018-05-31 00:00:00', '2018-05-31 00:00:00', NULL),
(3371, 518, 26, 1, 1, 1, 1, '2018-06-05 00:00:00', '2018-06-05 00:00:00', NULL),
(3372, 518, 26, 2, 1, 1, 1, '2018-06-05 00:00:00', '2018-06-05 00:00:00', NULL),
(3373, 518, 26, 3, 1, 1, 1, '2018-06-05 00:00:00', '2018-06-05 00:00:00', NULL),
(3374, 518, 26, 4, 1, 1, 1, '2018-06-05 00:00:00', '2018-06-05 00:00:00', NULL),
(3375, 518, 26, 5, 1, 1, 1, '2018-06-05 00:00:00', '2018-06-05 00:00:00', NULL),
(3376, 518, 26, 6, 1, 1, 1, '2018-06-05 00:00:00', '2018-06-05 00:00:00', NULL),
(3377, 518, 26, 7, 1, 1, 1, '2018-06-05 00:00:00', '2018-06-05 00:00:00', NULL),
(3378, 518, 26, 8, 1, 1, 1, '2018-06-05 00:00:00', '2018-06-05 00:00:00', NULL),
(3379, 523, 28, 1, 1, 1, 1, '2018-05-31 00:00:00', '2018-05-31 00:00:00', NULL),
(3380, 523, 28, 2, 1, 1, 1, '2018-05-31 00:00:00', '2018-05-31 00:00:00', NULL),
(3381, 523, 28, 3, 1, 1, 1, '2018-05-31 00:00:00', '2018-05-31 00:00:00', NULL),
(3382, 523, 28, 4, 1, 1, 1, '2018-05-31 00:00:00', '2018-05-31 00:00:00', NULL),
(3383, 523, 28, 5, 1, 1, 1, '2018-05-31 00:00:00', '2018-05-31 00:00:00', NULL),
(3384, 523, 28, 6, 1, 1, 1, '2018-05-31 00:00:00', '2018-05-31 00:00:00', NULL),
(3385, 523, 28, 7, 1, 1, 1, '2018-05-31 00:00:00', '2018-05-31 00:00:00', NULL),
(3386, 523, 28, 8, 1, 1, 1, '2018-05-31 00:00:00', '2018-05-31 00:00:00', NULL),
(3387, 685, 23, 1, 1, 1, 1, '2018-06-04 00:00:00', '2018-06-04 00:00:00', NULL),
(3388, 685, 23, 2, 1, 1, 1, '2018-06-04 00:00:00', '2018-06-04 00:00:00', NULL),
(3389, 685, 23, 3, 1, 1, 1, '2018-06-04 00:00:00', '2018-06-04 00:00:00', NULL),
(3390, 685, 23, 4, 1, 1, 1, '2018-06-04 00:00:00', '2018-06-04 00:00:00', NULL),
(3391, 100, 23, 1, 1, 1, 1, '2018-06-05 00:00:00', '2018-06-05 00:00:00', NULL),
(3392, 100, 23, 2, 1, 1, 1, '2018-06-05 00:00:00', '2018-06-05 00:00:00', NULL),
(3393, 100, 23, 3, 1, 1, 1, '2018-06-05 00:00:00', '2018-06-05 00:00:00', NULL),
(3394, 100, 23, 4, 1, 1, 1, '2018-06-05 00:00:00', '2018-06-05 00:00:00', NULL),
(3395, 100, 23, 5, 1, 1, 1, '2018-06-05 00:00:00', '2018-06-05 00:00:00', NULL),
(3396, 100, 23, 6, 1, 1, 1, '2018-06-05 00:00:00', '2018-06-05 00:00:00', NULL),
(3397, 100, 23, 7, 1, 1, 1, '2018-06-05 00:00:00', '2018-06-05 00:00:00', NULL),
(3398, 100, 23, 8, 1, 1, 1, '2018-06-05 00:00:00', '2018-06-05 00:00:00', NULL),
(3399, 391, 29, 1, 1, 1, 1, '2018-06-04 00:00:00', '2018-06-04 00:00:00', NULL),
(3400, 391, 29, 2, 1, 1, 1, '2018-06-04 00:00:00', '2018-06-04 00:00:00', NULL),
(3401, 391, 29, 3, 1, 1, 1, '2018-06-04 00:00:00', '2018-06-04 00:00:00', NULL),
(3402, 71, 30, 1, 1, 1, 1, '2018-06-04 00:00:00', '2018-06-04 00:00:00', NULL),
(3403, 71, 30, 2, 1, 1, 1, '2018-06-04 00:00:00', '2018-06-04 00:00:00', NULL),
(3404, 213, 31, 1, 1, 1, 1, '2018-06-02 00:00:00', '2018-06-02 00:00:00', NULL),
(3405, 213, 31, 2, 1, 1, 1, '2018-06-02 00:00:00', '2018-06-02 00:00:00', NULL),
(3406, 213, 31, 3, 1, 1, 1, '2018-06-02 00:00:00', '2018-06-02 00:00:00', NULL),
(3407, 213, 31, 4, 1, 1, 1, '2018-06-02 00:00:00', '2018-06-02 00:00:00', NULL),
(3408, 443, 29, 1, 1, 1, 1, '2018-06-03 00:00:00', '2018-06-03 00:00:00', NULL),
(3409, 192, 28, 1, 1, 1, 1, '2018-05-31 00:00:00', '2018-05-31 00:00:00', NULL),
(3410, 192, 28, 2, 1, 1, 1, '2018-05-31 00:00:00', '2018-05-31 00:00:00', NULL),
(3411, 192, 28, 3, 1, 1, 1, '2018-05-31 00:00:00', '2018-05-31 00:00:00', NULL),
(3412, 192, 28, 4, 1, 1, 1, '2018-05-31 00:00:00', '2018-05-31 00:00:00', NULL),
(3413, 192, 28, 5, 1, 1, 1, '2018-05-31 00:00:00', '2018-05-31 00:00:00', NULL),
(3414, 192, 28, 6, 1, 1, 1, '2018-05-31 00:00:00', '2018-05-31 00:00:00', NULL),
(3415, 192, 28, 7, 1, 1, 1, '2018-05-31 00:00:00', '2018-05-31 00:00:00', NULL),
(3416, 192, 28, 8, 1, 1, 1, '2018-05-31 00:00:00', '2018-05-31 00:00:00', NULL),
(3417, 536, 24, 1, 1, 1, 1, '2018-06-07 00:00:00', '2018-06-07 00:00:00', NULL),
(3418, 292, 24, 1, 1, 1, 1, '2018-06-06 00:00:00', '2018-06-06 00:00:00', NULL),
(3419, 252, 29, 1, 1, 1, 1, '2018-06-03 00:00:00', '2018-06-03 00:00:00', NULL),
(3420, 252, 29, 2, 1, 1, 1, '2018-06-03 00:00:00', '2018-06-03 00:00:00', NULL),
(3421, 252, 29, 3, 1, 1, 1, '2018-06-03 00:00:00', '2018-06-03 00:00:00', NULL),
(3422, 252, 29, 4, 1, 1, 1, '2018-06-03 00:00:00', '2018-06-03 00:00:00', NULL),
(3423, 595, 23, 1, 1, 1, 1, '2018-06-02 00:00:00', '2018-06-02 00:00:00', NULL),
(3424, 595, 23, 2, 1, 1, 1, '2018-06-02 00:00:00', '2018-06-02 00:00:00', NULL),
(3425, 595, 23, 3, 1, 1, 1, '2018-06-02 00:00:00', '2018-06-02 00:00:00', NULL),
(3426, 595, 23, 4, 1, 1, 1, '2018-06-02 00:00:00', '2018-06-02 00:00:00', NULL),
(3427, 595, 23, 5, 1, 1, 1, '2018-06-02 00:00:00', '2018-06-02 00:00:00', NULL),
(3428, 595, 23, 6, 1, 1, 1, '2018-06-02 00:00:00', '2018-06-02 00:00:00', NULL),
(3429, 595, 23, 7, 1, 1, 1, '2018-06-02 00:00:00', '2018-06-02 00:00:00', NULL),
(3430, 595, 23, 8, 1, 1, 1, '2018-06-02 00:00:00', '2018-06-02 00:00:00', NULL),
(3431, 492, 1, 1, 1, 1, 1, '2018-06-03 00:00:00', '2018-06-03 00:00:00', NULL),
(3432, 492, 1, 2, 1, 1, 1, '2018-06-03 00:00:00', '2018-06-03 00:00:00', NULL),
(3433, 481, 31, 1, 1, 1, 1, '2018-06-06 00:00:00', '2018-06-06 00:00:00', NULL),
(3434, 481, 31, 2, 1, 1, 1, '2018-06-06 00:00:00', '2018-06-06 00:00:00', NULL),
(3435, 481, 31, 3, 1, 1, 1, '2018-06-06 00:00:00', '2018-06-06 00:00:00', NULL),
(3436, 481, 31, 4, 1, 1, 1, '2018-06-06 00:00:00', '2018-06-06 00:00:00', NULL),
(3437, 481, 31, 5, 1, 1, 1, '2018-06-06 00:00:00', '2018-06-06 00:00:00', NULL),
(3438, 636, 23, 1, 1, 1, 1, '2018-06-03 00:00:00', '2018-06-03 00:00:00', NULL),
(3439, 636, 23, 2, 1, 1, 1, '2018-06-03 00:00:00', '2018-06-03 00:00:00', NULL),
(3440, 636, 23, 3, 1, 1, 1, '2018-06-03 00:00:00', '2018-06-03 00:00:00', NULL),
(3441, 636, 23, 4, 1, 1, 1, '2018-06-03 00:00:00', '2018-06-03 00:00:00', NULL),
(3442, 636, 23, 5, 1, 1, 1, '2018-06-03 00:00:00', '2018-06-03 00:00:00', NULL),
(3443, 636, 23, 6, 1, 1, 1, '2018-06-03 00:00:00', '2018-06-03 00:00:00', NULL),
(3444, 636, 23, 7, 1, 1, 1, '2018-06-03 00:00:00', '2018-06-03 00:00:00', NULL),
(3445, 636, 23, 8, 1, 1, 1, '2018-06-03 00:00:00', '2018-06-03 00:00:00', NULL),
(3446, 45, 31, 1, 1, 1, 1, '2018-06-01 00:00:00', '2018-06-01 00:00:00', NULL),
(3447, 45, 31, 2, 1, 1, 1, '2018-06-01 00:00:00', '2018-06-01 00:00:00', NULL),
(3448, 45, 31, 3, 1, 1, 1, '2018-06-01 00:00:00', '2018-06-01 00:00:00', NULL),
(3449, 45, 31, 4, 1, 1, 1, '2018-06-01 00:00:00', '2018-06-01 00:00:00', NULL),
(3450, 45, 31, 5, 1, 1, 1, '2018-06-01 00:00:00', '2018-06-01 00:00:00', NULL),
(3451, 45, 31, 6, 1, 1, 1, '2018-06-01 00:00:00', '2018-06-01 00:00:00', NULL),
(3452, 45, 31, 7, 1, 1, 1, '2018-06-01 00:00:00', '2018-06-01 00:00:00', NULL),
(3453, 78, 28, 1, 1, 1, 1, '2018-06-03 00:00:00', '2018-06-03 00:00:00', NULL),
(3454, 78, 28, 2, 1, 1, 1, '2018-06-03 00:00:00', '2018-06-03 00:00:00', NULL),
(3455, 78, 28, 3, 1, 1, 1, '2018-06-03 00:00:00', '2018-06-03 00:00:00', NULL),
(3456, 78, 28, 4, 1, 1, 1, '2018-06-03 00:00:00', '2018-06-03 00:00:00', NULL),
(3457, 78, 28, 5, 1, 1, 1, '2018-06-03 00:00:00', '2018-06-03 00:00:00', NULL),
(3458, 78, 28, 6, 1, 1, 1, '2018-06-03 00:00:00', '2018-06-03 00:00:00', NULL),
(3459, 105, 22, 1, 1, 1, 1, '2018-06-06 00:00:00', '2018-06-06 00:00:00', NULL),
(3460, 105, 22, 2, 1, 1, 1, '2018-06-06 00:00:00', '2018-06-06 00:00:00', NULL),
(3461, 105, 22, 3, 1, 1, 1, '2018-06-06 00:00:00', '2018-06-06 00:00:00', NULL),
(3462, 105, 22, 4, 1, 1, 1, '2018-06-06 00:00:00', '2018-06-06 00:00:00', NULL),
(3463, 105, 22, 5, 1, 1, 1, '2018-06-06 00:00:00', '2018-06-06 00:00:00', NULL),
(3464, 510, 29, 1, 1, 1, 1, '2018-06-03 00:00:00', '2018-06-03 00:00:00', NULL),
(3465, 510, 29, 2, 1, 1, 1, '2018-06-03 00:00:00', '2018-06-03 00:00:00', NULL),
(3466, 209, 27, 1, 1, 1, 1, '2018-06-01 00:00:00', '2018-06-01 00:00:00', NULL),
(3467, 209, 27, 2, 1, 1, 1, '2018-06-01 00:00:00', '2018-06-01 00:00:00', NULL),
(3468, 209, 27, 3, 1, 1, 1, '2018-06-01 00:00:00', '2018-06-01 00:00:00', NULL),
(3469, 209, 27, 4, 1, 1, 1, '2018-06-01 00:00:00', '2018-06-01 00:00:00', NULL),
(3470, 102, 26, 1, 1, 1, 1, '2018-06-04 00:00:00', '2018-06-04 00:00:00', NULL),
(3471, 102, 26, 2, 1, 1, 1, '2018-06-04 00:00:00', '2018-06-04 00:00:00', NULL),
(3472, 102, 26, 3, 1, 1, 1, '2018-06-04 00:00:00', '2018-06-04 00:00:00', NULL),
(3473, 102, 26, 4, 1, 1, 1, '2018-06-04 00:00:00', '2018-06-04 00:00:00', NULL),
(3474, 102, 26, 5, 1, 1, 1, '2018-06-04 00:00:00', '2018-06-04 00:00:00', NULL),
(3475, 84, 27, 1, 1, 1, 1, '2018-06-04 00:00:00', '2018-06-04 00:00:00', NULL),
(3476, 320, 23, 1, 1, 1, 1, '2018-06-02 00:00:00', '2018-06-02 00:00:00', NULL),
(3477, 320, 23, 2, 1, 1, 1, '2018-06-02 00:00:00', '2018-06-02 00:00:00', NULL),
(3478, 320, 23, 3, 1, 1, 1, '2018-06-02 00:00:00', '2018-06-02 00:00:00', NULL),
(3479, 320, 23, 4, 1, 1, 1, '2018-06-02 00:00:00', '2018-06-02 00:00:00', NULL),
(3480, 468, 26, 1, 1, 1, 1, '2018-06-03 00:00:00', '2018-06-03 00:00:00', NULL),
(3481, 468, 26, 2, 1, 1, 1, '2018-06-03 00:00:00', '2018-06-03 00:00:00', NULL),
(3482, 468, 26, 3, 1, 1, 1, '2018-06-03 00:00:00', '2018-06-03 00:00:00', NULL),
(3483, 28, 31, 1, 1, 1, 1, '2018-06-03 00:00:00', '2018-06-03 00:00:00', NULL),
(3484, 28, 31, 2, 1, 1, 1, '2018-06-03 00:00:00', '2018-06-03 00:00:00', NULL),
(3485, 28, 31, 3, 1, 1, 1, '2018-06-03 00:00:00', '2018-06-03 00:00:00', NULL),
(3486, 28, 31, 4, 1, 1, 1, '2018-06-03 00:00:00', '2018-06-03 00:00:00', NULL),
(3487, 513, 25, 1, 1, 1, 1, '2018-06-06 00:00:00', '2018-06-06 00:00:00', NULL),
(3488, 513, 25, 2, 1, 1, 1, '2018-06-06 00:00:00', '2018-06-06 00:00:00', NULL),
(3489, 513, 25, 3, 1, 1, 1, '2018-06-06 00:00:00', '2018-06-06 00:00:00', NULL),
(3490, 476, 25, 1, 1, 1, 1, '2018-06-04 00:00:00', '2018-06-04 00:00:00', NULL),
(3491, 476, 25, 2, 1, 1, 1, '2018-06-04 00:00:00', '2018-06-04 00:00:00', NULL),
(3492, 476, 25, 3, 1, 1, 1, '2018-06-04 00:00:00', '2018-06-04 00:00:00', NULL),
(3493, 476, 25, 4, 1, 1, 1, '2018-06-04 00:00:00', '2018-06-04 00:00:00', NULL),
(3494, 476, 25, 5, 1, 1, 1, '2018-06-04 00:00:00', '2018-06-04 00:00:00', NULL),
(3495, 476, 25, 6, 1, 1, 1, '2018-06-04 00:00:00', '2018-06-04 00:00:00', NULL),
(3496, 476, 25, 7, 1, 1, 1, '2018-06-04 00:00:00', '2018-06-04 00:00:00', NULL),
(3497, 436, 22, 1, 1, 1, 1, '2018-06-01 00:00:00', '2018-06-01 00:00:00', NULL),
(3498, 436, 22, 2, 1, 1, 1, '2018-06-01 00:00:00', '2018-06-01 00:00:00', NULL),
(3499, 436, 22, 3, 1, 1, 1, '2018-06-01 00:00:00', '2018-06-01 00:00:00', NULL),
(3500, 436, 22, 4, 1, 1, 1, '2018-06-01 00:00:00', '2018-06-01 00:00:00', NULL),
(3501, 436, 22, 5, 1, 1, 1, '2018-06-01 00:00:00', '2018-06-01 00:00:00', NULL),
(3502, 436, 22, 6, 1, 1, 1, '2018-06-01 00:00:00', '2018-06-01 00:00:00', NULL),
(3503, 436, 22, 7, 1, 1, 1, '2018-06-01 00:00:00', '2018-06-01 00:00:00', NULL),
(3504, 777, 29, 1, 1, 1, 1, '2018-06-02 00:00:00', '2018-06-02 00:00:00', NULL),
(3505, 395, 22, 1, 1, 1, 1, '2018-06-04 00:00:00', '2018-06-04 00:00:00', NULL),
(3506, 395, 22, 2, 1, 1, 1, '2018-06-04 00:00:00', '2018-06-04 00:00:00', NULL),
(3507, 395, 22, 3, 1, 1, 1, '2018-06-04 00:00:00', '2018-06-04 00:00:00', NULL),
(3508, 395, 22, 4, 1, 1, 1, '2018-06-04 00:00:00', '2018-06-04 00:00:00', NULL),
(3509, 395, 22, 5, 1, 1, 1, '2018-06-04 00:00:00', '2018-06-04 00:00:00', NULL),
(3510, 395, 22, 6, 1, 1, 1, '2018-06-04 00:00:00', '2018-06-04 00:00:00', NULL),
(3511, 395, 22, 7, 1, 1, 1, '2018-06-04 00:00:00', '2018-06-04 00:00:00', NULL),
(3512, 395, 22, 8, 1, 1, 1, '2018-06-04 00:00:00', '2018-06-04 00:00:00', NULL),
(3513, 91, 27, 1, 1, 1, 1, '2018-06-04 00:00:00', '2018-06-04 00:00:00', NULL),
(3514, 91, 27, 2, 1, 1, 1, '2018-06-04 00:00:00', '2018-06-04 00:00:00', NULL),
(3515, 47, 22, 1, 1, 1, 1, '2018-06-03 00:00:00', '2018-06-03 00:00:00', NULL),
(3516, 47, 22, 2, 1, 1, 1, '2018-06-03 00:00:00', '2018-06-03 00:00:00', NULL),
(3517, 47, 22, 3, 1, 1, 1, '2018-06-03 00:00:00', '2018-06-03 00:00:00', NULL),
(3518, 47, 22, 4, 1, 1, 1, '2018-06-03 00:00:00', '2018-06-03 00:00:00', NULL),
(3519, 47, 22, 5, 1, 1, 1, '2018-06-03 00:00:00', '2018-06-03 00:00:00', NULL),
(3520, 138, 22, 1, 1, 1, 1, '2018-06-05 00:00:00', '2018-06-05 00:00:00', NULL),
(3521, 138, 22, 2, 1, 1, 1, '2018-06-05 00:00:00', '2018-06-05 00:00:00', NULL),
(3522, 675, 24, 1, 1, 1, 1, '2018-05-31 00:00:00', '2018-05-31 00:00:00', NULL),
(3523, 675, 24, 2, 1, 1, 1, '2018-05-31 00:00:00', '2018-05-31 00:00:00', NULL),
(3524, 675, 24, 3, 1, 1, 1, '2018-05-31 00:00:00', '2018-05-31 00:00:00', NULL),
(3525, 675, 24, 4, 1, 1, 1, '2018-05-31 00:00:00', '2018-05-31 00:00:00', NULL),
(3526, 675, 24, 5, 1, 1, 1, '2018-05-31 00:00:00', '2018-05-31 00:00:00', NULL),
(3527, 675, 24, 6, 1, 1, 1, '2018-05-31 00:00:00', '2018-05-31 00:00:00', NULL),
(3528, 675, 24, 7, 1, 1, 1, '2018-05-31 00:00:00', '2018-05-31 00:00:00', NULL),
(3529, 675, 24, 8, 1, 1, 1, '2018-05-31 00:00:00', '2018-05-31 00:00:00', NULL),
(3530, 754, 27, 1, 1, 1, 1, '2018-06-03 00:00:00', '2018-06-03 00:00:00', NULL),
(3531, 754, 27, 2, 1, 1, 1, '2018-06-03 00:00:00', '2018-06-03 00:00:00', NULL),
(3532, 754, 27, 3, 1, 1, 1, '2018-06-03 00:00:00', '2018-06-03 00:00:00', NULL),
(3533, 754, 27, 4, 1, 1, 1, '2018-06-03 00:00:00', '2018-06-03 00:00:00', NULL),
(3534, 754, 27, 5, 1, 1, 1, '2018-06-03 00:00:00', '2018-06-03 00:00:00', NULL),
(3535, 754, 27, 6, 1, 1, 1, '2018-06-03 00:00:00', '2018-06-03 00:00:00', NULL),
(3536, 663, 26, 1, 1, 1, 1, '2018-06-01 00:00:00', '2018-06-01 00:00:00', NULL),
(3537, 663, 26, 2, 1, 1, 1, '2018-06-01 00:00:00', '2018-06-01 00:00:00', NULL),
(3538, 663, 26, 3, 1, 1, 1, '2018-06-01 00:00:00', '2018-06-01 00:00:00', NULL),
(3539, 663, 26, 4, 1, 1, 1, '2018-06-01 00:00:00', '2018-06-01 00:00:00', NULL),
(3540, 432, 31, 1, 1, 1, 1, '2018-06-06 00:00:00', '2018-06-06 00:00:00', NULL),
(3541, 432, 31, 2, 1, 1, 1, '2018-06-06 00:00:00', '2018-06-06 00:00:00', NULL),
(3542, 432, 31, 3, 1, 1, 1, '2018-06-06 00:00:00', '2018-06-06 00:00:00', NULL),
(3543, 432, 31, 4, 1, 1, 1, '2018-06-06 00:00:00', '2018-06-06 00:00:00', NULL),
(3544, 308, 25, 1, 1, 1, 1, '2018-06-05 00:00:00', '2018-06-05 00:00:00', NULL),
(3545, 308, 25, 2, 1, 1, 1, '2018-06-05 00:00:00', '2018-06-05 00:00:00', NULL),
(3546, 308, 25, 3, 1, 1, 1, '2018-06-05 00:00:00', '2018-06-05 00:00:00', NULL),
(3547, 308, 25, 4, 1, 1, 1, '2018-06-05 00:00:00', '2018-06-05 00:00:00', NULL),
(3548, 308, 25, 5, 1, 1, 1, '2018-06-05 00:00:00', '2018-06-05 00:00:00', NULL),
(3549, 308, 25, 6, 1, 1, 1, '2018-06-05 00:00:00', '2018-06-05 00:00:00', NULL),
(3550, 305, 26, 1, 1, 1, 1, '2018-06-02 00:00:00', '2018-06-02 00:00:00', NULL),
(3551, 305, 26, 2, 1, 1, 1, '2018-06-02 00:00:00', '2018-06-02 00:00:00', NULL),
(3552, 305, 26, 3, 1, 1, 1, '2018-06-02 00:00:00', '2018-06-02 00:00:00', NULL),
(3553, 305, 26, 4, 1, 1, 1, '2018-06-02 00:00:00', '2018-06-02 00:00:00', NULL),
(3554, 305, 26, 5, 1, 1, 1, '2018-06-02 00:00:00', '2018-06-02 00:00:00', NULL),
(3555, 328, 22, 1, 1, 1, 1, '2018-06-07 00:00:00', '2018-06-07 00:00:00', NULL),
(3556, 328, 22, 2, 1, 1, 1, '2018-06-07 00:00:00', '2018-06-07 00:00:00', NULL),
(3557, 328, 22, 3, 1, 1, 1, '2018-06-07 00:00:00', '2018-06-07 00:00:00', NULL),
(3558, 328, 22, 4, 1, 1, 1, '2018-06-07 00:00:00', '2018-06-07 00:00:00', NULL),
(3559, 328, 22, 5, 1, 1, 1, '2018-06-07 00:00:00', '2018-06-07 00:00:00', NULL),
(3560, 328, 22, 6, 1, 1, 1, '2018-06-07 00:00:00', '2018-06-07 00:00:00', NULL),
(3561, 328, 22, 7, 1, 1, 1, '2018-06-07 00:00:00', '2018-06-07 00:00:00', NULL),
(3562, 691, 22, 1, 1, 1, 1, '2018-06-02 00:00:00', '2018-06-02 00:00:00', NULL),
(3563, 691, 22, 2, 1, 1, 1, '2018-06-02 00:00:00', '2018-06-02 00:00:00', NULL),
(3564, 691, 22, 3, 1, 1, 1, '2018-06-02 00:00:00', '2018-06-02 00:00:00', NULL),
(3565, 350, 23, 1, 1, 1, 1, '2018-06-05 00:00:00', '2018-06-05 00:00:00', NULL),
(3566, 350, 23, 2, 1, 1, 1, '2018-06-05 00:00:00', '2018-06-05 00:00:00', NULL),
(3567, 350, 23, 3, 1, 1, 1, '2018-06-05 00:00:00', '2018-06-05 00:00:00', NULL),
(3568, 321, 27, 1, 1, 1, 1, '2018-05-31 00:00:00', '2018-05-31 00:00:00', NULL),
(3569, 321, 27, 2, 1, 1, 1, '2018-05-31 00:00:00', '2018-05-31 00:00:00', NULL),
(3570, 321, 27, 3, 1, 1, 1, '2018-05-31 00:00:00', '2018-05-31 00:00:00', NULL),
(3571, 321, 27, 4, 1, 1, 1, '2018-05-31 00:00:00', '2018-05-31 00:00:00', NULL),
(3572, 319, 1, 1, 1, 1, 1, '2018-06-03 00:00:00', '2018-06-03 00:00:00', NULL),
(3573, 319, 1, 2, 1, 1, 1, '2018-06-03 00:00:00', '2018-06-03 00:00:00', NULL),
(3574, 319, 1, 3, 1, 1, 1, '2018-06-03 00:00:00', '2018-06-03 00:00:00', NULL),
(3575, 319, 1, 4, 1, 1, 1, '2018-06-03 00:00:00', '2018-06-03 00:00:00', NULL),
(3576, 609, 30, 1, 1, 1, 1, '2018-06-06 00:00:00', '2018-06-06 00:00:00', NULL),
(3577, 609, 30, 2, 1, 1, 1, '2018-06-06 00:00:00', '2018-06-06 00:00:00', NULL),
(3578, 609, 30, 3, 1, 1, 1, '2018-06-06 00:00:00', '2018-06-06 00:00:00', NULL),
(3579, 609, 30, 4, 1, 1, 1, '2018-06-06 00:00:00', '2018-06-06 00:00:00', NULL),
(3580, 568, 31, 1, 1, 1, 1, '2018-05-31 00:00:00', '2018-05-31 00:00:00', NULL),
(3581, 568, 31, 2, 1, 1, 1, '2018-05-31 00:00:00', '2018-05-31 00:00:00', NULL),
(3582, 568, 31, 3, 1, 1, 1, '2018-05-31 00:00:00', '2018-05-31 00:00:00', NULL),
(3583, 568, 31, 4, 1, 1, 1, '2018-05-31 00:00:00', '2018-05-31 00:00:00', NULL),
(3584, 568, 31, 5, 1, 1, 1, '2018-05-31 00:00:00', '2018-05-31 00:00:00', NULL),
(3585, 568, 31, 6, 1, 1, 1, '2018-05-31 00:00:00', '2018-05-31 00:00:00', NULL),
(3586, 568, 31, 7, 1, 1, 1, '2018-05-31 00:00:00', '2018-05-31 00:00:00', NULL),
(3587, 568, 31, 8, 1, 1, 1, '2018-05-31 00:00:00', '2018-05-31 00:00:00', NULL),
(3588, 362, 27, 1, 1, 1, 1, '2018-06-01 00:00:00', '2018-06-01 00:00:00', NULL),
(3589, 362, 27, 2, 1, 1, 1, '2018-06-01 00:00:00', '2018-06-01 00:00:00', NULL),
(3590, 61, 1, 1, 1, 1, 1, '2018-06-05 00:00:00', '2018-06-05 00:00:00', NULL),
(3591, 61, 1, 2, 1, 1, 1, '2018-06-05 00:00:00', '2018-06-05 00:00:00', NULL),
(3592, 61, 1, 3, 1, 1, 1, '2018-06-05 00:00:00', '2018-06-05 00:00:00', NULL);

-- --------------------------------------------------------

--
-- Table structure for table `call_history_comment`
--

CREATE TABLE `call_history_comment` (
  `id` int(11) NOT NULL,
  `call_history_id` int(11) NOT NULL,
  `type` varchar(50) NOT NULL,
  `text` text NOT NULL,
  `created_at` datetime DEFAULT NULL,
  `updated_at` datetime DEFAULT NULL,
  `deleted_at` datetime DEFAULT NULL
) ENGINE=InnoDB DEFAULT CHARSET=utf8;

-- --------------------------------------------------------

--
-- Table structure for table `call_history_status_comment`
--

CREATE TABLE `call_history_status_comment` (
  `id` int(11) NOT NULL,
  `call_history_id` int(11) NOT NULL,
  `call_status_comment` varchar(255) NOT NULL,
  `service_status_comment` varchar(255) NOT NULL,
  `created_at` datetime DEFAULT NULL,
  `updated_at` datetime DEFAULT NULL,
  `deleted_at` datetime DEFAULT NULL
) ENGINE=InnoDB DEFAULT CHARSET=utf8;

-- --------------------------------------------------------

--
-- Table structure for table `call_quality`
--

CREATE TABLE `call_quality` (
  `id` int(11) NOT NULL,
  `name` varchar(45) DEFAULT NULL,
  `description` varchar(255) DEFAULT NULL,
  `created_at` datetime DEFAULT NULL,
  `updated_at` datetime DEFAULT NULL,
  `deleted_at` datetime DEFAULT NULL
) ENGINE=InnoDB DEFAULT CHARSET=utf8;

--
-- Dumping data for table `call_quality`
--

INSERT INTO `call_quality` (`id`, `name`, `description`, `created_at`, `updated_at`, `deleted_at`) VALUES
(1, 'Call Quality 1', 'Call Quality 1', '2018-05-28 00:00:00', '2018-05-28 00:00:00', NULL),
(2, 'Call Quality 2', 'Call Quality 2', '2018-05-28 00:00:00', '2018-05-28 00:00:00', NULL);

-- --------------------------------------------------------

--
-- Table structure for table `call_quality_level`
--

CREATE TABLE `call_quality_level` (
  `id` int(11) NOT NULL,
  `call_quality_id` int(11) NOT NULL,
  `level_id` int(11) NOT NULL,
  `created_at` datetime DEFAULT NULL,
  `updated_at` datetime DEFAULT NULL,
  `deleted_at` datetime DEFAULT NULL
) ENGINE=InnoDB DEFAULT CHARSET=utf8;

--
-- Dumping data for table `call_quality_level`
--

INSERT INTO `call_quality_level` (`id`, `call_quality_id`, `level_id`, `created_at`, `updated_at`, `deleted_at`) VALUES
(1, 1, 1, '2018-05-29 00:00:00', '2018-05-29 00:00:00', NULL),
(2, 1, 2, '2018-05-29 00:00:00', '2018-05-29 00:00:00', NULL),
(3, 2, 2, '2018-05-29 00:00:00', '2018-05-29 00:00:00', NULL),
(4, 1, 3, '2018-05-29 00:00:00', '2018-05-29 00:00:00', NULL);

-- --------------------------------------------------------

--
-- Table structure for table `channel`
--

CREATE TABLE `channel` (
  `id` int(11) NOT NULL,
  `name` varchar(100) DEFAULT NULL,
  `created_at` datetime DEFAULT NULL,
  `updated_at` datetime DEFAULT NULL,
  `deleted_at` datetime DEFAULT NULL
) ENGINE=InnoDB DEFAULT CHARSET=utf8;

--
-- Dumping data for table `channel`
--

INSERT INTO `channel` (`id`, `name`, `created_at`, `updated_at`, `deleted_at`) VALUES
(1, 'Channel A', '2018-05-21 00:00:00', '2018-05-21 00:00:00', NULL),
(2, 'Channel B', '2018-05-21 00:00:00', '2018-05-21 00:00:00', NULL),
(3, 'NTL_FA video_102', '2018-05-24 12:13:35', '2018-05-24 12:13:35', NULL),
(4, 'FA TET 03', '2018-05-24 12:13:35', '2018-05-24 12:13:35', NULL),
(5, 'FA TET 05', '2018-05-24 12:13:35', '2018-05-24 12:13:35', NULL),
(6, 'topicanative_asia', '2018-05-24 12:13:35', '2018-05-24 12:13:35', NULL),
(7, 'LINE- TL', '2018-05-24 12:13:35', '2018-05-24 12:13:35', NULL),
(8, 'NTL_FABR_04', '2018-05-31 09:46:29', '2018-05-31 09:46:29', NULL),
(9, 'NTL_FABR_03', '2018-05-31 09:46:29', '2018-05-31 09:46:29', NULL),
(10, 'NTL_FABR_07', '2018-05-31 09:46:29', '2018-05-31 09:46:29', NULL),
(11, 'FA TET BR16', '2018-05-31 09:46:29', '2018-05-31 09:46:29', NULL),
(12, 'FA TET 06', '2018-05-31 09:46:29', '2018-05-31 09:46:29', NULL),
(13, 'FA TET 04', '2018-05-31 09:46:29', '2018-05-31 09:46:29', NULL),
(14, 'Branding_FA', '2018-05-31 09:46:29', '2018-05-31 09:46:29', NULL),
(15, 'NTL_FABR_06', '2018-05-31 09:46:29', '2018-05-31 09:46:29', NULL),
(16, 'NTL_FABR_01', '2018-05-31 09:46:29', '2018-05-31 09:46:29', NULL),
(17, 'NTL_TK900', '2018-05-31 09:46:29', '2018-05-31 09:46:29', NULL),
(18, 'NTL_TK800', '2018-05-31 09:46:29', '2018-05-31 09:46:29', NULL),
(19, 'NTL_FABR_08', '2018-05-31 09:46:29', '2018-05-31 09:46:29', NULL),
(20, 'TK200_Video Marketing', '2018-05-31 09:46:29', '2018-05-31 09:46:29', NULL),
(21, 'NTL_FABR_02', '2018-05-31 09:46:30', '2018-05-31 09:46:30', NULL),
(22, 'NTL_FABR_09', '2018-05-31 09:46:30', '2018-05-31 09:46:30', NULL),
(23, 'NTL_FABR_05', '2018-05-31 09:46:31', '2018-05-31 09:46:31', NULL),
(24, 'english.topicanative.asia', '2018-05-31 09:46:34', '2018-05-31 09:46:34', NULL),
(25, 'Fanpage Facebook', '2018-05-31 09:46:34', '2018-05-31 09:46:34', NULL),
(26, 'Không xác định', '2018-05-31 09:46:34', '2018-05-31 09:46:34', NULL),
(27, 'Sub fanpage', '2018-05-31 09:46:34', '2018-05-31 09:46:34', NULL);

-- --------------------------------------------------------

--
-- Table structure for table `contact`
--

CREATE TABLE `contact` (
  `id` int(11) NOT NULL,
  `firstname` varchar(100) DEFAULT NULL,
  `lastname` varchar(100) DEFAULT NULL,
  `email` varchar(100) DEFAULT NULL,
  `telephone` int(20) DEFAULT NULL,
  `registration_date` datetime NOT NULL,
  `is_owned` int(1) NOT NULL DEFAULT 0,
  `contact_source_id` int(11) NOT NULL,
  `channel_id` int(11) NOT NULL,
  `created_at` datetime DEFAULT NULL,
  `updated_at` datetime DEFAULT NULL,
  `deleted_at` datetime DEFAULT NULL
) ENGINE=InnoDB DEFAULT CHARSET=utf8;

--
-- Dumping data for table `contact`
--

INSERT INTO `contact` (`id`, `firstname`, `lastname`, `email`, `telephone`, `registration_date`, `is_owned`, `contact_source_id`, `channel_id`, `created_at`, `updated_at`, `deleted_at`) VALUES
(1, 'จิ๊บ', '', 'jib2@hotmail.com', NULL, '2018-03-30 18:12:32', 0, 1, 4, '2018-06-19 03:06:36', '2018-06-19 03:14:36', NULL),
(2, 'ทรงพล', '', 'songphon2226@gmail.com', NULL, '2018-03-30 18:12:32', 0, 1, 13, '2018-06-19 03:06:36', '2018-06-19 03:14:30', NULL),
(3, 'Laksnara', '', 'kunlasatee1992@hotmail.com', NULL, '2018-03-30 18:12:32', 0, 2, 22, '2018-06-19 03:06:36', '2018-06-19 03:14:33', NULL),
(4, 'Kaewta', '', 'kaewta13184.kaew@gmail.com', NULL, '2018-03-30 18:12:32', 0, 6, 8, '2018-06-19 03:06:36', '2018-06-19 03:14:32', NULL),
(5, 'ภัณฑิรา', '', 'Natpantira41@gmail.com', NULL, '2018-03-30 18:12:32', 0, 1, 23, '2018-06-19 03:06:36', '2018-06-19 03:14:30', NULL),
(6, 'พิชญา', 'อินต๊ะสอน', 'inthv-pichaya@hotmail.com', NULL, '2018-03-30 18:12:32', 0, 3, 23, '2018-06-19 03:06:36', '2018-06-19 03:14:32', NULL),
(7, 'Saichon', '', 'ning10jitklang@gmail.com', NULL, '2018-03-30 18:12:32', 0, 2, 8, '2018-06-19 03:06:36', '2018-06-19 03:14:37', NULL),
(8, 'ศัลธยา', '', 'pookachamp2013@hotmail.com', NULL, '2018-03-30 18:12:32', 0, 2, 3, '2018-06-19 03:06:36', '2018-06-19 03:14:31', NULL),
(9, 'นส.ญาณัชชา', 'โยงยศ', 'supitchaya.3112@gmail.com', NULL, '2018-03-30 18:12:32', 0, 6, 5, '2018-06-19 03:06:36', '2018-06-19 03:14:36', NULL),
(10, 'พิมพ์ชญา', 'ก้อนทอง', 'dowta2020@hotmaio.com', NULL, '2018-03-31 01:48:43', 0, 3, 9, '2018-06-19 03:06:36', '2018-06-19 03:14:38', NULL),
(11, 'จีราพร', 'ทองคำ', 'chiraphon-noo@hotmail.co.th', NULL, '2018-03-31 01:48:43', 0, 3, 14, '2018-06-19 03:06:36', '2018-06-19 03:14:34', NULL),
(12, 'กิตติภัทร', 'โลหิตไทย', 'kittipat.lohitthai@gmail.com', NULL, '2018-03-30 18:37:27', 0, 3, 1, '2018-06-19 03:06:36', '2018-06-19 03:14:38', NULL),
(13, 'Pawadee', '', 'yuiziiz_yuiziiz@hotmail.com', NULL, '2018-03-30 18:37:27', 0, 6, 27, '2018-06-19 03:06:37', '2018-06-19 03:14:31', NULL),
(14, 'สุจีภา', '', 'sujeepa7711@gmail.com', NULL, '2018-03-30 18:37:27', 0, 2, 25, '2018-06-19 03:06:37', '2018-06-19 03:14:33', NULL),
(15, 'มารียัม', '', 'mariyamdolee611@gmail.com', NULL, '2018-03-30 18:37:27', 0, 6, 9, '2018-06-19 03:06:37', '2018-06-19 03:14:31', NULL),
(16, 'นันทลักษณ์', 'สุขวิชัยมณี', 'pinkii.phung@hotmail.com', NULL, '2018-03-30 18:37:27', 0, 6, 19, '2018-06-19 03:06:37', '2018-06-19 03:14:29', NULL),
(17, 'ปิยทัศน์', '', 'champ_sae@hotmail.com', NULL, '2018-03-30 18:37:27', 0, 1, 5, '2018-06-19 03:06:37', '2018-06-19 03:14:35', NULL),
(18, 'แก้ม', '', 'sasima.doa@gmail.com', NULL, '2018-03-30 18:37:27', 0, 6, 11, '2018-06-19 03:06:37', '2018-06-19 03:14:29', NULL),
(19, 'Nuntaphorn', '', 'ningnuntaphorn@gmail.com', NULL, '2018-03-30 18:37:27', 0, 1, 26, '2018-06-19 03:06:37', '2018-06-19 03:14:29', NULL),
(20, 'Somchai', '', 'e20dzh@gmail.com', NULL, '2018-03-30 18:37:27', 0, 6, 14, '2018-06-19 03:06:37', '2018-06-19 03:14:28', NULL),
(21, 'Ngampit', '', 'nglaw_1@yahoo.com', NULL, '2018-03-30 18:37:27', 0, 3, 13, '2018-06-19 03:06:37', '2018-06-19 03:14:34', NULL),
(22, 'ชาลิดา', 'มิสอิ๊ด', 'chalida.nda@gmail.cpm', NULL, '2018-03-30 18:37:27', 0, 1, 25, '2018-06-19 03:06:37', '2018-06-19 03:14:38', NULL),
(23, 'Kanokon', '', 'pooky_love555@hotmail.com', NULL, '2018-03-30 18:37:27', 0, 2, 11, '2018-06-19 03:06:37', '2018-06-19 03:14:31', NULL),
(24, 'Primarry', '', 'primarry@outlook.com', NULL, '2018-03-30 18:37:27', 0, 1, 15, '2018-06-19 03:06:37', '2018-06-19 03:14:34', NULL),
(25, 'ศิริรัตน์', '', 'sirirat1998@gmail.com', NULL, '2018-03-30 18:37:27', 0, 1, 10, '2018-06-19 03:06:37', '2018-06-19 03:14:38', NULL),
(26, 'Nova', '', 'w.senapak@hotmail.com', NULL, '2018-03-30 18:37:27', 0, 3, 20, '2018-06-19 03:06:37', '2018-06-19 03:14:33', NULL),
(27, 'ณัฐธัญรดา', 'บาระมี', 'ddt_baramee@hotmail.com', NULL, '2018-03-30 18:37:27', 0, 6, 20, '2018-06-19 03:06:37', '2018-06-19 03:14:31', NULL),
(28, 'Sasisom', '', 'sasisom.m@gmail.com', NULL, '2018-03-30 18:37:27', 0, 3, 19, '2018-06-19 03:06:37', '2018-06-19 03:14:39', NULL),
(29, 'ราตรี', '', 'subkongsang@gmail.com', NULL, '2018-03-30 18:37:27', 0, 3, 19, '2018-06-19 03:06:37', '2018-06-19 03:14:30', NULL),
(30, 'นิธินันท์', 'กาศโอสถ', 'game064096@gmail.com', NULL, '2018-03-30 18:37:27', 0, 1, 8, '2018-06-19 03:06:37', '2018-06-19 03:14:38', NULL),
(31, 'อนิรุตร์', 'ชาญสิทธิ', 'chansit1@hotmail.com', NULL, '2018-03-30 18:12:32', 0, 2, 25, '2018-06-19 03:14:05', '2018-06-19 03:14:35', NULL),
(32, 'สมร', '', 'yave0409@gmail.com', NULL, '2018-03-30 18:12:32', 0, 6, 7, '2018-06-19 03:14:05', '2018-06-19 03:14:31', NULL),
(33, 'petch', '', 'usinsawatpetch@gmail.com', NULL, '2018-03-30 18:12:32', 0, 6, 9, '2018-06-19 03:14:05', '2018-06-19 03:14:33', NULL),
(34, 'Surainee', 'silae', 'suraineesilae0@gmail.com', NULL, '2018-03-30 18:12:32', 0, 6, 18, '2018-06-19 03:14:05', '2018-06-19 03:14:33', NULL),
(35, 'วรรณภา', 'เนตรสายคงคา', 'baitoey55555@hotmail.com', NULL, '2018-03-30 18:12:32', 0, 2, 25, '2018-06-19 03:14:05', '2018-06-19 03:14:35', NULL),
(36, 'อาซียะห์', '', 'aseeyah222.2558@gmail.com', NULL, '2018-03-30 18:12:32', 0, 1, 6, '2018-06-19 03:14:05', '2018-06-19 03:14:36', NULL),
(37, 'กรรนิกร', 'สิงห์ทอน', 'kannigons@gmail.com', NULL, '2018-03-30 18:12:32', 0, 2, 24, '2018-06-19 03:14:05', '2018-06-19 03:14:30', NULL),
(38, 'จิราทราย', 'วิรุฬรัตน์', 'meilyly1992@gmail.com', NULL, '2018-03-30 18:12:32', 0, 2, 7, '2018-06-19 03:14:05', '2018-06-19 03:14:29', NULL),
(39, 'อารียา', '', 'areeya.a789@gmail.com', NULL, '2018-03-30 18:12:32', 0, 2, 16, '2018-06-19 03:14:05', '2018-06-19 03:14:31', NULL),
(40, 'สูเอียน', 'แซ่เติ๋น', 'suaian.comnam@gmail.com', NULL, '2018-03-30 18:12:32', 0, 6, 26, '2018-06-19 03:14:05', '2018-06-19 03:14:33', NULL),
(41, 'อินทัช', 'ฉาบกลิ่นหอม', 'schabklinhxm@hotmail.com', NULL, '2018-03-30 18:12:32', 0, 3, 1, '2018-06-19 03:14:05', '2018-06-19 03:14:35', NULL),
(42, 'ดนุสรณ์', '', 'danusorn9088@hotmail.com', NULL, '2018-03-30 18:12:32', 0, 6, 6, '2018-06-19 03:14:05', '2018-06-19 03:14:38', NULL),
(43, 'Kanyalak', '', 'kanyalakmumint18@gmail.com', NULL, '2018-03-30 18:12:32', 0, 2, 26, '2018-06-19 03:14:05', '2018-06-19 03:14:38', NULL),
(44, 'Wittaya', 'chanpraprai', 'bansaw291@hotmail.com', NULL, '2018-03-30 18:12:32', 0, 6, 16, '2018-06-19 03:14:05', '2018-06-19 03:14:37', NULL),
(45, 'กันตยา', '', 'Gantaya.2540@gmail.com', NULL, '2018-03-30 18:12:32', 0, 3, 7, '2018-06-19 03:14:05', '2018-06-19 03:14:39', NULL),
(46, 'เพชร', '', 'petcasanove@hitmail.com', NULL, '2018-03-30 18:12:32', 0, 2, 3, '2018-06-19 03:14:05', '2018-06-19 03:14:35', NULL),
(47, 'ณัฐวุฒิ', '', 'bluesword25@gmail.com', NULL, '2018-03-30 18:12:32', 0, 6, 2, '2018-06-19 03:14:05', '2018-06-19 03:14:39', NULL),
(48, 'กรชนก', '', 'p_ric3_p_ris4@hotmail.com', NULL, '2018-03-30 18:12:32', 0, 3, 8, '2018-06-19 03:14:05', '2018-06-19 03:14:32', NULL),
(49, 'ศิริดวง', '', 'siriduang604@hotmail.com', NULL, '2018-03-30 18:12:32', 0, 6, 27, '2018-06-19 03:14:05', '2018-06-19 03:14:30', NULL),
(50, 'sasipimol', '', 'ying.adn@gmail.com', NULL, '2018-03-30 18:12:32', 0, 3, 20, '2018-06-19 03:14:05', '2018-06-19 03:14:34', NULL),
(51, 'วารัตดา', 'เพชรรักษ์', 'bbilebell@hotmail.com', NULL, '2018-03-30 18:12:32', 0, 2, 19, '2018-06-19 03:14:05', '2018-06-19 03:14:31', NULL),
(52, 'ภัสรา', 'คล้ายคลัง', 'in_mam1111@hotmail.com', NULL, '2018-03-30 18:12:32', 0, 1, 1, '2018-06-19 03:14:05', '2018-06-19 03:14:35', NULL),
(53, 'ราสน', '', 'hcvhff@gmail.com', NULL, '2018-03-30 18:12:32', 0, 3, 26, '2018-06-19 03:14:05', '2018-06-19 03:14:29', NULL),
(54, 'ศิริวิทย์', 'สังขพันธ์', 'siriwit.sungkhaphan@th.tesco.com', NULL, '2018-03-30 18:12:32', 0, 1, 24, '2018-06-19 03:14:05', '2018-06-19 03:14:32', NULL),
(55, 'วทันยา', '', 'soloday@gmail.com', NULL, '2018-03-30 18:12:32', 0, 3, 19, '2018-06-19 03:14:05', '2018-06-19 03:14:37', NULL),
(56, 'สิริปุณณ์', 'ยิ้มถนอม', 'sanarmeiei@hotmail.com', NULL, '2018-03-30 18:12:32', 0, 3, 14, '2018-06-19 03:14:05', '2018-06-19 03:14:30', NULL),
(57, 'วัชรชัย', '', 'w.meesaeng@gmail.com', NULL, '2018-03-30 18:12:32', 0, 1, 3, '2018-06-19 03:14:05', '2018-06-19 03:14:30', NULL),
(58, 'ต่อ', '', 'toa_nongbie@hotmail.com', NULL, '2018-03-30 18:12:32', 0, 6, 7, '2018-06-19 03:14:05', '2018-06-19 03:14:35', NULL),
(59, 'มุก', '', 'phatcharee.kmj11@hotmail.com', NULL, '2018-03-30 18:12:32', 0, 3, 1, '2018-06-19 03:14:05', '2018-06-19 03:14:30', NULL),
(60, 'อภิวิชญ์', 'นุราช', 'apiwish251038@gmail.com', NULL, '2018-03-30 18:12:32', 0, 6, 21, '2018-06-19 03:14:05', '2018-06-19 03:14:38', NULL),
(61, 'กมลเนตร', '', 'Kamonnetnook@hotmail.com', NULL, '2018-03-30 18:12:32', 0, 1, 17, '2018-06-19 03:14:05', '2018-06-19 03:14:39', NULL),
(62, 'กัลยารัตน์', 'กองพล', 'ann_black934@hotmail.com', NULL, '2018-03-30 18:12:32', 0, 3, 3, '2018-06-19 03:14:05', '2018-06-19 03:14:35', NULL),
(63, 'Kanjanut', '', 'tuk-ka-tik@msn.com', NULL, '2018-03-30 18:12:32', 0, 2, 12, '2018-06-19 03:14:05', '2018-06-19 03:14:38', NULL),
(64, 'คิม', '', 'lovely@gmail.com', NULL, '2018-03-30 18:12:32', 0, 6, 17, '2018-06-19 03:14:05', '2018-06-19 03:14:32', NULL),
(65, 'บุษญาภรณ์', '', 'the_dreammee@hotmail.com', NULL, '2018-03-30 18:12:32', 0, 3, 14, '2018-06-19 03:14:05', '2018-06-19 03:14:29', NULL),
(66, 'Aekachai', '', 'aekchai-21-09-37@hotmail.com', NULL, '2018-03-30 18:12:32', 0, 2, 23, '2018-06-19 03:14:05', '2018-06-19 03:14:35', NULL),
(67, 'ดด', '', 'tumoau@hotmail.com', NULL, '2018-03-30 18:12:32', 0, 2, 6, '2018-06-19 03:14:05', '2018-06-19 03:14:32', NULL),
(68, 'Supreeya', '', 'themoonfirthesun@gmail.com', NULL, '2018-03-30 18:12:32', 0, 6, 7, '2018-06-19 03:14:05', '2018-06-19 03:14:31', NULL),
(69, 'จินตหลา', '', 'poonlab@hotmail.com', NULL, '2018-03-30 18:12:32', 0, 6, 14, '2018-06-19 03:14:05', '2018-06-19 03:14:33', NULL),
(70, 'นว้องงงโมววว', '', 'shiroyasha@hotmail.co.th', NULL, '2018-03-30 18:12:32', 0, 2, 17, '2018-06-19 03:14:05', '2018-06-19 03:14:32', NULL),
(71, 'นิดา', 'คเชนทร', 'dada.nida96@gmail.com', NULL, '2018-03-30 18:12:32', 0, 6, 8, '2018-06-19 03:14:05', '2018-06-19 03:14:39', NULL),
(72, 'ทิต', '', 'norsang.ly@gmail.com', NULL, '2018-03-30 18:12:32', 0, 1, 17, '2018-06-19 03:14:05', '2018-06-19 03:14:32', NULL),
(73, 'มะยม', '', 'jeab_jada@hotmail.com', NULL, '2018-03-30 18:12:32', 0, 2, 3, '2018-06-19 03:14:05', '2018-06-19 03:14:37', NULL),
(74, 'จุฑามาศ', '', 'tuesday-aprul@hotmail.com', NULL, '2018-03-30 18:12:32', 0, 6, 26, '2018-06-19 03:14:05', '2018-06-19 03:14:30', NULL),
(75, '์Natthakarn', 'Chobsieng', 'nuttiikarn@gmail.com', NULL, '2018-03-30 18:12:32', 0, 6, 13, '2018-06-19 03:14:05', '2018-06-19 03:14:31', NULL),
(76, 'สส', '', 'nine.c@hotmail.com', NULL, '2018-03-30 18:12:32', 0, 3, 15, '2018-06-19 03:14:05', '2018-06-19 03:14:34', NULL),
(77, 'patcharapon', '', 'pa_ploy27343@hotmail.com', NULL, '2018-03-30 18:12:32', 0, 2, 15, '2018-06-19 03:14:05', '2018-06-19 03:14:38', NULL),
(78, 'อนงค์', 'ไชยวิเศษ', 'r.chaiwisate@gmail.com', NULL, '2018-03-30 18:12:32', 0, 2, 17, '2018-06-19 03:14:05', '2018-06-19 03:14:39', NULL),
(79, 'phavinee', 'teangyoo', 'pamja280@gmail.com', NULL, '2018-03-30 18:12:32', 0, 6, 27, '2018-06-19 03:14:05', '2018-06-19 03:14:36', NULL),
(80, 'Jiraporn', '', 'Jane77hunhan@gmail.com', NULL, '2018-03-30 18:12:32', 0, 2, 23, '2018-06-19 03:14:05', '2018-06-19 03:14:34', NULL),
(81, 'พัชราภา', '', 'patcharapa19955@gmail.com', NULL, '2018-03-30 18:12:32', 0, 6, 14, '2018-06-19 03:14:05', '2018-06-19 03:14:29', NULL),
(82, 'Patiparn', '', 'koa2540@gmail.com', NULL, '2018-03-30 18:12:32', 0, 2, 15, '2018-06-19 03:14:05', '2018-06-19 03:14:38', NULL),
(83, 'อัมรัตน์', '', 'ammarat.iat@hotmail.com', NULL, '2018-03-30 18:12:32', 0, 1, 1, '2018-06-19 03:14:05', '2018-06-19 03:14:35', NULL),
(84, 'อมรรัตน์', 'สาธร', 'amonrat.sathorn19@gmail.com', NULL, '2018-03-30 18:12:32', 0, 1, 20, '2018-06-19 03:14:05', '2018-06-19 03:14:39', NULL),
(85, 'นางสาว', 'นภาพร', 'Napopharn@hotmail.com', NULL, '2018-03-30 18:12:32', 0, 2, 17, '2018-06-19 03:14:05', '2018-06-19 03:14:36', NULL),
(86, 'เจณิตา', '', 'jcjny22@gmail.com', NULL, '2018-03-30 18:12:32', 0, 6, 11, '2018-06-19 03:14:05', '2018-06-19 03:14:29', NULL),
(87, 'ธันยา', '', 'vickymayer@ymail.com', NULL, '2018-03-30 18:12:32', 0, 6, 5, '2018-06-19 03:14:05', '2018-06-19 03:14:30', NULL),
(88, 'Sutthada', '', 'earn.sutthada@hotmail.com', NULL, '2018-03-30 18:12:32', 0, 1, 16, '2018-06-19 03:14:05', '2018-06-19 03:14:35', NULL),
(89, 'ธนวัฒน์', '', 'teotletan@gmail.com', NULL, '2018-03-30 18:12:32', 0, 6, 3, '2018-06-19 03:14:05', '2018-06-19 03:14:32', NULL),
(90, 'เลิศลักษณ์', 'สุบุญสันติ', 'ga_2501@yahoo.com', NULL, '2018-03-30 18:12:32', 0, 2, 27, '2018-06-19 03:14:05', '2018-06-19 03:14:32', NULL),
(91, 'Aof', '', 'asyo_aof7@hotmail.com', NULL, '2018-03-30 18:12:32', 0, 6, 24, '2018-06-19 03:14:05', '2018-06-19 03:14:39', NULL),
(92, 'ศุภกิตติ์', 'ชาง', 'supakitchang@gmail.com', NULL, '2018-03-30 18:12:32', 0, 6, 5, '2018-06-19 03:14:05', '2018-06-19 03:14:34', NULL),
(93, 'มด', '', 'mod123@hotmail.com', NULL, '2018-03-30 18:12:32', 0, 2, 5, '2018-06-19 03:14:05', '2018-06-19 03:14:36', NULL),
(94, 'Chanwaraphorn', '', 'baaitoei@hotmail.com', NULL, '2018-03-30 18:12:32', 0, 6, 8, '2018-06-19 03:14:05', '2018-06-19 03:14:29', NULL),
(95, 'ดนุสรณ์', '', 'toeysamut@gmail.com', NULL, '2018-03-30 18:12:32', 0, 6, 2, '2018-06-19 03:14:05', '2018-06-19 03:14:34', NULL),
(96, 'Nueng', '', 'nuengpm1@gmail.com', NULL, '2018-03-30 18:12:32', 0, 3, 6, '2018-06-19 03:14:05', '2018-06-19 03:14:38', NULL),
(97, 'Inruthai', '', 'inruthai22@gmail.com', NULL, '2018-03-30 18:12:32', 0, 6, 16, '2018-06-19 03:14:05', '2018-06-19 03:14:34', NULL),
(98, 'พลอย', '', 'ployprakay@hotmail.com', NULL, '2018-03-30 18:12:32', 0, 2, 7, '2018-06-19 03:14:05', '2018-06-19 03:14:35', NULL),
(99, 'Payupak', '', 'payupak3734@gmail.com', NULL, '2018-03-30 18:12:32', 0, 3, 12, '2018-06-19 03:14:05', '2018-06-19 03:14:39', NULL),
(100, 'สุรีย์รัตน์', '', 'aa0939480517@gmail.com', NULL, '2018-03-30 18:12:32', 0, 2, 9, '2018-06-19 03:14:05', '2018-06-19 03:14:39', NULL),
(101, 'บูรพา', '', 'malasoburapha@gmail.com', NULL, '2018-03-30 18:12:32', 0, 2, 27, '2018-06-19 03:14:05', '2018-06-19 03:14:36', NULL),
(102, 'ปิยะนุช', 'บ้างตำรวจ', 'ironman0233@gmail.com', NULL, '2018-03-30 18:12:32', 0, 6, 14, '2018-06-19 03:14:05', '2018-06-19 03:14:39', NULL),
(103, 'Jau', '', 'nut_cryy@hotmail.com', NULL, '2018-03-30 18:12:32', 0, 6, 25, '2018-06-19 03:14:05', '2018-06-19 03:14:29', NULL),
(104, 'Nattida', '', 'hanahana_naa@hotmail.com', NULL, '2018-03-30 18:12:32', 0, 6, 13, '2018-06-19 03:14:05', '2018-06-19 03:14:31', NULL),
(105, 'Atiwit', '', 'atiwitbb@gmail.com', NULL, '2018-03-30 18:12:32', 0, 1, 27, '2018-06-19 03:14:05', '2018-06-19 03:14:39', NULL),
(106, 'A', '', 'a_@hotmail.com', NULL, '2018-03-30 18:12:32', 0, 1, 11, '2018-06-19 03:14:05', '2018-06-19 03:14:30', NULL),
(107, 'เต้ย', '', 'rungtay@hotmail.com', NULL, '2018-03-30 18:12:32', 0, 6, 18, '2018-06-19 03:14:05', '2018-06-19 03:14:37', NULL),
(108, 'บุหงา', 'สีหะจิตต์', 'bunga2538@gmail.com', NULL, '2018-03-30 18:12:32', 0, 2, 9, '2018-06-19 03:14:05', '2018-06-19 03:14:35', NULL),
(109, 'วรนันท์', '', 'vetbeau@hotmail.com', NULL, '2018-03-30 18:12:32', 0, 6, 18, '2018-06-19 03:14:05', '2018-06-19 03:14:33', NULL),
(110, 'Tan', '', 'pompom_tan@hotmail.com', NULL, '2018-03-30 18:12:32', 0, 1, 18, '2018-06-19 03:14:05', '2018-06-19 03:14:39', NULL),
(111, 'patinya', '', 'patinya633@gmail.com', NULL, '2018-03-30 18:12:32', 0, 3, 10, '2018-06-19 03:14:05', '2018-06-19 03:14:35', NULL),
(112, 'กัลยาณี', 'สวัสดิ์', 'zimmy49476@gmail.com', NULL, '2018-03-30 18:12:32', 0, 1, 3, '2018-06-19 03:14:05', '2018-06-19 03:14:29', NULL),
(113, 'Ja', '', 'hhhg5465@hotmail.com', NULL, '2018-03-30 18:12:32', 0, 1, 24, '2018-06-19 03:14:05', '2018-06-19 03:14:37', NULL),
(114, 'ปิยธิดา', '', 'noii14112541@gmail.com', NULL, '2018-03-30 18:12:32', 0, 1, 13, '2018-06-19 03:14:05', '2018-06-19 03:14:35', NULL),
(115, 'Ruttana', '', 'laila-6337@hotmail.com', NULL, '2018-03-30 18:12:32', 0, 2, 7, '2018-06-19 03:14:05', '2018-06-19 03:14:35', NULL),
(116, 'pimwipa', 'wiriyawong', 'pimwipa44@hotmail.co.th', NULL, '2018-03-30 18:12:32', 0, 1, 19, '2018-06-19 03:14:05', '2018-06-19 03:14:37', NULL),
(117, 'ดลกมล', '', 'aey08@hotmail.com', NULL, '2018-03-30 18:12:32', 0, 2, 11, '2018-06-19 03:14:05', '2018-06-19 03:14:29', NULL),
(118, 'วรวิทย์', 'วิริยา', 'worawitwiriya@gmail.com', NULL, '2018-03-30 18:12:32', 0, 6, 24, '2018-06-19 03:14:05', '2018-06-19 03:14:38', NULL),
(119, 'Pui', '', 'pt_sirinapa@hotmail.com', NULL, '2018-03-30 18:12:32', 0, 6, 1, '2018-06-19 03:14:05', '2018-06-19 03:14:35', NULL),
(120, 'ชนกานต์', 'เสรีอำนวย', 'apchinjang@gmail.com', NULL, '2018-03-30 18:12:32', 0, 2, 17, '2018-06-19 03:14:05', '2018-06-19 03:14:34', NULL),
(121, 'Nanat', '', 'caesah30@gmail.com', NULL, '2018-03-30 18:12:32', 0, 6, 2, '2018-06-19 03:14:05', '2018-06-19 03:14:33', NULL),
(122, 'Natty', '', 'natty_jappy@hotmail.com', NULL, '2018-03-30 18:12:32', 0, 3, 12, '2018-06-19 03:14:05', '2018-06-19 03:14:38', NULL),
(123, 'โสภิดา', 'สะใบทอง', 'tour_best2009@hotmail.com', NULL, '2018-03-30 18:12:32', 0, 6, 20, '2018-06-19 03:14:05', '2018-06-19 03:14:38', NULL),
(124, 'Kanjana', 'Boonwang', 'BKanjana1996@gmail.com', NULL, '2018-03-30 18:12:32', 0, 1, 17, '2018-06-19 03:14:05', '2018-06-19 03:14:36', NULL),
(125, 'Rakkana', '', 'j_minai@hotmail.com', NULL, '2018-03-30 18:12:32', 0, 2, 20, '2018-06-19 03:14:06', '2018-06-19 03:14:29', NULL),
(126, 'พีระพรรณ', '', 'kantapon_43@gmail.com', NULL, '2018-03-30 18:12:32', 0, 3, 23, '2018-06-19 03:14:06', '2018-06-19 03:14:29', NULL),
(127, 'สุนิดา', 'โรจนบุรานนท์', 'sahakit@hotmail.co.th', NULL, '2018-03-30 18:12:32', 0, 6, 12, '2018-06-19 03:14:06', '2018-06-19 03:14:31', NULL),
(128, 'ณเดช', '', 'bananabarry@hotmail.com', NULL, '2018-03-30 18:12:32', 0, 6, 19, '2018-06-19 03:14:06', '2018-06-19 03:14:31', NULL),
(129, 'Pawinee', '', 'Pawinee06105@gmail.com', NULL, '2018-03-30 18:12:32', 0, 2, 15, '2018-06-19 03:14:06', '2018-06-19 03:14:38', NULL),
(130, 'Anchalee', '', 'anchaleenawanma@gmail.com', NULL, '2018-03-30 18:12:32', 0, 6, 8, '2018-06-19 03:14:06', '2018-06-19 03:14:33', NULL),
(131, 'เรณา', '', 'renasripirom@gmail.com', NULL, '2018-03-30 18:12:32', 0, 3, 14, '2018-06-19 03:14:06', '2018-06-19 03:14:33', NULL),
(132, 'กรรณิชา', 'ภาคสาลี', 'npaksalee@gmail.com', NULL, '2018-03-30 18:12:32', 0, 1, 3, '2018-06-19 03:14:06', '2018-06-19 03:14:06', NULL),
(133, 'parker', '', 'bussagron3011@gmail.com', NULL, '2018-03-30 18:12:32', 0, 2, 17, '2018-06-19 03:14:06', '2018-06-19 03:14:33', NULL),
(134, 'พรปวี', '', 'cosmetic_sale@hotmail.com', NULL, '2018-03-30 18:12:32', 0, 1, 1, '2018-06-19 03:14:06', '2018-06-19 03:14:30', NULL),
(135, 'ดวงฤทัย', 'ทะอินตา', 'toon275@gmail.com', NULL, '2018-03-30 18:12:32', 0, 3, 1, '2018-06-19 03:14:06', '2018-06-19 03:14:38', NULL),
(136, 'รัตนาวดี', 'หมื่นศรีภูมิ', 'kaewok@gmail.com', NULL, '2018-03-30 18:12:32', 0, 2, 14, '2018-06-19 03:14:06', '2018-06-19 03:14:35', NULL),
(137, 'ปาริฉัตร', 'ทับทิมหอม', 'winaum@hotmail.com', NULL, '2018-03-30 18:12:32', 0, 2, 25, '2018-06-19 03:14:06', '2018-06-19 03:14:35', NULL),
(138, 'วรรธนา', 'ธ.เชียงทอง', 'avarnz@gmail.com', NULL, '2018-03-30 18:12:32', 0, 3, 27, '2018-06-19 03:14:06', '2018-06-19 03:14:39', NULL),
(139, 'เฟิส', '', 'zearmoo_lm@hotmail.com', NULL, '2018-03-30 18:12:32', 0, 3, 15, '2018-06-19 03:14:06', '2018-06-19 03:14:34', NULL),
(140, 'ศิริดา', 'มากสิน', 'sirida.nattamon@gmail.com', NULL, '2018-03-30 18:12:32', 0, 1, 15, '2018-06-19 03:14:06', '2018-06-19 03:14:33', NULL),
(141, 'แยม', '', 'ii.yamstrawberry@hotmail.com', NULL, '2018-03-30 18:12:32', 0, 2, 18, '2018-06-19 03:14:06', '2018-06-19 03:14:32', NULL),
(142, 'วรรษมน', '', 'watsamon.pen@gmail.com', NULL, '2018-03-30 18:12:32', 0, 1, 9, '2018-06-19 03:14:06', '2018-06-19 03:14:36', NULL),
(143, 'มะลิวรรณ', 'จันตะเภา', 'fon390945@gmail.com', NULL, '2018-03-30 18:12:32', 0, 6, 7, '2018-06-19 03:14:06', '2018-06-19 03:14:33', NULL),
(144, 'ณิชารีย์', 'เจริญศิริมณี', 'eif.ncr@hotmail.com', NULL, '2018-03-30 18:12:32', 0, 1, 12, '2018-06-19 03:14:06', '2018-06-19 03:14:34', NULL),
(145, 'Goffy', '', 'GJ911@hotmail.co.th', NULL, '2018-03-30 18:12:32', 0, 6, 13, '2018-06-19 03:14:06', '2018-06-19 03:14:38', NULL),
(146, 'Narinnattamon', '', 'mint_11325@hotmail.com', NULL, '2018-03-30 18:12:32', 0, 6, 9, '2018-06-19 03:14:06', '2018-06-19 03:14:31', NULL),
(147, 'วาริน', 'ประทุมเม', 'Warinprathummea.1999@gmail.com', NULL, '2018-03-30 18:12:32', 0, 1, 19, '2018-06-19 03:14:06', '2018-06-19 03:14:39', NULL),
(148, 'ภูเมธ', 'ศรีสมปอง', 'bookok692@hotmail.com', NULL, '2018-03-30 18:12:32', 0, 6, 10, '2018-06-19 03:14:06', '2018-06-19 03:14:35', NULL),
(149, 'แหม่ม', '', 'puskul.lim@gmail.com', NULL, '2018-03-30 18:12:32', 0, 2, 20, '2018-06-19 03:14:06', '2018-06-19 03:14:35', NULL),
(150, 'fon', '', 'nipha.kcp@gmail.com', NULL, '2018-03-30 18:12:32', 0, 6, 15, '2018-06-19 03:14:06', '2018-06-19 03:14:34', NULL),
(151, 'Mod', '', 'thitima_0903@hotmail.com', NULL, '2018-03-30 18:12:32', 0, 1, 4, '2018-06-19 03:14:06', '2018-06-19 03:14:36', NULL),
(152, 'สาธุการณ์', 'พรเพชรัตน์', 'bowba253636@gmail.com', NULL, '2018-03-30 18:12:32', 0, 1, 26, '2018-06-19 03:14:06', '2018-06-19 03:14:37', NULL),
(153, 'Natpattee', '', 'pairoma2541@gmail.com', NULL, '2018-03-30 18:12:32', 0, 2, 18, '2018-06-19 03:14:06', '2018-06-19 03:14:37', NULL),
(154, 'วนิดา', '', 'bee.tonnam2011@gmail.com', NULL, '2018-03-30 18:12:32', 0, 2, 11, '2018-06-19 03:14:06', '2018-06-19 03:14:32', NULL),
(155, 'ภัทรพิมล', 'ทองทิพย์', 'phattharaphimont@gmail.com', NULL, '2018-03-30 18:12:32', 0, 6, 5, '2018-06-19 03:14:06', '2018-06-19 03:14:29', NULL),
(156, 'PALOY', '', 'siriruk_2@phaipit.ac.th', NULL, '2018-03-30 18:12:32', 0, 6, 7, '2018-06-19 03:14:06', '2018-06-19 03:14:33', NULL),
(157, 'หญิง', '', 'suchada.kes@gmail.com', NULL, '2018-03-30 18:12:32', 0, 3, 25, '2018-06-19 03:14:06', '2018-06-19 03:14:35', NULL),
(158, 'K', '', 'kao_fany@hotmail.com', NULL, '2018-03-30 18:12:32', 0, 6, 5, '2018-06-19 03:14:06', '2018-06-19 03:14:38', NULL),
(159, 'ณัฐกานต์', 'นานะตะ', 'nattakarnna.22@gmail.com', NULL, '2018-03-30 18:12:32', 0, 6, 1, '2018-06-19 03:14:06', '2018-06-19 03:14:34', NULL),
(160, 'ฐิสานันทน์', 'มาธวีชัยกุล', 'nunan_banana@hotmail.com', NULL, '2018-03-30 18:12:32', 0, 1, 20, '2018-06-19 03:14:06', '2018-06-19 03:14:36', NULL),
(161, 'พิริยาพร', '', 'piriyaporn2517@gmail.com', NULL, '2018-03-30 18:12:32', 0, 3, 16, '2018-06-19 03:14:06', '2018-06-19 03:14:31', NULL),
(162, 'ปัททุมมา', 'ผลเจริญ', 'tooklovel.1992@gmail.com', NULL, '2018-03-30 18:12:32', 0, 1, 1, '2018-06-19 03:14:06', '2018-06-19 03:14:30', NULL),
(163, 'ปริญญ์', '', 'parin_tid@hotmail.com', NULL, '2018-03-30 18:12:32', 0, 1, 19, '2018-06-19 03:14:06', '2018-06-19 03:14:39', NULL),
(164, 'Phattra', '', 'phattra.12318@gmail.com', NULL, '2018-03-30 18:12:32', 0, 3, 2, '2018-06-19 03:14:06', '2018-06-19 03:14:32', NULL),
(165, 'แสงชัย', '', 'worktime2528@gmail.com', NULL, '2018-03-30 18:12:32', 0, 6, 17, '2018-06-19 03:14:06', '2018-06-19 03:14:34', NULL),
(166, 'Nan', '', 'nancy@gmail.com', NULL, '2018-03-30 18:12:32', 0, 1, 26, '2018-06-19 03:14:06', '2018-06-19 03:14:36', NULL),
(167, 'patpong', 'manadee', 'patpongmanadee0@gmail.com', NULL, '2018-03-30 18:12:32', 0, 6, 24, '2018-06-19 03:14:06', '2018-06-19 03:14:32', NULL),
(168, 'เจริญศรี', 'สวรรค์ดอน', 'charoensi9278@gmail.com', NULL, '2018-03-30 18:12:32', 0, 1, 16, '2018-06-19 03:14:06', '2018-06-19 03:14:37', NULL),
(169, 'ศิริพร', 'แซ่อึ้ง', 'sae.ung.ram@gmail.com', NULL, '2018-03-30 18:12:32', 0, 6, 4, '2018-06-19 03:14:06', '2018-06-19 03:14:38', NULL),
(170, 'Mah', '', 'huzaimah.cs@gmail.com', NULL, '2018-03-30 18:12:32', 0, 2, 25, '2018-06-19 03:14:06', '2018-06-19 03:14:37', NULL),
(171, 'นายสมชายกันจันทึก', '', 'somchai.kuemchantuek@gmail.com', NULL, '2018-03-30 18:12:32', 0, 1, 14, '2018-06-19 03:14:06', '2018-06-19 03:14:31', NULL),
(172, 'ร.ต.ต.', 'อานนท์', 'gamexonfire843@gmail.com', NULL, '2018-03-30 18:12:32', 0, 6, 13, '2018-06-19 03:14:06', '2018-06-19 03:14:35', NULL),
(173, 'พีรพัฒน์', 'ชินวัฒนา', 'armsliferskn@hotmail.com', NULL, '2018-03-30 18:12:32', 0, 1, 15, '2018-06-19 03:14:06', '2018-06-19 03:14:31', NULL),
(174, 'นิภาพร', '', 'Nipaporn_090234@gmail.com', NULL, '2018-03-30 18:12:32', 0, 2, 2, '2018-06-19 03:14:06', '2018-06-19 03:14:38', NULL),
(175, 'Nadetchai', '', 'calmcell@outlook.com', NULL, '2018-03-30 18:12:32', 0, 2, 27, '2018-06-19 03:14:06', '2018-06-19 03:14:31', NULL),
(176, 'ปกาสัย', '', 'instep.alone@gmail.com', NULL, '2018-03-30 18:12:32', 0, 3, 5, '2018-06-19 03:14:06', '2018-06-19 03:14:36', NULL),
(177, 'suwikrom', 'juntrabha', 'suwikromtni@gmail.com', NULL, '2018-03-30 18:12:32', 0, 6, 7, '2018-06-19 03:14:06', '2018-06-19 03:14:35', NULL),
(178, 'หทัยรัทยา', 'ศรีภา', 'lovely_tai1994@hotmail.com', NULL, '2018-03-30 18:12:32', 0, 1, 19, '2018-06-19 03:14:06', '2018-06-19 03:14:36', NULL),
(179, 'chalida', '', 'chalida1965@gmail.com', NULL, '2018-03-30 18:12:32', 0, 6, 12, '2018-06-19 03:14:06', '2018-06-19 03:14:32', NULL),
(180, 'Si', '', 'jorjo6899@gmail.com', NULL, '2018-03-30 18:12:32', 0, 3, 3, '2018-06-19 03:14:06', '2018-06-19 03:14:37', NULL),
(181, 'วิภาไล', '', 'wipalaik@gmail.com', NULL, '2018-03-30 18:12:32', 0, 3, 15, '2018-06-19 03:14:06', '2018-06-19 03:14:29', NULL),
(182, 'Suchada', '', 'suchada212541@hotmail.com', NULL, '2018-03-30 18:12:32', 0, 1, 21, '2018-06-19 03:14:06', '2018-06-19 03:14:30', NULL),
(183, 'ออย', '', 'cheewaluk8@hotmail.com', NULL, '2018-03-30 18:12:32', 0, 2, 2, '2018-06-19 03:14:06', '2018-06-19 03:14:31', NULL),
(184, 'ศศิวิมล', '', 'Ploy.kayaak@gmail.com', NULL, '2018-03-30 18:12:32', 0, 3, 17, '2018-06-19 03:14:06', '2018-06-19 03:14:35', NULL),
(185, 'VA', '', 'saowakon50@hotmail.com', NULL, '2018-03-30 18:12:32', 0, 2, 25, '2018-06-19 03:14:06', '2018-06-19 03:14:34', NULL),
(186, 'shiriwann', '', 'shiriwann.wann@gmail.com', NULL, '2018-03-30 18:12:32', 0, 6, 7, '2018-06-19 03:14:06', '2018-06-19 03:14:32', NULL),
(187, 'การะเกด', '', '036548795@homeil.com', NULL, '2018-03-30 18:12:32', 0, 6, 3, '2018-06-19 03:14:06', '2018-06-19 03:14:35', NULL),
(188, 'วริษา', 'สิงหพันธุ์', 'paidoy555@hotmail.com', NULL, '2018-03-30 18:12:32', 0, 3, 10, '2018-06-19 03:14:06', '2018-06-19 03:14:37', NULL),
(189, 'AM', '', 'liviathan.ryu@hotmail.com', NULL, '2018-03-30 18:12:32', 0, 1, 13, '2018-06-19 03:14:06', '2018-06-19 03:14:31', NULL),
(190, 'วาสนา', 'หอมชิต', 'wasana32506@gmail.com', NULL, '2018-03-30 18:12:32', 0, 1, 25, '2018-06-19 03:14:06', '2018-06-19 03:14:35', NULL),
(191, 'ศิริรักษ์', 'ธรรมทอง', 'supisarapp27@gmail.com', NULL, '2018-03-30 18:12:32', 0, 6, 15, '2018-06-19 03:14:06', '2018-06-19 03:14:34', NULL),
(192, 'wassana', 'somjit', 'panimwassana@gmail.com', NULL, '2018-03-30 18:12:32', 0, 2, 2, '2018-06-19 03:14:06', '2018-06-19 03:14:39', NULL),
(193, 'ปานชีวิน', 'อยู่อย่างไท', 'duan.naruk@gmail.com', NULL, '2018-03-30 18:12:32', 0, 6, 19, '2018-06-19 03:14:06', '2018-06-19 03:14:36', NULL),
(194, 'ภาวัช', '', 'offy63@yahoo.com', NULL, '2018-03-30 18:12:32', 0, 3, 10, '2018-06-19 03:14:06', '2018-06-19 03:14:36', NULL),
(195, 'โน', '', 'gunthon007@hotmail.com', NULL, '2018-03-30 18:12:32', 0, 3, 11, '2018-06-19 03:14:06', '2018-06-19 03:14:32', NULL),
(196, 'กรรนิการ์', '', 'kannika.muham@gmail.com', NULL, '2018-03-30 18:12:32', 0, 1, 24, '2018-06-19 03:14:06', '2018-06-19 03:14:35', NULL),
(197, 'Kkkkk', '', 'k@gmail.com', NULL, '2018-03-30 18:12:32', 0, 2, 14, '2018-06-19 03:14:06', '2018-06-19 03:14:36', NULL),
(198, 'ภัควิภา', 'จิระนคร', 'pojikojang@gmail.com', NULL, '2018-03-30 18:12:32', 0, 6, 14, '2018-06-19 03:14:06', '2018-06-19 03:14:34', NULL),
(199, 'Sujitra', 'Phomkhaew', 'Fluk070542@gmail.com', NULL, '2018-03-30 18:12:32', 0, 1, 26, '2018-06-19 03:14:06', '2018-06-19 03:14:33', NULL),
(200, 'Nareert', '', 'nareeratbam@gmail.com', NULL, '2018-03-30 18:12:32', 0, 6, 21, '2018-06-19 03:14:06', '2018-06-19 03:14:30', NULL),
(201, 'นวัช', '', 'wut1114@hotmail.com', NULL, '2018-03-30 18:12:32', 0, 2, 4, '2018-06-19 03:14:06', '2018-06-19 03:14:38', NULL),
(202, 'อารีน่า', '', 'konaqueen18@gmail.com', NULL, '2018-03-30 18:12:32', 0, 6, 9, '2018-06-19 03:14:06', '2018-06-19 03:14:36', NULL),
(203, 'เสฏฐนันท์', 'ช่อฟ้า', 'dakdom@hotmail.com', NULL, '2018-03-30 18:12:32', 0, 3, 2, '2018-06-19 03:14:06', '2018-06-19 03:14:37', NULL),
(204, 'กนกวรรณ', '', 'yoyoza746@gmail.com', NULL, '2018-03-30 18:12:32', 0, 6, 3, '2018-06-19 03:14:06', '2018-06-19 03:14:32', NULL),
(205, 'Sasinipa', '', 'sasinipa.thao@bumail.net', NULL, '2018-03-30 18:12:32', 0, 3, 27, '2018-06-19 03:14:06', '2018-06-19 03:14:36', NULL),
(206, 'Supinya', '', 'own_owl@hotmail.com', NULL, '2018-03-30 18:12:32', 0, 6, 25, '2018-06-19 03:14:06', '2018-06-19 03:14:38', NULL),
(207, 'เสมอใจ', '', 'moslove1972@gmail.com', NULL, '2018-03-30 18:12:32', 0, 2, 8, '2018-06-19 03:14:06', '2018-06-19 03:14:31', NULL),
(208, 'Kat', '', 'sirikanyasrimanta@gmail.com', NULL, '2018-03-30 18:12:32', 0, 6, 5, '2018-06-19 03:14:06', '2018-06-19 03:14:33', NULL),
(209, 'ศิริยากร', 'ชาวประสันต์', 'siriyakron2543siriyakron@gmail.com', NULL, '2018-03-30 18:12:32', 0, 1, 17, '2018-06-19 03:14:06', '2018-06-19 03:14:39', NULL),
(210, 'นันท์นภัส', 'สุขประดับ', 'ppor1507@gmail.com', NULL, '2018-03-30 18:12:32', 0, 6, 16, '2018-06-19 03:14:06', '2018-06-19 03:14:37', NULL),
(211, 'บุษยา', '', 'bus2518@hotmail.com', NULL, '2018-03-30 18:12:32', 0, 2, 1, '2018-06-19 03:14:06', '2018-06-19 03:14:35', NULL),
(212, 'ีืunyarat', '', 'aomlove008.ab@gmail.com', NULL, '2018-03-30 18:12:32', 0, 1, 8, '2018-06-19 03:14:06', '2018-06-19 03:14:38', NULL),
(213, 'สุวิจักขณ์', '', 'suvijak1727@hotmail.com', NULL, '2018-03-30 18:12:32', 0, 3, 8, '2018-06-19 03:14:06', '2018-06-19 03:14:39', NULL),
(214, 'Paiya', 'yoobaisee', 'paiya3068@gmail.com', NULL, '2018-03-30 18:12:32', 0, 1, 22, '2018-06-19 03:14:06', '2018-06-19 03:14:32', NULL),
(215, 'Keeya', '', 'keeyapat.porry@gmail.com', NULL, '2018-03-30 18:12:32', 0, 2, 12, '2018-06-19 03:14:06', '2018-06-19 03:14:38', NULL),
(216, 'พิมพ์รดา', 'สีหานาม', '25560pimrada@gmail.com', NULL, '2018-03-30 18:12:32', 0, 2, 4, '2018-06-19 03:14:06', '2018-06-19 03:14:30', NULL),
(217, 'นะคะ', '', 'champkung81@gmail.com', NULL, '2018-03-30 18:12:32', 0, 2, 22, '2018-06-19 03:14:06', '2018-06-19 03:14:31', NULL),
(218, 'Chokchai', '', 'happylove12396@gmail.com', NULL, '2018-03-30 18:12:32', 0, 3, 17, '2018-06-19 03:14:06', '2018-06-19 03:14:35', NULL),
(219, 'Warot', '', 'varotseayang7@gmail.com', NULL, '2018-03-30 18:12:32', 0, 6, 10, '2018-06-19 03:14:06', '2018-06-19 03:14:34', NULL),
(220, 'Tanyarat', 'Rattana', 'www_doraemon_com@hotmail.com', NULL, '2018-03-30 18:12:32', 0, 2, 22, '2018-06-19 03:14:06', '2018-06-19 03:14:29', NULL),
(221, 'ณัฐธิดา', '', 'pladup_compoy@hotmail.com', NULL, '2018-03-30 18:12:32', 0, 2, 23, '2018-06-19 03:14:06', '2018-06-19 03:14:33', NULL),
(222, 'นก', '', 'namo_meanok@hotmail.com', NULL, '2018-03-30 18:12:32', 0, 6, 26, '2018-06-19 03:14:06', '2018-06-19 03:14:33', NULL),
(223, 'อัชรา', '', 'uschara.cpn@hotmail.com', NULL, '2018-03-30 18:12:32', 0, 6, 7, '2018-06-19 03:14:06', '2018-06-19 03:14:31', NULL),
(224, 'Wanthipa', 'Baiyoke', 'anett.adisuan@gmail.com', NULL, '2018-03-30 18:12:32', 0, 6, 17, '2018-06-19 03:14:06', '2018-06-19 03:14:30', NULL),
(225, 'Prapa', '', 'melody-of-life8380@msn.com', NULL, '2018-03-30 18:12:32', 0, 6, 21, '2018-06-19 03:14:06', '2018-06-19 03:14:37', NULL),
(226, 'สมใจ', '', 'jaijai197326@gmail.com', NULL, '2018-03-30 18:12:32', 0, 3, 27, '2018-06-19 03:14:06', '2018-06-19 03:14:31', NULL),
(227, 'Putticha', '', 'aom17492@gmail.com', NULL, '2018-03-30 18:12:32', 0, 3, 16, '2018-06-19 03:14:06', '2018-06-19 03:14:33', NULL),
(228, 'ภีรดลย์', 'ทองทะไว', 'peeradol.pmp@gmail.com', NULL, '2018-03-30 18:12:32', 0, 3, 25, '2018-06-19 03:14:06', '2018-06-19 03:14:36', NULL),
(229, 'ไอรดา', '', 'punim_15@hotmail.com', NULL, '2018-03-30 18:12:32', 0, 3, 2, '2018-06-19 03:14:06', '2018-06-19 03:14:29', NULL),
(230, 'กก', '', 'earth_korrapob@hotmail.com', NULL, '2018-03-30 18:12:32', 0, 2, 25, '2018-06-19 03:14:06', '2018-06-19 03:14:37', NULL),
(231, 'Últ', '', 'pondmadee@gmail.com', NULL, '2018-03-30 18:12:32', 0, 6, 25, '2018-06-19 03:14:06', '2018-06-19 03:14:34', NULL),
(232, '๋ส่เเ่าาสรี', '', 'fhhfyhji@gmail.com', NULL, '2018-03-30 18:12:32', 0, 3, 13, '2018-06-19 03:14:06', '2018-06-19 03:14:34', NULL),
(233, 'Max', '', 'munin_max@hotmail.com', NULL, '2018-03-30 18:12:32', 0, 2, 20, '2018-06-19 03:14:06', '2018-06-19 03:14:37', NULL),
(234, 'wongsathon', '', 'ohwongsathon@hotmail.com', NULL, '2018-03-30 18:12:32', 0, 6, 25, '2018-06-19 03:14:06', '2018-06-19 03:14:31', NULL),
(235, 'เนตรดาว', '', 'lovehairbysom@hotmail.com', NULL, '2018-03-30 18:12:32', 0, 6, 21, '2018-06-19 03:14:06', '2018-06-19 03:14:32', NULL),
(236, 'Wirada', '', 'doorbell.kook@gmail.com', NULL, '2018-03-30 18:12:32', 0, 2, 4, '2018-06-19 03:14:06', '2018-06-19 03:14:30', NULL),
(237, 'รัฐพล', 'กล่อมพงษ์', 'rklompong@gmail.com', NULL, '2018-03-30 18:12:32', 0, 6, 5, '2018-06-19 03:14:06', '2018-06-19 03:14:32', NULL),
(238, 'Weerada', 'Neeraphot', 'weerada1106@gmail.com', NULL, '2018-03-30 18:12:32', 0, 6, 23, '2018-06-19 03:14:06', '2018-06-19 03:14:32', NULL),
(239, 'วรพิชชา', 'พลสุวรรณ', 'nuchworapitcha@gmail.com', NULL, '2018-03-30 18:12:32', 0, 6, 19, '2018-06-19 03:14:06', '2018-06-19 03:14:34', NULL),
(240, 'Asma', '', 'mamaacuppp@gmail.com', NULL, '2018-03-30 18:12:32', 0, 2, 7, '2018-06-19 03:14:06', '2018-06-19 03:14:35', NULL),
(241, 'วสุนธรา', 'ช่วยอักษร', 'poogun1993@gmail.com', NULL, '2018-03-30 18:12:32', 0, 2, 9, '2018-06-19 03:14:06', '2018-06-19 03:14:29', NULL),
(242, 'นิว', '', 'new.nithinan@gmail.com', NULL, '2018-03-30 18:12:32', 0, 3, 4, '2018-06-19 03:14:06', '2018-06-19 03:14:30', NULL),
(243, 'รัสรินทร์', '', 'numnimrassarin@gmail.com', NULL, '2018-03-30 18:12:32', 0, 3, 18, '2018-06-19 03:14:06', '2018-06-19 03:14:36', NULL),
(244, 'ศรัณยธร', 'รัตน์ธนเกียรติ', 'happykajib16@gmail.com', NULL, '2018-03-30 18:12:32', 0, 6, 7, '2018-06-19 03:14:06', '2018-06-19 03:14:34', NULL),
(245, 'พิราวรรณ', 'บรูคส์', 'beeaomam@hotmail.com', NULL, '2018-03-30 18:12:32', 0, 2, 26, '2018-06-19 03:14:06', '2018-06-19 03:14:34', NULL),
(246, 'Wichanet', '', 'antivity1555@gmail.com', NULL, '2018-03-30 18:12:32', 0, 6, 22, '2018-06-19 03:14:06', '2018-06-19 03:14:32', NULL),
(247, 'Hansen', '', 'phunsak13@hotmail.co.uk', NULL, '2018-03-30 18:12:32', 0, 6, 21, '2018-06-19 03:14:06', '2018-06-19 03:14:38', NULL),
(248, 'Kim', '', 'peckim.l@gmail.com', NULL, '2018-03-30 18:12:32', 0, 3, 23, '2018-06-19 03:14:06', '2018-06-19 03:14:37', NULL),
(249, 'ธีวินท์', '', 'note.kantararom@gmail.com', NULL, '2018-03-30 18:12:32', 0, 1, 17, '2018-06-19 03:14:06', '2018-06-19 03:14:34', NULL),
(250, 'พิกุล', 'อุบลสวัสดิ์', 'krukul@hotmail.com', NULL, '2018-03-30 18:12:32', 0, 1, 19, '2018-06-19 03:14:06', '2018-06-19 03:14:31', NULL),
(251, 'กรกนก', '', 'noo_nanlovelove@hotmail.com', NULL, '2018-03-30 18:12:32', 0, 3, 6, '2018-06-19 03:14:06', '2018-06-19 03:14:32', NULL),
(252, 'วนิดา', 'แก้วมณี', 'wanida5462@gmail.com', NULL, '2018-03-30 18:12:32', 0, 3, 4, '2018-06-19 03:14:06', '2018-06-19 03:14:39', NULL),
(253, 'พีรพล', '', 'peeraponthamee@gmail.com', NULL, '2018-03-30 18:12:32', 0, 1, 15, '2018-06-19 03:14:06', '2018-06-19 03:14:30', NULL),
(254, 'ดอกไม้', '', 'Dokmaivolleyball@gmail.com', NULL, '2018-03-30 18:12:32', 0, 2, 15, '2018-06-19 03:14:06', '2018-06-19 03:14:29', NULL),
(255, 'Sutat', '', '-@hotmail.com', NULL, '2018-03-30 18:12:32', 0, 2, 20, '2018-06-19 03:14:06', '2018-06-19 03:14:32', NULL),
(256, 'koollavanee', 'ploykhaw', 'zeema_tm@hotmail.com', NULL, '2018-03-30 18:12:32', 0, 1, 25, '2018-06-19 03:14:06', '2018-06-19 03:14:33', NULL),
(257, 'Nataima', 'Sa-ard', 'nataima_neemls07@hotmail.com', NULL, '2018-03-30 18:12:32', 0, 6, 12, '2018-06-19 03:14:06', '2018-06-19 03:14:36', NULL),
(258, 'หิ้นดน', 'ยะระ', 'hindon68081@gmail.com', NULL, '2018-03-30 18:12:32', 0, 6, 15, '2018-06-19 03:14:06', '2018-06-19 03:14:33', NULL),
(259, 'โอ๋', '', 'ohh.ouyporn@gmail.com', NULL, '2018-03-30 18:12:32', 0, 1, 12, '2018-06-19 03:14:06', '2018-06-19 03:14:32', NULL),
(260, 'อวยพร', '', 'yingauymai@gmail.com', NULL, '2018-03-30 18:12:32', 0, 1, 9, '2018-06-19 03:14:06', '2018-06-19 03:14:31', NULL),
(261, 'กอฟ', '', 'tgopgap@gmail.com', NULL, '2018-03-30 18:12:32', 0, 2, 24, '2018-06-19 03:14:06', '2018-06-19 03:14:36', NULL),
(262, 'Kanchaya', '', 'kanchaya.nathong@ktb.co.th', NULL, '2018-03-30 18:12:32', 0, 3, 7, '2018-06-19 03:14:06', '2018-06-19 03:14:37', NULL),
(263, 'เยาวลักษณ์', 'จินดาชัย', 'koy236@gmail.com', NULL, '2018-03-30 18:12:32', 0, 2, 1, '2018-06-19 03:14:06', '2018-06-19 03:14:37', NULL),
(264, 'khatereh', '', 'travel_kh82@yahoo.com', NULL, '2018-03-30 18:12:32', 0, 3, 25, '2018-06-19 03:14:06', '2018-06-19 03:14:32', NULL),
(265, 'จตุพร', '', 'pinjaroenporn14@gmail.com', NULL, '2018-03-30 18:12:32', 0, 2, 26, '2018-06-19 03:14:06', '2018-06-19 03:14:37', NULL),
(266, 'กรนิภา', '', 'konnipar@gmail.com', NULL, '2018-03-30 18:12:32', 0, 2, 9, '2018-06-19 03:14:06', '2018-06-19 03:14:33', NULL),
(267, 'สำอางค์', '', 'Ang100228@gmail.com', NULL, '2018-03-30 18:12:32', 0, 2, 15, '2018-06-19 03:14:06', '2018-06-19 03:14:29', NULL),
(268, 'มโน', '', 'momotarolove97@gmail.com', NULL, '2018-03-30 18:12:32', 0, 1, 13, '2018-06-19 03:14:06', '2018-06-19 03:14:36', NULL),
(269, 'mild', '', 'mild_d300898@hotmail.com', NULL, '2018-03-30 18:12:32', 0, 2, 1, '2018-06-19 03:14:06', '2018-06-19 03:14:30', NULL),
(270, 'Ampon', 'Meewong', 'nsw_055@nsw2.go.th', NULL, '2018-03-30 18:12:32', 0, 3, 8, '2018-06-19 03:14:06', '2018-06-19 03:14:33', NULL),
(271, 'Iyada', '', 'iyadaphach@gmail.com', NULL, '2018-03-30 18:12:32', 0, 6, 6, '2018-06-19 03:14:06', '2018-06-19 03:14:33', NULL),
(272, 'นิตยา', 'ภิญโญ', 'nittayaphinyo715@gmail.com', NULL, '2018-03-30 18:12:32', 0, 2, 11, '2018-06-19 03:14:07', '2018-06-19 03:14:35', NULL),
(273, 'ยศกร', 'เทพบุตร', 'fusefamephone@gmail.com', NULL, '2018-03-30 18:12:32', 0, 1, 23, '2018-06-19 03:14:07', '2018-06-19 03:14:31', NULL),
(274, 'แก้วตา', '', 'kaewtakhe@gmail.com', NULL, '2018-03-30 18:12:32', 0, 6, 19, '2018-06-19 03:14:07', '2018-06-19 03:14:38', NULL),
(275, 'ชนิตา.', 'ศรีธรรมภาณ', 'mylove19121@gmail.com', NULL, '2018-03-30 18:12:32', 0, 2, 19, '2018-06-19 03:14:07', '2018-06-19 03:14:32', NULL),
(276, 'Ttttffh', '', 'hfdfhb@hotmail.com', NULL, '2018-03-30 18:12:32', 0, 3, 8, '2018-06-19 03:14:07', '2018-06-19 03:14:38', NULL),
(277, 'อภิชาติ', '', 'chart1972@hotmail.com', NULL, '2018-03-30 18:12:32', 0, 1, 20, '2018-06-19 03:14:07', '2018-06-19 03:14:30', NULL),
(278, 'Wunnisa', '', 'Yadam2540@gmail.com', NULL, '2018-03-30 18:12:32', 0, 2, 18, '2018-06-19 03:14:07', '2018-06-19 03:14:36', NULL),
(279, 'Kat', '', 'katt.katty@hotmail.com', NULL, '2018-03-30 18:12:32', 0, 3, 11, '2018-06-19 03:14:07', '2018-06-19 03:14:34', NULL),
(280, 'พีท', '', 'thanphisit4492@gmail.com', NULL, '2018-03-30 18:12:32', 0, 6, 19, '2018-06-19 03:14:07', '2018-06-19 03:14:30', NULL),
(281, 'โรสลีนา', '', 'rosleena_32@hotmail.co.th', NULL, '2018-03-30 18:12:32', 0, 6, 22, '2018-06-19 03:14:07', '2018-06-19 03:14:30', NULL),
(282, 'สิราวรรณ', 'อุดทา', 'sirawan7765ssd@gmail.com', NULL, '2018-03-30 18:12:32', 0, 3, 16, '2018-06-19 03:14:07', '2018-06-19 03:14:32', NULL),
(283, 'นนธิชา', 'ภูมิดอนเนาว์', 'pumdonnaotivha@gmail.com', NULL, '2018-03-30 18:12:32', 0, 2, 8, '2018-06-19 03:14:07', '2018-06-19 03:14:30', NULL),
(284, 'โบนัส', '', 'bonus_610YJ@hotmail.com', NULL, '2018-03-30 18:12:32', 0, 1, 8, '2018-06-19 03:14:07', '2018-06-19 03:14:37', NULL),
(285, 'มนีวรรณ', 'สว่างสุข', 'salinee@hotmail.com', NULL, '2018-03-30 18:12:32', 0, 2, 9, '2018-06-19 03:14:07', '2018-06-19 03:14:36', NULL),
(286, 'Chutima', '', 'a.am_smile@hotmail.com', NULL, '2018-03-30 18:12:32', 0, 3, 13, '2018-06-19 03:14:07', '2018-06-19 03:14:33', NULL),
(287, 'บังอร', '', 'bangonitcity@gmail.com', NULL, '2018-03-30 18:12:32', 0, 1, 14, '2018-06-19 03:14:07', '2018-06-19 03:14:29', NULL),
(288, 'อรทัย', 'มีใจดี', 'orathai_2912@hotmail.com', NULL, '2018-03-30 18:12:32', 0, 6, 27, '2018-06-19 03:14:07', '2018-06-19 03:14:38', NULL),
(289, 'ร่มฉัตร', 'ศรีพุทธชาติ', 'romchatkaiza939@gmail.com', NULL, '2018-03-30 18:12:32', 0, 1, 7, '2018-06-19 03:14:07', '2018-06-19 03:14:29', NULL),
(290, 'นครินทร์', '', 'nakarin_ck@hotmail.com', NULL, '2018-03-30 18:12:32', 0, 1, 14, '2018-06-19 03:14:07', '2018-06-19 03:14:33', NULL),
(291, 'สุริยา', 'รักษาเดช', 'zaminnie@gmail.com', NULL, '2018-03-30 18:12:32', 0, 3, 16, '2018-06-19 03:14:07', '2018-06-19 03:14:33', NULL),
(292, 'ปราณี', '', 'pranimongkol2557@gmil.com', NULL, '2018-03-30 18:12:32', 0, 1, 16, '2018-06-19 03:14:07', '2018-06-19 03:14:39', NULL),
(293, 'ศศิเขมณัฐ', '', 'intharasorn2020@hotmail.com', NULL, '2018-03-30 18:12:32', 0, 2, 9, '2018-06-19 03:14:07', '2018-06-19 03:14:38', NULL),
(294, 'Kwang', '', 'thanisa_nisa@hotmail.com', NULL, '2018-03-30 18:12:32', 0, 3, 7, '2018-06-19 03:14:07', '2018-06-19 03:14:32', NULL),
(295, 'ศิริพร', '', 'kaew_lovelove555@hotmail.com', NULL, '2018-03-30 18:12:32', 0, 1, 18, '2018-06-19 03:14:07', '2018-06-19 03:14:35', NULL),
(296, 'สมฤดี', '', 'nubeernaka585321@gmail.com', NULL, '2018-03-30 18:12:32', 0, 2, 21, '2018-06-19 03:14:07', '2018-06-19 03:14:32', NULL),
(297, 'จิตราภรณ์', 'ลิอ่อนรัมย์', 'rotee2012@hotmail.co.th', NULL, '2018-03-30 18:12:32', 0, 2, 18, '2018-06-19 03:14:07', '2018-06-19 03:14:39', NULL),
(298, 'Pan', '', 'weirdthepan@gmail.com', NULL, '2018-03-30 18:12:32', 0, 6, 7, '2018-06-19 03:14:07', '2018-06-19 03:14:31', NULL),
(299, 'ชัยพิสิฐ', 'นิธิชยานันต์', 'chaip.niti@gmail.com', NULL, '2018-03-30 18:12:32', 0, 3, 20, '2018-06-19 03:14:07', '2018-06-19 03:14:32', NULL),
(300, 'Cherry', '', 'apissara.chai@gmail.com', NULL, '2018-03-30 18:12:32', 0, 1, 15, '2018-06-19 03:14:07', '2018-06-19 03:14:34', NULL),
(301, 'Patchareeporn', '', 'viiewvy@hotmail.com', NULL, '2018-03-30 18:12:32', 0, 3, 19, '2018-06-19 03:14:07', '2018-06-19 03:14:30', NULL),
(302, 'ปฐมพงษ์', 'สังข์ทอง', 'zimmamueter@gmail.com', NULL, '2018-03-30 18:12:32', 0, 1, 19, '2018-06-19 03:14:07', '2018-06-19 03:14:36', NULL),
(303, 'พัชริศา', 'สันนิธี', 'Pangaeksook@mail.com', NULL, '2018-03-30 18:12:32', 0, 2, 15, '2018-06-19 03:14:07', '2018-06-19 03:14:30', NULL),
(304, 'ภาณุพงศ์', 'อัศวเผ่าพงศ์', 'Chevary.chew@gmail.com', NULL, '2018-03-30 18:12:32', 0, 1, 1, '2018-06-19 03:14:07', '2018-06-19 03:14:38', NULL),
(305, 'บีน', 'บีน', 'kitupha1428@gmail.com', NULL, '2018-03-30 18:12:32', 0, 6, 23, '2018-06-19 03:14:07', '2018-06-19 03:14:39', NULL),
(306, 'น้อย', '', 'Nongnoy1678@hotmail.com', NULL, '2018-03-30 18:12:32', 0, 1, 11, '2018-06-19 03:14:07', '2018-06-19 03:14:30', NULL),
(307, 'อัจฉรา', '', 'Ajchara2542@gmail.com', NULL, '2018-03-30 18:12:32', 0, 6, 25, '2018-06-19 03:14:07', '2018-06-19 03:14:35', NULL),
(308, 'รัชนีฉาย', 'ศรีลา', 'ratchanee-chai@hotmail.com', NULL, '2018-03-30 18:12:32', 0, 2, 20, '2018-06-19 03:14:07', '2018-06-19 03:14:39', NULL),
(309, 'SMK', '', 'dtsumet@hotmail.com', NULL, '2018-03-30 18:12:32', 0, 6, 18, '2018-06-19 03:14:07', '2018-06-19 03:14:31', NULL),
(310, 'ฉัตรกมล', '', 'chatkamol005@hotmail.com', NULL, '2018-03-30 18:12:32', 0, 6, 15, '2018-06-19 03:14:07', '2018-06-19 03:14:31', NULL),
(311, 'พัฒนาพร', 'ศรีโปฎก', 'Noi34007@gmail.com', NULL, '2018-03-30 18:12:32', 0, 1, 13, '2018-06-19 03:14:07', '2018-06-19 03:14:35', NULL),
(312, 'Pimnada', '', 'pimnadatan@hotmail.com', NULL, '2018-03-30 18:12:32', 0, 3, 7, '2018-06-19 03:14:07', '2018-06-19 03:14:29', NULL),
(313, 'ทัศวรรณ', 'แสนศรี', 'sanesri.tasawan@gmail.com', NULL, '2018-03-30 18:12:32', 0, 1, 9, '2018-06-19 03:14:07', '2018-06-19 03:14:37', NULL),
(314, 'สมรักษ์', 'แดงชำรัมย์', 'somraklovelove@gmail.com', NULL, '2018-03-30 18:12:32', 0, 3, 25, '2018-06-19 03:14:07', '2018-06-19 03:14:31', NULL),
(315, 'Wipa', '', 'nem_naji@hotmail.com', NULL, '2018-03-30 18:12:32', 0, 1, 16, '2018-06-19 03:14:07', '2018-06-19 03:14:36', NULL),
(316, 'Pinbut', '', 'pinbut.cdd@gmail.com', NULL, '2018-03-30 18:12:32', 0, 2, 2, '2018-06-19 03:14:07', '2018-06-19 03:14:37', NULL),
(317, 'Wansiri', '', 'Wansiri_waen@hotmail.com', NULL, '2018-03-30 18:12:32', 0, 3, 16, '2018-06-19 03:14:07', '2018-06-19 03:14:30', NULL),
(318, 'ธมลวรรณ', 'ศศิรัตนนิกุล', 'hibari_conan@hotmail.com', NULL, '2018-03-30 18:12:32', 0, 2, 7, '2018-06-19 03:14:07', '2018-06-19 03:14:36', NULL),
(319, 'ศิริประภา', '', 'angelkwan9876@gmail.com', NULL, '2018-03-30 18:12:32', 0, 6, 1, '2018-06-19 03:14:07', '2018-06-19 03:14:39', NULL),
(320, 'ปุ๊ก', '', 'puk2550@gmakl.com', NULL, '2018-03-30 18:12:32', 0, 2, 15, '2018-06-19 03:14:07', '2018-06-19 03:14:39', NULL),
(321, 'Fueangfa', '', 'exo.lfueangfa2544@gmail.com', NULL, '2018-03-30 18:12:32', 0, 6, 9, '2018-06-19 03:14:07', '2018-06-19 03:14:39', NULL),
(322, 'จิราพร', '', 'jiraporn.srioon14@gmail.com', NULL, '2018-03-30 18:12:32', 0, 2, 17, '2018-06-19 03:14:07', '2018-06-19 03:14:38', NULL),
(323, 'ไกรลาศ', '', 'profess79@hotmail.com', NULL, '2018-03-30 18:12:32', 0, 2, 18, '2018-06-19 03:14:07', '2018-06-19 03:14:31', NULL),
(324, 'นาซีบะห์', 'บือราเฮง', 'Naseegiving@gmail.com', NULL, '2018-03-30 18:12:32', 0, 2, 14, '2018-06-19 03:14:07', '2018-06-19 03:14:32', NULL),
(325, 'พัชรี', '', 'iammewkyway@gmail.com', NULL, '2018-03-30 18:12:32', 0, 1, 4, '2018-06-19 03:14:07', '2018-06-19 03:14:29', NULL),
(326, 'กนิษฐา', 'อินธิแสง', 'kanittha.ainthisang@icloud.com', NULL, '2018-03-30 18:12:32', 0, 3, 11, '2018-06-19 03:14:07', '2018-06-19 03:14:33', NULL),
(327, 'ssdss', '', 'dkwlrkelwr_@hotmail.com', NULL, '2018-03-30 18:12:32', 0, 2, 18, '2018-06-19 03:14:07', '2018-06-19 03:14:33', NULL),
(328, 'Arichah', '', 'arichahtwin0968720977@gmail.come', NULL, '2018-03-30 18:12:32', 0, 1, 20, '2018-06-19 03:14:07', '2018-06-19 03:14:39', NULL),
(329, 'พัชรี', '', 'pacharee.s@smebank.co.th', NULL, '2018-03-30 18:12:32', 0, 2, 26, '2018-06-19 03:14:07', '2018-06-19 03:14:32', NULL),
(330, 'Rapeepan', '', 'Rsamakkhatkit@gmail.com', NULL, '2018-03-30 18:12:32', 0, 3, 3, '2018-06-19 03:14:07', '2018-06-19 03:14:38', NULL),
(331, 'Pisan.', 'Putpeungsub', 'pisan.may425@gmail.com', NULL, '2018-03-30 18:12:32', 0, 2, 23, '2018-06-19 03:14:07', '2018-06-19 03:14:38', NULL),
(332, 'กาญจนา', '', 'does-_-@hotmail.com', NULL, '2018-03-30 18:12:32', 0, 2, 5, '2018-06-19 03:14:07', '2018-06-19 03:14:38', NULL),
(333, 'สาวิตรี', '', 'sweet.b555@gmail.com', NULL, '2018-03-30 18:12:32', 0, 1, 4, '2018-06-19 03:14:07', '2018-06-19 03:14:37', NULL),
(334, 'RAIN', '', 'ratty.ty@hotmail.com', NULL, '2018-03-30 18:12:32', 0, 2, 14, '2018-06-19 03:14:07', '2018-06-19 03:14:30', NULL),
(335, 'กัญญารัตน์', '', 'teiy_ty@hotmail.com', NULL, '2018-03-30 18:12:32', 0, 1, 4, '2018-06-19 03:14:07', '2018-06-19 03:14:29', NULL),
(336, 'เเก้มแก้ม', '', 'Rungtip.chun2542@gmail.com', NULL, '2018-03-30 18:12:32', 0, 2, 4, '2018-06-19 03:14:07', '2018-06-19 03:14:34', NULL),
(337, 'Kwanrudee', '', 'annyza.onelove@gmail.com', NULL, '2018-03-30 18:12:32', 0, 3, 17, '2018-06-19 03:14:07', '2018-06-19 03:14:37', NULL),
(338, 'โชติรส', 'นคะรังสุ', 'piya_eng@hotmail.com', NULL, '2018-03-30 18:12:32', 0, 1, 16, '2018-06-19 03:14:07', '2018-06-19 03:14:36', NULL),
(339, 'Prompong', 'Sukjam', 'ntlc.prompong@gmail.com', NULL, '2018-03-30 18:12:32', 0, 2, 18, '2018-06-19 03:14:07', '2018-06-19 03:14:36', NULL),
(340, 'เม', '', 'ale15xm@gmail.com', NULL, '2018-03-30 18:12:32', 0, 3, 5, '2018-06-19 03:14:07', '2018-06-19 03:14:37', NULL),
(341, 'saytip', '', 'saytip511@gmail.com', NULL, '2018-03-30 18:12:32', 0, 3, 26, '2018-06-19 03:14:07', '2018-06-19 03:14:33', NULL),
(342, 'อพัชนิภา', 'มะตารี', 'apatchanipamataree@gmail.com', NULL, '2018-03-30 18:12:32', 0, 1, 1, '2018-06-19 03:14:07', '2018-06-19 03:14:35', NULL),
(343, 'พิเชษฐ', 'หงษ์ทอง', 'phicherhongthong@gmail.com', NULL, '2018-03-30 18:12:32', 0, 6, 2, '2018-06-19 03:14:07', '2018-06-19 03:14:29', NULL),
(344, 'นันทพัชร', '', 'petch-pol@hotmail.com', NULL, '2018-03-30 18:12:32', 0, 3, 22, '2018-06-19 03:14:07', '2018-06-19 03:14:38', NULL),
(345, 'นาดีเจ', '', 'paskorn.cc@gmail.com', NULL, '2018-03-30 18:12:32', 0, 1, 26, '2018-06-19 03:14:07', '2018-06-19 03:14:37', NULL),
(346, 'ณัฐพร', '', 'vun39000@gmail.com', NULL, '2018-03-30 18:12:32', 0, 3, 19, '2018-06-19 03:14:07', '2018-06-19 03:14:29', NULL),
(347, 'Aor', '', 'wijitra_kaka@hotmsil.com', NULL, '2018-03-30 18:12:32', 0, 1, 3, '2018-06-19 03:14:07', '2018-06-19 03:14:07', NULL),
(348, 'Kanyanat', '', 'kanyanat.v57@rsu.ac.th', NULL, '2018-03-30 18:12:32', 0, 3, 24, '2018-06-19 03:14:07', '2018-06-19 03:14:35', NULL),
(349, 'ชลณี', '', 'bkbesthi@gmail.com', NULL, '2018-03-30 18:12:32', 0, 3, 13, '2018-06-19 03:14:07', '2018-06-19 03:14:31', NULL),
(350, 'Peeratouch', '', 'peepp.prt@gmail.com', NULL, '2018-03-30 18:12:32', 0, 1, 17, '2018-06-19 03:14:07', '2018-06-19 03:14:39', NULL),
(351, 'ภูวนาถ', 'ชูเงิน', 'FOFO0948371335@Gmail.com', NULL, '2018-03-30 18:12:32', 0, 6, 24, '2018-06-19 03:14:07', '2018-06-19 03:14:30', NULL),
(352, 'Sofia', '', 'sofiamama2525@gmail.com', NULL, '2018-03-30 18:12:32', 0, 6, 24, '2018-06-19 03:14:07', '2018-06-19 03:14:32', NULL),
(353, 'โบว์', '', 'adooaey@hotmail.com', NULL, '2018-03-30 18:12:32', 0, 1, 21, '2018-06-19 03:14:07', '2018-06-19 03:14:38', NULL),
(354, 'จิตรจำนงค์', '', 'jidjumnongkhumsan@gmail.com', NULL, '2018-03-30 18:12:32', 0, 6, 14, '2018-06-19 03:14:07', '2018-06-19 03:14:33', NULL),
(355, 'คมเพชร', '', 'riangsena_17@hotmail.com', NULL, '2018-03-30 18:12:32', 0, 1, 3, '2018-06-19 03:14:07', '2018-06-19 03:14:29', NULL),
(356, 'มิ้น', '', 'mint-.-mint@hotmail.co.th', NULL, '2018-03-30 18:12:32', 0, 2, 15, '2018-06-19 03:14:07', '2018-06-19 03:14:32', NULL),
(357, 'Jidapa', '', 'jeeffy96@gmail.com', NULL, '2018-03-30 18:12:32', 0, 1, 23, '2018-06-19 03:14:07', '2018-06-19 03:14:34', NULL),
(358, 'ศันศนีย์', '', 'poosansanee@hotmail.com', NULL, '2018-03-30 18:12:32', 0, 2, 2, '2018-06-19 03:14:07', '2018-06-19 03:14:32', NULL),
(359, 'สาสา', '', 'pang_pon_1241@hotmail.com', NULL, '2018-03-30 18:12:32', 0, 3, 10, '2018-06-19 03:14:07', '2018-06-19 03:14:29', NULL),
(360, 'กิตติพิชญ์', '', 'kittipich.hp@gmail.com', NULL, '2018-03-30 18:12:32', 0, 1, 15, '2018-06-19 03:14:07', '2018-06-19 03:14:07', NULL);
INSERT INTO `contact` (`id`, `firstname`, `lastname`, `email`, `telephone`, `registration_date`, `is_owned`, `contact_source_id`, `channel_id`, `created_at`, `updated_at`, `deleted_at`) VALUES
(361, 'Ping', '', 'b@hotmail.com', NULL, '2018-03-30 18:12:32', 0, 1, 2, '2018-06-19 03:14:07', '2018-06-19 03:14:38', NULL),
(362, 'Anantaya', '', 'sinsixga@gmail.com', NULL, '2018-03-30 18:12:32', 0, 1, 8, '2018-06-19 03:14:07', '2018-06-19 03:14:39', NULL),
(363, 'มณัญญา', '', 'mungming1617@gmail.com', NULL, '2018-03-30 18:12:32', 0, 6, 6, '2018-06-19 03:14:07', '2018-06-19 03:14:36', NULL),
(364, 'Salindar', '', 'salindar.ph@gmail.com', NULL, '2018-03-30 18:12:32', 0, 2, 3, '2018-06-19 03:14:07', '2018-06-19 03:14:29', NULL),
(365, 'Ben', '', 'benjawan9335@gmail.com', NULL, '2018-03-30 18:12:32', 0, 2, 7, '2018-06-19 03:14:07', '2018-06-19 03:14:37', NULL),
(366, 'Wes', '', 'wes.7893@hotmail.com', NULL, '2018-03-30 18:12:32', 0, 2, 8, '2018-06-19 03:14:07', '2018-06-19 03:14:29', NULL),
(367, 'ภพภณ', 'กมลกรวรรณ', 'pk1lawyer@hotmail.com', NULL, '2018-03-30 18:12:32', 0, 3, 18, '2018-06-19 03:14:07', '2018-06-19 03:14:29', NULL),
(368, 'รัชรินทร์', 'มั่งมี', 'visabe_meto@hotmail.com', NULL, '2018-03-30 18:12:32', 0, 3, 12, '2018-06-19 03:14:07', '2018-06-19 03:14:31', NULL),
(369, 'ปวีณา', 'ทาขาว', 'natsha1989@hotmail.com', NULL, '2018-03-30 18:12:32', 0, 2, 5, '2018-06-19 03:14:07', '2018-06-19 03:14:35', NULL),
(370, 'รา', '', 'fiks@gmail.com', NULL, '2018-03-30 18:12:32', 0, 2, 8, '2018-06-19 03:14:07', '2018-06-19 03:14:34', NULL),
(371, 'tracy', '', 'tracycrafts88@gmail.com', NULL, '2018-03-30 18:12:32', 0, 3, 13, '2018-06-19 03:14:07', '2018-06-19 03:14:31', NULL),
(372, 'มะขิ่น', '', 'thanny.ap001@hotmail.com', NULL, '2018-03-30 18:12:32', 0, 6, 20, '2018-06-19 03:14:07', '2018-06-19 03:14:30', NULL),
(373, 'Khwan', '', 'kasikam1990@gmail.com', NULL, '2018-03-30 18:12:32', 0, 2, 13, '2018-06-19 03:14:07', '2018-06-19 03:14:31', NULL),
(374, 'อารีย์', '', 'siaree@cpn.co.com', NULL, '2018-03-30 18:12:32', 0, 1, 14, '2018-06-19 03:14:07', '2018-06-19 03:14:30', NULL),
(375, 'ณัฐธยาน?', '', 'plum_555@hotmail.com', NULL, '2018-03-30 18:12:32', 0, 6, 22, '2018-06-19 03:14:07', '2018-06-19 03:14:29', NULL),
(376, 'Hxs', '', 'bJIo@gmail.com', NULL, '2018-03-30 18:12:32', 0, 3, 14, '2018-06-19 03:14:07', '2018-06-19 03:14:29', NULL),
(377, 'สมชาย', '', 'the_ladysrin@hotmail.com', NULL, '2018-03-30 18:12:32', 0, 1, 22, '2018-06-19 03:14:07', '2018-06-19 03:14:30', NULL),
(378, 'สมัชญา', '', 'emmiesmchy@hotmail.com', NULL, '2018-03-30 18:12:32', 0, 1, 13, '2018-06-19 03:14:07', '2018-06-19 03:14:34', NULL),
(379, 'วีณา', '', 'kikzee789@hotmail.com', NULL, '2018-03-30 18:12:32', 0, 6, 27, '2018-06-19 03:14:07', '2018-06-19 03:14:30', NULL),
(380, 'ชนาธิป', '', 'thipph6666@gmail.com', NULL, '2018-03-30 18:12:32', 0, 2, 3, '2018-06-19 03:14:07', '2018-06-19 03:14:38', NULL),
(381, 'จิตปฏิพัทธ์', 'เมืองศิริ', 'kingpai530@gmail.com', NULL, '2018-03-30 18:12:32', 0, 1, 2, '2018-06-19 03:14:07', '2018-06-19 03:14:32', NULL),
(382, 'กิตติศักดิ์', '', 'majarun@hotmail.com', NULL, '2018-03-30 18:12:32', 0, 6, 13, '2018-06-19 03:14:07', '2018-06-19 03:14:35', NULL),
(383, 'จุฬารัตน์', 'ลิ้มโอชากุล', 'nongyok@mail.com', NULL, '2018-03-30 18:12:32', 0, 3, 22, '2018-06-19 03:14:07', '2018-06-19 03:14:37', NULL),
(384, 'ปวริศา', 'ฐานิกรวรภา', 'pawarisa_zoda@hotmail.co.th', NULL, '2018-03-30 18:12:32', 0, 3, 18, '2018-06-19 03:14:07', '2018-06-19 03:14:37', NULL),
(385, 'ขวัญตา', '', 'yung@gmail.com', NULL, '2018-03-30 18:12:32', 0, 1, 15, '2018-06-19 03:14:07', '2018-06-19 03:14:31', NULL),
(386, 'กานจนา', '', 'zaaaew12345@gmail.com', NULL, '2018-03-30 18:12:32', 0, 3, 5, '2018-06-19 03:14:07', '2018-06-19 03:14:32', NULL),
(387, 'เก๋', '', 'orawan9526@gmail.com', NULL, '2018-03-30 18:12:32', 0, 6, 16, '2018-06-19 03:14:07', '2018-06-19 03:14:36', NULL),
(388, 'แป้ง', '', '005_pang@hotmail.com', NULL, '2018-03-30 18:12:32', 0, 2, 1, '2018-06-19 03:14:07', '2018-06-19 03:14:34', NULL),
(389, 'Onuma', '', 'onuma_tonoa@icloud.com', NULL, '2018-03-30 18:12:32', 0, 6, 20, '2018-06-19 03:14:07', '2018-06-19 03:14:37', NULL),
(390, 'Chiyakam', '', 'chiyakan@hotmail.com', NULL, '2018-03-30 18:12:32', 0, 2, 16, '2018-06-19 03:14:07', '2018-06-19 03:14:33', NULL),
(391, 'จันทิมา', '', 'jathima@kjst.ac.th', NULL, '2018-03-30 18:12:32', 0, 3, 1, '2018-06-19 03:14:07', '2018-06-19 03:14:39', NULL),
(392, 'Nutnicha', '', 'db19588@deebuk.ac.th', NULL, '2018-03-30 18:12:32', 0, 1, 23, '2018-06-19 03:14:07', '2018-06-19 03:14:33', NULL),
(393, 'ณัฐรดา', '', 'ping_ru@hotmail.com', NULL, '2018-03-30 18:12:32', 0, 1, 6, '2018-06-19 03:14:07', '2018-06-19 03:14:30', NULL),
(394, 'จันทร์จิรา', '', 'kru.janji@hotmail.com', NULL, '2018-03-30 18:12:32', 0, 2, 26, '2018-06-19 03:14:07', '2018-06-19 03:14:38', NULL),
(395, 'รัตนา', '', 'rattana_kala@hotmaol.com', NULL, '2018-03-30 18:12:32', 0, 3, 9, '2018-06-19 03:14:07', '2018-06-19 03:14:39', NULL),
(396, 'พัชรพร', 'ณรงค์หนู', 'praew_20544@hotmail.com', NULL, '2018-03-30 18:12:32', 0, 2, 6, '2018-06-19 03:14:07', '2018-06-19 03:14:29', NULL),
(397, 'ธีดา', 'ประมวลกิจจา', 'teeda119@gmail.com', NULL, '2018-03-30 18:12:32', 0, 2, 8, '2018-06-19 03:14:07', '2018-06-19 03:14:33', NULL),
(398, 'Montana', '', 'mruchirasak@gmail.com', NULL, '2018-03-30 18:12:32', 0, 6, 20, '2018-06-19 03:14:07', '2018-06-19 03:14:31', NULL),
(399, 'สุพัตรา', 'ซันประสิทธิ์', 'Supattarsunpasit@gmail.com', NULL, '2018-03-30 18:12:32', 0, 3, 19, '2018-06-19 03:14:07', '2018-06-19 03:14:31', NULL),
(400, 'ปรีดา', '', 'super_leam@hotmail.com', NULL, '2018-03-30 18:12:32', 0, 6, 20, '2018-06-19 03:14:07', '2018-06-19 03:14:35', NULL),
(401, 'อนัญชนา', '', 'j_ananchana@hotmail.com', NULL, '2018-03-30 18:12:32', 0, 6, 16, '2018-06-19 03:14:07', '2018-06-19 03:14:29', NULL),
(402, 'mod', '', 'extranurse21@gmail.com', NULL, '2018-03-30 18:12:32', 0, 1, 27, '2018-06-19 03:14:07', '2018-06-19 03:14:29', NULL),
(403, 'อินทิรา', '', 'sean.janein@gmail.com', NULL, '2018-03-30 18:12:32', 0, 2, 4, '2018-06-19 03:14:07', '2018-06-19 03:14:32', NULL),
(404, 'ลัลน์รดา', 'พิชยไวยากุล', 'nuntaporn.vaiyakorn@gmail.com', NULL, '2018-03-30 18:12:32', 0, 3, 16, '2018-06-19 03:14:07', '2018-06-19 03:14:34', NULL),
(405, 'parinya', '', 'ohonaya@hotmail.com', NULL, '2018-03-30 18:12:32', 0, 1, 5, '2018-06-19 03:14:07', '2018-06-19 03:14:29', NULL),
(406, 'Pathomporn', '', 'dapkool.lol@gmail.com', NULL, '2018-03-30 18:12:32', 0, 1, 6, '2018-06-19 03:14:07', '2018-06-19 03:14:36', NULL),
(407, 'นารีสา', '', 'malai.kakpah@hotmail.com', NULL, '2018-03-30 18:12:32', 0, 2, 10, '2018-06-19 03:14:07', '2018-06-19 03:14:33', NULL),
(408, 'ณัฐชานันท์', 'วรรณภิละ', 'krunatchanan@gmail.com', NULL, '2018-03-30 18:12:32', 0, 2, 10, '2018-06-19 03:14:07', '2018-06-19 03:14:29', NULL),
(409, 'Afandy', '', 'afandy2114@gmail.com', NULL, '2018-03-30 18:12:32', 0, 3, 8, '2018-06-19 03:14:07', '2018-06-19 03:14:29', NULL),
(410, 'Sutita', 'Sukying', 'sutita.sukying@gmail.com', NULL, '2018-03-30 18:12:32', 0, 2, 14, '2018-06-19 03:14:07', '2018-06-19 03:14:31', NULL),
(411, 'ทองใบ', 'แต้มทอง', 'tonglai250@gmail.com', NULL, '2018-03-30 18:12:32', 0, 2, 14, '2018-06-19 03:14:07', '2018-06-19 03:14:38', NULL),
(412, 'นัยนันทน์', 'นวลโกฏ', 'naiya.tsd@gmail.com', NULL, '2018-03-30 18:12:32', 0, 3, 19, '2018-06-19 03:14:07', '2018-06-19 03:14:38', NULL),
(413, 'Lalabelle', '', 'ebellelue61@gmail.com', NULL, '2018-03-30 18:12:32', 0, 6, 2, '2018-06-19 03:14:07', '2018-06-19 03:14:32', NULL),
(414, 'Sawita', 'Rungsuk', 'sawita.rianny@gmail.com', NULL, '2018-03-30 18:12:32', 0, 3, 26, '2018-06-19 03:14:07', '2018-06-19 03:14:30', NULL),
(415, 'Nanpa-on', '', 'nanpa-on81@hotmail.com', NULL, '2018-03-30 18:12:32', 0, 2, 19, '2018-06-19 03:14:07', '2018-06-19 03:14:38', NULL),
(416, 'ธันยา', '', 'yapk192@gmail.com', NULL, '2018-03-30 18:12:32', 0, 3, 24, '2018-06-19 03:14:07', '2018-06-19 03:14:36', NULL),
(417, 'ชุติกาญจน์', '', '1809gif@gmail.com', NULL, '2018-03-30 18:12:32', 0, 2, 3, '2018-06-19 03:14:08', '2018-06-19 03:14:36', NULL),
(418, 'จรัสพร', '', 'baifern230539@gmail.com', NULL, '2018-03-30 18:12:32', 0, 1, 23, '2018-06-19 03:14:08', '2018-06-19 03:14:36', NULL),
(419, 'Panita', '', 'kwan_pani@hotmail.com', NULL, '2018-03-30 18:12:32', 0, 3, 17, '2018-06-19 03:14:08', '2018-06-19 03:14:31', NULL),
(420, 'ฟ้า', '', 'hifar814@hotmail.ci.th', NULL, '2018-03-30 18:12:32', 0, 3, 9, '2018-06-19 03:14:08', '2018-06-19 03:14:33', NULL),
(421, 'Teerpong', '', 'New000name@hotmail.com', NULL, '2018-03-30 18:12:32', 0, 2, 8, '2018-06-19 03:14:08', '2018-06-19 03:14:37', NULL),
(422, 'Pimavach', '', 'pimacoff@gmail.com', NULL, '2018-03-30 18:12:32', 0, 1, 3, '2018-06-19 03:14:08', '2018-06-19 03:14:35', NULL),
(423, 'อิสระ', '', 'isarax@yahoo.com', NULL, '2018-03-30 18:12:32', 0, 6, 22, '2018-06-19 03:14:08', '2018-06-19 03:14:34', NULL),
(424, 'บุญฑิกา', 'ลัดลอย', 'boontika55@hotmail.com', NULL, '2018-03-30 18:12:32', 0, 3, 9, '2018-06-19 03:14:08', '2018-06-19 03:14:32', NULL),
(425, 'กิ่งกาญจน์', 'ชัยสวัสดิ์', 'kingpechkp252628@hotmail.co.th', NULL, '2018-03-30 18:12:32', 0, 2, 16, '2018-06-19 03:14:08', '2018-06-19 03:14:31', NULL),
(426, 'พินิต', '', 'pinit0874830541@gmail.com', NULL, '2018-03-30 18:12:32', 0, 3, 11, '2018-06-19 03:14:08', '2018-06-19 03:14:35', NULL),
(427, 'วิรุฬห์', '', 'Koreakaanzijile@gmail.com', NULL, '2018-03-30 18:12:32', 0, 1, 26, '2018-06-19 03:14:08', '2018-06-19 03:14:33', NULL),
(428, 'Kamonkarn', 'sattayachai', 'kamonarn@gmail.com', NULL, '2018-03-30 18:12:32', 0, 3, 25, '2018-06-19 03:14:08', '2018-06-19 03:14:32', NULL),
(429, 'มุก', '', 'fatymook@outlook.co.th', NULL, '2018-03-30 18:12:32', 0, 2, 7, '2018-06-19 03:14:08', '2018-06-19 03:14:38', NULL),
(430, 'Phunbenyada', '', 'nok_icu@hotmail.com', NULL, '2018-03-30 18:12:32', 0, 1, 27, '2018-06-19 03:14:08', '2018-06-19 03:14:38', NULL),
(431, 'เบญ', '', 'ben63645@gmail.com', NULL, '2018-03-30 18:12:32', 0, 1, 15, '2018-06-19 03:14:08', '2018-06-19 03:14:38', NULL),
(432, 'ทิพ', '', 'sdwdd@hotmail.com', NULL, '2018-03-30 18:12:32', 0, 3, 9, '2018-06-19 03:14:08', '2018-06-19 03:14:39', NULL),
(433, 'เอ๋', '', 'pornnapa_i@yahoo.com', NULL, '2018-03-30 18:12:32', 0, 6, 16, '2018-06-19 03:14:08', '2018-06-19 03:14:34', NULL),
(434, 'Kamonchanok', '', 'junhsqx@gmail.com', NULL, '2018-03-30 18:12:32', 0, 3, 19, '2018-06-19 03:14:08', '2018-06-19 03:14:30', NULL),
(435, 'สุพรรษา', '', 'appleapple771@hotmail.com', NULL, '2018-03-30 18:12:32', 0, 6, 7, '2018-06-19 03:14:08', '2018-06-19 03:14:37', NULL),
(436, 'pp', '', 'plai_pha@hotmail.com', NULL, '2018-03-30 18:12:32', 0, 1, 5, '2018-06-19 03:14:08', '2018-06-19 03:14:39', NULL),
(437, 'Phitinan', '', 'malaleen@hotmail.com', NULL, '2018-03-30 18:12:32', 0, 1, 7, '2018-06-19 03:14:08', '2018-06-19 03:14:32', NULL),
(438, 'ปทิตตา', '', 'wormfrog19@gmail.com', NULL, '2018-03-30 18:12:32', 0, 6, 15, '2018-06-19 03:14:08', '2018-06-19 03:14:32', NULL),
(439, 'Terafay', '', 'vijitsri.y@gmail.com', NULL, '2018-03-30 18:12:32', 0, 6, 18, '2018-06-19 03:14:08', '2018-06-19 03:14:37', NULL),
(440, 'O', '', 'noppawan307@gmail.com', NULL, '2018-03-30 18:12:32', 0, 2, 26, '2018-06-19 03:14:08', '2018-06-19 03:14:34', NULL),
(441, 'เติมรัตน์', '', 'noutem@hotmail.com', NULL, '2018-03-30 18:12:32', 0, 3, 11, '2018-06-19 03:14:08', '2018-06-19 03:14:36', NULL),
(442, 'รีาา', '', 'vhukkxxs@hotmail.com', NULL, '2018-03-30 18:12:32', 0, 6, 26, '2018-06-19 03:14:08', '2018-06-19 03:14:29', NULL),
(443, 'สวรินทร์', '', 'sawarinyaklein@gmail.com', NULL, '2018-03-30 18:12:32', 0, 3, 5, '2018-06-19 03:14:08', '2018-06-19 03:14:39', NULL),
(444, 'Mint', '', 'uptome.mintty@gmail.com', NULL, '2018-03-30 18:12:32', 0, 2, 6, '2018-06-19 03:14:08', '2018-06-19 03:14:37', NULL),
(445, 'พิไลวรรณ', 'รักษ์ณรงค์', 'ploy2011033@gmail.com', NULL, '2018-03-30 18:12:32', 0, 1, 5, '2018-06-19 03:14:08', '2018-06-19 03:14:30', NULL),
(446, 'นิภา', 'มีท่า', 'nuniandsunny@gmail.com', NULL, '2018-03-30 18:12:32', 0, 2, 21, '2018-06-19 03:14:08', '2018-06-19 03:14:30', NULL),
(447, 'Siri', '', 'siriwaan@hotmail.com', NULL, '2018-03-30 18:12:32', 0, 3, 12, '2018-06-19 03:14:08', '2018-06-19 03:14:37', NULL),
(448, 'Ayisha', '', 'Oomzaa9@gmail.com', NULL, '2018-03-30 18:12:32', 0, 1, 10, '2018-06-19 03:14:08', '2018-06-19 03:14:37', NULL),
(449, 'Sausan', 'hayeedolah', 'sausan_dorni@yahoo.com', NULL, '2018-03-30 18:12:32', 0, 6, 9, '2018-06-19 03:14:08', '2018-06-19 03:14:30', NULL),
(450, 'สาธิกา', 'เดชศรี', 'aeszxc17@gmail.com', NULL, '2018-03-30 18:12:32', 0, 1, 23, '2018-06-19 03:14:08', '2018-06-19 03:14:33', NULL),
(451, 'ณัฐวดี', '', 'Mankarin4@gmail.com', NULL, '2018-03-30 18:12:32', 0, 2, 9, '2018-06-19 03:14:08', '2018-06-19 03:14:36', NULL),
(452, 'วรรณภา', '', 'wannapa.xx@gmail.com', NULL, '2018-03-30 18:12:32', 0, 1, 11, '2018-06-19 03:14:08', '2018-06-19 03:14:34', NULL),
(453, 'พี', '', 'pukchunya@gmail.com', NULL, '2018-03-30 18:12:32', 0, 3, 5, '2018-06-19 03:14:08', '2018-06-19 03:14:34', NULL),
(454, 'นพมาศ', '', 'amthongnobpamat@gmail.com', NULL, '2018-03-30 18:12:32', 0, 3, 8, '2018-06-19 03:14:08', '2018-06-19 03:14:31', NULL),
(455, 'นาริซา', 'กาหลี', 'ohmkhanet29052543@gmail.com', NULL, '2018-03-30 18:12:32', 0, 2, 17, '2018-06-19 03:14:08', '2018-06-19 03:14:37', NULL),
(456, 'นาริฐา', '', 'sesitive_k_k194@hotmail.com', NULL, '2018-03-30 18:12:32', 0, 1, 3, '2018-06-19 03:14:08', '2018-06-19 03:14:08', NULL),
(457, 'Amaraporn', '', 'kamara_charoensuk@outlook.com', NULL, '2018-03-30 18:12:32', 0, 3, 16, '2018-06-19 03:14:08', '2018-06-19 03:14:36', NULL),
(458, 'ศศิภา', 'บุญยืน', 'sasipha1010@gmail.com', NULL, '2018-03-30 18:12:32', 0, 2, 4, '2018-06-19 03:14:08', '2018-06-19 03:14:37', NULL),
(459, 'Thanutcha', '', 'Mint__mink@hotmail.com', NULL, '2018-03-30 18:12:32', 0, 2, 3, '2018-06-19 03:14:08', '2018-06-19 03:14:32', NULL),
(460, 'ลลิตา', 'มานพ', 'meen_air@hotmail.com', NULL, '2018-03-30 18:12:32', 0, 3, 6, '2018-06-19 03:14:08', '2018-06-19 03:14:39', NULL),
(461, 'นายณรงฤทธิ์', 'เพชร', 'n20205@hotmail.com', NULL, '2018-03-30 18:12:32', 0, 2, 27, '2018-06-19 03:14:08', '2018-06-19 03:14:30', NULL),
(462, 'ธาริณี', '', 'izandy1991@gmail.com', NULL, '2018-03-30 18:12:32', 0, 2, 5, '2018-06-19 03:14:08', '2018-06-19 03:14:38', NULL),
(463, 'พิมพ์นารา', '', 'pimnara.k@bemplc.co.th', NULL, '2018-03-30 18:12:32', 0, 6, 15, '2018-06-19 03:14:08', '2018-06-19 03:14:33', NULL),
(464, 'Sine', '', 'littledeer_@hotmail.com', NULL, '2018-03-30 18:12:32', 0, 2, 6, '2018-06-19 03:14:08', '2018-06-19 03:14:37', NULL),
(465, 'ณัฐนันท์', 'จิระประดิษฐา', 'nattanun_ji@hotmail.com', NULL, '2018-03-30 18:12:32', 0, 6, 6, '2018-06-19 03:14:08', '2018-06-19 03:14:35', NULL),
(466, 'fernht', '', 'ponmaneec07@gmail.com', NULL, '2018-03-30 18:12:32', 0, 6, 8, '2018-06-19 03:14:08', '2018-06-19 03:14:31', NULL),
(467, 'Sirinart', '', 'ssodaa.p@hotmail.com', NULL, '2018-03-30 18:12:32', 0, 6, 17, '2018-06-19 03:14:08', '2018-06-19 03:14:32', NULL),
(468, 'หยาดฟ้า', 'วิชาพร', 'yadphawcp@gmail.com', NULL, '2018-03-30 18:12:32', 0, 6, 25, '2018-06-19 03:14:08', '2018-06-19 03:14:39', NULL),
(469, 'Supranee', 'Khumsiwai', 'obsupranee.602@gmail.com', NULL, '2018-03-30 18:12:32', 0, 2, 15, '2018-06-19 03:14:08', '2018-06-19 03:14:36', NULL),
(470, 'นา', '', 'na_orlandoblum@hotmail.com', NULL, '2018-03-30 18:12:32', 0, 1, 18, '2018-06-19 03:14:08', '2018-06-19 03:14:36', NULL),
(471, 'นงค์ลักษณ์', '', 'njandee1985@gmail.com', NULL, '2018-03-30 18:12:32', 0, 6, 6, '2018-06-19 03:14:08', '2018-06-19 03:14:34', NULL),
(472, 'Min', '', 'minmin_1996@hotmail.com', NULL, '2018-03-30 18:12:32', 0, 6, 27, '2018-06-19 03:14:08', '2018-06-19 03:14:33', NULL),
(473, 'Ammy', '', 'ammybmwe34@hotmail.co.th', NULL, '2018-03-30 18:12:32', 0, 1, 27, '2018-06-19 03:14:08', '2018-06-19 03:14:30', NULL),
(474, 'Manisorn', '', 'tiina.giggew@outlook.com', NULL, '2018-03-30 18:12:32', 0, 6, 10, '2018-06-19 03:14:08', '2018-06-19 03:14:31', NULL),
(475, 'PASAN', 'SAENGSRI', 'pa_san2505@hotmail.com', NULL, '2018-03-30 18:12:32', 0, 2, 20, '2018-06-19 03:14:08', '2018-06-19 03:14:29', NULL),
(476, 'sunisa', 'yooprasert', 'noonniis@hotmail.com', NULL, '2018-03-30 18:12:32', 0, 3, 26, '2018-06-19 03:14:08', '2018-06-19 03:14:39', NULL),
(477, 'Ketsaranan', '', 'ketsaranan.su@gmail.com', NULL, '2018-03-30 18:12:32', 0, 1, 6, '2018-06-19 03:14:08', '2018-06-19 03:14:37', NULL),
(478, 'วิรัญชนา', 'คติพงศานุวัตร', 'giftfy.th.eng@gmail.com', NULL, '2018-03-30 18:12:32', 0, 3, 7, '2018-06-19 03:14:08', '2018-06-19 03:14:31', NULL),
(479, 'littichai', 'kammee', 'kammeelittichai@gmail.com', NULL, '2018-03-30 18:12:32', 0, 2, 3, '2018-06-19 03:14:08', '2018-06-19 03:14:29', NULL),
(480, 'รอมซี', 'แวกะจิ', 'romsee5847@gmail.com', NULL, '2018-03-30 18:12:32', 0, 3, 3, '2018-06-19 03:14:08', '2018-06-19 03:14:37', NULL),
(481, 'สุวรรณา', '', 'Suvanna142533@gmail.com', NULL, '2018-03-30 18:12:32', 0, 3, 22, '2018-06-19 03:14:08', '2018-06-19 03:14:39', NULL),
(482, 'Wannadee', '', 'wdkit@hotmail.com', NULL, '2018-03-30 18:12:32', 0, 6, 19, '2018-06-19 03:14:08', '2018-06-19 03:14:37', NULL),
(483, 'Jirapohn', '', 'jira-manee@hotmail.conm', NULL, '2018-03-30 18:12:32', 0, 1, 27, '2018-06-19 03:14:08', '2018-06-19 03:14:34', NULL),
(484, 'Anny', '', 'anny_td@hotmail.com', NULL, '2018-03-30 18:12:32', 0, 3, 2, '2018-06-19 03:14:08', '2018-06-19 03:14:38', NULL),
(485, 'ลลิตา', '', 'lalitakeeprawat@gmail.com', NULL, '2018-03-30 18:12:32', 0, 3, 9, '2018-06-19 03:14:08', '2018-06-19 03:14:30', NULL),
(486, 'กชพร', 'ดวงมณี', 'kachaporn.d@ku.th', NULL, '2018-03-30 18:12:32', 0, 3, 18, '2018-06-19 03:14:08', '2018-06-19 03:14:29', NULL),
(487, 'นิรชา', '', 'nik.sara1825@gmail.com', NULL, '2018-03-30 18:12:32', 0, 6, 23, '2018-06-19 03:14:08', '2018-06-19 03:14:33', NULL),
(488, 'ศิริรัตน์', '', 'sirilat_@hotmail.com', NULL, '2018-03-30 18:12:32', 0, 3, 5, '2018-06-19 03:14:08', '2018-06-19 03:14:33', NULL),
(489, 'สุปราณี', 'ขวัญพงษ์', 'manewnew@gmail.com', NULL, '2018-03-30 18:12:32', 0, 6, 6, '2018-06-19 03:14:08', '2018-06-19 03:14:28', NULL),
(490, 'นุช', '', 'nuch_jungko@hotmail.com', NULL, '2018-03-30 18:12:32', 0, 1, 22, '2018-06-19 03:14:08', '2018-06-19 03:14:37', NULL),
(491, 'สุวลักษณ์', '', 'jar2540.sa@gmail.com', NULL, '2018-03-30 18:12:32', 0, 2, 21, '2018-06-19 03:14:08', '2018-06-19 03:14:35', NULL),
(492, 'มุกข์จรินทร์', 'กุลนะ', 'mook_m11@hotmail.com', NULL, '2018-03-30 18:12:32', 0, 6, 21, '2018-06-19 03:14:08', '2018-06-19 03:14:39', NULL),
(493, 'อนุศร', 'ชื่นจำปา', 'nsvD3568@gmail.com', NULL, '2018-03-30 18:12:32', 0, 3, 7, '2018-06-19 03:14:08', '2018-06-19 03:14:29', NULL),
(494, 'Orapan', 'oudkom', 'orapanoudkom@hotmai.com', NULL, '2018-03-30 18:12:32', 0, 1, 7, '2018-06-19 03:14:08', '2018-06-19 03:14:35', NULL),
(495, 'ผกาวัลย์', '', 'pakawan.komna0950@gmail.com', NULL, '2018-03-30 18:12:32', 0, 1, 18, '2018-06-19 03:14:08', '2018-06-19 03:14:38', NULL),
(496, 'วิภา', '', 'vipajitpophet@gmail.com', NULL, '2018-03-30 18:12:32', 0, 6, 26, '2018-06-19 03:14:08', '2018-06-19 03:14:31', NULL),
(497, 'Nuttika', '', 's.nuttika@hotmail.com', NULL, '2018-03-30 18:12:32', 0, 2, 2, '2018-06-19 03:14:08', '2018-06-19 03:14:36', NULL),
(498, 'Sakdanai', '', 'sakdanai7@gmail.com', NULL, '2018-03-30 18:12:32', 0, 3, 16, '2018-06-19 03:14:08', '2018-06-19 03:14:34', NULL),
(499, 'นิพล', 'ปิ่นหอม', 'niponolee@gmail.com', NULL, '2018-03-30 18:12:32', 0, 2, 4, '2018-06-19 03:14:08', '2018-06-19 03:14:35', NULL),
(500, 'ปิยะ', 'กิตติภาดากุล', 'kittipadakul@yahoo.com', NULL, '2018-03-30 18:12:32', 0, 6, 4, '2018-06-19 03:14:08', '2018-06-19 03:14:30', NULL),
(501, 'เครือวัลย์', 'ยอดวงค์ษา', 'koilovefanclubbie@gmail.com', NULL, '2018-03-30 18:12:32', 0, 3, 6, '2018-06-19 03:14:08', '2018-06-19 03:14:33', NULL),
(502, 'Muk', '', 'muk170838@gmail.com', NULL, '2018-03-30 18:12:32', 0, 1, 26, '2018-06-19 03:14:08', '2018-06-19 03:14:29', NULL),
(503, 'Rinporn', '', 'chor_rin333@hotmail.com', NULL, '2018-03-30 18:12:32', 0, 2, 6, '2018-06-19 03:14:08', '2018-06-19 03:14:29', NULL),
(504, 'บีม', '', 'beam_taestop@hotmail.com', NULL, '2018-03-30 18:12:32', 0, 1, 8, '2018-06-19 03:14:08', '2018-06-19 03:14:37', NULL),
(505, 'Somkid', '', 'karlenclan@gmail.com', NULL, '2018-03-30 18:12:32', 0, 6, 1, '2018-06-19 03:14:08', '2018-06-19 03:14:36', NULL),
(506, 'ฐานิสา', '', 'fahfarfromhere@gmail.com', NULL, '2018-03-30 18:12:32', 0, 3, 27, '2018-06-19 03:14:08', '2018-06-19 03:14:31', NULL),
(507, 'Pack', '', 'pack_genie@hotmail.com', NULL, '2018-03-30 18:12:32', 0, 1, 13, '2018-06-19 03:14:08', '2018-06-19 03:14:29', NULL),
(508, 'กล็อฟ', '', 'golfzabaparung@fmail.com', NULL, '2018-03-30 18:12:32', 0, 3, 22, '2018-06-19 03:14:08', '2018-06-19 03:14:37', NULL),
(509, 'กรองกาญจน์', 'ฉลาดแย้ม', 'pskapat39@gmail.com', NULL, '2018-03-30 18:12:32', 0, 1, 19, '2018-06-19 03:14:08', '2018-06-19 03:14:35', NULL),
(510, 'ขวัญ', '', 'heluxmrung@gmail.com', NULL, '2018-03-30 18:12:32', 0, 3, 19, '2018-06-19 03:14:08', '2018-06-19 03:14:39', NULL),
(511, 'ศิวาพร', 'ไชยดำรงค์', 'tomzee55@gmail.com', NULL, '2018-03-30 18:12:32', 0, 3, 22, '2018-06-19 03:14:08', '2018-06-19 03:14:29', NULL),
(512, 'เอกพจน์', '', 'aekkpoj556@gmail.com', NULL, '2018-03-30 18:12:32', 0, 1, 19, '2018-06-19 03:14:08', '2018-06-19 03:14:38', NULL),
(513, 'อรรถพล', '', 'babyloveaud001@gmail.com', NULL, '2018-03-30 18:12:32', 0, 1, 24, '2018-06-19 03:14:08', '2018-06-19 03:14:39', NULL),
(514, 'ฐิตาภา', 'เวียงธรรม', 'tita.meaw1993@hotmail.ocm', NULL, '2018-03-30 18:12:32', 0, 1, 13, '2018-06-19 03:14:08', '2018-06-19 03:14:32', NULL),
(515, 'ธนทัต', '', 'tong.thanathat78@gmail.com', NULL, '2018-03-30 18:12:32', 0, 6, 10, '2018-06-19 03:14:08', '2018-06-19 03:14:38', NULL),
(516, 'นางสาวพิชามญชุ์', 'บ่างวิรุฬห์รักษ์', 'supanna1980@gmail.com', NULL, '2018-03-30 18:12:32', 0, 1, 17, '2018-06-19 03:14:08', '2018-06-19 03:14:30', NULL),
(517, 'max', '', 'oil-0003@hotmail.com', NULL, '2018-03-30 18:12:32', 0, 3, 14, '2018-06-19 03:14:08', '2018-06-19 03:14:29', NULL),
(518, 'Prianjit', '', 'prianjit7179@gmill.com', NULL, '2018-03-30 18:12:32', 0, 2, 3, '2018-06-19 03:14:08', '2018-06-19 03:14:39', NULL),
(519, 'อุดมพร', '', 'babylovenong9@gmail.com', NULL, '2018-03-30 18:12:32', 0, 6, 11, '2018-06-19 03:14:08', '2018-06-19 03:14:31', NULL),
(520, 'Ponwipat', 'nitipongjitti', 'ponwipat@gmail.com', NULL, '2018-03-30 18:12:32', 0, 6, 23, '2018-06-19 03:14:08', '2018-06-19 03:14:34', NULL),
(521, 'นันทิชา', 'นิสัน', 'sknanticha123@gmail.com', NULL, '2018-03-30 18:12:32', 0, 6, 5, '2018-06-19 03:14:08', '2018-06-19 03:14:37', NULL),
(522, 'Nee', '', 'aaareya.nnn@hotmail.com', NULL, '2018-03-30 18:12:32', 0, 1, 17, '2018-06-19 03:14:08', '2018-06-19 03:14:33', NULL),
(523, 'พลอย', '', 'passorn-ploy@hotmail.com', NULL, '2018-03-30 18:12:32', 0, 1, 7, '2018-06-19 03:14:08', '2018-06-19 03:14:39', NULL),
(524, 'อรกัญญา', '', 'unchareemoo1983@gmail.com', NULL, '2018-03-30 18:12:32', 0, 3, 22, '2018-06-19 03:14:08', '2018-06-19 03:14:37', NULL),
(525, 'ดุษฏี', 'ชารี', 'dutdee5432@gmail.com', NULL, '2018-03-30 18:12:32', 0, 3, 7, '2018-06-19 03:14:08', '2018-06-19 03:14:33', NULL),
(526, 'นิติรัฐ', 'มูลมณี', 'tengneung7933@gmail.com', NULL, '2018-03-30 18:12:32', 0, 2, 15, '2018-06-19 03:14:08', '2018-06-19 03:14:34', NULL),
(527, 'ชณัณพัชร์', 'วรรณรัชตะพัชร์', 'netnaphachaiwut0309@gmail.com', NULL, '2018-03-30 18:12:32', 0, 3, 19, '2018-06-19 03:14:08', '2018-06-19 03:14:33', NULL),
(528, 'Thanawan', 'Piyasing', 'thanawanpiyasing@gmail.com', NULL, '2018-03-30 18:12:32', 0, 3, 18, '2018-06-19 03:14:08', '2018-06-19 03:14:34', NULL),
(529, 'สนัญชญา', 'โสภา', 'manoprom_bge@hotmail.com', NULL, '2018-03-30 18:12:32', 0, 6, 14, '2018-06-19 03:14:08', '2018-06-19 03:14:35', NULL),
(530, 'ณัฐพล', 'พ่วงพันธ์', 'nuttapon555@windowslive.com', NULL, '2018-03-30 18:12:32', 0, 1, 11, '2018-06-19 03:14:08', '2018-06-19 03:14:36', NULL),
(531, 'วาสนา', '', 'katai_hooyao@hotmail.com', NULL, '2018-03-30 18:12:32', 0, 3, 13, '2018-06-19 03:14:08', '2018-06-19 03:14:32', NULL),
(532, 'ณัฐพล', 'ประทุมมัง', 'pausemar2@gmail.com', NULL, '2018-03-30 18:12:32', 0, 3, 22, '2018-06-19 03:14:08', '2018-06-19 03:14:33', NULL),
(533, 'Saruth', '', 'saruth789@gmail.com', NULL, '2018-03-30 18:12:32', 0, 3, 19, '2018-06-19 03:14:08', '2018-06-19 03:14:30', NULL),
(534, 'ปอปลา', '', 'lookplachansot@gmail.com', NULL, '2018-03-30 18:12:32', 0, 2, 23, '2018-06-19 03:14:08', '2018-06-19 03:14:38', NULL),
(535, 'กวิสรา', 'ศรีสุพพัตพงษ์', 'kwiss_s@hotmail.com', NULL, '2018-03-30 18:12:32', 0, 2, 5, '2018-06-19 03:14:08', '2018-06-19 03:14:36', NULL),
(536, 'นันทนัส', '', 'aurasa696@gmail.com', NULL, '2018-03-30 18:12:32', 0, 6, 24, '2018-06-19 03:14:08', '2018-06-19 03:14:39', NULL),
(537, 'Korngamol', '', 'nookniklovetar@gmail.com', NULL, '2018-03-30 18:12:32', 0, 2, 8, '2018-06-19 03:14:08', '2018-06-19 03:14:38', NULL),
(538, 'ณิชชารีย์', '', 'noi_pct@hotmail.com', NULL, '2018-03-30 18:12:32', 0, 6, 25, '2018-06-19 03:14:08', '2018-06-19 03:14:32', NULL),
(539, 'ศิริยา', '', 'mindsiriya@gmail.com', NULL, '2018-03-30 18:12:32', 0, 6, 4, '2018-06-19 03:14:08', '2018-06-19 03:14:29', NULL),
(540, 'ประณาลี', '', 'coach.pranalee36@gmail.com', NULL, '2018-03-30 18:12:32', 0, 6, 2, '2018-06-19 03:14:08', '2018-06-19 03:14:36', NULL),
(541, 'ยวิษฐา', 'โสมะมี', 'nidlove1997@gmail.com', NULL, '2018-03-30 18:12:32', 0, 3, 22, '2018-06-19 03:14:08', '2018-06-19 03:14:32', NULL),
(542, 'Nursanita', '', 'nursanita69@gmail.com', NULL, '2018-03-30 18:12:32', 0, 6, 7, '2018-06-19 03:14:08', '2018-06-19 03:14:32', NULL),
(543, 'ฐิติมา', 'เพียรผล', 'thitima4399@gmail.com', NULL, '2018-03-30 18:12:32', 0, 6, 26, '2018-06-19 03:14:08', '2018-06-19 03:14:37', NULL),
(544, 'ศิริรสนา', '', 'siriros-aia@hotmail.com', NULL, '2018-03-30 18:12:32', 0, 3, 25, '2018-06-19 03:14:08', '2018-06-19 03:14:36', NULL),
(545, 'น้อง', '', 'nok5868@hotmail.com', NULL, '2018-03-30 18:12:32', 0, 3, 15, '2018-06-19 03:14:08', '2018-06-19 03:14:38', NULL),
(546, 'กษิรา', '', 'toeykasira@gmail.com', NULL, '2018-03-30 18:12:32', 0, 6, 18, '2018-06-19 03:14:08', '2018-06-19 03:14:35', NULL),
(547, 'นส.อารียา', 'ชูเลิศ', 'chuleart@hotmail.com', NULL, '2018-03-30 18:12:32', 0, 6, 15, '2018-06-19 03:14:08', '2018-06-19 03:14:34', NULL),
(548, 'Ploynapat', '', 'tonlhiww@gmail.com', NULL, '2018-03-30 18:12:32', 0, 2, 5, '2018-06-19 03:14:08', '2018-06-19 03:14:29', NULL),
(549, 'น.ส.อาชียา', 'มะโนเที่ยง', 'bowey.maccy@gmail.com', NULL, '2018-03-30 18:12:32', 0, 2, 19, '2018-06-19 03:14:08', '2018-06-19 03:14:34', NULL),
(550, 'ชนกานต์', '', 'minchanakan@hotmail.com', NULL, '2018-03-30 18:12:32', 0, 2, 15, '2018-06-19 03:14:08', '2018-06-19 03:14:31', NULL),
(551, 'กรดนัย', '', 'korn_danai@hotmail.com', NULL, '2018-03-30 18:12:32', 0, 6, 13, '2018-06-19 03:14:08', '2018-06-19 03:14:29', NULL),
(552, 'สุดารัตน์', '', 'sudarat.wannasilapin@dhl.com', NULL, '2018-03-30 18:12:32', 0, 1, 12, '2018-06-19 03:14:08', '2018-06-19 03:14:37', NULL),
(553, 'หทัยชนก', '', 'hataichanok_mm@hotmail.com', NULL, '2018-03-30 18:12:32', 0, 2, 22, '2018-06-19 03:14:08', '2018-06-19 03:14:32', NULL),
(554, 'กบ', '', 'kereojung29@gmail.com', NULL, '2018-03-30 18:12:32', 0, 2, 4, '2018-06-19 03:14:08', '2018-06-19 03:14:35', NULL),
(555, 'กุลวีณ์', '', 'jungjing@msn.com', NULL, '2018-03-30 18:12:32', 0, 6, 18, '2018-06-19 03:14:08', '2018-06-19 03:14:32', NULL),
(556, 'วนิดา', '', 'yada2527.p@gmail.com', NULL, '2018-03-30 18:12:32', 0, 3, 26, '2018-06-19 03:14:08', '2018-06-19 03:14:33', NULL),
(557, 'พัชราพร', '', 'den_2534@hotmail.com', NULL, '2018-03-30 18:12:32', 0, 2, 6, '2018-06-19 03:14:08', '2018-06-19 03:14:37', NULL),
(558, 'Na', '', 'nangnakra97@gmail.com', NULL, '2018-03-30 18:12:32', 0, 6, 13, '2018-06-19 03:14:08', '2018-06-19 03:14:31', NULL),
(559, 'Pornphum', 'S.', 'parita2518@gmail.com', NULL, '2018-03-30 18:12:32', 0, 1, 16, '2018-06-19 03:14:09', '2018-06-19 03:14:33', NULL),
(560, 'Nialamiftah', '', 'AchnonDaoh_@hotmail.com', NULL, '2018-03-30 18:12:32', 0, 6, 18, '2018-06-19 03:14:09', '2018-06-19 03:14:33', NULL),
(561, 'ชวัลภร', 'ทิพยสาร', 'thippayasarn_cha@hotmail.com', NULL, '2018-03-30 18:12:32', 0, 1, 26, '2018-06-19 03:14:09', '2018-06-19 03:14:33', NULL),
(562, 'สุภัทรา', '', 'piggy_2010_8@hotmail.com', NULL, '2018-03-30 18:12:32', 0, 6, 13, '2018-06-19 03:14:09', '2018-06-19 03:14:33', NULL),
(563, 'Somnuk', 'สมนึก', 'sylvania_supervisor_sn@hotmail.co.th', NULL, '2018-03-30 18:12:32', 0, 2, 19, '2018-06-19 03:14:09', '2018-06-19 03:14:34', NULL),
(564, 'Wasan', '', 'comgod02@gmail.com', NULL, '2018-03-30 18:12:32', 0, 1, 1, '2018-06-19 03:14:09', '2018-06-19 03:14:34', NULL),
(565, 'Kanjana', '', 'doremon_sm@hotmail.com', NULL, '2018-03-30 18:12:32', 0, 2, 8, '2018-06-19 03:14:09', '2018-06-19 03:14:30', NULL),
(566, 'พร', 'เหลางาม', 'poam2523@gmail.com', NULL, '2018-03-30 18:12:32', 0, 6, 18, '2018-06-19 03:14:09', '2018-06-19 03:14:29', NULL),
(567, 'โรส', '', 'anne.love0872031225@gmail.com', NULL, '2018-03-30 18:12:32', 0, 3, 16, '2018-06-19 03:14:09', '2018-06-19 03:14:38', NULL),
(568, 'banyen', '', 'bee_bie@hotmail.com', NULL, '2018-03-30 18:12:32', 0, 6, 22, '2018-06-19 03:14:09', '2018-06-19 03:14:39', NULL),
(569, 'napasorn', '', 'napasorn24012537@gmail.com', NULL, '2018-03-30 18:12:32', 0, 2, 23, '2018-06-19 03:14:09', '2018-06-19 03:14:39', NULL),
(570, 'แพรว', '', 'pawlpawl17123@gamil.com', NULL, '2018-03-30 18:12:32', 0, 1, 14, '2018-06-19 03:14:09', '2018-06-19 03:14:29', NULL),
(571, 'พรรณนิภา', '', 'mintmailmate@gmail.com', NULL, '2018-03-30 18:12:32', 0, 6, 18, '2018-06-19 03:14:09', '2018-06-19 03:14:31', NULL),
(572, 'นางสาว', 'วิวัชรา', 'www.wiwatchara_555@hotmail.com', NULL, '2018-03-30 18:12:32', 0, 3, 17, '2018-06-19 03:14:09', '2018-06-19 03:14:34', NULL),
(573, 'นายศุภชัย', 'ทองเงิน', 'babybay_116@hotmail.com', NULL, '2018-03-30 18:12:32', 0, 6, 5, '2018-06-19 03:14:09', '2018-06-19 03:14:34', NULL),
(574, 'Thattirap', 'Hanmanop', 'poom_bboy@hotmail.com', NULL, '2018-03-30 18:12:32', 0, 3, 13, '2018-06-19 03:14:09', '2018-06-19 03:14:36', NULL),
(575, 'ณรงค์ศักดิ์', 'สืบสาย', 'flouk.pharmacist01@gmail.com', NULL, '2018-03-30 18:12:32', 0, 6, 7, '2018-06-19 03:14:09', '2018-06-19 03:14:29', NULL),
(576, 'ณัฐพร', 'แก้วเจริญ', 'katelove1235@gmail.com', NULL, '2018-03-30 18:12:32', 0, 6, 13, '2018-06-19 03:14:09', '2018-06-19 03:14:37', NULL),
(577, 'นิรมล', 'วรุณานนท์', 'niramol_may@hotmail.com', NULL, '2018-03-30 18:12:32', 0, 2, 14, '2018-06-19 03:14:09', '2018-06-19 03:14:32', NULL),
(578, 'นางสาวสุดาพร', 'กสิพันธุ์', 'june.sudaporn1994@gmail.com', NULL, '2018-03-30 18:12:32', 0, 1, 6, '2018-06-19 03:14:09', '2018-06-19 03:14:30', NULL),
(579, 'Kwanchanok', 'Gaines', 'chanokpm@gmail.com', NULL, '2018-03-30 18:12:32', 0, 1, 22, '2018-06-19 03:14:09', '2018-06-19 03:14:33', NULL),
(580, 'สุธิดา', '', 'luektan062503@gmail.com', NULL, '2018-03-30 18:12:32', 0, 3, 15, '2018-06-19 03:14:09', '2018-06-19 03:14:32', NULL),
(581, 'วาว', '', 'nutchawow9@gmail.com', NULL, '2018-03-30 18:12:32', 0, 1, 11, '2018-06-19 03:14:09', '2018-06-19 03:14:38', NULL),
(582, 'Aphinya', 'Mayothi', 'aphinya.pompam@gmail.com', NULL, '2018-03-30 18:12:32', 0, 6, 16, '2018-06-19 03:14:09', '2018-06-19 03:14:30', NULL),
(583, 'นัท', '', 'nutty.nutty1532@gmail.com', NULL, '2018-03-30 18:12:32', 0, 1, 14, '2018-06-19 03:14:09', '2018-06-19 03:14:33', NULL),
(584, 'สุมิตรา', '', 'honey_r_deary@hotmail.com', NULL, '2018-03-30 18:12:32', 0, 1, 13, '2018-06-19 03:14:09', '2018-06-19 03:14:33', NULL),
(585, 'Anantiya', '', 'aonbi_20@hotmail.com', NULL, '2018-03-30 18:12:32', 0, 1, 12, '2018-06-19 03:14:09', '2018-06-19 03:14:37', NULL),
(586, 'ปิยะพิชญตร์', 'ประวิตรกูล', 'fish_aipink@hotmail.com', NULL, '2018-03-30 18:12:32', 0, 1, 1, '2018-06-19 03:14:09', '2018-06-19 03:14:35', NULL),
(587, 'ศิรินันต์', '', 'nattawat5312@hotmail.co.th', NULL, '2018-03-30 18:12:32', 0, 1, 8, '2018-06-19 03:14:09', '2018-06-19 03:14:38', NULL),
(588, 'มะลิวัลย์', 'ปิติถาโน', 'aeymaliwan@gmail.com', NULL, '2018-03-30 18:12:32', 0, 2, 14, '2018-06-19 03:14:09', '2018-06-19 03:14:33', NULL),
(589, 'Salisa', 'seemunta', 'salisa.0165@gmail.com', NULL, '2018-03-30 18:12:32', 0, 6, 27, '2018-06-19 03:14:09', '2018-06-19 03:14:38', NULL),
(590, 'มาลินี', '', 'malinee2200@gmail.com', NULL, '2018-03-30 18:12:32', 0, 1, 13, '2018-06-19 03:14:09', '2018-06-19 03:14:30', NULL),
(591, 'อนัญญา', 'มาศทอง', 'da.25082515@gmail.com', NULL, '2018-03-30 18:12:32', 0, 1, 16, '2018-06-19 03:14:09', '2018-06-19 03:14:36', NULL),
(592, 'Thidarat', '', 'thidarat-ning@hotmail.com', NULL, '2018-03-30 18:12:32', 0, 1, 13, '2018-06-19 03:14:09', '2018-06-19 03:14:32', NULL),
(593, 'วิษณุ', 'ดิษยนาม', 'vitsanu@gmav.com', NULL, '2018-03-30 18:12:32', 0, 6, 2, '2018-06-19 03:14:09', '2018-06-19 03:14:31', NULL),
(594, 'ยุ้ย', '', 'puppydoglovelove@gmail.com', NULL, '2018-03-30 18:12:32', 0, 6, 22, '2018-06-19 03:14:09', '2018-06-19 03:14:31', NULL),
(595, 'Pongsakorn', '', 'pongsakorn@hotmail.com', NULL, '2018-03-30 18:12:32', 0, 1, 15, '2018-06-19 03:14:09', '2018-06-19 03:14:09', NULL),
(596, 'Duanghathai', 'Maneechai', 'fluke2503@hotmail.com', NULL, '2018-03-30 18:12:32', 0, 1, 18, '2018-06-19 03:14:09', '2018-06-19 03:14:37', NULL),
(597, 'ชาลิสา', '', 'chalisa.ployja@hotmail.com', NULL, '2018-03-30 18:12:32', 0, 2, 2, '2018-06-19 03:14:09', '2018-06-19 03:14:31', NULL),
(598, 'รสิกา', 'เทียรประโยชน์', 'faiirasika2560@gmail.com', NULL, '2018-03-30 18:12:32', 0, 3, 15, '2018-06-19 03:14:09', '2018-06-19 03:14:34', NULL),
(599, 'กิ๊บเก๋', '', 'gipghe@gmail.com', NULL, '2018-03-30 18:12:32', 0, 2, 15, '2018-06-19 03:14:09', '2018-06-19 03:14:30', NULL),
(600, 'kawisara', 'makul', 'kapombuff@gmail.com', NULL, '2018-03-30 18:12:32', 0, 3, 2, '2018-06-19 03:14:09', '2018-06-19 03:14:33', NULL),
(601, 'สุนิดา', '', 'sunida.siz@gmail.com', NULL, '2018-03-30 18:12:32', 0, 1, 24, '2018-06-19 03:14:09', '2018-06-19 03:14:31', NULL),
(602, 'Napaporn', '', 'pai_desibg@hotmail.com', NULL, '2018-03-30 18:12:32', 0, 6, 1, '2018-06-19 03:14:09', '2018-06-19 03:14:30', NULL),
(603, 'นิค', '', 'waredsawawa@gmail.com', NULL, '2018-03-30 18:12:32', 0, 2, 7, '2018-06-19 03:14:09', '2018-06-19 03:14:31', NULL),
(604, 'Kulchaya', '', 'pukky1980@Hotmail.com', NULL, '2018-03-30 18:12:32', 0, 2, 24, '2018-06-19 03:14:09', '2018-06-19 03:14:37', NULL),
(605, 'Mymolly', '', 'jeenbust@jmail.con', NULL, '2018-03-30 18:12:32', 0, 1, 26, '2018-06-19 03:14:09', '2018-06-19 03:14:30', NULL),
(606, 'ออฟ', '', 'dddee@gdh.com', NULL, '2018-03-30 18:12:32', 0, 2, 15, '2018-06-19 03:14:09', '2018-06-19 03:14:38', NULL),
(607, 'ศิริพร', '', 'dd_deah@hotmail.com', NULL, '2018-03-30 18:12:32', 0, 3, 24, '2018-06-19 03:14:09', '2018-06-19 03:14:30', NULL),
(608, 'พัชรินทร์', 'อิทรชื่น', 'patch3011@gmail.com', NULL, '2018-03-30 18:12:32', 0, 2, 14, '2018-06-19 03:14:09', '2018-06-19 03:14:37', NULL),
(609, 'ภัทรวดี', '', 'napatt089@gmail.com', NULL, '2018-03-30 18:12:32', 0, 2, 24, '2018-06-19 03:14:09', '2018-06-19 03:14:39', NULL),
(610, 'ทักศิณา', 'มิ่งคำเลิศ', 'we.za.ro000@gmail.com', NULL, '2018-03-30 18:12:32', 0, 6, 18, '2018-06-19 03:14:09', '2018-06-19 03:14:34', NULL),
(611, 'มัทติกา', 'วิเศษสุข', 'mudtiga26@gmail.com', NULL, '2018-03-30 18:12:32', 0, 1, 4, '2018-06-19 03:14:09', '2018-06-19 03:14:31', NULL),
(612, 'คุณากร', 'วิริยะโชติ', 'mityymo@gmail.com', NULL, '2018-03-30 18:12:32', 0, 3, 21, '2018-06-19 03:14:09', '2018-06-19 03:14:30', NULL),
(613, 'ไไห', '', 'jjjss@hotmail.com', NULL, '2018-03-30 18:12:32', 0, 1, 18, '2018-06-19 03:14:09', '2018-06-19 03:14:38', NULL),
(614, 'Thanomsri', 'Ketsuk', 'thanomsri.ket@mahidol.ac.th', NULL, '2018-03-30 18:12:32', 0, 1, 2, '2018-06-19 03:14:09', '2018-06-19 03:14:30', NULL),
(615, 'วรัญญาภรณ์', '', 'nomneoy@hotmail.com', NULL, '2018-03-30 18:12:32', 0, 6, 21, '2018-06-19 03:14:09', '2018-06-19 03:14:37', NULL),
(616, 'ีีUMARIN', '', 'umarin.zom@gmail.com', NULL, '2018-03-30 18:12:32', 0, 1, 18, '2018-06-19 03:14:09', '2018-06-19 03:14:32', NULL),
(617, 'นายวิริยะ', 'งามสาย', 'toey_wiriya@hotmail.com', NULL, '2018-03-30 18:12:32', 0, 6, 14, '2018-06-19 03:14:09', '2018-06-19 03:14:31', NULL),
(618, 'ธนวัฒน์', 'นางสวย', 'jathanawat@gmail.com', NULL, '2018-03-30 18:12:32', 0, 2, 14, '2018-06-19 03:14:09', '2018-06-19 03:14:30', NULL),
(619, 'ปุ๊บแบ', '', 'piyawad5@hotmail.com', NULL, '2018-03-30 18:12:32', 0, 6, 20, '2018-06-19 03:14:09', '2018-06-19 03:14:36', NULL),
(620, 'gas', '', 'gyter_1234@hotmail.com', NULL, '2018-03-30 18:12:32', 0, 1, 12, '2018-06-19 03:14:09', '2018-06-19 03:14:38', NULL),
(621, 'Benjaporn', 'Sanguanprasit', 'm_e_w_b@hotmail.com', NULL, '2018-03-30 18:12:32', 0, 2, 24, '2018-06-19 03:14:09', '2018-06-19 03:14:31', NULL),
(622, 'Chattraporn', '', 'ffah_44@hotmail.com', NULL, '2018-03-30 18:12:32', 0, 3, 15, '2018-06-19 03:14:09', '2018-06-19 03:14:37', NULL),
(623, 'ชลิดา', '', 'bam_boo_nuy@hotmail.com', NULL, '2018-03-30 18:12:32', 0, 3, 15, '2018-06-19 03:14:09', '2018-06-19 03:14:33', NULL),
(624, 'ชิน', '', 'cpromsenwong@gmail.com', NULL, '2018-03-30 18:12:32', 0, 2, 5, '2018-06-19 03:14:09', '2018-06-19 03:14:31', NULL),
(625, 'อังคณา', '', 'airrybom@gmail.com', NULL, '2018-03-30 18:12:32', 0, 3, 20, '2018-06-19 03:14:09', '2018-06-19 03:14:35', NULL),
(626, 'ณัฐกาญจน์', 'บาหลา', 'Natthakanbala06@gmail.com', NULL, '2018-03-30 18:12:32', 0, 6, 14, '2018-06-19 03:14:09', '2018-06-19 03:14:30', NULL),
(627, 'วรุต', '', 'hero_abu@hotmail.com', NULL, '2018-03-30 18:12:32', 0, 6, 11, '2018-06-19 03:14:09', '2018-06-19 03:14:36', NULL),
(628, 'กรรณิการ์', '', 'kunkpru51@hotmail.com', NULL, '2018-03-30 18:12:32', 0, 1, 25, '2018-06-19 03:14:09', '2018-06-19 03:14:37', NULL),
(629, 'อุบลรัตน์', '', 'pinky.rilakkumaeye@gmail.com', NULL, '2018-03-30 18:12:32', 0, 1, 22, '2018-06-19 03:14:09', '2018-06-19 03:14:33', NULL),
(630, 'Phakadao', '', 'phakadao.dao@gmail.com', NULL, '2018-03-30 18:12:32', 0, 1, 16, '2018-06-19 03:14:09', '2018-06-19 03:14:33', NULL),
(631, 'Chomdo', '', 'nu_yingbz@hotmail.com', NULL, '2018-03-30 18:12:32', 0, 2, 22, '2018-06-19 03:14:09', '2018-06-19 03:14:32', NULL),
(632, 'Preaw', '', 'pruwpreaw@gmail.com', NULL, '2018-03-30 18:12:32', 0, 2, 26, '2018-06-19 03:14:09', '2018-06-19 03:14:39', NULL),
(633, 'แนน', '', 'finyoulive@gmail.com', NULL, '2018-03-30 18:12:32', 0, 3, 19, '2018-06-19 03:14:09', '2018-06-19 03:14:30', NULL),
(634, 'ทัช', '', 'sunthiput@gmail.com', NULL, '2018-03-30 18:12:32', 0, 6, 13, '2018-06-19 03:14:09', '2018-06-19 03:14:38', NULL),
(635, 'ศรินทิพย์', '', 'sarinthip.elidefire@hotmail.com', NULL, '2018-03-30 18:12:32', 0, 3, 11, '2018-06-19 03:14:09', '2018-06-19 03:14:32', NULL),
(636, 'กาว', '', 'phair@gmail.com', NULL, '2018-03-30 18:12:32', 0, 3, 7, '2018-06-19 03:14:09', '2018-06-19 03:14:39', NULL),
(637, 'อาย', '', 'nitiporn8242@gmail.com', NULL, '2018-03-30 18:12:32', 0, 1, 10, '2018-06-19 03:14:09', '2018-06-19 03:14:35', NULL),
(638, 'Me', '', 'zomzomsrp@gmail.com', NULL, '2018-03-30 18:12:32', 0, 6, 7, '2018-06-19 03:14:09', '2018-06-19 03:14:35', NULL),
(639, 'นวรัตน์', '', 'nawarat.ssb@gmail.com', NULL, '2018-03-30 18:12:32', 0, 1, 24, '2018-06-19 03:14:09', '2018-06-19 03:14:29', NULL),
(640, 'ภูษิต', 'อมรศักดิ์', 'fang@hotmail.com', NULL, '2018-03-30 18:12:32', 0, 3, 6, '2018-06-19 03:14:09', '2018-06-19 03:14:30', NULL),
(641, 'Dew', '', 'akkarapong1995@gmail.com', NULL, '2018-03-30 18:12:32', 0, 1, 11, '2018-06-19 03:14:09', '2018-06-19 03:14:29', NULL),
(642, 'Almond', '', 'almondchoc@hotmail.com', NULL, '2018-03-30 18:12:32', 0, 3, 21, '2018-06-19 03:14:09', '2018-06-19 03:14:30', NULL),
(643, 'ณุฐานันท์', '', 'kor-nutanan@hotmsil.com', NULL, '2018-03-30 18:12:32', 0, 1, 22, '2018-06-19 03:14:09', '2018-06-19 03:14:33', NULL),
(644, 'ธัญสินี', '', 'tansineechunnaul@gmail.com', NULL, '2018-03-30 18:12:32', 0, 1, 16, '2018-06-19 03:14:09', '2018-06-19 03:14:29', NULL),
(645, 'Besos', '', 'tbl_rissing@hotmail.com', NULL, '2018-03-30 18:12:32', 0, 3, 22, '2018-06-19 03:14:09', '2018-06-19 03:14:34', NULL),
(646, 'Thanatcha', '', 'beamzuza@hotmail.com', NULL, '2018-03-30 18:12:32', 0, 3, 8, '2018-06-19 03:14:09', '2018-06-19 03:14:35', NULL),
(647, 'ชนิสรา', '', 'chani1990aumim@gmail.com', NULL, '2018-03-30 18:12:32', 0, 3, 15, '2018-06-19 03:14:09', '2018-06-19 03:14:28', NULL),
(648, 'Try', '', 'nongnang_changklan@hotmail.com', NULL, '2018-03-30 18:12:32', 0, 3, 24, '2018-06-19 03:14:09', '2018-06-19 03:14:31', NULL),
(649, 'นริศรา', 'ราชติง', 'toeytie.tt@gmail.com', NULL, '2018-03-30 18:12:32', 0, 3, 18, '2018-06-19 03:14:09', '2018-06-19 03:14:29', NULL),
(650, 'Laddawan', '', 'laddawanboonpeng133@gmail.com', NULL, '2018-03-30 18:12:32', 0, 3, 26, '2018-06-19 03:14:09', '2018-06-19 03:14:36', NULL),
(651, 'Pang', '', 'nomail@hotmail.com', NULL, '2018-03-30 18:12:32', 0, 1, 25, '2018-06-19 03:14:09', '2018-06-19 03:14:36', NULL),
(652, 'ณัฐชาต', 'ศักดา', 'cobalt470@gmail.com', NULL, '2018-03-30 18:12:32', 0, 2, 26, '2018-06-19 03:14:09', '2018-06-19 03:14:31', NULL),
(653, 'Tavin', '', 'tavinguy@hotmail.com', NULL, '2018-03-30 18:12:32', 0, 3, 17, '2018-06-19 03:14:09', '2018-06-19 03:14:34', NULL),
(654, 'wijittra', '', 'wijittrakha1@gmail.com', NULL, '2018-03-30 18:12:32', 0, 1, 19, '2018-06-19 03:14:09', '2018-06-19 03:14:33', NULL),
(655, 'Punchy', '', 'p.kaekla@gmail.com', NULL, '2018-03-30 18:12:32', 0, 6, 7, '2018-06-19 03:14:09', '2018-06-19 03:14:30', NULL),
(656, 'บุษบง', '', 'Butsabong031054170433@Hotmail.com', NULL, '2018-03-30 18:12:32', 0, 2, 18, '2018-06-19 03:14:09', '2018-06-19 03:14:30', NULL),
(657, 'อารียา', 'เซ่งแตง', 'myymmine@gmail.com', NULL, '2018-03-30 18:12:32', 0, 3, 3, '2018-06-19 03:14:09', '2018-06-19 03:14:35', NULL),
(658, 'Pc', '', 't-pancake@hotmail.com', NULL, '2018-03-30 18:12:32', 0, 1, 26, '2018-06-19 03:14:09', '2018-06-19 03:14:34', NULL),
(659, 'ดคน', '', 'kanbanya@hotmail.com', NULL, '2018-03-30 18:12:32', 0, 3, 21, '2018-06-19 03:14:09', '2018-06-19 03:14:35', NULL),
(660, 'Sukaya', '', 'wonderland.a24@gmail.com', NULL, '2018-03-30 18:12:32', 0, 6, 16, '2018-06-19 03:14:09', '2018-06-19 03:14:32', NULL),
(661, 'ทิพ', '', 'thipyapa4989@gmail.com', NULL, '2018-03-30 18:12:32', 0, 2, 11, '2018-06-19 03:14:09', '2018-06-19 03:14:37', NULL),
(662, 'บุส', '', 'boot1005@gmail.com', NULL, '2018-03-30 18:12:32', 0, 3, 25, '2018-06-19 03:14:09', '2018-06-19 03:14:34', NULL),
(663, 'Siri', '', 'siri-korn13@hotmail.com', NULL, '2018-03-30 18:12:32', 0, 2, 14, '2018-06-19 03:14:09', '2018-06-19 03:14:39', NULL),
(664, 'Nan', '', 'nannywayshop@gmail.com', NULL, '2018-03-30 18:12:32', 0, 2, 11, '2018-06-19 03:14:09', '2018-06-19 03:14:33', NULL),
(665, 'นาย', 'สิริพงศ์', 'teazer1991@hotmail.com', NULL, '2018-03-30 18:12:32', 0, 1, 7, '2018-06-19 03:14:09', '2018-06-19 03:14:30', NULL),
(666, 'POy', '', 'supansa9988@gmail.com', NULL, '2018-03-30 18:12:32', 0, 2, 19, '2018-06-19 03:14:09', '2018-06-19 03:14:34', NULL),
(667, 'ศศิวรรณ', '', 'dog-fern@hotmail.com', NULL, '2018-03-30 18:12:32', 0, 6, 24, '2018-06-19 03:14:09', '2018-06-19 03:14:30', NULL),
(668, 'ดวงกมล', '', 'tanapolgob@hotmail.com', NULL, '2018-03-30 18:12:32', 0, 1, 20, '2018-06-19 03:14:09', '2018-06-19 03:14:38', NULL),
(669, 'ศรัณย์', '', 'ruslan.chi@hotmail.com', NULL, '2018-03-30 18:12:32', 0, 3, 4, '2018-06-19 03:14:09', '2018-06-19 03:14:36', NULL),
(670, 'Popcr', '', 'pop_pzz@hotmail.com', NULL, '2018-03-30 18:12:32', 0, 6, 19, '2018-06-19 03:14:09', '2018-06-19 03:14:34', NULL),
(671, 'ณัฐชฎา', '', 'nut-nut.kik@hotmail.com', NULL, '2018-03-30 18:12:32', 0, 2, 12, '2018-06-19 03:14:09', '2018-06-19 03:14:29', NULL),
(672, 'มิรันตรี', '', 'mirantree705@gmail.com', NULL, '2018-03-30 18:12:32', 0, 3, 5, '2018-06-19 03:14:09', '2018-06-19 03:14:32', NULL),
(673, 'Jariya', '', 'Jariya2829@gmail.com', NULL, '2018-03-30 18:12:32', 0, 1, 19, '2018-06-19 03:14:09', '2018-06-19 03:14:34', NULL),
(674, 'Sasikarn', '', 'momay1812@gmail.com', NULL, '2018-03-30 18:12:32', 0, 6, 26, '2018-06-19 03:14:09', '2018-06-19 03:14:33', NULL),
(675, 'เตชิตา', '', 'teachita99@gmail.com', NULL, '2018-03-30 18:12:32', 0, 1, 10, '2018-06-19 03:14:09', '2018-06-19 03:14:39', NULL),
(676, 'Meena', '', 'meenakwang@gmail.com', NULL, '2018-03-30 18:12:32', 0, 1, 20, '2018-06-19 03:14:09', '2018-06-19 03:14:33', NULL),
(677, 'ดวงใจ', 'ดวงแก้ว', 'new_am_new@hotmail.co.th', NULL, '2018-03-30 18:12:32', 0, 2, 14, '2018-06-19 03:14:09', '2018-06-19 03:14:32', NULL),
(678, 'SAranya', '', 'saranya2535@hotmail.com', NULL, '2018-03-30 18:12:32', 0, 1, 5, '2018-06-19 03:14:09', '2018-06-19 03:14:09', NULL),
(679, 'ศิวนาฎ', '', 'maprang13640@hotmail.co.th', NULL, '2018-03-30 18:12:32', 0, 1, 2, '2018-06-19 03:14:09', '2018-06-19 03:14:36', NULL),
(680, 'Natthaphol', 'Uthumphirat', 'nattapoln02354@gmail.com', NULL, '2018-03-30 18:12:32', 0, 2, 20, '2018-06-19 03:14:09', '2018-06-19 03:14:29', NULL),
(681, 'ชยันต์', '', 'franksmd5@gmail.com', NULL, '2018-03-30 18:12:32', 0, 3, 13, '2018-06-19 03:14:09', '2018-06-19 03:14:30', NULL),
(682, 'Supassara', '', 'supassara.jan@gmail.com', NULL, '2018-03-30 18:12:32', 0, 6, 11, '2018-06-19 03:14:09', '2018-06-19 03:14:32', NULL),
(683, 'ปาล์มมี่', '', 'bamboo1523@gmail.com', NULL, '2018-03-30 18:12:32', 0, 1, 17, '2018-06-19 03:14:09', '2018-06-19 03:14:38', NULL),
(684, 'มนตรี', '', 'tochiro_bom@windowslive.com', NULL, '2018-03-30 18:12:32', 0, 2, 11, '2018-06-19 03:14:09', '2018-06-19 03:14:29', NULL),
(685, 'นิรดา', 'นารนาท', 'mayudaa@hotmail.com', NULL, '2018-03-30 18:12:32', 0, 2, 16, '2018-06-19 03:14:09', '2018-06-19 03:14:39', NULL),
(686, 'Nink', '', 'ningswn@hotmail.com', NULL, '2018-03-30 18:12:32', 0, 3, 17, '2018-06-19 03:14:09', '2018-06-19 03:14:29', NULL),
(687, 'ธนัชพร', '', 'ttongsem@gmeil.com', NULL, '2018-03-30 18:12:32', 0, 6, 5, '2018-06-19 03:14:09', '2018-06-19 03:14:32', NULL),
(688, 'กัลยกร', '', 'kanyakorn.office@gmail.com', NULL, '2018-03-30 18:12:32', 0, 6, 1, '2018-06-19 03:14:09', '2018-06-19 03:14:34', NULL),
(689, 'ภคกุล', 'วงษ์แก้ว', 'pakakuleing@gmail.com', NULL, '2018-03-30 18:12:32', 0, 3, 18, '2018-06-19 03:14:09', '2018-06-19 03:14:30', NULL),
(690, 'เบญญาภา', '', 'bell_rakung@hotmail.com', NULL, '2018-03-30 18:12:32', 0, 1, 19, '2018-06-19 03:14:09', '2018-06-19 03:14:36', NULL),
(691, 'Ploy', '', 'ploy@hotmail.com', NULL, '2018-03-30 18:12:32', 0, 2, 14, '2018-06-19 03:14:09', '2018-06-19 03:14:39', NULL),
(692, 'หยก', '', 'baiyok.baiyok79@gmail.com', NULL, '2018-03-30 18:12:32', 0, 2, 4, '2018-06-19 03:14:09', '2018-06-19 03:14:38', NULL),
(693, 'ปวีณา', '', 'jimmy_bline@hotmail.com', NULL, '2018-03-30 18:12:32', 0, 1, 20, '2018-06-19 03:14:09', '2018-06-19 03:14:31', NULL),
(694, 'P', '', 'kop@hotmail.com', NULL, '2018-03-30 18:12:32', 0, 1, 9, '2018-06-19 03:14:09', '2018-06-19 03:14:33', NULL),
(695, 'สุนันทา', '', 'sntatnan1234@gmail.com', NULL, '2018-03-30 18:12:32', 0, 1, 2, '2018-06-19 03:14:09', '2018-06-19 03:14:29', NULL),
(696, 'ภคนันท์', 'ริยะวงค์', 'htfkfkk122@gmail.com', NULL, '2018-03-30 18:12:32', 0, 2, 3, '2018-06-19 03:14:09', '2018-06-19 03:14:32', NULL),
(697, 'Uuu', '', 'jarensak156@gmail.com', NULL, '2018-03-30 18:12:32', 0, 6, 10, '2018-06-19 03:14:09', '2018-06-19 03:14:29', NULL),
(698, 'wantana', '', 'mintmartedi1@gmail.com', NULL, '2018-03-30 18:12:32', 0, 6, 7, '2018-06-19 03:14:09', '2018-06-19 03:14:36', NULL),
(699, 'ณัฐชา', '', 'eyezza2541@outlook.com', NULL, '2018-03-30 18:12:32', 0, 6, 1, '2018-06-19 03:14:09', '2018-06-19 03:14:30', NULL),
(700, 'Charm', '', 'cham_tm@hotmail.com', NULL, '2018-03-30 18:12:32', 0, 3, 23, '2018-06-19 03:14:09', '2018-06-19 03:14:33', NULL),
(701, 'ซารีนา', 'มูเก็ม', 'sareena608@gmail.com', NULL, '2018-03-30 18:12:32', 0, 6, 25, '2018-06-19 03:14:10', '2018-06-19 03:14:31', NULL),
(702, 'samart', '', 'samart.wiriya@gmail.com', NULL, '2018-03-30 18:12:32', 0, 1, 4, '2018-06-19 03:14:10', '2018-06-19 03:14:30', NULL),
(703, 'น้องกร', '', 'patakornyim@gmail.com', NULL, '2018-03-30 18:12:32', 0, 3, 16, '2018-06-19 03:14:10', '2018-06-19 03:14:36', NULL),
(704, 'เมย์', '', 'Banana.2540tan@gmail.com', NULL, '2018-03-30 18:12:32', 0, 1, 23, '2018-06-19 03:14:10', '2018-06-19 03:14:28', NULL),
(705, 'Chadarat', '', 'Chadarat1989@hotmail.com', NULL, '2018-03-30 18:12:32', 0, 3, 24, '2018-06-19 03:14:10', '2018-06-19 03:14:29', NULL),
(706, 'Patt', '', 'p_t@yahoo.com', NULL, '2018-03-30 18:12:32', 0, 2, 24, '2018-06-19 03:14:10', '2018-06-19 03:14:28', NULL),
(707, 'Bright', '', 'bright.kamonporn@gmail.com', NULL, '2018-03-30 18:12:32', 0, 3, 1, '2018-06-19 03:14:10', '2018-06-19 03:14:34', NULL),
(708, 'Wongwaran', '', 'p.kant_liverpool@hotmail.co.th', NULL, '2018-03-30 18:12:32', 0, 1, 10, '2018-06-19 03:14:10', '2018-06-19 03:14:30', NULL),
(709, 'ภานุวัฒน์', '', 'perfectgod@hotmail.co.th', NULL, '2018-03-30 18:12:32', 0, 1, 18, '2018-06-19 03:14:10', '2018-06-19 03:14:31', NULL),
(710, 'Kanyanat', '', 'phomjad@gmail.com', NULL, '2018-03-30 18:12:32', 0, 3, 9, '2018-06-19 03:14:10', '2018-06-19 03:14:33', NULL),
(711, 'สุ', 'ณีย์', 'wi_-fz@hotmail.com', NULL, '2018-03-30 18:12:32', 0, 2, 19, '2018-06-19 03:14:10', '2018-06-19 03:14:39', NULL),
(712, 'ภัคจิรา', '', 'cream.ice@hotmail.com', NULL, '2018-03-30 18:12:32', 0, 3, 13, '2018-06-19 03:14:10', '2018-06-19 03:14:29', NULL),
(713, 'บานา', 'ลียา', 'romikey_blackhole@hotmail.com', NULL, '2018-03-30 18:12:32', 0, 3, 13, '2018-06-19 03:14:10', '2018-06-19 03:14:31', NULL),
(714, 'วราภรณ์', 'จายไธสงค์', 'Chaithaisong1818@gmail.com', NULL, '2018-03-30 18:12:32', 0, 2, 5, '2018-06-19 03:14:10', '2018-06-19 03:14:35', NULL),
(715, 'ชญาณิน', 'ปะทิ', 'chayanin-38@outlook.co.th', NULL, '2018-03-30 18:12:32', 0, 3, 20, '2018-06-19 03:14:10', '2018-06-19 03:14:33', NULL),
(716, 'napat', '', 'wonder-nukkhun@hotmail.com', NULL, '2018-03-30 18:12:32', 0, 3, 5, '2018-06-19 03:14:10', '2018-06-19 03:14:30', NULL),
(717, 'วิรินภรณ์', '', 'raisin.grace1112@gmail.com', NULL, '2018-03-30 18:12:32', 0, 1, 7, '2018-06-19 03:14:10', '2018-06-19 03:14:30', NULL),
(718, 'เมษา', '', 'mangehuy_@hotmail.com', NULL, '2018-03-30 18:12:32', 0, 3, 9, '2018-06-19 03:14:10', '2018-06-19 03:14:31', NULL),
(719, 'กัมพล', '', 'kumphol.ph@gmail.com', NULL, '2018-03-30 18:12:32', 0, 3, 20, '2018-06-19 03:14:10', '2018-06-19 03:14:34', NULL),
(720, 'ชลธิชา', '', 'Chonticha38742@gmail.com', NULL, '2018-03-30 18:12:32', 0, 6, 1, '2018-06-19 03:14:10', '2018-06-19 03:14:37', NULL),
(721, 'เนตรนภา', '', 'sorry_lovelyblue@hotmail.com', NULL, '2018-03-30 18:12:32', 0, 2, 8, '2018-06-19 03:14:10', '2018-06-19 03:14:32', NULL);
INSERT INTO `contact` (`id`, `firstname`, `lastname`, `email`, `telephone`, `registration_date`, `is_owned`, `contact_source_id`, `channel_id`, `created_at`, `updated_at`, `deleted_at`) VALUES
(722, 'วรรณภา', '', 'japanzabra@gmail.com', NULL, '2018-03-30 18:12:32', 0, 1, 8, '2018-06-19 03:14:10', '2018-06-19 03:14:34', NULL),
(723, 'วรวรรณ', '', 'worawan591@gmail.com', NULL, '2018-03-30 18:12:32', 0, 6, 25, '2018-06-19 03:14:10', '2018-06-19 03:14:29', NULL),
(724, 'Aratee', '', 'lovekai35@hotmail.com', NULL, '2018-03-30 18:12:32', 0, 6, 11, '2018-06-19 03:14:10', '2018-06-19 03:14:35', NULL),
(725, 'tonkhao', '', 'catty.tktk@gmail.com', NULL, '2018-03-30 18:12:32', 0, 1, 4, '2018-06-19 03:14:10', '2018-06-19 03:14:38', NULL),
(726, 'กี้', '', 'nootjareepookky@gmail.com', NULL, '2018-03-30 18:12:32', 0, 2, 16, '2018-06-19 03:14:10', '2018-06-19 03:14:34', NULL),
(727, 'นายณัฐวุฒิ', 'พลอยศรี', 'Natthawutp.1989@gmail.com', NULL, '2018-03-30 18:12:32', 0, 6, 6, '2018-06-19 03:14:10', '2018-06-19 03:14:32', NULL),
(728, 'Panithi', 'Aiamsamang', 'panithi.aiam3@gmail.com', NULL, '2018-03-30 18:12:32', 0, 6, 25, '2018-06-19 03:14:10', '2018-06-19 03:14:32', NULL),
(729, 'จรัญ', 'สายแวว', 'jaran.ndd@gmail.com', NULL, '2018-03-30 18:12:32', 0, 6, 21, '2018-06-19 03:14:10', '2018-06-19 03:14:38', NULL),
(730, 'Kan', '', 'ruecha_gun@hotmail.com', NULL, '2018-03-30 18:12:32', 0, 2, 26, '2018-06-19 03:14:10', '2018-06-19 03:14:32', NULL),
(731, 'สุทิวัส', 'โพธิ์ประสาท', 'osaka_best@hotmail.com', NULL, '2018-03-30 18:12:32', 0, 6, 13, '2018-06-19 03:14:10', '2018-06-19 03:14:36', NULL),
(732, 'Saisawan', 'bunsomchit', 'saisawan.b@gmail.com', NULL, '2018-03-30 18:12:32', 0, 6, 6, '2018-06-19 03:14:10', '2018-06-19 03:14:38', NULL),
(733, 'มลิวัลย์', 'ไพบูลย์', 'maliwanpaiboon@gmail.com', NULL, '2018-03-30 18:12:32', 0, 6, 7, '2018-06-19 03:14:10', '2018-06-19 03:14:30', NULL),
(734, 'นิตยา', '', 'nuimuk.7@ail.com', NULL, '2018-03-30 18:12:32', 0, 6, 27, '2018-06-19 03:14:10', '2018-06-19 03:14:34', NULL),
(735, 'Utsana', '', 'ooy_utsana@hotmail.com', NULL, '2018-03-30 18:12:32', 0, 2, 1, '2018-06-19 03:14:10', '2018-06-19 03:14:31', NULL),
(736, 'พิมพ์ลภัส', 'ลายปักษี', 'kafe-21@hotmail.com', NULL, '2018-03-30 18:12:32', 0, 6, 21, '2018-06-19 03:14:10', '2018-06-19 03:14:37', NULL),
(737, 'Mitchai', 'pinnoi', 'mitchai.pinnoi@gmail.com', NULL, '2018-03-30 18:12:32', 0, 6, 1, '2018-06-19 03:14:10', '2018-06-19 03:14:33', NULL),
(738, 'Saankao', '', 'oomam_lovely@hotmail.com', NULL, '2018-03-30 18:12:32', 0, 6, 22, '2018-06-19 03:14:10', '2018-06-19 03:14:35', NULL),
(739, 'จารุณีย์', 'เสาเวียง', '570105020009@dpu.ac.th', NULL, '2018-03-30 18:12:32', 0, 6, 4, '2018-06-19 03:14:10', '2018-06-19 03:14:33', NULL),
(740, 'สำริด', '', 'sanidmwngwasdi@gmail.com', NULL, '2018-03-30 18:12:32', 0, 6, 21, '2018-06-19 03:14:10', '2018-06-19 03:14:29', NULL),
(741, 'suchada', 'mo5abun', 'wuchada0108@hotmail.com', NULL, '2018-03-30 18:12:32', 0, 3, 23, '2018-06-19 03:14:10', '2018-06-19 03:14:36', NULL),
(742, 'สุภานันท์', '', 'kaofang0987@gmail.com', NULL, '2018-03-30 18:12:32', 0, 2, 5, '2018-06-19 03:14:10', '2018-06-19 03:14:34', NULL),
(743, 'พัชราภรณ์', '', 'earnpinta000@gmail.com', NULL, '2018-03-30 18:12:32', 0, 6, 11, '2018-06-19 03:14:10', '2018-06-19 03:14:33', NULL),
(744, 'ยวิษฐา', '', 'wineyavitthars@gmail.com', NULL, '2018-03-30 18:12:32', 0, 3, 18, '2018-06-19 03:14:10', '2018-06-19 03:14:35', NULL),
(745, 'จิรวรรณ', '', 'mai.haadyaicity@gmail.com', NULL, '2018-03-30 18:12:32', 0, 1, 16, '2018-06-19 03:14:10', '2018-06-19 03:14:34', NULL),
(746, 'อำนวย', '', 'tanatorn_qq@hotmail.com', NULL, '2018-03-30 18:12:32', 0, 3, 22, '2018-06-19 03:14:10', '2018-06-19 03:14:36', NULL),
(747, 'ยายเต๊าะ', '', 'tohjira@hotmail.com', NULL, '2018-03-30 18:12:32', 0, 1, 22, '2018-06-19 03:14:10', '2018-06-19 03:14:31', NULL),
(748, 'น้อย', '', 'noynoy2219@gmil.com', NULL, '2018-03-30 18:12:32', 0, 3, 9, '2018-06-19 03:14:10', '2018-06-19 03:14:38', NULL),
(749, 'จุฑามาศ', '', 'auijuthamas@gmail.com', NULL, '2018-03-30 18:12:32', 0, 3, 18, '2018-06-19 03:14:10', '2018-06-19 03:14:37', NULL),
(750, 'รัชนี', 'รักษ์ศรีทอง', 'rat-rak@hotmail.com', NULL, '2018-03-30 18:12:32', 0, 3, 20, '2018-06-19 03:14:10', '2018-06-19 03:14:38', NULL),
(751, 'อรกมล', 'แซ่เลียว', 'oocreamoo24@hotmail.com', NULL, '2018-03-30 18:12:32', 0, 3, 19, '2018-06-19 03:14:10', '2018-06-19 03:14:34', NULL),
(752, 'บริหาร', '', 'jengcrub@hotmail.com', NULL, '2018-03-30 18:12:32', 0, 1, 3, '2018-06-19 03:14:10', '2018-06-19 03:14:35', NULL),
(753, 'phet', '', 'kim_mymelody@hotmail.com', NULL, '2018-03-30 18:12:32', 0, 1, 22, '2018-06-19 03:14:10', '2018-06-19 03:14:38', NULL),
(754, 'วิลา', 'สิ้นยาน', 'mook_mk_2009@hotmail.com', NULL, '2018-03-30 18:12:32', 0, 6, 23, '2018-06-19 03:14:10', '2018-06-19 03:14:39', NULL),
(755, 'โอมศิลา', '', 'Aomsila_555@hotmail.com', NULL, '2018-03-30 18:12:32', 0, 2, 15, '2018-06-19 03:14:10', '2018-06-19 03:14:33', NULL),
(756, 'วรรณา', '', 'wa_nap@hotmail.com', NULL, '2018-03-30 18:12:32', 0, 2, 2, '2018-06-19 03:14:10', '2018-06-19 03:14:37', NULL),
(757, 'ศุกภกร', '', 'nana-air@hotmail.com', NULL, '2018-03-30 18:12:32', 0, 2, 24, '2018-06-19 03:14:10', '2018-06-19 03:14:35', NULL),
(758, 'นางสาวอาภรณ์', '', 'aewdonkhoi.07062540@gmail.com', NULL, '2018-03-30 18:12:32', 0, 2, 21, '2018-06-19 03:14:10', '2018-06-19 03:14:29', NULL),
(759, 'นินูรูลนันท์', 'เสมอภพ', 'ni_nann@hotmail.co.th', NULL, '2018-03-30 18:12:32', 0, 1, 8, '2018-06-19 03:14:10', '2018-06-19 03:14:10', NULL),
(760, 'อมรลดา', '', 'toeyboywy2530@gmail.com', NULL, '2018-03-30 18:12:32', 0, 1, 13, '2018-06-19 03:14:10', '2018-06-19 03:14:33', NULL),
(761, 'พิมพ์', '', 'pimsaimailovemom@gmail.com', NULL, '2018-03-30 18:12:32', 0, 6, 22, '2018-06-19 03:14:10', '2018-06-19 03:14:31', NULL),
(762, 'Ploy', '', 'pailin.ploy011@gmail.com', NULL, '2018-03-30 18:12:32', 0, 6, 1, '2018-06-19 03:14:10', '2018-06-19 03:14:36', NULL),
(763, 'ทัศณี', '', 'tassanee123noi@gmail.com', NULL, '2018-03-30 18:12:32', 0, 1, 15, '2018-06-19 03:14:10', '2018-06-19 03:14:34', NULL),
(764, 'วรรณภา', '', 'rumjaiwannapa@gmail.com', NULL, '2018-03-30 18:12:32', 0, 6, 19, '2018-06-19 03:14:10', '2018-06-19 03:14:34', NULL),
(765, 'พัชรพร', 'คันยานุสิทธิ์', 'mimeat2931@gmail.com', NULL, '2018-03-30 18:12:32', 0, 6, 19, '2018-06-19 03:14:10', '2018-06-19 03:14:36', NULL),
(766, 'Pornpawee', '', 'ph.pornpawee@gmail.com', NULL, '2018-03-30 18:12:32', 0, 1, 20, '2018-06-19 03:14:10', '2018-06-19 03:14:35', NULL),
(767, 'Sirakrit', '', 'sirakrit@hotmail.com', NULL, '2018-03-30 18:12:32', 0, 2, 26, '2018-06-19 03:14:10', '2018-06-19 03:14:39', NULL),
(768, 'อั๋น', '', 'undaloveyou@hotmail.com', NULL, '2018-03-30 18:12:32', 0, 2, 9, '2018-06-19 03:14:10', '2018-06-19 03:14:34', NULL),
(769, 'กวิตา', '', 'lamin.kawita@gmail.com', NULL, '2018-03-30 18:12:32', 0, 6, 4, '2018-06-19 03:14:10', '2018-06-19 03:14:35', NULL),
(770, 'สุชาครีย์', 'ประกอบเพียร', 'suchakeee@gmail.com', NULL, '2018-03-30 18:12:32', 0, 3, 23, '2018-06-19 03:14:10', '2018-06-19 03:14:37', NULL),
(771, 'dada', '', 'phatsada2011@gmail.com', NULL, '2018-03-30 18:12:32', 0, 6, 7, '2018-06-19 03:14:10', '2018-06-19 03:14:29', NULL),
(772, 'ภัคจิรา', '', 'pakjira.3711@gmail.com', NULL, '2018-03-30 18:12:32', 0, 2, 7, '2018-06-19 03:14:10', '2018-06-19 03:14:33', NULL),
(773, 'ราตรี', '', 'hxjfjhfjdjbxh@gmail.com', NULL, '2018-03-30 18:12:32', 0, 2, 12, '2018-06-19 03:14:10', '2018-06-19 03:14:30', NULL),
(774, 'Auamduan', '', 'auamduan2012@hotmail.com', NULL, '2018-03-30 18:12:32', 0, 6, 25, '2018-06-19 03:14:10', '2018-06-19 03:14:30', NULL),
(775, 'Natthawimon', 'seesuk', 'honghongmommom1993@gmail.com', NULL, '2018-03-30 18:12:32', 0, 2, 2, '2018-06-19 03:14:10', '2018-06-19 03:14:29', NULL),
(776, 'Natthapol', '', 'nutpol.san@gmail.com', NULL, '2018-03-30 18:12:32', 0, 6, 24, '2018-06-19 03:14:10', '2018-06-19 03:14:34', NULL),
(777, 'เมธพล', 'สวนวงษ์', 'bus55210@gmail.com', NULL, '2018-03-30 18:12:32', 0, 2, 11, '2018-06-19 03:14:10', '2018-06-19 03:14:39', NULL),
(778, 'Nisakorn', '', 'passornnama@yahoo.com', NULL, '2018-03-30 18:12:32', 0, 6, 13, '2018-06-19 03:14:10', '2018-06-19 03:14:36', NULL),
(779, 'ณฐรัช', 'กิตติสุนทรากุล', 'newzisogood@gmail.com', NULL, '2018-03-30 18:12:32', 0, 2, 18, '2018-06-19 03:14:10', '2018-06-19 03:14:30', NULL),
(780, 'นิ้ง', '', 'ningnong26@gmail.com', NULL, '2018-03-30 18:12:32', 0, 6, 13, '2018-06-19 03:14:10', '2018-06-19 03:14:36', NULL),
(781, 'สุนิสา', '', 'wongpilansunisa9957@gmail.com', NULL, '2018-03-30 18:12:32', 0, 3, 13, '2018-06-19 03:14:10', '2018-06-19 03:14:38', NULL),
(782, 'มาลัย', '', 'mama_6559@hotmail.com', NULL, '2018-03-30 18:12:32', 0, 1, 24, '2018-06-19 03:14:10', '2018-06-19 03:14:37', NULL),
(783, 'เชน', '', 'you_and_me121@hotmail.com', NULL, '2018-03-30 18:12:32', 0, 6, 20, '2018-06-19 03:14:10', '2018-06-19 03:14:35', NULL),
(784, 'Sai', '', 'sai_1166@hotmail.com', NULL, '2018-03-30 18:12:32', 0, 6, 18, '2018-06-19 03:14:10', '2018-06-19 03:14:34', NULL);

-- --------------------------------------------------------

--
-- Table structure for table `contact_course`
--

CREATE TABLE `contact_course` (
  `id` int(11) NOT NULL,
  `contact_id` int(11) NOT NULL,
  `user_id` int(11) NOT NULL,
  `course_id` int(11) NOT NULL,
  `is_half_paid` int(1) NOT NULL DEFAULT 0,
  `is_paid` tinyint(1) NOT NULL DEFAULT 0,
  `course_price` int(11) NOT NULL,
  `level_id` int(11) NOT NULL,
  `created_at` datetime DEFAULT NULL,
  `updated_at` datetime DEFAULT NULL,
  `deleted_at` datetime DEFAULT NULL
) ENGINE=InnoDB DEFAULT CHARSET=utf8;

--
-- Dumping data for table `contact_course`
--

INSERT INTO `contact_course` (`id`, `contact_id`, `user_id`, `course_id`, `is_half_paid`, `is_paid`, `course_price`, `level_id`, `created_at`, `updated_at`, `deleted_at`) VALUES
(1, 647, 25, 2, 0, 1, 20000, 6, '2018-06-19 03:14:28', '2018-06-19 03:14:28', NULL),
(2, 364, 28, 1, 0, 1, 10000, 6, '2018-06-19 03:14:29', '2018-06-19 03:14:29', NULL),
(3, 671, 30, 2, 0, 0, 20000, 6, '2018-06-19 03:14:29', '2018-06-19 03:14:29', NULL),
(4, 686, 23, 2, 1, 0, 20000, 6, '2018-06-19 03:14:29', '2018-06-19 03:14:29', NULL),
(5, 312, 30, 1, 0, 0, 10000, 6, '2018-06-19 03:14:29', '2018-06-19 03:14:29', NULL),
(6, 38, 30, 1, 1, 0, 10000, 6, '2018-06-19 03:14:29', '2018-06-19 03:14:29', NULL),
(7, 19, 1, 2, 0, 0, 20000, 6, '2018-06-19 03:14:29', '2018-06-19 03:14:29', NULL),
(8, 575, 31, 2, 0, 1, 20000, 6, '2018-06-19 03:14:29', '2018-06-19 03:14:29', NULL),
(9, 442, 27, 2, 0, 0, 20000, 6, '2018-06-19 03:14:29', '2018-06-19 03:14:29', NULL),
(10, 401, 30, 2, 1, 0, 20000, 6, '2018-06-19 03:14:29', '2018-06-19 03:14:29', NULL),
(11, 347, 30, 2, 1, 0, 20000, 6, '2018-06-19 03:14:29', '2018-06-19 03:14:29', NULL),
(12, 511, 22, 1, 0, 0, 10000, 6, '2018-06-19 03:14:29', '2018-06-19 03:14:29', NULL),
(13, 103, 24, 2, 0, 0, 20000, 6, '2018-06-19 03:14:29', '2018-06-19 03:14:29', NULL),
(14, 229, 26, 2, 0, 1, 20000, 6, '2018-06-19 03:14:29', '2018-06-19 03:14:29', NULL),
(15, 566, 1, 2, 0, 0, 20000, 6, '2018-06-19 03:14:29', '2018-06-19 03:14:29', NULL),
(16, 220, 31, 1, 0, 0, 10000, 6, '2018-06-19 03:14:29', '2018-06-19 03:14:29', NULL),
(17, 81, 25, 2, 0, 0, 20000, 6, '2018-06-19 03:14:29', '2018-06-19 03:14:29', NULL),
(18, 289, 26, 2, 0, 0, 20000, 6, '2018-06-19 03:14:29', '2018-06-19 03:14:29', NULL),
(19, 287, 29, 2, 0, 0, 20000, 6, '2018-06-19 03:14:29', '2018-06-19 03:14:29', NULL),
(20, 402, 27, 2, 0, 1, 20000, 6, '2018-06-19 03:14:29', '2018-06-19 03:14:29', NULL),
(21, 758, 22, 1, 0, 1, 10000, 6, '2018-06-19 03:14:29', '2018-06-19 03:14:29', NULL),
(22, 539, 22, 2, 1, 0, 20000, 6, '2018-06-19 03:14:29', '2018-06-19 03:14:29', NULL),
(23, 684, 1, 1, 0, 0, 10000, 6, '2018-06-19 03:14:29', '2018-06-19 03:14:29', NULL),
(24, 53, 30, 1, 1, 0, 10000, 6, '2018-06-19 03:14:29', '2018-06-19 03:14:29', NULL),
(25, 335, 29, 1, 0, 0, 10000, 6, '2018-06-19 03:14:29', '2018-06-19 03:14:29', NULL),
(26, 396, 29, 2, 1, 0, 20000, 6, '2018-06-19 03:14:29', '2018-06-19 03:14:29', NULL),
(27, 343, 24, 2, 0, 0, 20000, 6, '2018-06-19 03:14:29', '2018-06-19 03:14:29', NULL),
(28, 649, 29, 2, 1, 0, 20000, 6, '2018-06-19 03:14:29', '2018-06-19 03:14:29', NULL),
(29, 346, 29, 1, 1, 0, 10000, 6, '2018-06-19 03:14:29', '2018-06-19 03:14:29', NULL),
(30, 708, 26, 1, 0, 0, 10000, 6, '2018-06-19 03:14:30', '2018-06-19 03:14:30', NULL),
(31, 656, 29, 2, 0, 1, 20000, 6, '2018-06-19 03:14:30', '2018-06-19 03:14:30', NULL),
(32, 74, 1, 1, 1, 0, 10000, 6, '2018-06-19 03:14:30', '2018-06-19 03:14:30', NULL),
(33, 607, 26, 2, 0, 0, 20000, 6, '2018-06-19 03:14:30', '2018-06-19 03:14:30', NULL),
(34, 236, 26, 2, 0, 1, 20000, 6, '2018-06-19 03:14:30', '2018-06-19 03:14:30', NULL),
(35, 134, 24, 1, 0, 0, 10000, 6, '2018-06-19 03:14:30', '2018-06-19 03:14:30', NULL),
(36, 618, 1, 2, 0, 1, 20000, 6, '2018-06-19 03:14:30', '2018-06-19 03:14:30', NULL),
(37, 434, 22, 2, 1, 0, 20000, 6, '2018-06-19 03:14:30', '2018-06-19 03:14:30', NULL),
(38, 253, 30, 2, 0, 0, 20000, 6, '2018-06-19 03:14:30', '2018-06-19 03:14:30', NULL),
(39, 445, 23, 2, 0, 0, 20000, 6, '2018-06-19 03:14:30', '2018-06-19 03:14:30', NULL),
(40, 605, 22, 1, 0, 1, 10000, 6, '2018-06-19 03:14:30', '2018-06-19 03:14:30', NULL),
(41, 87, 23, 2, 0, 1, 20000, 6, '2018-06-19 03:14:30', '2018-06-19 03:14:30', NULL),
(42, 779, 29, 1, 0, 0, 10000, 6, '2018-06-19 03:14:30', '2018-06-19 03:14:30', NULL),
(43, 612, 28, 1, 0, 0, 10000, 6, '2018-06-19 03:14:30', '2018-06-19 03:14:30', NULL),
(44, 372, 26, 1, 1, 0, 10000, 6, '2018-06-19 03:14:30', '2018-06-19 03:14:30', NULL),
(45, 224, 30, 1, 0, 0, 10000, 6, '2018-06-19 03:14:30', '2018-06-19 03:14:30', NULL),
(46, 132, 30, 1, 1, 0, 10000, 6, '2018-06-19 03:14:30', '2018-06-19 03:14:30', NULL),
(47, 242, 23, 2, 0, 0, 20000, 6, '2018-06-19 03:14:30', '2018-06-19 03:14:30', NULL),
(48, 614, 25, 1, 1, 0, 10000, 6, '2018-06-19 03:14:30', '2018-06-19 03:14:30', NULL),
(49, 277, 27, 1, 0, 1, 10000, 6, '2018-06-19 03:14:30', '2018-06-19 03:14:30', NULL),
(50, 306, 30, 2, 0, 1, 20000, 6, '2018-06-19 03:14:30', '2018-06-19 03:14:30', NULL),
(51, 200, 24, 2, 0, 1, 20000, 6, '2018-06-19 03:14:30', '2018-06-19 03:14:30', NULL),
(52, 334, 24, 1, 1, 0, 10000, 6, '2018-06-19 03:14:30', '2018-06-19 03:14:30', NULL),
(53, 301, 24, 2, 0, 0, 20000, 6, '2018-06-19 03:14:30', '2018-06-19 03:14:30', NULL),
(54, 377, 29, 2, 1, 0, 20000, 6, '2018-06-19 03:14:30', '2018-06-19 03:14:30', NULL),
(55, 500, 24, 1, 0, 1, 10000, 6, '2018-06-19 03:14:30', '2018-06-19 03:14:30', NULL),
(56, 603, 29, 2, 1, 0, 20000, 6, '2018-06-19 03:14:31', '2018-06-19 03:14:31', NULL),
(57, 146, 24, 2, 1, 0, 20000, 6, '2018-06-19 03:14:31', '2018-06-19 03:14:31', NULL),
(58, 373, 28, 2, 1, 0, 20000, 6, '2018-06-19 03:14:31', '2018-06-19 03:14:31', NULL),
(59, 701, 29, 2, 0, 1, 20000, 6, '2018-06-19 03:14:31', '2018-06-19 03:14:31', NULL),
(60, 617, 27, 1, 1, 0, 10000, 6, '2018-06-19 03:14:31', '2018-06-19 03:14:31', NULL),
(61, 601, 24, 1, 0, 0, 10000, 6, '2018-06-19 03:14:31', '2018-06-19 03:14:31', NULL),
(62, 474, 31, 1, 0, 1, 10000, 6, '2018-06-19 03:14:31', '2018-06-19 03:14:31', NULL),
(63, 747, 25, 2, 0, 1, 20000, 6, '2018-06-19 03:14:31', '2018-06-19 03:14:31', NULL),
(64, 718, 1, 2, 1, 0, 20000, 6, '2018-06-19 03:14:31', '2018-06-19 03:14:31', NULL),
(65, 648, 31, 1, 0, 1, 10000, 6, '2018-06-19 03:14:31', '2018-06-19 03:14:31', NULL),
(66, 761, 24, 1, 0, 0, 10000, 6, '2018-06-19 03:14:31', '2018-06-19 03:14:31', NULL),
(67, 506, 29, 1, 1, 0, 10000, 6, '2018-06-19 03:14:31', '2018-06-19 03:14:31', NULL),
(68, 171, 30, 1, 1, 0, 10000, 6, '2018-06-19 03:14:31', '2018-06-19 03:14:31', NULL),
(69, 173, 22, 2, 0, 0, 20000, 6, '2018-06-19 03:14:31', '2018-06-19 03:14:31', NULL),
(70, 223, 31, 1, 0, 1, 10000, 6, '2018-06-19 03:14:31', '2018-06-19 03:14:31', NULL),
(71, 183, 22, 1, 1, 0, 10000, 6, '2018-06-19 03:14:31', '2018-06-19 03:14:31', NULL),
(72, 310, 1, 1, 0, 1, 10000, 6, '2018-06-19 03:14:31', '2018-06-19 03:14:31', NULL),
(73, 23, 31, 2, 1, 0, 20000, 6, '2018-06-19 03:14:31', '2018-06-19 03:14:31', NULL),
(74, 298, 28, 2, 0, 0, 20000, 6, '2018-06-19 03:14:31', '2018-06-19 03:14:31', NULL),
(75, 68, 30, 2, 0, 0, 20000, 6, '2018-06-19 03:14:31', '2018-06-19 03:14:31', NULL),
(76, 128, 28, 1, 1, 0, 10000, 6, '2018-06-19 03:14:31', '2018-06-19 03:14:31', NULL),
(77, 709, 22, 1, 1, 0, 10000, 6, '2018-06-19 03:14:31', '2018-06-19 03:14:31', NULL),
(78, 594, 30, 2, 1, 0, 20000, 6, '2018-06-19 03:14:31', '2018-06-19 03:14:31', NULL),
(79, 693, 28, 2, 1, 0, 20000, 6, '2018-06-19 03:14:31', '2018-06-19 03:14:31', NULL),
(80, 314, 23, 2, 0, 1, 20000, 6, '2018-06-19 03:14:31', '2018-06-19 03:14:31', NULL),
(81, 13, 26, 1, 0, 1, 10000, 6, '2018-06-19 03:14:31', '2018-06-19 03:14:31', NULL),
(82, 250, 31, 2, 1, 0, 20000, 6, '2018-06-19 03:14:31', '2018-06-19 03:14:31', NULL),
(83, 371, 29, 1, 0, 0, 10000, 6, '2018-06-19 03:14:32', '2018-06-19 03:14:32', NULL),
(84, 616, 25, 2, 0, 1, 20000, 6, '2018-06-19 03:14:32', '2018-06-19 03:14:32', NULL),
(85, 246, 25, 2, 1, 0, 20000, 6, '2018-06-19 03:14:32', '2018-06-19 03:14:32', NULL),
(86, 259, 28, 2, 0, 1, 20000, 6, '2018-06-19 03:14:32', '2018-06-19 03:14:32', NULL),
(87, 179, 29, 1, 1, 0, 10000, 6, '2018-06-19 03:14:32', '2018-06-19 03:14:32', NULL),
(88, 251, 25, 2, 1, 0, 20000, 6, '2018-06-19 03:14:32', '2018-06-19 03:14:32', NULL),
(89, 90, 25, 2, 0, 0, 20000, 6, '2018-06-19 03:14:32', '2018-06-19 03:14:32', NULL),
(90, 141, 23, 2, 1, 0, 20000, 6, '2018-06-19 03:14:32', '2018-06-19 03:14:32', NULL),
(91, 255, 30, 1, 0, 0, 10000, 6, '2018-06-19 03:14:32', '2018-06-19 03:14:32', NULL),
(92, 275, 27, 2, 0, 1, 20000, 6, '2018-06-19 03:14:32', '2018-06-19 03:14:32', NULL),
(93, 64, 22, 1, 0, 0, 10000, 6, '2018-06-19 03:14:32', '2018-06-19 03:14:32', NULL),
(94, 428, 22, 2, 0, 0, 20000, 6, '2018-06-19 03:14:32', '2018-06-19 03:14:32', NULL),
(95, 467, 1, 2, 0, 1, 20000, 6, '2018-06-19 03:14:32', '2018-06-19 03:14:32', NULL),
(96, 381, 26, 2, 0, 1, 20000, 6, '2018-06-19 03:14:32', '2018-06-19 03:14:32', NULL),
(97, 577, 30, 1, 0, 0, 10000, 6, '2018-06-19 03:14:32', '2018-06-19 03:14:32', NULL),
(98, 358, 23, 2, 0, 1, 20000, 6, '2018-06-19 03:14:32', '2018-06-19 03:14:32', NULL),
(99, 352, 22, 2, 0, 1, 20000, 6, '2018-06-19 03:14:32', '2018-06-19 03:14:32', NULL),
(100, 727, 26, 1, 1, 0, 10000, 6, '2018-06-19 03:14:32', '2018-06-19 03:14:32', NULL),
(101, 592, 30, 1, 0, 1, 10000, 6, '2018-06-19 03:14:32', '2018-06-19 03:14:32', NULL),
(102, 329, 27, 2, 1, 0, 20000, 6, '2018-06-19 03:14:32', '2018-06-19 03:14:32', NULL),
(103, 541, 1, 1, 1, 0, 10000, 6, '2018-06-19 03:14:32', '2018-06-19 03:14:32', NULL),
(104, 413, 26, 1, 0, 0, 10000, 6, '2018-06-19 03:14:32', '2018-06-19 03:14:32', NULL),
(105, 687, 30, 1, 0, 0, 10000, 6, '2018-06-19 03:14:32', '2018-06-19 03:14:32', NULL),
(106, 238, 23, 2, 0, 0, 20000, 6, '2018-06-19 03:14:32', '2018-06-19 03:14:32', NULL),
(107, 721, 24, 1, 1, 0, 10000, 6, '2018-06-19 03:14:32', '2018-06-19 03:14:32', NULL),
(108, 4, 24, 2, 0, 0, 20000, 6, '2018-06-19 03:14:32', '2018-06-19 03:14:32', NULL),
(109, 553, 1, 2, 0, 1, 20000, 6, '2018-06-19 03:14:32', '2018-06-19 03:14:32', NULL),
(110, 696, 29, 1, 1, 0, 10000, 6, '2018-06-19 03:14:32', '2018-06-19 03:14:32', NULL),
(111, 542, 24, 1, 1, 0, 10000, 6, '2018-06-19 03:14:32', '2018-06-19 03:14:32', NULL),
(112, 324, 29, 2, 0, 1, 20000, 6, '2018-06-19 03:14:32', '2018-06-19 03:14:32', NULL),
(113, 672, 29, 1, 1, 0, 10000, 6, '2018-06-19 03:14:32', '2018-06-19 03:14:32', NULL),
(114, 635, 25, 1, 0, 0, 10000, 6, '2018-06-19 03:14:32', '2018-06-19 03:14:32', NULL),
(115, 131, 23, 1, 0, 1, 10000, 6, '2018-06-19 03:14:33', '2018-06-19 03:14:33', NULL),
(116, 463, 27, 1, 1, 0, 10000, 6, '2018-06-19 03:14:33', '2018-06-19 03:14:33', NULL),
(117, 407, 28, 2, 0, 1, 20000, 6, '2018-06-19 03:14:33', '2018-06-19 03:14:33', NULL),
(118, 208, 29, 2, 0, 0, 20000, 6, '2018-06-19 03:14:33', '2018-06-19 03:14:33', NULL),
(119, 715, 31, 2, 0, 0, 20000, 6, '2018-06-19 03:14:33', '2018-06-19 03:14:33', NULL),
(120, 121, 25, 1, 0, 0, 10000, 6, '2018-06-19 03:14:33', '2018-06-19 03:14:33', NULL),
(121, 291, 24, 1, 0, 0, 10000, 6, '2018-06-19 03:14:33', '2018-06-19 03:14:33', NULL),
(122, 286, 24, 2, 0, 0, 20000, 6, '2018-06-19 03:14:33', '2018-06-19 03:14:33', NULL),
(123, 420, 1, 2, 0, 0, 20000, 6, '2018-06-19 03:14:33', '2018-06-19 03:14:33', NULL),
(124, 390, 28, 1, 0, 0, 10000, 6, '2018-06-19 03:14:33', '2018-06-19 03:14:33', NULL),
(125, 450, 26, 2, 0, 0, 20000, 6, '2018-06-19 03:14:33', '2018-06-19 03:14:33', NULL),
(126, 130, 31, 2, 0, 1, 20000, 6, '2018-06-19 03:14:33', '2018-06-19 03:14:33', NULL),
(127, 327, 26, 2, 1, 0, 20000, 6, '2018-06-19 03:14:33', '2018-06-19 03:14:33', NULL),
(128, 561, 29, 1, 0, 0, 10000, 6, '2018-06-19 03:14:33', '2018-06-19 03:14:33', NULL),
(129, 527, 24, 1, 0, 1, 10000, 6, '2018-06-19 03:14:33', '2018-06-19 03:14:33', NULL),
(130, 664, 22, 1, 0, 1, 10000, 6, '2018-06-19 03:14:33', '2018-06-19 03:14:33', NULL),
(131, 199, 29, 2, 1, 0, 20000, 6, '2018-06-19 03:14:33', '2018-06-19 03:14:33', NULL),
(132, 34, 22, 1, 0, 1, 10000, 6, '2018-06-19 03:14:33', '2018-06-19 03:14:33', NULL),
(133, 532, 23, 2, 0, 1, 20000, 6, '2018-06-19 03:14:33', '2018-06-19 03:14:33', NULL),
(134, 133, 30, 1, 0, 1, 10000, 6, '2018-06-19 03:14:33', '2018-06-19 03:14:33', NULL),
(135, 397, 25, 1, 1, 0, 10000, 6, '2018-06-19 03:14:33', '2018-06-19 03:14:33', NULL),
(136, 583, 25, 1, 0, 1, 10000, 6, '2018-06-19 03:14:33', '2018-06-19 03:14:33', NULL),
(137, 760, 28, 1, 0, 1, 10000, 6, '2018-06-19 03:14:33', '2018-06-19 03:14:33', NULL),
(138, 258, 24, 2, 1, 0, 20000, 6, '2018-06-19 03:14:33', '2018-06-19 03:14:33', NULL),
(139, 522, 22, 2, 0, 0, 20000, 6, '2018-06-19 03:14:33', '2018-06-19 03:14:33', NULL),
(140, 487, 30, 1, 0, 0, 10000, 6, '2018-06-19 03:14:33', '2018-06-19 03:14:33', NULL),
(141, 556, 1, 1, 0, 0, 10000, 6, '2018-06-19 03:14:33', '2018-06-19 03:14:33', NULL),
(142, 453, 23, 1, 1, 0, 10000, 6, '2018-06-19 03:14:34', '2018-06-19 03:14:34', NULL),
(143, 370, 29, 1, 0, 0, 10000, 6, '2018-06-19 03:14:34', '2018-06-19 03:14:34', NULL),
(144, 11, 30, 2, 1, 0, 20000, 6, '2018-06-19 03:14:34', '2018-06-19 03:14:34', NULL),
(145, 745, 27, 1, 0, 0, 10000, 6, '2018-06-19 03:14:34', '2018-06-19 03:14:34', NULL),
(146, 673, 25, 2, 1, 0, 20000, 6, '2018-06-19 03:14:34', '2018-06-19 03:14:34', NULL),
(147, 751, 25, 1, 1, 0, 10000, 6, '2018-06-19 03:14:34', '2018-06-19 03:14:34', NULL),
(148, 239, 22, 2, 0, 1, 20000, 6, '2018-06-19 03:14:34', '2018-06-19 03:14:34', NULL),
(149, 722, 28, 1, 0, 0, 10000, 6, '2018-06-19 03:14:34', '2018-06-19 03:14:34', NULL),
(150, 645, 22, 2, 0, 0, 20000, 6, '2018-06-19 03:14:34', '2018-06-19 03:14:34', NULL),
(151, 598, 30, 2, 0, 1, 20000, 6, '2018-06-19 03:14:34', '2018-06-19 03:14:34', NULL),
(152, 653, 22, 2, 0, 1, 20000, 6, '2018-06-19 03:14:34', '2018-06-19 03:14:34', NULL),
(153, 707, 24, 1, 0, 0, 10000, 6, '2018-06-19 03:14:34', '2018-06-19 03:14:34', NULL),
(154, 144, 1, 2, 0, 0, 20000, 6, '2018-06-19 03:14:34', '2018-06-19 03:14:34', NULL),
(155, 185, 22, 1, 0, 1, 10000, 6, '2018-06-19 03:14:34', '2018-06-19 03:14:34', NULL),
(156, 564, 26, 2, 0, 0, 20000, 6, '2018-06-19 03:14:34', '2018-06-19 03:14:34', NULL),
(157, 526, 25, 1, 0, 0, 10000, 6, '2018-06-19 03:14:34', '2018-06-19 03:14:34', NULL),
(158, 97, 27, 1, 1, 0, 10000, 6, '2018-06-19 03:14:34', '2018-06-19 03:14:34', NULL),
(159, 150, 23, 2, 0, 1, 20000, 6, '2018-06-19 03:14:34', '2018-06-19 03:14:34', NULL),
(160, 498, 30, 2, 0, 1, 20000, 6, '2018-06-19 03:14:34', '2018-06-19 03:14:34', NULL),
(161, 95, 28, 1, 0, 1, 10000, 6, '2018-06-19 03:14:34', '2018-06-19 03:14:34', NULL),
(162, 433, 29, 1, 0, 0, 10000, 6, '2018-06-19 03:14:34', '2018-06-19 03:14:34', NULL),
(163, 528, 25, 1, 0, 1, 10000, 6, '2018-06-19 03:14:34', '2018-06-19 03:14:34', NULL),
(164, 21, 1, 2, 1, 0, 20000, 6, '2018-06-19 03:14:34', '2018-06-19 03:14:34', NULL),
(165, 300, 22, 2, 0, 0, 20000, 6, '2018-06-19 03:14:34', '2018-06-19 03:14:34', NULL),
(166, 336, 29, 2, 1, 0, 20000, 6, '2018-06-19 03:14:34', '2018-06-19 03:14:34', NULL),
(167, 231, 22, 2, 0, 0, 20000, 6, '2018-06-19 03:14:34', '2018-06-19 03:14:34', NULL),
(168, 670, 24, 1, 1, 0, 10000, 6, '2018-06-19 03:14:34', '2018-06-19 03:14:34', NULL),
(169, 784, 29, 1, 0, 1, 10000, 6, '2018-06-19 03:14:34', '2018-06-19 03:14:34', NULL),
(170, 245, 25, 1, 1, 0, 10000, 6, '2018-06-19 03:14:34', '2018-06-19 03:14:34', NULL),
(171, 520, 25, 2, 0, 0, 20000, 6, '2018-06-19 03:14:34', '2018-06-19 03:14:34', NULL),
(172, 307, 31, 2, 0, 0, 20000, 6, '2018-06-19 03:14:35', '2018-06-19 03:14:35', NULL),
(173, 272, 23, 1, 0, 1, 10000, 6, '2018-06-19 03:14:35', '2018-06-19 03:14:35', NULL),
(174, 41, 31, 2, 1, 0, 20000, 6, '2018-06-19 03:14:35', '2018-06-19 03:14:35', NULL),
(175, 58, 28, 1, 0, 0, 10000, 6, '2018-06-19 03:14:35', '2018-06-19 03:14:35', NULL),
(176, 83, 1, 2, 1, 0, 20000, 6, '2018-06-19 03:14:35', '2018-06-19 03:14:35', NULL),
(177, 46, 24, 1, 1, 0, 10000, 6, '2018-06-19 03:14:35', '2018-06-19 03:14:35', NULL),
(178, 136, 22, 1, 0, 0, 10000, 6, '2018-06-19 03:14:35', '2018-06-19 03:14:35', NULL),
(179, 554, 23, 2, 0, 0, 20000, 6, '2018-06-19 03:14:35', '2018-06-19 03:14:35', NULL),
(180, 149, 24, 2, 1, 0, 20000, 6, '2018-06-19 03:14:35', '2018-06-19 03:14:35', NULL),
(181, 119, 25, 1, 1, 0, 10000, 6, '2018-06-19 03:14:35', '2018-06-19 03:14:35', NULL),
(182, 218, 31, 2, 0, 0, 20000, 6, '2018-06-19 03:14:35', '2018-06-19 03:14:35', NULL),
(183, 342, 25, 2, 0, 1, 20000, 6, '2018-06-19 03:14:35', '2018-06-19 03:14:35', NULL),
(184, 400, 27, 2, 0, 0, 20000, 6, '2018-06-19 03:14:35', '2018-06-19 03:14:35', NULL),
(185, 190, 22, 1, 1, 0, 10000, 6, '2018-06-19 03:14:35', '2018-06-19 03:14:35', NULL),
(186, 714, 28, 1, 1, 0, 10000, 6, '2018-06-19 03:14:35', '2018-06-19 03:14:35', NULL),
(187, 17, 30, 2, 0, 0, 20000, 6, '2018-06-19 03:14:35', '2018-06-19 03:14:35', NULL),
(188, 625, 25, 1, 0, 0, 10000, 6, '2018-06-19 03:14:35', '2018-06-19 03:14:35', NULL),
(189, 98, 26, 2, 0, 1, 20000, 6, '2018-06-19 03:14:35', '2018-06-19 03:14:35', NULL),
(190, 196, 27, 1, 0, 1, 10000, 6, '2018-06-19 03:14:35', '2018-06-19 03:14:35', NULL),
(191, 465, 30, 1, 0, 1, 10000, 6, '2018-06-19 03:14:35', '2018-06-19 03:14:35', NULL),
(192, 114, 1, 1, 1, 0, 10000, 6, '2018-06-19 03:14:35', '2018-06-19 03:14:35', NULL),
(193, 115, 23, 1, 0, 1, 10000, 6, '2018-06-19 03:14:35', '2018-06-19 03:14:35', NULL),
(194, 724, 1, 2, 0, 1, 20000, 6, '2018-06-19 03:14:35', '2018-06-19 03:14:35', NULL),
(195, 586, 27, 1, 1, 0, 10000, 6, '2018-06-19 03:14:35', '2018-06-19 03:14:35', NULL),
(196, 35, 25, 2, 0, 1, 20000, 6, '2018-06-19 03:14:35', '2018-06-19 03:14:35', NULL),
(197, 137, 26, 2, 1, 0, 20000, 6, '2018-06-19 03:14:35', '2018-06-19 03:14:35', NULL),
(198, 529, 28, 2, 1, 0, 20000, 6, '2018-06-19 03:14:35', '2018-06-19 03:14:35', NULL),
(199, 678, 27, 2, 0, 1, 20000, 6, '2018-06-19 03:14:35', '2018-06-19 03:14:35', NULL),
(200, 494, 29, 2, 0, 1, 20000, 6, '2018-06-19 03:14:35', '2018-06-19 03:14:35', NULL),
(201, 108, 26, 2, 1, 0, 20000, 6, '2018-06-19 03:14:35', '2018-06-19 03:14:35', NULL),
(202, 757, 24, 1, 0, 0, 10000, 6, '2018-06-19 03:14:36', '2018-06-19 03:14:36', NULL),
(203, 650, 28, 2, 0, 0, 20000, 6, '2018-06-19 03:14:36', '2018-06-19 03:14:36', NULL),
(204, 651, 28, 2, 1, 0, 20000, 6, '2018-06-19 03:14:36', '2018-06-19 03:14:36', NULL),
(205, 243, 24, 1, 0, 1, 10000, 6, '2018-06-19 03:14:36', '2018-06-19 03:14:36', NULL),
(206, 406, 1, 1, 0, 1, 10000, 6, '2018-06-19 03:14:36', '2018-06-19 03:14:36', NULL),
(207, 765, 22, 2, 1, 0, 20000, 6, '2018-06-19 03:14:36', '2018-06-19 03:14:36', NULL),
(208, 690, 1, 1, 0, 1, 10000, 6, '2018-06-19 03:14:36', '2018-06-19 03:14:36', NULL),
(209, 778, 26, 1, 0, 1, 10000, 6, '2018-06-19 03:14:36', '2018-06-19 03:14:36', NULL),
(210, 544, 27, 1, 0, 1, 10000, 6, '2018-06-19 03:14:36', '2018-06-19 03:14:36', NULL),
(211, 416, 31, 2, 0, 0, 20000, 6, '2018-06-19 03:14:36', '2018-06-19 03:14:36', NULL),
(212, 315, 1, 2, 0, 1, 20000, 6, '2018-06-19 03:14:36', '2018-06-19 03:14:36', NULL),
(213, 160, 23, 1, 0, 0, 10000, 6, '2018-06-19 03:14:36', '2018-06-19 03:14:36', NULL),
(214, 497, 31, 1, 0, 0, 10000, 6, '2018-06-19 03:14:36', '2018-06-19 03:14:36', NULL),
(215, 257, 25, 1, 1, 0, 10000, 6, '2018-06-19 03:14:36', '2018-06-19 03:14:36', NULL),
(216, 166, 1, 2, 1, 0, 20000, 6, '2018-06-19 03:14:36', '2018-06-19 03:14:36', NULL),
(217, 417, 24, 1, 0, 1, 10000, 6, '2018-06-19 03:14:36', '2018-06-19 03:14:36', NULL),
(218, 703, 29, 1, 1, 0, 10000, 6, '2018-06-19 03:14:36', '2018-06-19 03:14:36', NULL),
(219, 698, 23, 2, 1, 0, 20000, 6, '2018-06-19 03:14:36', '2018-06-19 03:14:36', NULL),
(220, 762, 28, 2, 0, 1, 20000, 6, '2018-06-19 03:14:36', '2018-06-19 03:14:36', NULL),
(221, 205, 28, 2, 0, 1, 20000, 6, '2018-06-19 03:14:36', '2018-06-19 03:14:36', NULL),
(222, 193, 22, 2, 0, 0, 20000, 6, '2018-06-19 03:14:36', '2018-06-19 03:14:36', NULL),
(223, 387, 29, 1, 0, 1, 10000, 6, '2018-06-19 03:14:36', '2018-06-19 03:14:36', NULL),
(224, 470, 24, 2, 1, 0, 20000, 6, '2018-06-19 03:14:36', '2018-06-19 03:14:36', NULL),
(225, 93, 22, 2, 0, 0, 20000, 6, '2018-06-19 03:14:36', '2018-06-19 03:14:36', NULL),
(226, 101, 30, 1, 0, 0, 10000, 6, '2018-06-19 03:14:36', '2018-06-19 03:14:36', NULL),
(227, 202, 31, 1, 0, 1, 10000, 6, '2018-06-19 03:14:36', '2018-06-19 03:14:36', NULL),
(228, 151, 25, 1, 1, 0, 10000, 6, '2018-06-19 03:14:36', '2018-06-19 03:14:36', NULL),
(229, 339, 28, 1, 0, 1, 10000, 6, '2018-06-19 03:14:36', '2018-06-19 03:14:36', NULL),
(230, 741, 22, 2, 1, 0, 20000, 6, '2018-06-19 03:14:36', '2018-06-19 03:14:36', NULL),
(231, 363, 27, 2, 1, 0, 20000, 6, '2018-06-19 03:14:36', '2018-06-19 03:14:36', NULL),
(232, 535, 31, 2, 0, 0, 20000, 6, '2018-06-19 03:14:36', '2018-06-19 03:14:36', NULL),
(233, 318, 25, 2, 1, 0, 20000, 6, '2018-06-19 03:14:36', '2018-06-19 03:14:36', NULL),
(234, 261, 25, 1, 0, 1, 10000, 6, '2018-06-19 03:14:37', '2018-06-19 03:14:37', NULL),
(235, 265, 22, 1, 1, 0, 10000, 6, '2018-06-19 03:14:37', '2018-06-19 03:14:37', NULL),
(236, 448, 22, 2, 0, 0, 20000, 6, '2018-06-19 03:14:37', '2018-06-19 03:14:37', NULL),
(237, 313, 25, 2, 1, 0, 20000, 6, '2018-06-19 03:14:37', '2018-06-19 03:14:37', NULL),
(238, 720, 28, 1, 0, 0, 10000, 6, '2018-06-19 03:14:37', '2018-06-19 03:14:37', NULL),
(239, 770, 31, 1, 1, 0, 10000, 6, '2018-06-19 03:14:37', '2018-06-19 03:14:37', NULL),
(240, 736, 29, 1, 0, 0, 10000, 6, '2018-06-19 03:14:37', '2018-06-19 03:14:37', NULL),
(241, 333, 27, 2, 0, 0, 20000, 6, '2018-06-19 03:14:37', '2018-06-19 03:14:37', NULL),
(242, 316, 23, 1, 1, 0, 10000, 6, '2018-06-19 03:14:37', '2018-06-19 03:14:37', NULL),
(243, 524, 23, 1, 1, 0, 10000, 6, '2018-06-19 03:14:37', '2018-06-19 03:14:37', NULL),
(244, 153, 22, 1, 0, 0, 10000, 6, '2018-06-19 03:14:37', '2018-06-19 03:14:37', NULL),
(245, 521, 24, 1, 1, 0, 10000, 6, '2018-06-19 03:14:37', '2018-06-19 03:14:37', NULL),
(246, 203, 27, 1, 0, 1, 10000, 6, '2018-06-19 03:14:37', '2018-06-19 03:14:37', NULL),
(247, 230, 24, 2, 0, 1, 20000, 6, '2018-06-19 03:14:37', '2018-06-19 03:14:37', NULL),
(248, 337, 31, 2, 1, 0, 20000, 6, '2018-06-19 03:14:37', '2018-06-19 03:14:37', NULL),
(249, 585, 25, 1, 0, 0, 10000, 6, '2018-06-19 03:14:37', '2018-06-19 03:14:37', NULL),
(250, 608, 28, 2, 0, 1, 20000, 6, '2018-06-19 03:14:37', '2018-06-19 03:14:37', NULL),
(251, 490, 30, 1, 0, 0, 10000, 6, '2018-06-19 03:14:37', '2018-06-19 03:14:37', NULL),
(252, 464, 31, 2, 0, 1, 20000, 6, '2018-06-19 03:14:37', '2018-06-19 03:14:37', NULL),
(253, 482, 29, 2, 1, 0, 20000, 6, '2018-06-19 03:14:37', '2018-06-19 03:14:37', NULL),
(254, 168, 29, 2, 1, 0, 20000, 6, '2018-06-19 03:14:37', '2018-06-19 03:14:37', NULL),
(255, 604, 28, 1, 0, 1, 10000, 6, '2018-06-19 03:14:37', '2018-06-19 03:14:37', NULL),
(256, 284, 1, 2, 0, 1, 20000, 6, '2018-06-19 03:14:37', '2018-06-19 03:14:37', NULL),
(257, 504, 26, 2, 0, 1, 20000, 6, '2018-06-19 03:14:37', '2018-06-19 03:14:37', NULL),
(258, 439, 31, 2, 0, 0, 20000, 6, '2018-06-19 03:14:37', '2018-06-19 03:14:37', NULL),
(259, 447, 30, 2, 0, 1, 20000, 6, '2018-06-19 03:14:37', '2018-06-19 03:14:37', NULL),
(260, 759, 24, 2, 1, 0, 20000, 6, '2018-06-19 03:14:37', '2018-06-19 03:14:37', NULL),
(261, 55, 25, 1, 0, 0, 10000, 6, '2018-06-19 03:14:37', '2018-06-19 03:14:37', NULL),
(262, 557, 31, 2, 0, 1, 20000, 6, '2018-06-19 03:14:37', '2018-06-19 03:14:37', NULL),
(263, 263, 26, 2, 0, 1, 20000, 6, '2018-06-19 03:14:37', '2018-06-19 03:14:37', NULL),
(264, 480, 27, 1, 0, 0, 10000, 6, '2018-06-19 03:14:37', '2018-06-19 03:14:37', NULL),
(265, 188, 31, 2, 0, 0, 20000, 6, '2018-06-19 03:14:38', '2018-06-19 03:14:38', NULL),
(266, 293, 1, 1, 0, 1, 10000, 6, '2018-06-19 03:14:38', '2018-06-19 03:14:38', NULL),
(267, 304, 31, 1, 0, 0, 10000, 6, '2018-06-19 03:14:38', '2018-06-19 03:14:38', NULL),
(268, 620, 27, 1, 0, 0, 10000, 6, '2018-06-19 03:14:38', '2018-06-19 03:14:38', NULL),
(269, 158, 1, 2, 0, 0, 20000, 6, '2018-06-19 03:14:38', '2018-06-19 03:14:38', NULL),
(270, 10, 23, 2, 0, 0, 20000, 6, '2018-06-19 03:14:38', '2018-06-19 03:14:38', NULL),
(271, 22, 22, 2, 0, 1, 20000, 6, '2018-06-19 03:14:38', '2018-06-19 03:14:38', NULL),
(272, 247, 28, 1, 0, 0, 10000, 6, '2018-06-19 03:14:38', '2018-06-19 03:14:38', NULL),
(273, 274, 1, 2, 0, 1, 20000, 6, '2018-06-19 03:14:38', '2018-06-19 03:14:38', NULL),
(274, 129, 26, 1, 1, 0, 10000, 6, '2018-06-19 03:14:38', '2018-06-19 03:14:38', NULL),
(275, 361, 23, 2, 1, 0, 20000, 6, '2018-06-19 03:14:38', '2018-06-19 03:14:38', NULL),
(276, 412, 27, 1, 0, 1, 10000, 6, '2018-06-19 03:14:38', '2018-06-19 03:14:38', NULL),
(277, 462, 31, 1, 1, 0, 10000, 6, '2018-06-19 03:14:38', '2018-06-19 03:14:38', NULL),
(278, 394, 27, 1, 0, 0, 10000, 6, '2018-06-19 03:14:38', '2018-06-19 03:14:38', NULL),
(279, 135, 1, 2, 0, 1, 20000, 6, '2018-06-19 03:14:38', '2018-06-19 03:14:38', NULL),
(280, 692, 26, 2, 1, 0, 20000, 6, '2018-06-19 03:14:38', '2018-06-19 03:14:38', NULL),
(281, 495, 24, 1, 1, 0, 10000, 6, '2018-06-19 03:14:38', '2018-06-19 03:14:38', NULL),
(282, 748, 29, 2, 0, 0, 20000, 6, '2018-06-19 03:14:38', '2018-06-19 03:14:38', NULL),
(283, 729, 31, 1, 1, 0, 10000, 6, '2018-06-19 03:14:38', '2018-06-19 03:14:38', NULL),
(284, 123, 1, 1, 0, 1, 10000, 6, '2018-06-19 03:14:38', '2018-06-19 03:14:38', NULL),
(285, 515, 25, 1, 0, 0, 10000, 6, '2018-06-19 03:14:38', '2018-06-19 03:14:38', NULL),
(286, 380, 31, 1, 0, 1, 10000, 6, '2018-06-19 03:14:38', '2018-06-19 03:14:38', NULL),
(287, 613, 25, 1, 1, 0, 10000, 6, '2018-06-19 03:14:38', '2018-06-19 03:14:38', NULL),
(288, 25, 31, 1, 0, 0, 10000, 6, '2018-06-19 03:14:38', '2018-06-19 03:14:38', NULL),
(289, 82, 24, 1, 0, 0, 10000, 6, '2018-06-19 03:14:38', '2018-06-19 03:14:38', NULL),
(290, 484, 1, 2, 0, 1, 20000, 6, '2018-06-19 03:14:38', '2018-06-19 03:14:38', NULL),
(291, 145, 1, 2, 0, 0, 20000, 6, '2018-06-19 03:14:38', '2018-06-19 03:14:38', NULL),
(292, 753, 31, 2, 0, 1, 20000, 6, '2018-06-19 03:14:38', '2018-06-19 03:14:38', NULL),
(293, 589, 22, 2, 0, 0, 20000, 6, '2018-06-19 03:14:38', '2018-06-19 03:14:38', NULL),
(294, 711, 1, 1, 0, 0, 10000, 6, '2018-06-19 03:14:39', '2018-06-19 03:14:39', NULL),
(295, 147, 31, 1, 0, 0, 10000, 6, '2018-06-19 03:14:39', '2018-06-19 03:14:39', NULL),
(296, 99, 23, 1, 1, 0, 10000, 6, '2018-06-19 03:14:39', '2018-06-19 03:14:39', NULL),
(297, 569, 1, 2, 1, 0, 20000, 6, '2018-06-19 03:14:39', '2018-06-19 03:14:39', NULL),
(298, 518, 26, 2, 0, 1, 20000, 6, '2018-06-19 03:14:39', '2018-06-19 03:14:39', NULL),
(299, 523, 28, 2, 0, 1, 20000, 6, '2018-06-19 03:14:39', '2018-06-19 03:14:39', NULL),
(300, 100, 23, 2, 0, 1, 20000, 6, '2018-06-19 03:14:39', '2018-06-19 03:14:39', NULL),
(301, 192, 28, 1, 0, 1, 10000, 6, '2018-06-19 03:14:39', '2018-06-19 03:14:39', NULL),
(302, 595, 23, 2, 0, 1, 20000, 6, '2018-06-19 03:14:39', '2018-06-19 03:14:39', NULL),
(303, 636, 23, 2, 0, 1, 20000, 6, '2018-06-19 03:14:39', '2018-06-19 03:14:39', NULL),
(304, 45, 31, 1, 1, 0, 10000, 6, '2018-06-19 03:14:39', '2018-06-19 03:14:39', NULL),
(305, 78, 28, 2, 0, 0, 20000, 6, '2018-06-19 03:14:39', '2018-06-19 03:14:39', NULL),
(306, 476, 25, 2, 1, 0, 20000, 6, '2018-06-19 03:14:39', '2018-06-19 03:14:39', NULL),
(307, 436, 22, 2, 1, 0, 20000, 6, '2018-06-19 03:14:39', '2018-06-19 03:14:39', NULL),
(308, 395, 22, 1, 0, 1, 10000, 6, '2018-06-19 03:14:39', '2018-06-19 03:14:39', NULL),
(309, 675, 24, 2, 0, 1, 20000, 6, '2018-06-19 03:14:39', '2018-06-19 03:14:39', NULL),
(310, 754, 27, 2, 0, 0, 20000, 6, '2018-06-19 03:14:39', '2018-06-19 03:14:39', NULL),
(311, 308, 25, 1, 0, 0, 10000, 6, '2018-06-19 03:14:39', '2018-06-19 03:14:39', NULL),
(312, 328, 22, 1, 1, 0, 10000, 6, '2018-06-19 03:14:39', '2018-06-19 03:14:39', NULL),
(313, 568, 31, 1, 0, 1, 10000, 6, '2018-06-19 03:14:39', '2018-06-19 03:14:39', NULL);

-- --------------------------------------------------------

--
-- Table structure for table `contact_source`
--

CREATE TABLE `contact_source` (
  `id` int(11) NOT NULL,
  `name` varchar(100) DEFAULT NULL,
  `created_at` datetime DEFAULT NULL,
  `updated_at` datetime DEFAULT NULL,
  `deleted_at` datetime DEFAULT NULL
) ENGINE=InnoDB DEFAULT CHARSET=utf8;

--
-- Dumping data for table `contact_source`
--

INSERT INTO `contact_source` (`id`, `name`, `created_at`, `updated_at`, `deleted_at`) VALUES
(1, 'Facebook', '2018-05-21 00:00:00', '2018-05-21 00:00:00', NULL),
(2, 'Google', '2018-05-21 00:00:00', '2018-05-21 00:00:00', NULL),
(3, 'GA', '2018-05-24 12:43:08', '2018-05-24 12:43:08', NULL),
(6, 'Social', '2018-06-19 03:06:36', '2018-06-19 03:06:36', NULL);

-- --------------------------------------------------------

--
-- Table structure for table `course`
--

CREATE TABLE `course` (
  `id` int(11) NOT NULL,
  `name` varchar(200) NOT NULL,
  `description` varchar(255) NOT NULL,
  `course_price_id` int(11) NOT NULL,
  `created_at` datetime DEFAULT NULL,
  `updated_at` datetime DEFAULT NULL,
  `deleted_at` datetime DEFAULT NULL
) ENGINE=InnoDB DEFAULT CHARSET=utf8;

--
-- Dumping data for table `course`
--

INSERT INTO `course` (`id`, `name`, `description`, `course_price_id`, `created_at`, `updated_at`, `deleted_at`) VALUES
(1, 'course 1', 'course 1', 1, '2018-05-29 00:00:00', '2018-05-29 00:00:00', NULL),
(2, 'course 2', 'course 2', 2, '2018-05-29 00:00:00', '2018-05-29 00:00:00', NULL);

-- --------------------------------------------------------

--
-- Table structure for table `course_price`
--

CREATE TABLE `course_price` (
  `id` int(11) NOT NULL,
  `name` varchar(100) NOT NULL,
  `description` varchar(255) NOT NULL,
  `price` int(11) NOT NULL,
  `course_id` int(11) NOT NULL,
  `created_at` datetime DEFAULT NULL,
  `updated_at` datetime DEFAULT NULL,
  `deleted_at` datetime DEFAULT NULL
) ENGINE=InnoDB DEFAULT CHARSET=utf8;

--
-- Dumping data for table `course_price`
--

INSERT INTO `course_price` (`id`, `name`, `description`, `price`, `course_id`, `created_at`, `updated_at`, `deleted_at`) VALUES
(1, 'Price 1', 'Price 1', 10000, 1, '2018-05-28 00:00:00', '2018-05-28 00:00:00', NULL),
(2, 'Price 2', 'Price 2', 20000, 2, '2018-05-28 00:00:00', '2018-05-28 00:00:00', NULL);

-- --------------------------------------------------------

--
-- Table structure for table `email_template`
--

CREATE TABLE `email_template` (
  `id` int(11) NOT NULL
) ENGINE=InnoDB DEFAULT CHARSET=utf8;

-- --------------------------------------------------------

--
-- Table structure for table `file`
--

CREATE TABLE `file` (
  `id` int(11) NOT NULL,
  `name` varchar(100) NOT NULL,
  `path` varchar(255) NOT NULL,
  `created_at` datetime DEFAULT NULL,
  `updated_at` datetime DEFAULT NULL,
  `deleted_at` datetime DEFAULT NULL
) ENGINE=InnoDB DEFAULT CHARSET=utf8;

--
-- Dumping data for table `file`
--

INSERT INTO `file` (`id`, `name`, `path`, `created_at`, `updated_at`, `deleted_at`) VALUES
(74, '$2y$10$ANzSkACYsgTL/atY/blOsOaMcGXq.buKbwdGrzOwfqZ/s1jLKHftW.xlsx', '/Users/Diablo/Work/laravel/NTL/www/_system/storage/app/public', '2018-05-24 12:56:21', '2018-05-24 12:56:21', NULL),
(75, '$2y$10$hsRx0v2zVMSpHlN495/yW.C6qbV.EX/OCyr0UiiSTGfoqnZJO1zQG.xlsx', '/Users/Diablo/Work/laravel/NTL/www/_system/storage/app/public', '2018-05-24 12:57:39', '2018-05-24 12:57:39', NULL),
(76, '$2y$10$nwH1bpaGIw0h5L2t8coSkeSwGZf6mp.E5oS6Oh881fZ3OGR3.kJTW.xlsx', '/Users/Diablo/Work/laravel/NTL/www/_system/storage/app/public', '2018-05-24 12:59:43', '2018-05-24 12:59:43', NULL),
(77, '$2y$10$e8LheGCoBGwnRm3S/bACVea2nsVbKwZwM0U2VbCxKU/gj4o0qk0SO.xlsx', '/Users/Diablo/Work/laravel/NTL/www/_system/storage/app/public/2018/05', '2018-05-24 13:22:22', '2018-05-24 13:22:22', NULL),
(78, '$2y$10$s9eAu0Ny04WRqTbXVoESe.VK4epyaw.Q0Xcnnu0OZqFHj1AjM/tu..xlsx', '/Users/Diablo/Work/laravel/NTL/www/_system/storage/app/public/2018/05', '2018-05-24 13:24:22', '2018-05-24 13:24:22', NULL),
(79, '$2y$10$/McePAgw4.d8Eh4nbk0B/uvXdE65U3AiS32LaTAet/W7P/vmhuzYu.xlsx', '/Users/Diablo/Work/laravel/NTL/www/_system/storage/app/public/2018/05', '2018-05-24 13:26:32', '2018-05-24 13:26:32', NULL),
(80, '$2y$10$kZlSANNb81yTlzhDLxTDNO82guoD5ihQqI.Yhb0JtdEAmYvg75iFm.xlsx', '/Users/Diablo/Work/laravel/NTL/www/_system/storage/app/public/2018/05', '2018-05-24 13:31:17', '2018-05-24 13:31:17', NULL),
(81, '$2y$10$cKL6rT5LIGzOA0KS2mjFr.iqm4KlLDwwiuSazF0/CqJzIRedkJkX2.xlsx', '/Users/Diablo/Work/laravel/NTL/www/_system/storage/app/public/2018/05', '2018-05-24 13:32:10', '2018-05-24 13:32:10', NULL),
(82, '$2y$10$Ylt5uWJ6M48jv8A6wZrT/OeJ1Tbk5yJ.dg2ut19uYCoveyq0EaUrO.xlsx', '/Users/Diablo/Work/laravel/NTL/www/_system/storage/app/public/2018/05', '2018-05-24 13:32:33', '2018-05-24 13:32:33', NULL),
(83, '$2y$10$Nm2Ux1h94sghVVNX5plE3.C6Hj4Oru7r39yFUwheoTKRS98qCrDiO.xlsx', '/Users/Diablo/Work/laravel/NTL/www/_system/storage/app/public/2018/05', '2018-05-24 13:34:25', '2018-05-24 13:34:25', NULL),
(84, '$2y$10$L.VnBAlsyclMsvogkIOzWORg/fns6.9N5k1I0Iea6o/OAZYHkn5KO.xlsx', '/Users/Diablo/Work/laravel/NTL/www/_system/storage/app/public/2018/05', '2018-05-24 13:35:14', '2018-05-24 13:35:14', NULL),
(85, '$2y$10$vufsGx64bosRsyI8vuzVquEo9HSYCHT0rnr6U/gr.7dH3d3MUMPM..xlsx', '/Users/Diablo/Work/laravel/NTL/www/_system/storage/app/public/2018/05', '2018-05-24 13:35:55', '2018-05-24 13:35:55', NULL),
(86, '$2y$10$N3poqtlhoRVJIRd6vEzfI.piKEEKHD72ZZqcI2YLXkydeAnUboF4K.xlsx', '/Users/Diablo/Work/laravel/NTL/www/_system/storage/app/public/2018/05', '2018-05-24 13:36:28', '2018-05-24 13:36:28', NULL),
(87, '$2y$10$qQDotjlmMjkg00h54meo6exu9d/jHfQ2i0OR6mlGiyZpcyBg1Ynz2.xlsx', '/Users/Diablo/Work/laravel/NTL/www/_system/storage/app/public/2018/05', '2018-05-24 13:44:25', '2018-05-24 13:44:25', NULL),
(88, '$2y$10$sbyZTxxIl.PWaA2.yZgbWuexmRq3Pj/Fp3St1ix.vEZKO8NN42ObK.xlsx', '/Users/Diablo/Work/laravel/NTL/www/_system/storage/app/public/2018/05', '2018-05-31 08:26:21', '2018-05-31 08:26:21', NULL),
(89, '$2y$10$Qg65IImSlYKA1j0ooOKage61q1SZI8Vug/1Y7H.nFGIp7aWtC9CMq.xlsx', '/Users/Diablo/Work/laravel/NTL/www/_system/storage/app/public/2018/05', '2018-05-31 08:27:01', '2018-05-31 08:27:01', NULL),
(90, '$2y$10$c4NamGVLP1SPS6pQsPiDQOsYgTEnxruFfOXRGoSZFOs7UTNR9WSy6.xlsx', '/Users/Diablo/Work/laravel/NTL/www/_system/storage/app/public/2018/05', '2018-05-31 08:27:42', '2018-05-31 08:27:42', NULL),
(91, '$2y$10$Nh9f4n.ZCS/GZxDR4COMY.ZV39hBAqx6xTFAQwHYpvP5pxn6AJGWu.xlsx', '/Users/Diablo/Work/laravel/NTL/www/_system/storage/app/public/2018/05', '2018-05-31 08:27:49', '2018-05-31 08:27:49', NULL),
(92, '$2y$10$fs5IUj.4Y3gM1QsYbciwIutkd8Ryt/8YY8vN2wl1tdWumLJDr5bVi.xlsx', '/Users/Diablo/Work/laravel/NTL/www/_system/storage/app/public/2018/05', '2018-05-31 08:28:08', '2018-05-31 08:28:08', NULL),
(93, '$2y$10$Wo7vZs39olnLH.vz4IIl3etdL84sP6b7n837uYn2oYMHvDEL0bvBa.xlsx', '/Users/Diablo/Work/laravel/NTL/www/_system/storage/app/public/2018/05', '2018-05-31 08:32:48', '2018-05-31 08:32:48', NULL),
(94, '$2y$10$19DmxKHkeLmJg8ViVjjxeeQs/u2QeXboXpm2NKUkyVmrrB.gALgtm.xlsx', '/Users/Diablo/Work/laravel/NTL/www/_system/storage/app/public/2018/05', '2018-05-31 08:36:00', '2018-05-31 08:36:00', NULL),
(95, '$2y$10$33/oOIqOowOqB1opkPfOpeR08vDByDJ0Kok24bAV372tZR6PoKLHG.xlsx', '/Users/Diablo/Work/laravel/NTL/www/_system/storage/app/public/2018/05', '2018-05-31 08:37:50', '2018-05-31 08:37:50', NULL),
(96, '$2y$10$CHDXi8I9phiyiRFNSDUqfu4lFZvqHJcn8Pm/VJbVjW30MINgcDzRG.xlsx', '/Users/Diablo/Work/laravel/NTL/www/_system/storage/app/public/2018/05', '2018-05-31 08:39:17', '2018-05-31 08:39:17', NULL),
(97, '$2y$10$Alxxi4EDsklLTgIHX2QgL.K51Kdq8hLKhE/d0JcTWNl7FB4suEDTa.xlsx', '/Users/Diablo/Work/laravel/NTL/www/_system/storage/app/public/2018/05', '2018-05-31 08:43:11', '2018-05-31 08:43:11', NULL),
(98, '$2y$10$83.sw/QiF9Ftk1S3aDmjqeFiLEyART.EQ6EUnN9j3qz1EH1TXK6ky.xlsx', '/Users/Diablo/Work/laravel/NTL/www/_system/storage/app/public/2018/05', '2018-05-31 08:44:11', '2018-05-31 08:44:11', NULL),
(99, '$2y$10$E6osNZrU7FoJeuV0g5nrm.yp4sUJiqDUYVuH0sTPGQfLwF8Z2jwtq.xlsx', '/Users/Diablo/Work/laravel/NTL/www/_system/storage/app/public/2018/05', '2018-05-31 08:45:40', '2018-05-31 08:45:40', NULL),
(100, '$2y$10$S2oHwyenvjZ4LmLPkoeL0efEVFlgoRTKSHN8PiWu2TfD0U2PPuEam.xlsx', '/Users/Diablo/Work/laravel/NTL/www/_system/storage/app/public/2018/05', '2018-05-31 08:46:33', '2018-05-31 08:46:33', NULL),
(101, '$2y$10$oWQOcuz5M39OqU2.0j5XlOXeqTgLNDngbevL0JJDnCkH6ALNFa8Ym.xlsx', '/Users/Diablo/Work/laravel/NTL/www/_system/storage/app/public/2018/05', '2018-05-31 08:47:13', '2018-05-31 08:47:13', NULL),
(102, '$2y$10$rzuMw5FvP1ePbpizj.POQ.eBufV8qCyHLs/.GRGyq/yjGo8i7CmJC.xlsx', '/Users/Diablo/Work/laravel/NTL/www/_system/storage/app/public/2018/05', '2018-05-31 08:49:26', '2018-05-31 08:49:26', NULL),
(103, '$2y$10$4XNZANFi3QShN9dcIBwNiOW7hJsP.n9iCwyIVriRogFtzkT1Zza/u.xlsx', '/Users/Diablo/Work/laravel/NTL/www/_system/storage/app/public/2018/05', '2018-05-31 08:50:28', '2018-05-31 08:50:28', NULL),
(104, '$2y$10$lPjky0WotdC9KM18E01TtOY5OvPK.CD7xZe2HyK0DUaKtEi6HJ8ye.xlsx', '/Users/Diablo/Work/laravel/NTL/www/_system/storage/app/public/2018/05', '2018-05-31 08:51:29', '2018-05-31 08:51:29', NULL),
(105, '$2y$10$5XFItF2N4U8Xladwi/7PSO/Fqi8gblOX7NZY9WZq3RU/srdXsrxXu.xlsx', '/Users/Diablo/Work/laravel/NTL/www/_system/storage/app/public/2018/05', '2018-05-31 08:52:37', '2018-05-31 08:52:37', NULL),
(106, '$2y$10$7BzsSfrIFoPjs0HqhHldzOVRCGUrTEgO2yjc92daPpuB3g6gaLkNe.xlsx', '/Users/Diablo/Work/laravel/NTL/www/_system/storage/app/public/2018/05', '2018-05-31 08:53:26', '2018-05-31 08:53:26', NULL),
(107, '$2y$10$y2bPpkY34dl0sUoHU9l50uCftUM1bDDGz6a1wa1UJsrIa6Ygs3sRK.xlsx', '/Users/Diablo/Work/laravel/NTL/www/_system/storage/app/public/2018/05', '2018-05-31 08:54:44', '2018-05-31 08:54:44', NULL),
(108, '$2y$10$4G2rEihyoR3WmTyqxJdEGOomdD6eaVLG2einburZjWtbXsU/4epr..xlsx', '/Users/Diablo/Work/laravel/NTL/www/_system/storage/app/public/2018/05', '2018-05-31 08:55:29', '2018-05-31 08:55:29', NULL),
(109, '$2y$10$Taf3NPeccXrmYy2XChjdP.4Vk4nEK8WCIbkVuEwMVzED5F67oD2wC.xlsx', '/Users/Diablo/Work/laravel/NTL/www/_system/storage/app/public/2018/05', '2018-05-31 08:56:27', '2018-05-31 08:56:27', NULL),
(110, '$2y$10$tczj5ytNF/XuAAqN1W01x.ao6Q.lq015yOslO2hZxVsVeFWgkKdgi.xlsx', '/Users/Diablo/Work/laravel/NTL/www/_system/storage/app/public/2018/05', '2018-05-31 08:56:54', '2018-05-31 08:56:54', NULL),
(111, '$2y$10$ULdJTZZ6CjBdbyn19.QmHunjXBodDWqJJWpe7hLUDK48iksydY7tC.xlsx', '/Users/Diablo/Work/laravel/NTL/www/_system/storage/app/public/2018/05', '2018-05-31 08:57:53', '2018-05-31 08:57:53', NULL),
(112, '$2y$10$.aGzwv5EBUeL.WyBQD2uKeeu7RBhESGKSyv3CdKG4h9OycgyfmmCe.xlsx', '/Users/Diablo/Work/laravel/NTL/www/_system/storage/app/public/2018/05', '2018-05-31 08:58:13', '2018-05-31 08:58:13', NULL),
(113, '$2y$10$wSHlHQonS0rTi159sDL96OOO4Dvb9QCao/fQ5oUGMBwFhdXB3TlJm.xlsx', '/Users/Diablo/Work/laravel/NTL/www/_system/storage/app/public/2018/05', '2018-05-31 09:00:14', '2018-05-31 09:00:14', NULL),
(114, '$2y$10$pAZJn/OqNG7cEb3QGOgyBuezbelmbqr6c0vZpu9QYiuoZ2b8vc.i6.xlsx', '/Users/Diablo/Work/laravel/NTL/www/_system/storage/app/public/2018/05', '2018-05-31 09:00:50', '2018-05-31 09:00:50', NULL),
(115, '$2y$10$cWrLzp.K8N4ZjzBANmKDdOzwtrNoU8G9CHz6wLMtn1Z8droq09CSO.xlsx', '/Users/Diablo/Work/laravel/NTL/www/_system/storage/app/public/2018/05', '2018-05-31 09:01:10', '2018-05-31 09:01:10', NULL),
(116, '$2y$10$X6X1RrGRWlYe2L.NiEeaDuWK8N3FhD949ip7EqN/vxSpVmrU..0/W.xlsx', '/Users/Diablo/Work/laravel/NTL/www/_system/storage/app/public/2018/05', '2018-05-31 09:02:18', '2018-05-31 09:02:18', NULL),
(117, '$2y$10$.Li01HW9fdBQIRHz8wiP7e9QaPWjP9H3nX1x.Y/nUotNuhymtNuQi.xlsx', '/Users/Diablo/Work/laravel/NTL/www/_system/storage/app/public/2018/05', '2018-05-31 09:02:57', '2018-05-31 09:02:57', NULL),
(118, '$2y$10$DmrkyX3Wi7I09brTb.5e0OzVxsAoOV7j3xq4POC4sTsZ5Kt.N/Zy..xlsx', '/Users/Diablo/Work/laravel/NTL/www/_system/storage/app/public/2018/05', '2018-05-31 09:03:29', '2018-05-31 09:03:29', NULL),
(119, '$2y$10$ZSrd3rTbfWZrcJLZRChYO.PUNK0RJWT9QrBzKseGk3M1nKWLl0jNm.xlsx', '/Users/Diablo/Work/laravel/NTL/www/_system/storage/app/public/2018/05', '2018-05-31 09:04:55', '2018-05-31 09:04:55', NULL),
(120, '$2y$10$m3NxR0yoCfccNk3kmbwEgeDjB5J10NUln4Li3uQ51FWd.z7VvQhfS.xlsx', '/Users/Diablo/Work/laravel/NTL/www/_system/storage/app/public/2018/05', '2018-05-31 09:05:25', '2018-05-31 09:05:25', NULL),
(121, '$2y$10$LzzkKVKajQHoW7FZYAq/FeR3N6ouKiNSkDwCsFLGotS0Ewx1MgZBS.xlsx', '/Users/Diablo/Work/laravel/NTL/www/_system/storage/app/public/2018/05', '2018-05-31 09:07:54', '2018-05-31 09:07:54', NULL),
(122, '$2y$10$HY3w0024Nh/gEJzP7exus.sNRsqY0eriKk3yFLE1/EggvBPwvfhsO.xlsx', '/Users/Diablo/Work/laravel/NTL/www/_system/storage/app/public/2018/05', '2018-05-31 09:08:45', '2018-05-31 09:08:45', NULL),
(123, '$2y$10$yM3p6yHMTGeROw3KPn./ZOkFeoeGy2tlUZnEX/H3u2k74w/P2nd1C.xlsx', '/Users/Diablo/Work/laravel/NTL/www/_system/storage/app/public/2018/05', '2018-05-31 09:10:17', '2018-05-31 09:10:17', NULL),
(124, '$2y$10$gz4BcAJT.0l7zBbhvtUfC.w8C8R5PBXEatBrBEY6i1cphya7CUzw6.xlsx', '/Users/Diablo/Work/laravel/NTL/www/_system/storage/app/public/2018/05', '2018-05-31 09:11:17', '2018-05-31 09:11:17', NULL),
(125, '$2y$10$4O7JJXTsHN5XoWWdtzB82uYVk7BnD7vuHHl97KXbb80v0H4TbSoIS.xlsx', '/Users/Diablo/Work/laravel/NTL/www/_system/storage/app/public/2018/05', '2018-05-31 09:12:23', '2018-05-31 09:12:23', NULL),
(126, '$2y$10$F/AsIZZJE8xEH1QbMtnZmutjia1CwB4kx17E/fkjXUTAiwt1pG8Cy.xlsx', '/Users/Diablo/Work/laravel/NTL/www/_system/storage/app/public/2018/05', '2018-05-31 09:14:36', '2018-05-31 09:14:36', NULL),
(127, '$2y$10$driJFJ6VMTSbPKvPSJBgcOXZb89Oqc1WSONv4a79Ro/sqaQyq2Trm.xlsx', '/Users/Diablo/Work/laravel/NTL/www/_system/storage/app/public/2018/05', '2018-05-31 09:15:02', '2018-05-31 09:15:02', NULL),
(128, '$2y$10$peGC8ZSeaN9k11wCn1o9PeddOHgM9Yd8gYHPsoSee8SqzvCyD3Ydm.xlsx', '/Users/Diablo/Work/laravel/NTL/www/_system/storage/app/public/2018/05', '2018-05-31 09:15:43', '2018-05-31 09:15:43', NULL),
(129, '$2y$10$XRgXaA8KMrs21GyOUxIAneNkQdbiTDMeQ9yv7xok15Ppb2rNaZxBa.xlsx', '/Users/Diablo/Work/laravel/NTL/www/_system/storage/app/public/2018/05', '2018-05-31 09:16:45', '2018-05-31 09:16:45', NULL),
(130, '$2y$10$t3rCogTq15BdnZuLqPSVy.sZdSNweBVxitxcco5ATjszkgc.cePTC.xlsx', '/Users/Diablo/Work/laravel/NTL/www/_system/storage/app/public/2018/05', '2018-05-31 09:17:07', '2018-05-31 09:17:07', NULL),
(131, '$2y$10$ocEIqjOsbnzSlpPsw6mWuuXrQspqR3sqmUCs2jCpXsANKtCr3v3My.xlsx', '/Users/Diablo/Work/laravel/NTL/www/_system/storage/app/public/2018/05', '2018-05-31 09:17:35', '2018-05-31 09:17:35', NULL),
(132, '$2y$10$y/KPGhiRGtwbOj3CoqV5Very/4wEMVb8VZ/MhJG1FHvryykw.Eerm.xlsx', '/Users/Diablo/Work/laravel/NTL/www/_system/storage/app/public/2018/05', '2018-05-31 09:18:09', '2018-05-31 09:18:09', NULL),
(133, '$2y$10$QnPC657.K9UDym9L2knCt.No0ygbnr8Ol9ZiNRv85oPghgL9he7wu.xlsx', '/Users/Diablo/Work/laravel/NTL/www/_system/storage/app/public/2018/05', '2018-05-31 09:20:12', '2018-05-31 09:20:12', NULL),
(134, '$2y$10$Nlg8nhbInk34JMyRrnpgf.Rm7e2p5lI.yukTBuCnPxiBHSWpUqUTy.xlsx', '/Users/Diablo/Work/laravel/NTL/www/_system/storage/app/public/2018/05', '2018-05-31 09:21:23', '2018-05-31 09:21:23', NULL),
(135, '$2y$10$xa21Tw1WYmALRSAtKs9Y.OQL5UF7DzPuMgTJh8Eir3Tsext7358Z6.xlsx', '/Users/Diablo/Work/laravel/NTL/www/_system/storage/app/public/2018/05', '2018-05-31 09:22:27', '2018-05-31 09:22:27', NULL),
(136, '$2y$10$2DXr8z1xIdJU/8pmYqSwkuZEtyXXq4u0HNS2Zy.0uKkaJBd1P26NW.xlsx', '/Users/Diablo/Work/laravel/NTL/www/_system/storage/app/public/2018/05', '2018-05-31 09:23:23', '2018-05-31 09:23:23', NULL),
(137, '$2y$10$/mLPJ9XiJmzrc97jp0/o5.vDYPfT.pSTygRrYc/7VlNXgQ2m/WSGG.xlsx', '/Users/Diablo/Work/laravel/NTL/www/_system/storage/app/public/2018/05', '2018-05-31 09:24:57', '2018-05-31 09:24:57', NULL),
(138, '$2y$10$./rVcxtdKqJXFdh8wpSfueUxWkjdBMXmYO4iUytCJXk.kZg9RVGwa.xlsx', '/Users/Diablo/Work/laravel/NTL/www/_system/storage/app/public/2018/05', '2018-05-31 09:27:25', '2018-05-31 09:27:25', NULL),
(139, '$2y$10$J6fPzTRihJCjuUDjP8cNc.WcDW2Lp3nj2aXa0LR2nZd.D6FMKKa7i.xlsx', '/Users/Diablo/Work/laravel/NTL/www/_system/storage/app/public/2018/05', '2018-05-31 09:27:58', '2018-05-31 09:27:58', NULL),
(140, '$2y$10$P09OWdp0NWZJ47B8WdSuaOpz9PcCSSkyA6Ug7hPfjP/ZNKq4z/HJW.xlsx', '/Users/Diablo/Work/laravel/NTL/www/_system/storage/app/public/2018/05', '2018-05-31 09:30:12', '2018-05-31 09:30:12', NULL),
(141, '$2y$10$N7v8r.Jk4Kp6/A4EsRHcgugjxynUKQtstzDw4IApgt7RpfA.2Euz6.xlsx', '/Users/Diablo/Work/laravel/NTL/www/_system/storage/app/public/2018/05', '2018-05-31 09:31:25', '2018-05-31 09:31:25', NULL),
(142, '$2y$10$KBQ4zEuUOP7HNLmX52LdR.WHEcD1nKnGFr8A4xnqQ6DhT8BytmquS.xlsx', '/Users/Diablo/Work/laravel/NTL/www/_system/storage/app/public/2018/05', '2018-05-31 09:31:43', '2018-05-31 09:31:43', NULL),
(143, '$2y$10$2gjZ1PZD3HRK7B0ZRw7YVuP5ZAlqwybzWGGLWF41h4Utzx9fNGMny.xlsx', '/Users/Diablo/Work/laravel/NTL/www/_system/storage/app/public/2018/05', '2018-05-31 09:32:31', '2018-05-31 09:32:31', NULL),
(144, '$2y$10$LEzv3Q0J0YdFg7PoNg/Zuu8Utk88CiHU2X2Hp6hBntKjDyhj5UJoa.xlsx', '/Users/Diablo/Work/laravel/NTL/www/_system/storage/app/public/2018/05', '2018-05-31 09:35:46', '2018-05-31 09:35:46', NULL),
(145, '$2y$10$7XeDl4GK.mR./oIjE1i4I.LSTg27tTbxQuFIvzuuLg4iDr6VEIVb6.xlsx', '/Users/Diablo/Work/laravel/NTL/www/_system/storage/app/public/2018/05', '2018-05-31 09:38:01', '2018-05-31 09:38:01', NULL),
(146, '$2y$10$5M924NOJaEm.5vLLOapEt.Y8Kdsu7YPxzcOiBO37EfjOXwuCr.Cai.xlsx', '/Users/Diablo/Work/laravel/NTL/www/_system/storage/app/public/2018/05', '2018-05-31 09:39:27', '2018-05-31 09:39:27', NULL),
(147, '$2y$10$LTmIVbqCMHFk3VQaAQIjguZ01tpShkqI5J//qEUMFd6vQ2eAGm/BS.xlsx', '/Users/Diablo/Work/laravel/NTL/www/_system/storage/app/public/2018/05', '2018-05-31 09:40:51', '2018-05-31 09:40:51', NULL),
(148, '$2y$10$n8zRvTjP5jUuWqi4SdrXTezR5OlkJZGaz7MPfyHJeDvQ8CBY4RTgq.xlsx', '/Users/Diablo/Work/laravel/NTL/www/_system/storage/app/public/2018/05', '2018-05-31 09:42:23', '2018-05-31 09:42:23', NULL),
(149, '$2y$10$CGLYu5kb.UBbJGFXaMXqfOwGm6uWuAZ1tOl88x/PyMtM2I.vArbTq.xlsx', '/Users/Diablo/Work/laravel/NTL/www/_system/storage/app/public/2018/05', '2018-05-31 09:43:11', '2018-05-31 09:43:11', NULL),
(150, '$2y$10$uZV/XPI.cwBDlbBZKcti4u5YCCfYR0W.Er0I0YY6C/2blcEVhyqo6.xlsx', '/Users/Diablo/Work/laravel/NTL/www/_system/storage/app/public/2018/05', '2018-05-31 09:43:52', '2018-05-31 09:43:52', NULL),
(151, '$2y$10$O.AewfM7AIoxbeZf5e3HaeIOJ4V9yCkXgDEGNDFFRd/TSXH.PVia2.xlsx', '/Users/Diablo/Work/laravel/NTL/www/_system/storage/app/public/2018/05', '2018-05-31 09:44:59', '2018-05-31 09:44:59', NULL),
(152, '$2y$10$rOWP62b051/U.0nG1baCG.GcwT09e1VqfBHxWPC4XUJ3pMZqMwrSu.xlsx', '/Users/Diablo/Work/laravel/NTL/www/_system/storage/app/public/2018/05', '2018-05-31 09:45:24', '2018-05-31 09:45:24', NULL),
(153, '$2y$10$wP7U1gzJFMtvecWQsXqTfuBikD8Dzt6dymm9Ie/06dLa8lXMLduTa.xlsx', '/Users/Diablo/Work/laravel/NTL/www/_system/storage/app/public/2018/05', '2018-05-31 09:46:00', '2018-05-31 09:46:00', NULL),
(154, '$2y$10$OwxncV23EirEAMtMcVsbue8YK8DJlu.RjB1Ipbs5YYA.cUOEHxb7q.xlsx', '/Users/Diablo/Work/laravel/NTL/www/_system/storage/app/public/2018/05', '2018-05-31 09:46:29', '2018-05-31 09:46:29', NULL),
(155, '$2y$10$s7WeFzkMk/QvImlDX7NuYuvvirI6tonDAUwmyfCqqEo/to3TVVqrW.xlsx', '/Users/Diablo/Work/laravel/NTL/www/_system/storage/app/public/2018/05', '2018-05-31 11:17:20', '2018-05-31 11:17:20', NULL),
(156, '$2y$10$SlT6A8sRoWLQM1pH1ghFQeLv2E6Iz6zSoWn9mwJnfh3HVuD59ecXy.xlsx', '/Users/Diablo/Work/laravel/NTL/www/_system/storage/app/public/2018/05', '2018-05-31 11:18:18', '2018-05-31 11:18:18', NULL),
(157, '$2y$10$lh7GXqXxKJRokJmPYaXbNeffp3lNljE1uf083wiFOmoZnDJMQRNEG.xlsx', '/Users/Diablo/Work/laravel/NTL/www/_system/storage/app/public/2018/06', '2018-06-01 07:16:37', '2018-06-01 07:16:37', NULL),
(158, '$2y$10$TxQim56xl68jbS3zFtAaPewGZICqLESLbGMyY2c2jwJG3ZI5PZjTe.xlsx', '/Users/Diablo/Work/laravel/NTL/www/_system/storage/app/public/2018/06', '2018-06-01 07:16:58', '2018-06-01 07:16:58', NULL),
(159, '$2y$10$BhyyanKKDjL5nxgv7Tg7jOmRnVYJZdLmXbAjadY.QQ3HpH2vcAWCK.xlsx', '/Users/Diablo/Work/laravel/NTL/www/_system/storage/app/public/2018/06', '2018-06-19 03:03:29', '2018-06-19 03:03:29', NULL),
(160, '$2y$10$pZcli2l6SCkKL8wBFWVMk..0REbT7oHJnMZO9tfGZVAX769lsT.6m.xlsx', '/Users/Diablo/Work/laravel/NTL/www/_system/storage/app/public/2018/06', '2018-06-19 03:04:06', '2018-06-19 03:04:06', NULL),
(161, '$2y$10$S.Ug5aKCVasEY1KmVOt8fOurSyCKU5G2l7FbY0PyUU9rRntTNLejC.xlsx', '/Users/Diablo/Work/laravel/NTL/www/_system/storage/app/public/2018/06', '2018-06-19 03:06:36', '2018-06-19 03:06:36', NULL),
(162, '$2y$10$o9Uqo.MXi/KXU5MR1emi4OecA81uSbaPm8UipupGWzmIZvbEVLaYy.xlsx', '/Users/Diablo/Work/laravel/NTL/www/_system/storage/app/public/2018/06', '2018-06-19 03:14:05', '2018-06-19 03:14:05', NULL);

-- --------------------------------------------------------

--
-- Table structure for table `file_contact`
--

CREATE TABLE `file_contact` (
  `id` int(11) NOT NULL,
  `contact_id` int(11) NOT NULL,
  `file_id` int(11) NOT NULL,
  `created_at` datetime DEFAULT NULL,
  `updated_at` datetime DEFAULT NULL,
  `deleted_at` datetime DEFAULT NULL
) ENGINE=InnoDB DEFAULT CHARSET=utf8;

--
-- Dumping data for table `file_contact`
--

INSERT INTO `file_contact` (`id`, `contact_id`, `file_id`, `created_at`, `updated_at`, `deleted_at`) VALUES
(1, 5, 74, '2018-05-24 12:56:21', '2018-05-24 12:56:21', NULL),
(2, 6, 74, '2018-05-24 12:56:22', '2018-05-24 12:56:22', NULL),
(3, 7, 74, '2018-05-24 12:56:22', '2018-05-24 12:56:22', NULL),
(4, 8, 74, '2018-05-24 12:56:22', '2018-05-24 12:56:22', NULL),
(5, 9, 74, '2018-05-24 12:56:22', '2018-05-24 12:56:22', NULL),
(6, 10, 74, '2018-05-24 12:56:22', '2018-05-24 12:56:22', NULL),
(7, 11, 82, '2018-05-24 13:32:33', '2018-05-24 13:32:33', NULL),
(8, 12, 86, '2018-05-24 13:36:28', '2018-05-24 13:36:28', NULL),
(9, 13, 86, '2018-05-24 13:36:28', '2018-05-24 13:36:28', NULL),
(10, 14, 86, '2018-05-24 13:36:28', '2018-05-24 13:36:28', NULL),
(11, 15, 86, '2018-05-24 13:36:28', '2018-05-24 13:36:28', NULL),
(12, 16, 86, '2018-05-24 13:36:28', '2018-05-24 13:36:28', NULL),
(13, 17, 86, '2018-05-24 13:36:28', '2018-05-24 13:36:28', NULL),
(14, 18, 86, '2018-05-24 13:36:28', '2018-05-24 13:36:28', NULL),
(15, 20, 154, '2018-05-31 09:46:29', '2018-05-31 09:46:29', NULL),
(16, 21, 154, '2018-05-31 09:46:29', '2018-05-31 09:46:29', NULL),
(17, 22, 154, '2018-05-31 09:46:29', '2018-05-31 09:46:29', NULL),
(18, 23, 154, '2018-05-31 09:46:29', '2018-05-31 09:46:29', NULL),
(19, 24, 154, '2018-05-31 09:46:29', '2018-05-31 09:46:29', NULL),
(20, 25, 154, '2018-05-31 09:46:29', '2018-05-31 09:46:29', NULL),
(21, 26, 154, '2018-05-31 09:46:29', '2018-05-31 09:46:29', NULL),
(22, 27, 154, '2018-05-31 09:46:29', '2018-05-31 09:46:29', NULL),
(23, 28, 154, '2018-05-31 09:46:29', '2018-05-31 09:46:29', NULL),
(24, 29, 154, '2018-05-31 09:46:29', '2018-05-31 09:46:29', NULL),
(25, 30, 154, '2018-05-31 09:46:29', '2018-05-31 09:46:29', NULL),
(26, 31, 154, '2018-05-31 09:46:29', '2018-05-31 09:46:29', NULL),
(27, 32, 154, '2018-05-31 09:46:29', '2018-05-31 09:46:29', NULL),
(28, 33, 154, '2018-05-31 09:46:29', '2018-05-31 09:46:29', NULL),
(29, 34, 154, '2018-05-31 09:46:29', '2018-05-31 09:46:29', NULL),
(30, 35, 154, '2018-05-31 09:46:29', '2018-05-31 09:46:29', NULL),
(31, 36, 154, '2018-05-31 09:46:29', '2018-05-31 09:46:29', NULL),
(32, 37, 154, '2018-05-31 09:46:29', '2018-05-31 09:46:29', NULL),
(33, 38, 154, '2018-05-31 09:46:29', '2018-05-31 09:46:29', NULL),
(34, 39, 154, '2018-05-31 09:46:29', '2018-05-31 09:46:29', NULL),
(35, 40, 154, '2018-05-31 09:46:29', '2018-05-31 09:46:29', NULL),
(36, 41, 154, '2018-05-31 09:46:29', '2018-05-31 09:46:29', NULL),
(37, 42, 154, '2018-05-31 09:46:29', '2018-05-31 09:46:29', NULL),
(38, 43, 154, '2018-05-31 09:46:29', '2018-05-31 09:46:29', NULL),
(39, 44, 154, '2018-05-31 09:46:29', '2018-05-31 09:46:29', NULL),
(40, 45, 154, '2018-05-31 09:46:29', '2018-05-31 09:46:29', NULL),
(41, 46, 154, '2018-05-31 09:46:29', '2018-05-31 09:46:29', NULL),
(42, 47, 154, '2018-05-31 09:46:29', '2018-05-31 09:46:29', NULL),
(43, 48, 154, '2018-05-31 09:46:29', '2018-05-31 09:46:29', NULL),
(44, 49, 154, '2018-05-31 09:46:29', '2018-05-31 09:46:29', NULL),
(45, 50, 154, '2018-05-31 09:46:29', '2018-05-31 09:46:29', NULL),
(46, 51, 154, '2018-05-31 09:46:29', '2018-05-31 09:46:29', NULL),
(47, 52, 154, '2018-05-31 09:46:29', '2018-05-31 09:46:29', NULL),
(48, 53, 154, '2018-05-31 09:46:29', '2018-05-31 09:46:29', NULL),
(49, 54, 154, '2018-05-31 09:46:29', '2018-05-31 09:46:29', NULL),
(50, 55, 154, '2018-05-31 09:46:29', '2018-05-31 09:46:29', NULL),
(51, 56, 154, '2018-05-31 09:46:29', '2018-05-31 09:46:29', NULL),
(52, 57, 154, '2018-05-31 09:46:29', '2018-05-31 09:46:29', NULL),
(53, 58, 154, '2018-05-31 09:46:29', '2018-05-31 09:46:29', NULL),
(54, 59, 154, '2018-05-31 09:46:29', '2018-05-31 09:46:29', NULL),
(55, 60, 154, '2018-05-31 09:46:29', '2018-05-31 09:46:29', NULL),
(56, 61, 154, '2018-05-31 09:46:29', '2018-05-31 09:46:29', NULL),
(57, 62, 154, '2018-05-31 09:46:29', '2018-05-31 09:46:29', NULL),
(58, 63, 154, '2018-05-31 09:46:29', '2018-05-31 09:46:29', NULL),
(59, 64, 154, '2018-05-31 09:46:29', '2018-05-31 09:46:29', NULL),
(60, 65, 154, '2018-05-31 09:46:29', '2018-05-31 09:46:29', NULL),
(61, 66, 154, '2018-05-31 09:46:29', '2018-05-31 09:46:29', NULL),
(62, 67, 154, '2018-05-31 09:46:29', '2018-05-31 09:46:29', NULL),
(63, 68, 154, '2018-05-31 09:46:29', '2018-05-31 09:46:29', NULL),
(64, 69, 154, '2018-05-31 09:46:29', '2018-05-31 09:46:29', NULL),
(65, 70, 154, '2018-05-31 09:46:29', '2018-05-31 09:46:29', NULL),
(66, 71, 154, '2018-05-31 09:46:29', '2018-05-31 09:46:29', NULL),
(67, 72, 154, '2018-05-31 09:46:29', '2018-05-31 09:46:29', NULL),
(68, 73, 154, '2018-05-31 09:46:29', '2018-05-31 09:46:29', NULL),
(69, 74, 154, '2018-05-31 09:46:29', '2018-05-31 09:46:29', NULL),
(70, 75, 154, '2018-05-31 09:46:29', '2018-05-31 09:46:29', NULL),
(71, 76, 154, '2018-05-31 09:46:29', '2018-05-31 09:46:29', NULL),
(72, 77, 154, '2018-05-31 09:46:29', '2018-05-31 09:46:29', NULL),
(73, 78, 154, '2018-05-31 09:46:29', '2018-05-31 09:46:29', NULL),
(74, 79, 154, '2018-05-31 09:46:29', '2018-05-31 09:46:29', NULL),
(75, 80, 154, '2018-05-31 09:46:29', '2018-05-31 09:46:29', NULL),
(76, 81, 154, '2018-05-31 09:46:29', '2018-05-31 09:46:29', NULL),
(77, 82, 154, '2018-05-31 09:46:29', '2018-05-31 09:46:29', NULL),
(78, 83, 154, '2018-05-31 09:46:29', '2018-05-31 09:46:29', NULL),
(79, 84, 154, '2018-05-31 09:46:29', '2018-05-31 09:46:29', NULL),
(80, 85, 154, '2018-05-31 09:46:29', '2018-05-31 09:46:29', NULL),
(81, 86, 154, '2018-05-31 09:46:29', '2018-05-31 09:46:29', NULL),
(82, 87, 154, '2018-05-31 09:46:29', '2018-05-31 09:46:29', NULL),
(83, 88, 154, '2018-05-31 09:46:29', '2018-05-31 09:46:29', NULL),
(84, 89, 154, '2018-05-31 09:46:29', '2018-05-31 09:46:29', NULL),
(85, 90, 154, '2018-05-31 09:46:29', '2018-05-31 09:46:29', NULL),
(86, 91, 154, '2018-05-31 09:46:29', '2018-05-31 09:46:29', NULL),
(87, 92, 154, '2018-05-31 09:46:29', '2018-05-31 09:46:29', NULL),
(88, 93, 154, '2018-05-31 09:46:29', '2018-05-31 09:46:29', NULL),
(89, 94, 154, '2018-05-31 09:46:29', '2018-05-31 09:46:29', NULL),
(90, 95, 154, '2018-05-31 09:46:29', '2018-05-31 09:46:29', NULL),
(91, 96, 154, '2018-05-31 09:46:29', '2018-05-31 09:46:29', NULL),
(92, 97, 154, '2018-05-31 09:46:29', '2018-05-31 09:46:29', NULL),
(93, 98, 154, '2018-05-31 09:46:29', '2018-05-31 09:46:29', NULL),
(94, 99, 154, '2018-05-31 09:46:29', '2018-05-31 09:46:29', NULL),
(95, 100, 154, '2018-05-31 09:46:29', '2018-05-31 09:46:29', NULL),
(96, 101, 154, '2018-05-31 09:46:29', '2018-05-31 09:46:29', NULL),
(97, 102, 154, '2018-05-31 09:46:29', '2018-05-31 09:46:29', NULL),
(98, 103, 154, '2018-05-31 09:46:29', '2018-05-31 09:46:29', NULL),
(99, 104, 154, '2018-05-31 09:46:29', '2018-05-31 09:46:29', NULL),
(100, 105, 154, '2018-05-31 09:46:29', '2018-05-31 09:46:29', NULL),
(101, 106, 154, '2018-05-31 09:46:29', '2018-05-31 09:46:29', NULL),
(102, 107, 154, '2018-05-31 09:46:29', '2018-05-31 09:46:29', NULL),
(103, 108, 154, '2018-05-31 09:46:29', '2018-05-31 09:46:29', NULL),
(104, 109, 154, '2018-05-31 09:46:29', '2018-05-31 09:46:29', NULL),
(105, 110, 154, '2018-05-31 09:46:29', '2018-05-31 09:46:29', NULL),
(106, 111, 154, '2018-05-31 09:46:29', '2018-05-31 09:46:29', NULL),
(107, 112, 154, '2018-05-31 09:46:29', '2018-05-31 09:46:29', NULL),
(108, 113, 154, '2018-05-31 09:46:29', '2018-05-31 09:46:29', NULL),
(109, 114, 154, '2018-05-31 09:46:29', '2018-05-31 09:46:29', NULL),
(110, 115, 154, '2018-05-31 09:46:29', '2018-05-31 09:46:29', NULL),
(111, 116, 154, '2018-05-31 09:46:29', '2018-05-31 09:46:29', NULL),
(112, 117, 154, '2018-05-31 09:46:29', '2018-05-31 09:46:29', NULL),
(113, 118, 154, '2018-05-31 09:46:29', '2018-05-31 09:46:29', NULL),
(114, 119, 154, '2018-05-31 09:46:29', '2018-05-31 09:46:29', NULL),
(115, 120, 154, '2018-05-31 09:46:29', '2018-05-31 09:46:29', NULL),
(116, 121, 154, '2018-05-31 09:46:30', '2018-05-31 09:46:30', NULL),
(117, 122, 154, '2018-05-31 09:46:30', '2018-05-31 09:46:30', NULL),
(118, 123, 154, '2018-05-31 09:46:30', '2018-05-31 09:46:30', NULL),
(119, 124, 154, '2018-05-31 09:46:30', '2018-05-31 09:46:30', NULL),
(120, 125, 154, '2018-05-31 09:46:30', '2018-05-31 09:46:30', NULL),
(121, 126, 154, '2018-05-31 09:46:30', '2018-05-31 09:46:30', NULL),
(122, 127, 154, '2018-05-31 09:46:30', '2018-05-31 09:46:30', NULL),
(123, 128, 154, '2018-05-31 09:46:30', '2018-05-31 09:46:30', NULL),
(124, 129, 154, '2018-05-31 09:46:30', '2018-05-31 09:46:30', NULL),
(125, 130, 154, '2018-05-31 09:46:30', '2018-05-31 09:46:30', NULL),
(126, 131, 154, '2018-05-31 09:46:30', '2018-05-31 09:46:30', NULL),
(127, 132, 154, '2018-05-31 09:46:30', '2018-05-31 09:46:30', NULL),
(128, 133, 154, '2018-05-31 09:46:30', '2018-05-31 09:46:30', NULL),
(129, 134, 154, '2018-05-31 09:46:30', '2018-05-31 09:46:30', NULL),
(130, 135, 154, '2018-05-31 09:46:30', '2018-05-31 09:46:30', NULL),
(131, 136, 154, '2018-05-31 09:46:30', '2018-05-31 09:46:30', NULL),
(132, 137, 154, '2018-05-31 09:46:30', '2018-05-31 09:46:30', NULL),
(133, 138, 154, '2018-05-31 09:46:30', '2018-05-31 09:46:30', NULL),
(134, 139, 154, '2018-05-31 09:46:30', '2018-05-31 09:46:30', NULL),
(135, 140, 154, '2018-05-31 09:46:30', '2018-05-31 09:46:30', NULL),
(136, 141, 154, '2018-05-31 09:46:30', '2018-05-31 09:46:30', NULL),
(137, 142, 154, '2018-05-31 09:46:30', '2018-05-31 09:46:30', NULL),
(138, 143, 154, '2018-05-31 09:46:30', '2018-05-31 09:46:30', NULL),
(139, 144, 154, '2018-05-31 09:46:30', '2018-05-31 09:46:30', NULL),
(140, 145, 154, '2018-05-31 09:46:30', '2018-05-31 09:46:30', NULL),
(141, 146, 154, '2018-05-31 09:46:30', '2018-05-31 09:46:30', NULL),
(142, 147, 154, '2018-05-31 09:46:30', '2018-05-31 09:46:30', NULL),
(143, 148, 154, '2018-05-31 09:46:30', '2018-05-31 09:46:30', NULL),
(144, 149, 154, '2018-05-31 09:46:30', '2018-05-31 09:46:30', NULL),
(145, 150, 154, '2018-05-31 09:46:30', '2018-05-31 09:46:30', NULL),
(146, 151, 154, '2018-05-31 09:46:30', '2018-05-31 09:46:30', NULL),
(147, 152, 154, '2018-05-31 09:46:30', '2018-05-31 09:46:30', NULL),
(148, 153, 154, '2018-05-31 09:46:30', '2018-05-31 09:46:30', NULL),
(149, 154, 154, '2018-05-31 09:46:30', '2018-05-31 09:46:30', NULL),
(150, 155, 154, '2018-05-31 09:46:30', '2018-05-31 09:46:30', NULL),
(151, 156, 154, '2018-05-31 09:46:30', '2018-05-31 09:46:30', NULL),
(152, 157, 154, '2018-05-31 09:46:30', '2018-05-31 09:46:30', NULL),
(153, 158, 154, '2018-05-31 09:46:30', '2018-05-31 09:46:30', NULL),
(154, 159, 154, '2018-05-31 09:46:30', '2018-05-31 09:46:30', NULL),
(155, 160, 154, '2018-05-31 09:46:30', '2018-05-31 09:46:30', NULL),
(156, 161, 154, '2018-05-31 09:46:30', '2018-05-31 09:46:30', NULL),
(157, 162, 154, '2018-05-31 09:46:30', '2018-05-31 09:46:30', NULL),
(158, 163, 154, '2018-05-31 09:46:30', '2018-05-31 09:46:30', NULL),
(159, 164, 154, '2018-05-31 09:46:30', '2018-05-31 09:46:30', NULL),
(160, 165, 154, '2018-05-31 09:46:30', '2018-05-31 09:46:30', NULL),
(161, 166, 154, '2018-05-31 09:46:30', '2018-05-31 09:46:30', NULL),
(162, 167, 154, '2018-05-31 09:46:30', '2018-05-31 09:46:30', NULL),
(163, 168, 154, '2018-05-31 09:46:30', '2018-05-31 09:46:30', NULL),
(164, 169, 154, '2018-05-31 09:46:30', '2018-05-31 09:46:30', NULL),
(165, 170, 154, '2018-05-31 09:46:30', '2018-05-31 09:46:30', NULL),
(166, 171, 154, '2018-05-31 09:46:30', '2018-05-31 09:46:30', NULL),
(167, 172, 154, '2018-05-31 09:46:30', '2018-05-31 09:46:30', NULL),
(168, 173, 154, '2018-05-31 09:46:30', '2018-05-31 09:46:30', NULL),
(169, 174, 154, '2018-05-31 09:46:30', '2018-05-31 09:46:30', NULL),
(170, 175, 154, '2018-05-31 09:46:30', '2018-05-31 09:46:30', NULL),
(171, 176, 154, '2018-05-31 09:46:30', '2018-05-31 09:46:30', NULL),
(172, 177, 154, '2018-05-31 09:46:30', '2018-05-31 09:46:30', NULL),
(173, 178, 154, '2018-05-31 09:46:30', '2018-05-31 09:46:30', NULL),
(174, 179, 154, '2018-05-31 09:46:30', '2018-05-31 09:46:30', NULL),
(175, 180, 154, '2018-05-31 09:46:30', '2018-05-31 09:46:30', NULL),
(176, 181, 154, '2018-05-31 09:46:30', '2018-05-31 09:46:30', NULL),
(177, 182, 154, '2018-05-31 09:46:30', '2018-05-31 09:46:30', NULL),
(178, 183, 154, '2018-05-31 09:46:30', '2018-05-31 09:46:30', NULL),
(179, 184, 154, '2018-05-31 09:46:30', '2018-05-31 09:46:30', NULL),
(180, 185, 154, '2018-05-31 09:46:30', '2018-05-31 09:46:30', NULL),
(181, 186, 154, '2018-05-31 09:46:30', '2018-05-31 09:46:30', NULL),
(182, 187, 154, '2018-05-31 09:46:30', '2018-05-31 09:46:30', NULL),
(183, 188, 154, '2018-05-31 09:46:30', '2018-05-31 09:46:30', NULL),
(184, 189, 154, '2018-05-31 09:46:30', '2018-05-31 09:46:30', NULL),
(185, 190, 154, '2018-05-31 09:46:30', '2018-05-31 09:46:30', NULL),
(186, 191, 154, '2018-05-31 09:46:30', '2018-05-31 09:46:30', NULL),
(187, 192, 154, '2018-05-31 09:46:30', '2018-05-31 09:46:30', NULL),
(188, 193, 154, '2018-05-31 09:46:30', '2018-05-31 09:46:30', NULL),
(189, 194, 154, '2018-05-31 09:46:30', '2018-05-31 09:46:30', NULL),
(190, 195, 154, '2018-05-31 09:46:30', '2018-05-31 09:46:30', NULL),
(191, 196, 154, '2018-05-31 09:46:30', '2018-05-31 09:46:30', NULL),
(192, 197, 154, '2018-05-31 09:46:30', '2018-05-31 09:46:30', NULL),
(193, 198, 154, '2018-05-31 09:46:30', '2018-05-31 09:46:30', NULL),
(194, 199, 154, '2018-05-31 09:46:30', '2018-05-31 09:46:30', NULL),
(195, 200, 154, '2018-05-31 09:46:30', '2018-05-31 09:46:30', NULL),
(196, 201, 154, '2018-05-31 09:46:30', '2018-05-31 09:46:30', NULL),
(197, 202, 154, '2018-05-31 09:46:30', '2018-05-31 09:46:30', NULL),
(198, 203, 154, '2018-05-31 09:46:30', '2018-05-31 09:46:30', NULL),
(199, 204, 154, '2018-05-31 09:46:30', '2018-05-31 09:46:30', NULL),
(200, 205, 154, '2018-05-31 09:46:30', '2018-05-31 09:46:30', NULL),
(201, 206, 154, '2018-05-31 09:46:30', '2018-05-31 09:46:30', NULL),
(202, 207, 154, '2018-05-31 09:46:30', '2018-05-31 09:46:30', NULL),
(203, 208, 154, '2018-05-31 09:46:30', '2018-05-31 09:46:30', NULL),
(204, 209, 154, '2018-05-31 09:46:30', '2018-05-31 09:46:30', NULL),
(205, 210, 154, '2018-05-31 09:46:30', '2018-05-31 09:46:30', NULL),
(206, 211, 154, '2018-05-31 09:46:30', '2018-05-31 09:46:30', NULL),
(207, 212, 154, '2018-05-31 09:46:30', '2018-05-31 09:46:30', NULL),
(208, 213, 154, '2018-05-31 09:46:30', '2018-05-31 09:46:30', NULL),
(209, 214, 154, '2018-05-31 09:46:30', '2018-05-31 09:46:30', NULL),
(210, 215, 154, '2018-05-31 09:46:30', '2018-05-31 09:46:30', NULL),
(211, 216, 154, '2018-05-31 09:46:30', '2018-05-31 09:46:30', NULL),
(212, 217, 154, '2018-05-31 09:46:30', '2018-05-31 09:46:30', NULL),
(213, 218, 154, '2018-05-31 09:46:30', '2018-05-31 09:46:30', NULL),
(214, 219, 154, '2018-05-31 09:46:30', '2018-05-31 09:46:30', NULL),
(215, 220, 154, '2018-05-31 09:46:30', '2018-05-31 09:46:30', NULL),
(216, 221, 154, '2018-05-31 09:46:30', '2018-05-31 09:46:30', NULL),
(217, 222, 154, '2018-05-31 09:46:30', '2018-05-31 09:46:30', NULL),
(218, 223, 154, '2018-05-31 09:46:30', '2018-05-31 09:46:30', NULL),
(219, 224, 154, '2018-05-31 09:46:30', '2018-05-31 09:46:30', NULL),
(220, 225, 154, '2018-05-31 09:46:30', '2018-05-31 09:46:30', NULL),
(221, 226, 154, '2018-05-31 09:46:30', '2018-05-31 09:46:30', NULL),
(222, 227, 154, '2018-05-31 09:46:30', '2018-05-31 09:46:30', NULL),
(223, 228, 154, '2018-05-31 09:46:30', '2018-05-31 09:46:30', NULL),
(224, 229, 154, '2018-05-31 09:46:30', '2018-05-31 09:46:30', NULL),
(225, 230, 154, '2018-05-31 09:46:30', '2018-05-31 09:46:30', NULL),
(226, 231, 154, '2018-05-31 09:46:30', '2018-05-31 09:46:30', NULL),
(227, 232, 154, '2018-05-31 09:46:30', '2018-05-31 09:46:30', NULL),
(228, 233, 154, '2018-05-31 09:46:30', '2018-05-31 09:46:30', NULL),
(229, 234, 154, '2018-05-31 09:46:30', '2018-05-31 09:46:30', NULL),
(230, 235, 154, '2018-05-31 09:46:30', '2018-05-31 09:46:30', NULL),
(231, 236, 154, '2018-05-31 09:46:30', '2018-05-31 09:46:30', NULL),
(232, 237, 154, '2018-05-31 09:46:30', '2018-05-31 09:46:30', NULL),
(233, 238, 154, '2018-05-31 09:46:30', '2018-05-31 09:46:30', NULL),
(234, 239, 154, '2018-05-31 09:46:30', '2018-05-31 09:46:30', NULL),
(235, 240, 154, '2018-05-31 09:46:30', '2018-05-31 09:46:30', NULL),
(236, 241, 154, '2018-05-31 09:46:30', '2018-05-31 09:46:30', NULL),
(237, 242, 154, '2018-05-31 09:46:30', '2018-05-31 09:46:30', NULL),
(238, 243, 154, '2018-05-31 09:46:30', '2018-05-31 09:46:30', NULL),
(239, 244, 154, '2018-05-31 09:46:30', '2018-05-31 09:46:30', NULL),
(240, 245, 154, '2018-05-31 09:46:30', '2018-05-31 09:46:30', NULL),
(241, 246, 154, '2018-05-31 09:46:30', '2018-05-31 09:46:30', NULL),
(242, 247, 154, '2018-05-31 09:46:30', '2018-05-31 09:46:30', NULL),
(243, 248, 154, '2018-05-31 09:46:30', '2018-05-31 09:46:30', NULL),
(244, 249, 154, '2018-05-31 09:46:30', '2018-05-31 09:46:30', NULL),
(245, 250, 154, '2018-05-31 09:46:30', '2018-05-31 09:46:30', NULL),
(246, 251, 154, '2018-05-31 09:46:30', '2018-05-31 09:46:30', NULL),
(247, 252, 154, '2018-05-31 09:46:30', '2018-05-31 09:46:30', NULL),
(248, 253, 154, '2018-05-31 09:46:30', '2018-05-31 09:46:30', NULL),
(249, 254, 154, '2018-05-31 09:46:30', '2018-05-31 09:46:30', NULL),
(250, 255, 154, '2018-05-31 09:46:30', '2018-05-31 09:46:30', NULL),
(251, 256, 154, '2018-05-31 09:46:30', '2018-05-31 09:46:30', NULL),
(252, 257, 154, '2018-05-31 09:46:30', '2018-05-31 09:46:30', NULL),
(253, 258, 154, '2018-05-31 09:46:30', '2018-05-31 09:46:30', NULL),
(254, 259, 154, '2018-05-31 09:46:30', '2018-05-31 09:46:30', NULL),
(255, 260, 154, '2018-05-31 09:46:30', '2018-05-31 09:46:30', NULL),
(256, 261, 154, '2018-05-31 09:46:30', '2018-05-31 09:46:30', NULL),
(257, 262, 154, '2018-05-31 09:46:30', '2018-05-31 09:46:30', NULL),
(258, 263, 154, '2018-05-31 09:46:30', '2018-05-31 09:46:30', NULL),
(259, 264, 154, '2018-05-31 09:46:30', '2018-05-31 09:46:30', NULL),
(260, 265, 154, '2018-05-31 09:46:30', '2018-05-31 09:46:30', NULL),
(261, 266, 154, '2018-05-31 09:46:30', '2018-05-31 09:46:30', NULL),
(262, 267, 154, '2018-05-31 09:46:30', '2018-05-31 09:46:30', NULL),
(263, 268, 154, '2018-05-31 09:46:30', '2018-05-31 09:46:30', NULL),
(264, 269, 154, '2018-05-31 09:46:30', '2018-05-31 09:46:30', NULL),
(265, 270, 154, '2018-05-31 09:46:31', '2018-05-31 09:46:31', NULL),
(266, 271, 154, '2018-05-31 09:46:31', '2018-05-31 09:46:31', NULL),
(267, 272, 154, '2018-05-31 09:46:31', '2018-05-31 09:46:31', NULL),
(268, 273, 154, '2018-05-31 09:46:31', '2018-05-31 09:46:31', NULL),
(269, 274, 154, '2018-05-31 09:46:31', '2018-05-31 09:46:31', NULL),
(270, 275, 154, '2018-05-31 09:46:31', '2018-05-31 09:46:31', NULL),
(271, 276, 154, '2018-05-31 09:46:31', '2018-05-31 09:46:31', NULL),
(272, 277, 154, '2018-05-31 09:46:31', '2018-05-31 09:46:31', NULL),
(273, 278, 154, '2018-05-31 09:46:31', '2018-05-31 09:46:31', NULL),
(274, 279, 154, '2018-05-31 09:46:31', '2018-05-31 09:46:31', NULL),
(275, 280, 154, '2018-05-31 09:46:31', '2018-05-31 09:46:31', NULL),
(276, 281, 154, '2018-05-31 09:46:31', '2018-05-31 09:46:31', NULL),
(277, 282, 154, '2018-05-31 09:46:31', '2018-05-31 09:46:31', NULL),
(278, 283, 154, '2018-05-31 09:46:31', '2018-05-31 09:46:31', NULL),
(279, 284, 154, '2018-05-31 09:46:31', '2018-05-31 09:46:31', NULL),
(280, 285, 154, '2018-05-31 09:46:31', '2018-05-31 09:46:31', NULL),
(281, 286, 154, '2018-05-31 09:46:31', '2018-05-31 09:46:31', NULL),
(282, 287, 154, '2018-05-31 09:46:31', '2018-05-31 09:46:31', NULL),
(283, 288, 154, '2018-05-31 09:46:31', '2018-05-31 09:46:31', NULL),
(284, 289, 154, '2018-05-31 09:46:31', '2018-05-31 09:46:31', NULL),
(285, 290, 154, '2018-05-31 09:46:31', '2018-05-31 09:46:31', NULL),
(286, 291, 154, '2018-05-31 09:46:31', '2018-05-31 09:46:31', NULL),
(287, 292, 154, '2018-05-31 09:46:31', '2018-05-31 09:46:31', NULL),
(288, 293, 154, '2018-05-31 09:46:31', '2018-05-31 09:46:31', NULL),
(289, 294, 154, '2018-05-31 09:46:31', '2018-05-31 09:46:31', NULL),
(290, 295, 154, '2018-05-31 09:46:31', '2018-05-31 09:46:31', NULL),
(291, 296, 154, '2018-05-31 09:46:31', '2018-05-31 09:46:31', NULL),
(292, 297, 154, '2018-05-31 09:46:31', '2018-05-31 09:46:31', NULL),
(293, 298, 154, '2018-05-31 09:46:31', '2018-05-31 09:46:31', NULL),
(294, 299, 154, '2018-05-31 09:46:31', '2018-05-31 09:46:31', NULL),
(295, 300, 154, '2018-05-31 09:46:31', '2018-05-31 09:46:31', NULL),
(296, 301, 154, '2018-05-31 09:46:31', '2018-05-31 09:46:31', NULL),
(297, 302, 154, '2018-05-31 09:46:31', '2018-05-31 09:46:31', NULL),
(298, 303, 154, '2018-05-31 09:46:31', '2018-05-31 09:46:31', NULL),
(299, 304, 154, '2018-05-31 09:46:31', '2018-05-31 09:46:31', NULL),
(300, 305, 154, '2018-05-31 09:46:31', '2018-05-31 09:46:31', NULL),
(301, 306, 154, '2018-05-31 09:46:31', '2018-05-31 09:46:31', NULL),
(302, 307, 154, '2018-05-31 09:46:31', '2018-05-31 09:46:31', NULL),
(303, 308, 154, '2018-05-31 09:46:31', '2018-05-31 09:46:31', NULL),
(304, 309, 154, '2018-05-31 09:46:31', '2018-05-31 09:46:31', NULL),
(305, 310, 154, '2018-05-31 09:46:31', '2018-05-31 09:46:31', NULL),
(306, 311, 154, '2018-05-31 09:46:31', '2018-05-31 09:46:31', NULL),
(307, 312, 154, '2018-05-31 09:46:31', '2018-05-31 09:46:31', NULL),
(308, 313, 154, '2018-05-31 09:46:31', '2018-05-31 09:46:31', NULL),
(309, 314, 154, '2018-05-31 09:46:31', '2018-05-31 09:46:31', NULL),
(310, 315, 154, '2018-05-31 09:46:31', '2018-05-31 09:46:31', NULL),
(311, 316, 154, '2018-05-31 09:46:31', '2018-05-31 09:46:31', NULL),
(312, 317, 154, '2018-05-31 09:46:31', '2018-05-31 09:46:31', NULL),
(313, 318, 154, '2018-05-31 09:46:31', '2018-05-31 09:46:31', NULL),
(314, 319, 154, '2018-05-31 09:46:31', '2018-05-31 09:46:31', NULL),
(315, 320, 154, '2018-05-31 09:46:31', '2018-05-31 09:46:31', NULL),
(316, 321, 154, '2018-05-31 09:46:31', '2018-05-31 09:46:31', NULL),
(317, 322, 154, '2018-05-31 09:46:31', '2018-05-31 09:46:31', NULL),
(318, 323, 154, '2018-05-31 09:46:31', '2018-05-31 09:46:31', NULL),
(319, 324, 154, '2018-05-31 09:46:31', '2018-05-31 09:46:31', NULL),
(320, 325, 154, '2018-05-31 09:46:31', '2018-05-31 09:46:31', NULL),
(321, 326, 154, '2018-05-31 09:46:31', '2018-05-31 09:46:31', NULL),
(322, 327, 154, '2018-05-31 09:46:31', '2018-05-31 09:46:31', NULL),
(323, 328, 154, '2018-05-31 09:46:31', '2018-05-31 09:46:31', NULL),
(324, 329, 154, '2018-05-31 09:46:31', '2018-05-31 09:46:31', NULL),
(325, 330, 154, '2018-05-31 09:46:31', '2018-05-31 09:46:31', NULL),
(326, 331, 154, '2018-05-31 09:46:31', '2018-05-31 09:46:31', NULL),
(327, 332, 154, '2018-05-31 09:46:31', '2018-05-31 09:46:31', NULL),
(328, 333, 154, '2018-05-31 09:46:31', '2018-05-31 09:46:31', NULL),
(329, 334, 154, '2018-05-31 09:46:31', '2018-05-31 09:46:31', NULL),
(330, 335, 154, '2018-05-31 09:46:31', '2018-05-31 09:46:31', NULL),
(331, 336, 154, '2018-05-31 09:46:31', '2018-05-31 09:46:31', NULL),
(332, 337, 154, '2018-05-31 09:46:31', '2018-05-31 09:46:31', NULL),
(333, 338, 154, '2018-05-31 09:46:31', '2018-05-31 09:46:31', NULL),
(334, 339, 154, '2018-05-31 09:46:31', '2018-05-31 09:46:31', NULL),
(335, 340, 154, '2018-05-31 09:46:31', '2018-05-31 09:46:31', NULL),
(336, 341, 154, '2018-05-31 09:46:31', '2018-05-31 09:46:31', NULL),
(337, 342, 154, '2018-05-31 09:46:31', '2018-05-31 09:46:31', NULL),
(338, 343, 154, '2018-05-31 09:46:31', '2018-05-31 09:46:31', NULL),
(339, 344, 154, '2018-05-31 09:46:31', '2018-05-31 09:46:31', NULL),
(340, 345, 154, '2018-05-31 09:46:31', '2018-05-31 09:46:31', NULL),
(341, 346, 154, '2018-05-31 09:46:31', '2018-05-31 09:46:31', NULL),
(342, 347, 154, '2018-05-31 09:46:31', '2018-05-31 09:46:31', NULL),
(343, 348, 154, '2018-05-31 09:46:31', '2018-05-31 09:46:31', NULL),
(344, 349, 154, '2018-05-31 09:46:31', '2018-05-31 09:46:31', NULL),
(345, 350, 154, '2018-05-31 09:46:31', '2018-05-31 09:46:31', NULL),
(346, 351, 154, '2018-05-31 09:46:31', '2018-05-31 09:46:31', NULL),
(347, 352, 154, '2018-05-31 09:46:31', '2018-05-31 09:46:31', NULL),
(348, 353, 154, '2018-05-31 09:46:31', '2018-05-31 09:46:31', NULL),
(349, 354, 154, '2018-05-31 09:46:31', '2018-05-31 09:46:31', NULL),
(350, 355, 154, '2018-05-31 09:46:31', '2018-05-31 09:46:31', NULL),
(351, 356, 154, '2018-05-31 09:46:31', '2018-05-31 09:46:31', NULL),
(352, 357, 154, '2018-05-31 09:46:31', '2018-05-31 09:46:31', NULL),
(353, 358, 154, '2018-05-31 09:46:31', '2018-05-31 09:46:31', NULL),
(354, 359, 154, '2018-05-31 09:46:31', '2018-05-31 09:46:31', NULL),
(355, 360, 154, '2018-05-31 09:46:31', '2018-05-31 09:46:31', NULL),
(356, 361, 154, '2018-05-31 09:46:31', '2018-05-31 09:46:31', NULL),
(357, 362, 154, '2018-05-31 09:46:31', '2018-05-31 09:46:31', NULL),
(358, 363, 154, '2018-05-31 09:46:31', '2018-05-31 09:46:31', NULL),
(359, 364, 154, '2018-05-31 09:46:31', '2018-05-31 09:46:31', NULL),
(360, 365, 154, '2018-05-31 09:46:31', '2018-05-31 09:46:31', NULL),
(361, 366, 154, '2018-05-31 09:46:31', '2018-05-31 09:46:31', NULL),
(362, 367, 154, '2018-05-31 09:46:31', '2018-05-31 09:46:31', NULL),
(363, 368, 154, '2018-05-31 09:46:31', '2018-05-31 09:46:31', NULL),
(364, 369, 154, '2018-05-31 09:46:31', '2018-05-31 09:46:31', NULL),
(365, 370, 154, '2018-05-31 09:46:31', '2018-05-31 09:46:31', NULL),
(366, 371, 154, '2018-05-31 09:46:31', '2018-05-31 09:46:31', NULL),
(367, 372, 154, '2018-05-31 09:46:31', '2018-05-31 09:46:31', NULL),
(368, 373, 154, '2018-05-31 09:46:31', '2018-05-31 09:46:31', NULL),
(369, 374, 154, '2018-05-31 09:46:31', '2018-05-31 09:46:31', NULL),
(370, 375, 154, '2018-05-31 09:46:31', '2018-05-31 09:46:31', NULL),
(371, 376, 154, '2018-05-31 09:46:31', '2018-05-31 09:46:31', NULL),
(372, 377, 154, '2018-05-31 09:46:31', '2018-05-31 09:46:31', NULL),
(373, 378, 154, '2018-05-31 09:46:31', '2018-05-31 09:46:31', NULL),
(374, 379, 154, '2018-05-31 09:46:31', '2018-05-31 09:46:31', NULL),
(375, 380, 154, '2018-05-31 09:46:31', '2018-05-31 09:46:31', NULL),
(376, 381, 154, '2018-05-31 09:46:31', '2018-05-31 09:46:31', NULL),
(377, 382, 154, '2018-05-31 09:46:31', '2018-05-31 09:46:31', NULL),
(378, 383, 154, '2018-05-31 09:46:31', '2018-05-31 09:46:31', NULL),
(379, 384, 154, '2018-05-31 09:46:31', '2018-05-31 09:46:31', NULL),
(380, 385, 154, '2018-05-31 09:46:31', '2018-05-31 09:46:31', NULL),
(381, 386, 154, '2018-05-31 09:46:31', '2018-05-31 09:46:31', NULL),
(382, 387, 154, '2018-05-31 09:46:31', '2018-05-31 09:46:31', NULL),
(383, 388, 154, '2018-05-31 09:46:31', '2018-05-31 09:46:31', NULL),
(384, 389, 154, '2018-05-31 09:46:31', '2018-05-31 09:46:31', NULL),
(385, 390, 154, '2018-05-31 09:46:31', '2018-05-31 09:46:31', NULL),
(386, 391, 154, '2018-05-31 09:46:31', '2018-05-31 09:46:31', NULL),
(387, 392, 154, '2018-05-31 09:46:31', '2018-05-31 09:46:31', NULL),
(388, 393, 154, '2018-05-31 09:46:31', '2018-05-31 09:46:31', NULL),
(389, 394, 154, '2018-05-31 09:46:31', '2018-05-31 09:46:31', NULL),
(390, 395, 154, '2018-05-31 09:46:31', '2018-05-31 09:46:31', NULL),
(391, 396, 154, '2018-05-31 09:46:31', '2018-05-31 09:46:31', NULL),
(392, 397, 154, '2018-05-31 09:46:31', '2018-05-31 09:46:31', NULL),
(393, 398, 154, '2018-05-31 09:46:31', '2018-05-31 09:46:31', NULL),
(394, 399, 154, '2018-05-31 09:46:31', '2018-05-31 09:46:31', NULL),
(395, 400, 154, '2018-05-31 09:46:31', '2018-05-31 09:46:31', NULL),
(396, 401, 154, '2018-05-31 09:46:31', '2018-05-31 09:46:31', NULL),
(397, 402, 154, '2018-05-31 09:46:31', '2018-05-31 09:46:31', NULL),
(398, 403, 154, '2018-05-31 09:46:31', '2018-05-31 09:46:31', NULL),
(399, 404, 154, '2018-05-31 09:46:31', '2018-05-31 09:46:31', NULL),
(400, 405, 154, '2018-05-31 09:46:31', '2018-05-31 09:46:31', NULL),
(401, 406, 154, '2018-05-31 09:46:31', '2018-05-31 09:46:31', NULL),
(402, 407, 154, '2018-05-31 09:46:31', '2018-05-31 09:46:31', NULL),
(403, 408, 154, '2018-05-31 09:46:31', '2018-05-31 09:46:31', NULL),
(404, 409, 154, '2018-05-31 09:46:31', '2018-05-31 09:46:31', NULL),
(405, 410, 154, '2018-05-31 09:46:31', '2018-05-31 09:46:31', NULL),
(406, 411, 154, '2018-05-31 09:46:31', '2018-05-31 09:46:31', NULL),
(407, 412, 154, '2018-05-31 09:46:31', '2018-05-31 09:46:31', NULL),
(408, 413, 154, '2018-05-31 09:46:31', '2018-05-31 09:46:31', NULL),
(409, 414, 154, '2018-05-31 09:46:31', '2018-05-31 09:46:31', NULL),
(410, 415, 154, '2018-05-31 09:46:31', '2018-05-31 09:46:31', NULL),
(411, 416, 154, '2018-05-31 09:46:31', '2018-05-31 09:46:31', NULL),
(412, 417, 154, '2018-05-31 09:46:31', '2018-05-31 09:46:31', NULL),
(413, 418, 154, '2018-05-31 09:46:32', '2018-05-31 09:46:32', NULL),
(414, 419, 154, '2018-05-31 09:46:32', '2018-05-31 09:46:32', NULL),
(415, 420, 154, '2018-05-31 09:46:32', '2018-05-31 09:46:32', NULL),
(416, 421, 154, '2018-05-31 09:46:32', '2018-05-31 09:46:32', NULL),
(417, 422, 154, '2018-05-31 09:46:32', '2018-05-31 09:46:32', NULL),
(418, 423, 154, '2018-05-31 09:46:32', '2018-05-31 09:46:32', NULL),
(419, 424, 154, '2018-05-31 09:46:32', '2018-05-31 09:46:32', NULL),
(420, 425, 154, '2018-05-31 09:46:32', '2018-05-31 09:46:32', NULL),
(421, 426, 154, '2018-05-31 09:46:32', '2018-05-31 09:46:32', NULL),
(422, 427, 154, '2018-05-31 09:46:32', '2018-05-31 09:46:32', NULL),
(423, 428, 154, '2018-05-31 09:46:32', '2018-05-31 09:46:32', NULL),
(424, 429, 154, '2018-05-31 09:46:32', '2018-05-31 09:46:32', NULL),
(425, 430, 154, '2018-05-31 09:46:32', '2018-05-31 09:46:32', NULL),
(426, 431, 154, '2018-05-31 09:46:32', '2018-05-31 09:46:32', NULL),
(427, 432, 154, '2018-05-31 09:46:32', '2018-05-31 09:46:32', NULL),
(428, 433, 154, '2018-05-31 09:46:32', '2018-05-31 09:46:32', NULL),
(429, 434, 154, '2018-05-31 09:46:32', '2018-05-31 09:46:32', NULL),
(430, 435, 154, '2018-05-31 09:46:32', '2018-05-31 09:46:32', NULL),
(431, 436, 154, '2018-05-31 09:46:32', '2018-05-31 09:46:32', NULL),
(432, 437, 154, '2018-05-31 09:46:32', '2018-05-31 09:46:32', NULL),
(433, 438, 154, '2018-05-31 09:46:32', '2018-05-31 09:46:32', NULL),
(434, 439, 154, '2018-05-31 09:46:32', '2018-05-31 09:46:32', NULL),
(435, 440, 154, '2018-05-31 09:46:32', '2018-05-31 09:46:32', NULL),
(436, 441, 154, '2018-05-31 09:46:32', '2018-05-31 09:46:32', NULL),
(437, 442, 154, '2018-05-31 09:46:32', '2018-05-31 09:46:32', NULL),
(438, 443, 154, '2018-05-31 09:46:32', '2018-05-31 09:46:32', NULL),
(439, 444, 154, '2018-05-31 09:46:32', '2018-05-31 09:46:32', NULL),
(440, 445, 154, '2018-05-31 09:46:32', '2018-05-31 09:46:32', NULL),
(441, 446, 154, '2018-05-31 09:46:32', '2018-05-31 09:46:32', NULL),
(442, 447, 154, '2018-05-31 09:46:32', '2018-05-31 09:46:32', NULL),
(443, 448, 154, '2018-05-31 09:46:32', '2018-05-31 09:46:32', NULL),
(444, 449, 154, '2018-05-31 09:46:32', '2018-05-31 09:46:32', NULL),
(445, 450, 154, '2018-05-31 09:46:32', '2018-05-31 09:46:32', NULL),
(446, 451, 154, '2018-05-31 09:46:32', '2018-05-31 09:46:32', NULL),
(447, 452, 154, '2018-05-31 09:46:32', '2018-05-31 09:46:32', NULL),
(448, 453, 154, '2018-05-31 09:46:32', '2018-05-31 09:46:32', NULL),
(449, 454, 154, '2018-05-31 09:46:32', '2018-05-31 09:46:32', NULL),
(450, 455, 154, '2018-05-31 09:46:32', '2018-05-31 09:46:32', NULL),
(451, 456, 154, '2018-05-31 09:46:32', '2018-05-31 09:46:32', NULL),
(452, 457, 154, '2018-05-31 09:46:32', '2018-05-31 09:46:32', NULL),
(453, 458, 154, '2018-05-31 09:46:32', '2018-05-31 09:46:32', NULL),
(454, 459, 154, '2018-05-31 09:46:32', '2018-05-31 09:46:32', NULL),
(455, 460, 154, '2018-05-31 09:46:32', '2018-05-31 09:46:32', NULL),
(456, 461, 154, '2018-05-31 09:46:32', '2018-05-31 09:46:32', NULL),
(457, 462, 154, '2018-05-31 09:46:32', '2018-05-31 09:46:32', NULL),
(458, 463, 154, '2018-05-31 09:46:32', '2018-05-31 09:46:32', NULL),
(459, 464, 154, '2018-05-31 09:46:32', '2018-05-31 09:46:32', NULL),
(460, 465, 154, '2018-05-31 09:46:32', '2018-05-31 09:46:32', NULL),
(461, 466, 154, '2018-05-31 09:46:32', '2018-05-31 09:46:32', NULL),
(462, 467, 154, '2018-05-31 09:46:32', '2018-05-31 09:46:32', NULL),
(463, 468, 154, '2018-05-31 09:46:32', '2018-05-31 09:46:32', NULL),
(464, 469, 154, '2018-05-31 09:46:32', '2018-05-31 09:46:32', NULL),
(465, 470, 154, '2018-05-31 09:46:32', '2018-05-31 09:46:32', NULL),
(466, 471, 154, '2018-05-31 09:46:32', '2018-05-31 09:46:32', NULL),
(467, 472, 154, '2018-05-31 09:46:32', '2018-05-31 09:46:32', NULL),
(468, 473, 154, '2018-05-31 09:46:32', '2018-05-31 09:46:32', NULL),
(469, 474, 154, '2018-05-31 09:46:32', '2018-05-31 09:46:32', NULL),
(470, 475, 154, '2018-05-31 09:46:32', '2018-05-31 09:46:32', NULL),
(471, 476, 154, '2018-05-31 09:46:32', '2018-05-31 09:46:32', NULL),
(472, 477, 154, '2018-05-31 09:46:32', '2018-05-31 09:46:32', NULL),
(473, 478, 154, '2018-05-31 09:46:32', '2018-05-31 09:46:32', NULL),
(474, 479, 154, '2018-05-31 09:46:32', '2018-05-31 09:46:32', NULL),
(475, 480, 154, '2018-05-31 09:46:32', '2018-05-31 09:46:32', NULL),
(476, 481, 154, '2018-05-31 09:46:32', '2018-05-31 09:46:32', NULL),
(477, 482, 154, '2018-05-31 09:46:32', '2018-05-31 09:46:32', NULL),
(478, 483, 154, '2018-05-31 09:46:32', '2018-05-31 09:46:32', NULL),
(479, 484, 154, '2018-05-31 09:46:32', '2018-05-31 09:46:32', NULL),
(480, 485, 154, '2018-05-31 09:46:32', '2018-05-31 09:46:32', NULL),
(481, 486, 154, '2018-05-31 09:46:32', '2018-05-31 09:46:32', NULL),
(482, 487, 154, '2018-05-31 09:46:32', '2018-05-31 09:46:32', NULL),
(483, 488, 154, '2018-05-31 09:46:32', '2018-05-31 09:46:32', NULL),
(484, 489, 154, '2018-05-31 09:46:32', '2018-05-31 09:46:32', NULL),
(485, 490, 154, '2018-05-31 09:46:32', '2018-05-31 09:46:32', NULL),
(486, 491, 154, '2018-05-31 09:46:32', '2018-05-31 09:46:32', NULL),
(487, 492, 154, '2018-05-31 09:46:32', '2018-05-31 09:46:32', NULL),
(488, 493, 154, '2018-05-31 09:46:32', '2018-05-31 09:46:32', NULL),
(489, 494, 154, '2018-05-31 09:46:32', '2018-05-31 09:46:32', NULL),
(490, 495, 154, '2018-05-31 09:46:32', '2018-05-31 09:46:32', NULL),
(491, 496, 154, '2018-05-31 09:46:32', '2018-05-31 09:46:32', NULL),
(492, 497, 154, '2018-05-31 09:46:32', '2018-05-31 09:46:32', NULL),
(493, 498, 154, '2018-05-31 09:46:32', '2018-05-31 09:46:32', NULL),
(494, 499, 154, '2018-05-31 09:46:32', '2018-05-31 09:46:32', NULL),
(495, 500, 154, '2018-05-31 09:46:32', '2018-05-31 09:46:32', NULL),
(496, 501, 154, '2018-05-31 09:46:32', '2018-05-31 09:46:32', NULL),
(497, 502, 154, '2018-05-31 09:46:32', '2018-05-31 09:46:32', NULL),
(498, 503, 154, '2018-05-31 09:46:32', '2018-05-31 09:46:32', NULL),
(499, 504, 154, '2018-05-31 09:46:32', '2018-05-31 09:46:32', NULL),
(500, 505, 154, '2018-05-31 09:46:32', '2018-05-31 09:46:32', NULL),
(501, 506, 154, '2018-05-31 09:46:32', '2018-05-31 09:46:32', NULL),
(502, 507, 154, '2018-05-31 09:46:32', '2018-05-31 09:46:32', NULL),
(503, 508, 154, '2018-05-31 09:46:32', '2018-05-31 09:46:32', NULL),
(504, 509, 154, '2018-05-31 09:46:32', '2018-05-31 09:46:32', NULL),
(505, 510, 154, '2018-05-31 09:46:32', '2018-05-31 09:46:32', NULL),
(506, 511, 154, '2018-05-31 09:46:32', '2018-05-31 09:46:32', NULL),
(507, 512, 154, '2018-05-31 09:46:32', '2018-05-31 09:46:32', NULL),
(508, 513, 154, '2018-05-31 09:46:32', '2018-05-31 09:46:32', NULL),
(509, 514, 154, '2018-05-31 09:46:32', '2018-05-31 09:46:32', NULL),
(510, 515, 154, '2018-05-31 09:46:32', '2018-05-31 09:46:32', NULL),
(511, 516, 154, '2018-05-31 09:46:32', '2018-05-31 09:46:32', NULL),
(512, 517, 154, '2018-05-31 09:46:32', '2018-05-31 09:46:32', NULL),
(513, 518, 154, '2018-05-31 09:46:32', '2018-05-31 09:46:32', NULL),
(514, 519, 154, '2018-05-31 09:46:32', '2018-05-31 09:46:32', NULL),
(515, 520, 154, '2018-05-31 09:46:32', '2018-05-31 09:46:32', NULL),
(516, 521, 154, '2018-05-31 09:46:32', '2018-05-31 09:46:32', NULL),
(517, 522, 154, '2018-05-31 09:46:32', '2018-05-31 09:46:32', NULL),
(518, 523, 154, '2018-05-31 09:46:32', '2018-05-31 09:46:32', NULL),
(519, 524, 154, '2018-05-31 09:46:32', '2018-05-31 09:46:32', NULL),
(520, 525, 154, '2018-05-31 09:46:32', '2018-05-31 09:46:32', NULL),
(521, 526, 154, '2018-05-31 09:46:32', '2018-05-31 09:46:32', NULL),
(522, 527, 154, '2018-05-31 09:46:32', '2018-05-31 09:46:32', NULL),
(523, 528, 154, '2018-05-31 09:46:32', '2018-05-31 09:46:32', NULL),
(524, 529, 154, '2018-05-31 09:46:32', '2018-05-31 09:46:32', NULL),
(525, 530, 154, '2018-05-31 09:46:32', '2018-05-31 09:46:32', NULL),
(526, 531, 154, '2018-05-31 09:46:32', '2018-05-31 09:46:32', NULL),
(527, 532, 154, '2018-05-31 09:46:32', '2018-05-31 09:46:32', NULL),
(528, 533, 154, '2018-05-31 09:46:32', '2018-05-31 09:46:32', NULL),
(529, 534, 154, '2018-05-31 09:46:32', '2018-05-31 09:46:32', NULL),
(530, 535, 154, '2018-05-31 09:46:32', '2018-05-31 09:46:32', NULL),
(531, 536, 154, '2018-05-31 09:46:32', '2018-05-31 09:46:32', NULL),
(532, 537, 154, '2018-05-31 09:46:32', '2018-05-31 09:46:32', NULL),
(533, 538, 154, '2018-05-31 09:46:32', '2018-05-31 09:46:32', NULL),
(534, 539, 154, '2018-05-31 09:46:32', '2018-05-31 09:46:32', NULL),
(535, 540, 154, '2018-05-31 09:46:32', '2018-05-31 09:46:32', NULL),
(536, 541, 154, '2018-05-31 09:46:32', '2018-05-31 09:46:32', NULL),
(537, 542, 154, '2018-05-31 09:46:32', '2018-05-31 09:46:32', NULL),
(538, 543, 154, '2018-05-31 09:46:32', '2018-05-31 09:46:32', NULL),
(539, 544, 154, '2018-05-31 09:46:32', '2018-05-31 09:46:32', NULL),
(540, 545, 154, '2018-05-31 09:46:32', '2018-05-31 09:46:32', NULL),
(541, 546, 154, '2018-05-31 09:46:32', '2018-05-31 09:46:32', NULL),
(542, 547, 154, '2018-05-31 09:46:32', '2018-05-31 09:46:32', NULL),
(543, 548, 154, '2018-05-31 09:46:32', '2018-05-31 09:46:32', NULL),
(544, 549, 154, '2018-05-31 09:46:32', '2018-05-31 09:46:32', NULL),
(545, 550, 154, '2018-05-31 09:46:32', '2018-05-31 09:46:32', NULL),
(546, 551, 154, '2018-05-31 09:46:32', '2018-05-31 09:46:32', NULL),
(547, 552, 154, '2018-05-31 09:46:32', '2018-05-31 09:46:32', NULL),
(548, 553, 154, '2018-05-31 09:46:32', '2018-05-31 09:46:32', NULL),
(549, 554, 154, '2018-05-31 09:46:32', '2018-05-31 09:46:32', NULL),
(550, 555, 154, '2018-05-31 09:46:32', '2018-05-31 09:46:32', NULL),
(551, 556, 154, '2018-05-31 09:46:32', '2018-05-31 09:46:32', NULL),
(552, 557, 154, '2018-05-31 09:46:32', '2018-05-31 09:46:32', NULL),
(553, 558, 154, '2018-05-31 09:46:32', '2018-05-31 09:46:32', NULL),
(554, 559, 154, '2018-05-31 09:46:32', '2018-05-31 09:46:32', NULL),
(555, 560, 154, '2018-05-31 09:46:32', '2018-05-31 09:46:32', NULL),
(556, 561, 154, '2018-05-31 09:46:32', '2018-05-31 09:46:32', NULL),
(557, 562, 154, '2018-05-31 09:46:32', '2018-05-31 09:46:32', NULL),
(558, 563, 154, '2018-05-31 09:46:32', '2018-05-31 09:46:32', NULL),
(559, 564, 154, '2018-05-31 09:46:33', '2018-05-31 09:46:33', NULL),
(560, 565, 154, '2018-05-31 09:46:33', '2018-05-31 09:46:33', NULL),
(561, 566, 154, '2018-05-31 09:46:33', '2018-05-31 09:46:33', NULL),
(562, 567, 154, '2018-05-31 09:46:33', '2018-05-31 09:46:33', NULL),
(563, 568, 154, '2018-05-31 09:46:33', '2018-05-31 09:46:33', NULL),
(564, 569, 154, '2018-05-31 09:46:33', '2018-05-31 09:46:33', NULL),
(565, 570, 154, '2018-05-31 09:46:33', '2018-05-31 09:46:33', NULL),
(566, 571, 154, '2018-05-31 09:46:33', '2018-05-31 09:46:33', NULL),
(567, 572, 154, '2018-05-31 09:46:33', '2018-05-31 09:46:33', NULL),
(568, 573, 154, '2018-05-31 09:46:33', '2018-05-31 09:46:33', NULL),
(569, 574, 154, '2018-05-31 09:46:33', '2018-05-31 09:46:33', NULL),
(570, 575, 154, '2018-05-31 09:46:33', '2018-05-31 09:46:33', NULL),
(571, 576, 154, '2018-05-31 09:46:33', '2018-05-31 09:46:33', NULL),
(572, 577, 154, '2018-05-31 09:46:33', '2018-05-31 09:46:33', NULL),
(573, 578, 154, '2018-05-31 09:46:33', '2018-05-31 09:46:33', NULL),
(574, 579, 154, '2018-05-31 09:46:33', '2018-05-31 09:46:33', NULL),
(575, 580, 154, '2018-05-31 09:46:33', '2018-05-31 09:46:33', NULL),
(576, 581, 154, '2018-05-31 09:46:33', '2018-05-31 09:46:33', NULL),
(577, 582, 154, '2018-05-31 09:46:33', '2018-05-31 09:46:33', NULL),
(578, 583, 154, '2018-05-31 09:46:33', '2018-05-31 09:46:33', NULL),
(579, 584, 154, '2018-05-31 09:46:33', '2018-05-31 09:46:33', NULL),
(580, 585, 154, '2018-05-31 09:46:33', '2018-05-31 09:46:33', NULL),
(581, 586, 154, '2018-05-31 09:46:33', '2018-05-31 09:46:33', NULL),
(582, 587, 154, '2018-05-31 09:46:33', '2018-05-31 09:46:33', NULL),
(583, 588, 154, '2018-05-31 09:46:33', '2018-05-31 09:46:33', NULL),
(584, 589, 154, '2018-05-31 09:46:33', '2018-05-31 09:46:33', NULL),
(585, 590, 154, '2018-05-31 09:46:33', '2018-05-31 09:46:33', NULL),
(586, 591, 154, '2018-05-31 09:46:33', '2018-05-31 09:46:33', NULL),
(587, 592, 154, '2018-05-31 09:46:33', '2018-05-31 09:46:33', NULL),
(588, 593, 154, '2018-05-31 09:46:33', '2018-05-31 09:46:33', NULL),
(589, 594, 154, '2018-05-31 09:46:33', '2018-05-31 09:46:33', NULL),
(590, 595, 154, '2018-05-31 09:46:33', '2018-05-31 09:46:33', NULL),
(591, 596, 154, '2018-05-31 09:46:33', '2018-05-31 09:46:33', NULL),
(592, 597, 154, '2018-05-31 09:46:33', '2018-05-31 09:46:33', NULL),
(593, 598, 154, '2018-05-31 09:46:33', '2018-05-31 09:46:33', NULL),
(594, 599, 154, '2018-05-31 09:46:33', '2018-05-31 09:46:33', NULL),
(595, 600, 154, '2018-05-31 09:46:33', '2018-05-31 09:46:33', NULL),
(596, 601, 154, '2018-05-31 09:46:33', '2018-05-31 09:46:33', NULL),
(597, 602, 154, '2018-05-31 09:46:33', '2018-05-31 09:46:33', NULL),
(598, 603, 154, '2018-05-31 09:46:33', '2018-05-31 09:46:33', NULL),
(599, 604, 154, '2018-05-31 09:46:33', '2018-05-31 09:46:33', NULL),
(600, 605, 154, '2018-05-31 09:46:33', '2018-05-31 09:46:33', NULL),
(601, 606, 154, '2018-05-31 09:46:33', '2018-05-31 09:46:33', NULL),
(602, 607, 154, '2018-05-31 09:46:33', '2018-05-31 09:46:33', NULL),
(603, 608, 154, '2018-05-31 09:46:33', '2018-05-31 09:46:33', NULL),
(604, 609, 154, '2018-05-31 09:46:33', '2018-05-31 09:46:33', NULL),
(605, 610, 154, '2018-05-31 09:46:33', '2018-05-31 09:46:33', NULL),
(606, 611, 154, '2018-05-31 09:46:33', '2018-05-31 09:46:33', NULL),
(607, 612, 154, '2018-05-31 09:46:33', '2018-05-31 09:46:33', NULL),
(608, 613, 154, '2018-05-31 09:46:33', '2018-05-31 09:46:33', NULL),
(609, 614, 154, '2018-05-31 09:46:33', '2018-05-31 09:46:33', NULL),
(610, 615, 154, '2018-05-31 09:46:33', '2018-05-31 09:46:33', NULL),
(611, 616, 154, '2018-05-31 09:46:33', '2018-05-31 09:46:33', NULL),
(612, 617, 154, '2018-05-31 09:46:33', '2018-05-31 09:46:33', NULL),
(613, 618, 154, '2018-05-31 09:46:33', '2018-05-31 09:46:33', NULL),
(614, 619, 154, '2018-05-31 09:46:33', '2018-05-31 09:46:33', NULL),
(615, 620, 154, '2018-05-31 09:46:33', '2018-05-31 09:46:33', NULL),
(616, 621, 154, '2018-05-31 09:46:33', '2018-05-31 09:46:33', NULL),
(617, 622, 154, '2018-05-31 09:46:33', '2018-05-31 09:46:33', NULL),
(618, 623, 154, '2018-05-31 09:46:33', '2018-05-31 09:46:33', NULL),
(619, 624, 154, '2018-05-31 09:46:33', '2018-05-31 09:46:33', NULL),
(620, 625, 154, '2018-05-31 09:46:33', '2018-05-31 09:46:33', NULL),
(621, 626, 154, '2018-05-31 09:46:33', '2018-05-31 09:46:33', NULL),
(622, 627, 154, '2018-05-31 09:46:33', '2018-05-31 09:46:33', NULL),
(623, 628, 154, '2018-05-31 09:46:33', '2018-05-31 09:46:33', NULL),
(624, 629, 154, '2018-05-31 09:46:33', '2018-05-31 09:46:33', NULL),
(625, 630, 154, '2018-05-31 09:46:33', '2018-05-31 09:46:33', NULL),
(626, 631, 154, '2018-05-31 09:46:33', '2018-05-31 09:46:33', NULL),
(627, 632, 154, '2018-05-31 09:46:33', '2018-05-31 09:46:33', NULL),
(628, 633, 154, '2018-05-31 09:46:33', '2018-05-31 09:46:33', NULL),
(629, 634, 154, '2018-05-31 09:46:33', '2018-05-31 09:46:33', NULL),
(630, 635, 154, '2018-05-31 09:46:33', '2018-05-31 09:46:33', NULL),
(631, 636, 154, '2018-05-31 09:46:33', '2018-05-31 09:46:33', NULL),
(632, 637, 154, '2018-05-31 09:46:33', '2018-05-31 09:46:33', NULL),
(633, 638, 154, '2018-05-31 09:46:33', '2018-05-31 09:46:33', NULL),
(634, 639, 154, '2018-05-31 09:46:33', '2018-05-31 09:46:33', NULL),
(635, 640, 154, '2018-05-31 09:46:33', '2018-05-31 09:46:33', NULL),
(636, 641, 154, '2018-05-31 09:46:33', '2018-05-31 09:46:33', NULL),
(637, 642, 154, '2018-05-31 09:46:33', '2018-05-31 09:46:33', NULL),
(638, 643, 154, '2018-05-31 09:46:33', '2018-05-31 09:46:33', NULL),
(639, 644, 154, '2018-05-31 09:46:33', '2018-05-31 09:46:33', NULL),
(640, 645, 154, '2018-05-31 09:46:33', '2018-05-31 09:46:33', NULL),
(641, 646, 154, '2018-05-31 09:46:33', '2018-05-31 09:46:33', NULL),
(642, 647, 154, '2018-05-31 09:46:33', '2018-05-31 09:46:33', NULL),
(643, 648, 154, '2018-05-31 09:46:33', '2018-05-31 09:46:33', NULL),
(644, 649, 154, '2018-05-31 09:46:33', '2018-05-31 09:46:33', NULL),
(645, 650, 154, '2018-05-31 09:46:33', '2018-05-31 09:46:33', NULL),
(646, 651, 154, '2018-05-31 09:46:33', '2018-05-31 09:46:33', NULL),
(647, 652, 154, '2018-05-31 09:46:33', '2018-05-31 09:46:33', NULL),
(648, 653, 154, '2018-05-31 09:46:33', '2018-05-31 09:46:33', NULL),
(649, 654, 154, '2018-05-31 09:46:33', '2018-05-31 09:46:33', NULL),
(650, 655, 154, '2018-05-31 09:46:33', '2018-05-31 09:46:33', NULL),
(651, 656, 154, '2018-05-31 09:46:33', '2018-05-31 09:46:33', NULL),
(652, 657, 154, '2018-05-31 09:46:33', '2018-05-31 09:46:33', NULL),
(653, 658, 154, '2018-05-31 09:46:33', '2018-05-31 09:46:33', NULL),
(654, 659, 154, '2018-05-31 09:46:33', '2018-05-31 09:46:33', NULL),
(655, 660, 154, '2018-05-31 09:46:33', '2018-05-31 09:46:33', NULL),
(656, 661, 154, '2018-05-31 09:46:33', '2018-05-31 09:46:33', NULL),
(657, 662, 154, '2018-05-31 09:46:33', '2018-05-31 09:46:33', NULL),
(658, 663, 154, '2018-05-31 09:46:33', '2018-05-31 09:46:33', NULL),
(659, 664, 154, '2018-05-31 09:46:33', '2018-05-31 09:46:33', NULL),
(660, 665, 154, '2018-05-31 09:46:33', '2018-05-31 09:46:33', NULL),
(661, 666, 154, '2018-05-31 09:46:33', '2018-05-31 09:46:33', NULL),
(662, 667, 154, '2018-05-31 09:46:33', '2018-05-31 09:46:33', NULL),
(663, 668, 154, '2018-05-31 09:46:33', '2018-05-31 09:46:33', NULL),
(664, 669, 154, '2018-05-31 09:46:33', '2018-05-31 09:46:33', NULL),
(665, 670, 154, '2018-05-31 09:46:33', '2018-05-31 09:46:33', NULL),
(666, 671, 154, '2018-05-31 09:46:33', '2018-05-31 09:46:33', NULL),
(667, 672, 154, '2018-05-31 09:46:33', '2018-05-31 09:46:33', NULL),
(668, 673, 154, '2018-05-31 09:46:33', '2018-05-31 09:46:33', NULL),
(669, 674, 154, '2018-05-31 09:46:33', '2018-05-31 09:46:33', NULL),
(670, 675, 154, '2018-05-31 09:46:33', '2018-05-31 09:46:33', NULL),
(671, 676, 154, '2018-05-31 09:46:33', '2018-05-31 09:46:33', NULL),
(672, 677, 154, '2018-05-31 09:46:33', '2018-05-31 09:46:33', NULL),
(673, 678, 154, '2018-05-31 09:46:33', '2018-05-31 09:46:33', NULL),
(674, 679, 154, '2018-05-31 09:46:33', '2018-05-31 09:46:33', NULL),
(675, 680, 154, '2018-05-31 09:46:33', '2018-05-31 09:46:33', NULL),
(676, 681, 154, '2018-05-31 09:46:33', '2018-05-31 09:46:33', NULL),
(677, 682, 154, '2018-05-31 09:46:33', '2018-05-31 09:46:33', NULL),
(678, 683, 154, '2018-05-31 09:46:33', '2018-05-31 09:46:33', NULL),
(679, 684, 154, '2018-05-31 09:46:33', '2018-05-31 09:46:33', NULL),
(680, 685, 154, '2018-05-31 09:46:33', '2018-05-31 09:46:33', NULL),
(681, 686, 154, '2018-05-31 09:46:33', '2018-05-31 09:46:33', NULL),
(682, 687, 154, '2018-05-31 09:46:33', '2018-05-31 09:46:33', NULL),
(683, 688, 154, '2018-05-31 09:46:33', '2018-05-31 09:46:33', NULL),
(684, 689, 154, '2018-05-31 09:46:33', '2018-05-31 09:46:33', NULL),
(685, 690, 154, '2018-05-31 09:46:33', '2018-05-31 09:46:33', NULL),
(686, 691, 154, '2018-05-31 09:46:33', '2018-05-31 09:46:33', NULL),
(687, 692, 154, '2018-05-31 09:46:33', '2018-05-31 09:46:33', NULL),
(688, 693, 154, '2018-05-31 09:46:33', '2018-05-31 09:46:33', NULL),
(689, 694, 154, '2018-05-31 09:46:33', '2018-05-31 09:46:33', NULL),
(690, 695, 154, '2018-05-31 09:46:33', '2018-05-31 09:46:33', NULL),
(691, 696, 154, '2018-05-31 09:46:33', '2018-05-31 09:46:33', NULL),
(692, 697, 154, '2018-05-31 09:46:33', '2018-05-31 09:46:33', NULL),
(693, 698, 154, '2018-05-31 09:46:33', '2018-05-31 09:46:33', NULL),
(694, 699, 154, '2018-05-31 09:46:33', '2018-05-31 09:46:33', NULL),
(695, 700, 154, '2018-05-31 09:46:33', '2018-05-31 09:46:33', NULL),
(696, 701, 154, '2018-05-31 09:46:33', '2018-05-31 09:46:33', NULL),
(697, 702, 154, '2018-05-31 09:46:33', '2018-05-31 09:46:33', NULL),
(698, 703, 154, '2018-05-31 09:46:33', '2018-05-31 09:46:33', NULL),
(699, 704, 154, '2018-05-31 09:46:33', '2018-05-31 09:46:33', NULL),
(700, 705, 154, '2018-05-31 09:46:33', '2018-05-31 09:46:33', NULL),
(701, 706, 154, '2018-05-31 09:46:33', '2018-05-31 09:46:33', NULL),
(702, 707, 154, '2018-05-31 09:46:33', '2018-05-31 09:46:33', NULL),
(703, 708, 154, '2018-05-31 09:46:33', '2018-05-31 09:46:33', NULL),
(704, 709, 154, '2018-05-31 09:46:33', '2018-05-31 09:46:33', NULL),
(705, 710, 154, '2018-05-31 09:46:34', '2018-05-31 09:46:34', NULL),
(706, 711, 154, '2018-05-31 09:46:34', '2018-05-31 09:46:34', NULL),
(707, 712, 154, '2018-05-31 09:46:34', '2018-05-31 09:46:34', NULL),
(708, 713, 154, '2018-05-31 09:46:34', '2018-05-31 09:46:34', NULL),
(709, 714, 154, '2018-05-31 09:46:34', '2018-05-31 09:46:34', NULL),
(710, 715, 154, '2018-05-31 09:46:34', '2018-05-31 09:46:34', NULL),
(711, 716, 154, '2018-05-31 09:46:34', '2018-05-31 09:46:34', NULL),
(712, 717, 154, '2018-05-31 09:46:34', '2018-05-31 09:46:34', NULL),
(713, 718, 154, '2018-05-31 09:46:34', '2018-05-31 09:46:34', NULL),
(714, 719, 154, '2018-05-31 09:46:34', '2018-05-31 09:46:34', NULL),
(715, 720, 154, '2018-05-31 09:46:34', '2018-05-31 09:46:34', NULL),
(716, 721, 154, '2018-05-31 09:46:34', '2018-05-31 09:46:34', NULL),
(717, 722, 154, '2018-05-31 09:46:34', '2018-05-31 09:46:34', NULL),
(718, 723, 154, '2018-05-31 09:46:34', '2018-05-31 09:46:34', NULL),
(719, 724, 154, '2018-05-31 09:46:34', '2018-05-31 09:46:34', NULL),
(720, 725, 154, '2018-05-31 09:46:34', '2018-05-31 09:46:34', NULL),
(721, 726, 154, '2018-05-31 09:46:34', '2018-05-31 09:46:34', NULL),
(722, 727, 154, '2018-05-31 09:46:34', '2018-05-31 09:46:34', NULL),
(723, 728, 154, '2018-05-31 09:46:34', '2018-05-31 09:46:34', NULL),
(724, 729, 154, '2018-05-31 09:46:34', '2018-05-31 09:46:34', NULL),
(725, 730, 154, '2018-05-31 09:46:34', '2018-05-31 09:46:34', NULL),
(726, 731, 154, '2018-05-31 09:46:34', '2018-05-31 09:46:34', NULL),
(727, 732, 154, '2018-05-31 09:46:34', '2018-05-31 09:46:34', NULL),
(728, 733, 154, '2018-05-31 09:46:34', '2018-05-31 09:46:34', NULL),
(729, 734, 154, '2018-05-31 09:46:34', '2018-05-31 09:46:34', NULL),
(730, 735, 154, '2018-05-31 09:46:34', '2018-05-31 09:46:34', NULL),
(731, 736, 154, '2018-05-31 09:46:34', '2018-05-31 09:46:34', NULL),
(732, 737, 154, '2018-05-31 09:46:34', '2018-05-31 09:46:34', NULL),
(733, 738, 154, '2018-05-31 09:46:34', '2018-05-31 09:46:34', NULL),
(734, 739, 154, '2018-05-31 09:46:34', '2018-05-31 09:46:34', NULL),
(735, 740, 154, '2018-05-31 09:46:34', '2018-05-31 09:46:34', NULL),
(736, 741, 154, '2018-05-31 09:46:34', '2018-05-31 09:46:34', NULL),
(737, 742, 154, '2018-05-31 09:46:34', '2018-05-31 09:46:34', NULL),
(738, 743, 154, '2018-05-31 09:46:34', '2018-05-31 09:46:34', NULL),
(739, 744, 154, '2018-05-31 09:46:34', '2018-05-31 09:46:34', NULL),
(740, 745, 154, '2018-05-31 09:46:34', '2018-05-31 09:46:34', NULL),
(741, 746, 154, '2018-05-31 09:46:34', '2018-05-31 09:46:34', NULL),
(742, 747, 154, '2018-05-31 09:46:34', '2018-05-31 09:46:34', NULL),
(743, 748, 154, '2018-05-31 09:46:34', '2018-05-31 09:46:34', NULL),
(744, 749, 154, '2018-05-31 09:46:34', '2018-05-31 09:46:34', NULL),
(745, 750, 154, '2018-05-31 09:46:34', '2018-05-31 09:46:34', NULL),
(746, 751, 154, '2018-05-31 09:46:34', '2018-05-31 09:46:34', NULL),
(747, 752, 154, '2018-05-31 09:46:34', '2018-05-31 09:46:34', NULL);
INSERT INTO `file_contact` (`id`, `contact_id`, `file_id`, `created_at`, `updated_at`, `deleted_at`) VALUES
(748, 753, 154, '2018-05-31 09:46:34', '2018-05-31 09:46:34', NULL),
(749, 754, 154, '2018-05-31 09:46:34', '2018-05-31 09:46:34', NULL),
(750, 755, 154, '2018-05-31 09:46:34', '2018-05-31 09:46:34', NULL),
(751, 756, 154, '2018-05-31 09:46:34', '2018-05-31 09:46:34', NULL),
(752, 757, 154, '2018-05-31 09:46:34', '2018-05-31 09:46:34', NULL),
(753, 758, 154, '2018-05-31 09:46:34', '2018-05-31 09:46:34', NULL),
(754, 759, 154, '2018-05-31 09:46:34', '2018-05-31 09:46:34', NULL),
(755, 760, 154, '2018-05-31 09:46:34', '2018-05-31 09:46:34', NULL),
(756, 761, 154, '2018-05-31 09:46:34', '2018-05-31 09:46:34', NULL),
(757, 762, 154, '2018-05-31 09:46:34', '2018-05-31 09:46:34', NULL),
(758, 763, 154, '2018-05-31 09:46:34', '2018-05-31 09:46:34', NULL),
(759, 764, 154, '2018-05-31 09:46:34', '2018-05-31 09:46:34', NULL),
(760, 765, 154, '2018-05-31 09:46:34', '2018-05-31 09:46:34', NULL),
(761, 766, 154, '2018-05-31 09:46:34', '2018-05-31 09:46:34', NULL),
(762, 767, 154, '2018-05-31 09:46:34', '2018-05-31 09:46:34', NULL),
(763, 768, 154, '2018-05-31 09:46:34', '2018-05-31 09:46:34', NULL),
(764, 769, 154, '2018-05-31 09:46:34', '2018-05-31 09:46:34', NULL),
(765, 770, 154, '2018-05-31 09:46:34', '2018-05-31 09:46:34', NULL),
(766, 771, 154, '2018-05-31 09:46:34', '2018-05-31 09:46:34', NULL),
(767, 772, 154, '2018-05-31 09:46:34', '2018-05-31 09:46:34', NULL),
(768, 773, 154, '2018-05-31 09:46:34', '2018-05-31 09:46:34', NULL),
(769, 774, 154, '2018-05-31 09:46:34', '2018-05-31 09:46:34', NULL),
(770, 775, 154, '2018-05-31 09:46:34', '2018-05-31 09:46:34', NULL),
(771, 776, 154, '2018-05-31 09:46:34', '2018-05-31 09:46:34', NULL),
(772, 777, 154, '2018-05-31 09:46:34', '2018-05-31 09:46:34', NULL),
(773, 778, 154, '2018-05-31 09:46:34', '2018-05-31 09:46:34', NULL),
(774, 779, 154, '2018-05-31 09:46:34', '2018-05-31 09:46:34', NULL),
(775, 780, 154, '2018-05-31 09:46:34', '2018-05-31 09:46:34', NULL),
(776, 781, 154, '2018-05-31 09:46:34', '2018-05-31 09:46:34', NULL),
(777, 782, 154, '2018-05-31 09:46:34', '2018-05-31 09:46:34', NULL),
(778, 783, 154, '2018-05-31 09:46:34', '2018-05-31 09:46:34', NULL),
(779, 784, 154, '2018-05-31 09:46:34', '2018-05-31 09:46:34', NULL),
(780, 785, 154, '2018-05-31 09:46:34', '2018-05-31 09:46:34', NULL),
(781, 786, 154, '2018-05-31 09:46:34', '2018-05-31 09:46:34', NULL),
(782, 787, 154, '2018-05-31 09:46:34', '2018-05-31 09:46:34', NULL),
(783, 788, 154, '2018-05-31 09:46:34', '2018-05-31 09:46:34', NULL),
(784, 789, 154, '2018-05-31 09:46:34', '2018-05-31 09:46:34', NULL),
(785, 790, 154, '2018-05-31 09:46:34', '2018-05-31 09:46:34', NULL),
(786, 791, 154, '2018-05-31 09:46:34', '2018-05-31 09:46:34', NULL),
(787, 792, 154, '2018-05-31 09:46:34', '2018-05-31 09:46:34', NULL),
(788, 793, 154, '2018-05-31 09:46:34', '2018-05-31 09:46:34', NULL),
(789, 794, 154, '2018-05-31 09:46:34', '2018-05-31 09:46:34', NULL),
(790, 795, 154, '2018-05-31 09:46:34', '2018-05-31 09:46:34', NULL),
(791, 796, 154, '2018-05-31 09:46:34', '2018-05-31 09:46:34', NULL),
(792, 797, 154, '2018-05-31 09:46:34', '2018-05-31 09:46:34', NULL),
(793, 798, 154, '2018-05-31 09:46:34', '2018-05-31 09:46:34', NULL),
(794, 799, 154, '2018-05-31 09:46:34', '2018-05-31 09:46:34', NULL),
(795, 800, 154, '2018-05-31 09:46:34', '2018-05-31 09:46:34', NULL),
(796, 801, 154, '2018-05-31 09:46:34', '2018-05-31 09:46:34', NULL),
(797, 802, 154, '2018-05-31 09:46:34', '2018-05-31 09:46:34', NULL),
(798, 803, 154, '2018-05-31 09:46:34', '2018-05-31 09:46:34', NULL),
(799, 804, 157, '2018-06-01 07:16:37', '2018-06-01 07:16:37', NULL),
(800, 805, 157, '2018-06-01 07:16:37', '2018-06-01 07:16:37', NULL),
(801, 806, 157, '2018-06-01 07:16:37', '2018-06-01 07:16:37', NULL),
(802, 807, 157, '2018-06-01 07:16:37', '2018-06-01 07:16:37', NULL),
(803, 808, 157, '2018-06-01 07:16:37', '2018-06-01 07:16:37', NULL),
(804, 809, 157, '2018-06-01 07:16:37', '2018-06-01 07:16:37', NULL),
(805, 1, 161, '2018-06-19 03:06:36', '2018-06-19 03:06:36', NULL),
(806, 2, 161, '2018-06-19 03:06:36', '2018-06-19 03:06:36', NULL),
(807, 3, 161, '2018-06-19 03:06:36', '2018-06-19 03:06:36', NULL),
(808, 4, 161, '2018-06-19 03:06:36', '2018-06-19 03:06:36', NULL),
(809, 5, 161, '2018-06-19 03:06:36', '2018-06-19 03:06:36', NULL),
(810, 6, 161, '2018-06-19 03:06:36', '2018-06-19 03:06:36', NULL),
(811, 7, 161, '2018-06-19 03:06:36', '2018-06-19 03:06:36', NULL),
(812, 8, 161, '2018-06-19 03:06:36', '2018-06-19 03:06:36', NULL),
(813, 9, 161, '2018-06-19 03:06:36', '2018-06-19 03:06:36', NULL),
(814, 10, 161, '2018-06-19 03:06:36', '2018-06-19 03:06:36', NULL),
(815, 11, 161, '2018-06-19 03:06:36', '2018-06-19 03:06:36', NULL),
(816, 12, 161, '2018-06-19 03:06:36', '2018-06-19 03:06:36', NULL),
(817, 13, 161, '2018-06-19 03:06:37', '2018-06-19 03:06:37', NULL),
(818, 14, 161, '2018-06-19 03:06:37', '2018-06-19 03:06:37', NULL),
(819, 15, 161, '2018-06-19 03:06:37', '2018-06-19 03:06:37', NULL),
(820, 16, 161, '2018-06-19 03:06:37', '2018-06-19 03:06:37', NULL),
(821, 17, 161, '2018-06-19 03:06:37', '2018-06-19 03:06:37', NULL),
(822, 18, 161, '2018-06-19 03:06:37', '2018-06-19 03:06:37', NULL),
(823, 19, 161, '2018-06-19 03:06:37', '2018-06-19 03:06:37', NULL),
(824, 20, 161, '2018-06-19 03:06:37', '2018-06-19 03:06:37', NULL),
(825, 21, 161, '2018-06-19 03:06:37', '2018-06-19 03:06:37', NULL),
(826, 22, 161, '2018-06-19 03:06:37', '2018-06-19 03:06:37', NULL),
(827, 23, 161, '2018-06-19 03:06:37', '2018-06-19 03:06:37', NULL),
(828, 24, 161, '2018-06-19 03:06:37', '2018-06-19 03:06:37', NULL),
(829, 25, 161, '2018-06-19 03:06:37', '2018-06-19 03:06:37', NULL),
(830, 26, 161, '2018-06-19 03:06:37', '2018-06-19 03:06:37', NULL),
(831, 27, 161, '2018-06-19 03:06:37', '2018-06-19 03:06:37', NULL),
(832, 28, 161, '2018-06-19 03:06:37', '2018-06-19 03:06:37', NULL),
(833, 29, 161, '2018-06-19 03:06:37', '2018-06-19 03:06:37', NULL),
(834, 30, 161, '2018-06-19 03:06:37', '2018-06-19 03:06:37', NULL),
(835, 31, 162, '2018-06-19 03:14:05', '2018-06-19 03:14:05', NULL),
(836, 32, 162, '2018-06-19 03:14:05', '2018-06-19 03:14:05', NULL),
(837, 33, 162, '2018-06-19 03:14:05', '2018-06-19 03:14:05', NULL),
(838, 34, 162, '2018-06-19 03:14:05', '2018-06-19 03:14:05', NULL),
(839, 35, 162, '2018-06-19 03:14:05', '2018-06-19 03:14:05', NULL),
(840, 36, 162, '2018-06-19 03:14:05', '2018-06-19 03:14:05', NULL),
(841, 37, 162, '2018-06-19 03:14:05', '2018-06-19 03:14:05', NULL),
(842, 38, 162, '2018-06-19 03:14:05', '2018-06-19 03:14:05', NULL),
(843, 39, 162, '2018-06-19 03:14:05', '2018-06-19 03:14:05', NULL),
(844, 40, 162, '2018-06-19 03:14:05', '2018-06-19 03:14:05', NULL),
(845, 41, 162, '2018-06-19 03:14:05', '2018-06-19 03:14:05', NULL),
(846, 42, 162, '2018-06-19 03:14:05', '2018-06-19 03:14:05', NULL),
(847, 43, 162, '2018-06-19 03:14:05', '2018-06-19 03:14:05', NULL),
(848, 44, 162, '2018-06-19 03:14:05', '2018-06-19 03:14:05', NULL),
(849, 45, 162, '2018-06-19 03:14:05', '2018-06-19 03:14:05', NULL),
(850, 46, 162, '2018-06-19 03:14:05', '2018-06-19 03:14:05', NULL),
(851, 47, 162, '2018-06-19 03:14:05', '2018-06-19 03:14:05', NULL),
(852, 48, 162, '2018-06-19 03:14:05', '2018-06-19 03:14:05', NULL),
(853, 49, 162, '2018-06-19 03:14:05', '2018-06-19 03:14:05', NULL),
(854, 50, 162, '2018-06-19 03:14:05', '2018-06-19 03:14:05', NULL),
(855, 51, 162, '2018-06-19 03:14:05', '2018-06-19 03:14:05', NULL),
(856, 52, 162, '2018-06-19 03:14:05', '2018-06-19 03:14:05', NULL),
(857, 53, 162, '2018-06-19 03:14:05', '2018-06-19 03:14:05', NULL),
(858, 54, 162, '2018-06-19 03:14:05', '2018-06-19 03:14:05', NULL),
(859, 55, 162, '2018-06-19 03:14:05', '2018-06-19 03:14:05', NULL),
(860, 56, 162, '2018-06-19 03:14:05', '2018-06-19 03:14:05', NULL),
(861, 57, 162, '2018-06-19 03:14:05', '2018-06-19 03:14:05', NULL),
(862, 58, 162, '2018-06-19 03:14:05', '2018-06-19 03:14:05', NULL),
(863, 59, 162, '2018-06-19 03:14:05', '2018-06-19 03:14:05', NULL),
(864, 60, 162, '2018-06-19 03:14:05', '2018-06-19 03:14:05', NULL),
(865, 61, 162, '2018-06-19 03:14:05', '2018-06-19 03:14:05', NULL),
(866, 62, 162, '2018-06-19 03:14:05', '2018-06-19 03:14:05', NULL),
(867, 63, 162, '2018-06-19 03:14:05', '2018-06-19 03:14:05', NULL),
(868, 64, 162, '2018-06-19 03:14:05', '2018-06-19 03:14:05', NULL),
(869, 65, 162, '2018-06-19 03:14:05', '2018-06-19 03:14:05', NULL),
(870, 66, 162, '2018-06-19 03:14:05', '2018-06-19 03:14:05', NULL),
(871, 67, 162, '2018-06-19 03:14:05', '2018-06-19 03:14:05', NULL),
(872, 68, 162, '2018-06-19 03:14:05', '2018-06-19 03:14:05', NULL),
(873, 69, 162, '2018-06-19 03:14:05', '2018-06-19 03:14:05', NULL),
(874, 70, 162, '2018-06-19 03:14:05', '2018-06-19 03:14:05', NULL),
(875, 71, 162, '2018-06-19 03:14:05', '2018-06-19 03:14:05', NULL),
(876, 72, 162, '2018-06-19 03:14:05', '2018-06-19 03:14:05', NULL),
(877, 73, 162, '2018-06-19 03:14:05', '2018-06-19 03:14:05', NULL),
(878, 74, 162, '2018-06-19 03:14:05', '2018-06-19 03:14:05', NULL),
(879, 75, 162, '2018-06-19 03:14:05', '2018-06-19 03:14:05', NULL),
(880, 76, 162, '2018-06-19 03:14:05', '2018-06-19 03:14:05', NULL),
(881, 77, 162, '2018-06-19 03:14:05', '2018-06-19 03:14:05', NULL),
(882, 78, 162, '2018-06-19 03:14:05', '2018-06-19 03:14:05', NULL),
(883, 79, 162, '2018-06-19 03:14:05', '2018-06-19 03:14:05', NULL),
(884, 80, 162, '2018-06-19 03:14:05', '2018-06-19 03:14:05', NULL),
(885, 81, 162, '2018-06-19 03:14:05', '2018-06-19 03:14:05', NULL),
(886, 82, 162, '2018-06-19 03:14:05', '2018-06-19 03:14:05', NULL),
(887, 83, 162, '2018-06-19 03:14:05', '2018-06-19 03:14:05', NULL),
(888, 84, 162, '2018-06-19 03:14:05', '2018-06-19 03:14:05', NULL),
(889, 85, 162, '2018-06-19 03:14:05', '2018-06-19 03:14:05', NULL),
(890, 86, 162, '2018-06-19 03:14:05', '2018-06-19 03:14:05', NULL),
(891, 87, 162, '2018-06-19 03:14:05', '2018-06-19 03:14:05', NULL),
(892, 88, 162, '2018-06-19 03:14:05', '2018-06-19 03:14:05', NULL),
(893, 89, 162, '2018-06-19 03:14:05', '2018-06-19 03:14:05', NULL),
(894, 90, 162, '2018-06-19 03:14:05', '2018-06-19 03:14:05', NULL),
(895, 91, 162, '2018-06-19 03:14:05', '2018-06-19 03:14:05', NULL),
(896, 92, 162, '2018-06-19 03:14:05', '2018-06-19 03:14:05', NULL),
(897, 93, 162, '2018-06-19 03:14:05', '2018-06-19 03:14:05', NULL),
(898, 94, 162, '2018-06-19 03:14:05', '2018-06-19 03:14:05', NULL),
(899, 95, 162, '2018-06-19 03:14:05', '2018-06-19 03:14:05', NULL),
(900, 96, 162, '2018-06-19 03:14:05', '2018-06-19 03:14:05', NULL),
(901, 97, 162, '2018-06-19 03:14:05', '2018-06-19 03:14:05', NULL),
(902, 98, 162, '2018-06-19 03:14:05', '2018-06-19 03:14:05', NULL),
(903, 99, 162, '2018-06-19 03:14:05', '2018-06-19 03:14:05', NULL),
(904, 100, 162, '2018-06-19 03:14:05', '2018-06-19 03:14:05', NULL),
(905, 101, 162, '2018-06-19 03:14:05', '2018-06-19 03:14:05', NULL),
(906, 102, 162, '2018-06-19 03:14:05', '2018-06-19 03:14:05', NULL),
(907, 103, 162, '2018-06-19 03:14:05', '2018-06-19 03:14:05', NULL),
(908, 104, 162, '2018-06-19 03:14:05', '2018-06-19 03:14:05', NULL),
(909, 105, 162, '2018-06-19 03:14:05', '2018-06-19 03:14:05', NULL),
(910, 106, 162, '2018-06-19 03:14:05', '2018-06-19 03:14:05', NULL),
(911, 107, 162, '2018-06-19 03:14:05', '2018-06-19 03:14:05', NULL),
(912, 108, 162, '2018-06-19 03:14:05', '2018-06-19 03:14:05', NULL),
(913, 109, 162, '2018-06-19 03:14:05', '2018-06-19 03:14:05', NULL),
(914, 110, 162, '2018-06-19 03:14:05', '2018-06-19 03:14:05', NULL),
(915, 111, 162, '2018-06-19 03:14:05', '2018-06-19 03:14:05', NULL),
(916, 112, 162, '2018-06-19 03:14:05', '2018-06-19 03:14:05', NULL),
(917, 113, 162, '2018-06-19 03:14:05', '2018-06-19 03:14:05', NULL),
(918, 114, 162, '2018-06-19 03:14:05', '2018-06-19 03:14:05', NULL),
(919, 115, 162, '2018-06-19 03:14:05', '2018-06-19 03:14:05', NULL),
(920, 116, 162, '2018-06-19 03:14:05', '2018-06-19 03:14:05', NULL),
(921, 117, 162, '2018-06-19 03:14:05', '2018-06-19 03:14:05', NULL),
(922, 118, 162, '2018-06-19 03:14:05', '2018-06-19 03:14:05', NULL),
(923, 119, 162, '2018-06-19 03:14:05', '2018-06-19 03:14:05', NULL),
(924, 120, 162, '2018-06-19 03:14:05', '2018-06-19 03:14:05', NULL),
(925, 121, 162, '2018-06-19 03:14:05', '2018-06-19 03:14:05', NULL),
(926, 122, 162, '2018-06-19 03:14:05', '2018-06-19 03:14:05', NULL),
(927, 123, 162, '2018-06-19 03:14:05', '2018-06-19 03:14:05', NULL),
(928, 124, 162, '2018-06-19 03:14:05', '2018-06-19 03:14:05', NULL),
(929, 125, 162, '2018-06-19 03:14:06', '2018-06-19 03:14:06', NULL),
(930, 126, 162, '2018-06-19 03:14:06', '2018-06-19 03:14:06', NULL),
(931, 127, 162, '2018-06-19 03:14:06', '2018-06-19 03:14:06', NULL),
(932, 128, 162, '2018-06-19 03:14:06', '2018-06-19 03:14:06', NULL),
(933, 129, 162, '2018-06-19 03:14:06', '2018-06-19 03:14:06', NULL),
(934, 130, 162, '2018-06-19 03:14:06', '2018-06-19 03:14:06', NULL),
(935, 131, 162, '2018-06-19 03:14:06', '2018-06-19 03:14:06', NULL),
(936, 132, 162, '2018-06-19 03:14:06', '2018-06-19 03:14:06', NULL),
(937, 133, 162, '2018-06-19 03:14:06', '2018-06-19 03:14:06', NULL),
(938, 134, 162, '2018-06-19 03:14:06', '2018-06-19 03:14:06', NULL),
(939, 135, 162, '2018-06-19 03:14:06', '2018-06-19 03:14:06', NULL),
(940, 136, 162, '2018-06-19 03:14:06', '2018-06-19 03:14:06', NULL),
(941, 137, 162, '2018-06-19 03:14:06', '2018-06-19 03:14:06', NULL),
(942, 138, 162, '2018-06-19 03:14:06', '2018-06-19 03:14:06', NULL),
(943, 139, 162, '2018-06-19 03:14:06', '2018-06-19 03:14:06', NULL),
(944, 140, 162, '2018-06-19 03:14:06', '2018-06-19 03:14:06', NULL),
(945, 141, 162, '2018-06-19 03:14:06', '2018-06-19 03:14:06', NULL),
(946, 142, 162, '2018-06-19 03:14:06', '2018-06-19 03:14:06', NULL),
(947, 143, 162, '2018-06-19 03:14:06', '2018-06-19 03:14:06', NULL),
(948, 144, 162, '2018-06-19 03:14:06', '2018-06-19 03:14:06', NULL),
(949, 145, 162, '2018-06-19 03:14:06', '2018-06-19 03:14:06', NULL),
(950, 146, 162, '2018-06-19 03:14:06', '2018-06-19 03:14:06', NULL),
(951, 147, 162, '2018-06-19 03:14:06', '2018-06-19 03:14:06', NULL),
(952, 148, 162, '2018-06-19 03:14:06', '2018-06-19 03:14:06', NULL),
(953, 149, 162, '2018-06-19 03:14:06', '2018-06-19 03:14:06', NULL),
(954, 150, 162, '2018-06-19 03:14:06', '2018-06-19 03:14:06', NULL),
(955, 151, 162, '2018-06-19 03:14:06', '2018-06-19 03:14:06', NULL),
(956, 152, 162, '2018-06-19 03:14:06', '2018-06-19 03:14:06', NULL),
(957, 153, 162, '2018-06-19 03:14:06', '2018-06-19 03:14:06', NULL),
(958, 154, 162, '2018-06-19 03:14:06', '2018-06-19 03:14:06', NULL),
(959, 155, 162, '2018-06-19 03:14:06', '2018-06-19 03:14:06', NULL),
(960, 156, 162, '2018-06-19 03:14:06', '2018-06-19 03:14:06', NULL),
(961, 157, 162, '2018-06-19 03:14:06', '2018-06-19 03:14:06', NULL),
(962, 158, 162, '2018-06-19 03:14:06', '2018-06-19 03:14:06', NULL),
(963, 159, 162, '2018-06-19 03:14:06', '2018-06-19 03:14:06', NULL),
(964, 160, 162, '2018-06-19 03:14:06', '2018-06-19 03:14:06', NULL),
(965, 161, 162, '2018-06-19 03:14:06', '2018-06-19 03:14:06', NULL),
(966, 162, 162, '2018-06-19 03:14:06', '2018-06-19 03:14:06', NULL),
(967, 163, 162, '2018-06-19 03:14:06', '2018-06-19 03:14:06', NULL),
(968, 164, 162, '2018-06-19 03:14:06', '2018-06-19 03:14:06', NULL),
(969, 165, 162, '2018-06-19 03:14:06', '2018-06-19 03:14:06', NULL),
(970, 166, 162, '2018-06-19 03:14:06', '2018-06-19 03:14:06', NULL),
(971, 167, 162, '2018-06-19 03:14:06', '2018-06-19 03:14:06', NULL),
(972, 168, 162, '2018-06-19 03:14:06', '2018-06-19 03:14:06', NULL),
(973, 169, 162, '2018-06-19 03:14:06', '2018-06-19 03:14:06', NULL),
(974, 170, 162, '2018-06-19 03:14:06', '2018-06-19 03:14:06', NULL),
(975, 171, 162, '2018-06-19 03:14:06', '2018-06-19 03:14:06', NULL),
(976, 172, 162, '2018-06-19 03:14:06', '2018-06-19 03:14:06', NULL),
(977, 173, 162, '2018-06-19 03:14:06', '2018-06-19 03:14:06', NULL),
(978, 174, 162, '2018-06-19 03:14:06', '2018-06-19 03:14:06', NULL),
(979, 175, 162, '2018-06-19 03:14:06', '2018-06-19 03:14:06', NULL),
(980, 176, 162, '2018-06-19 03:14:06', '2018-06-19 03:14:06', NULL),
(981, 177, 162, '2018-06-19 03:14:06', '2018-06-19 03:14:06', NULL),
(982, 178, 162, '2018-06-19 03:14:06', '2018-06-19 03:14:06', NULL),
(983, 179, 162, '2018-06-19 03:14:06', '2018-06-19 03:14:06', NULL),
(984, 180, 162, '2018-06-19 03:14:06', '2018-06-19 03:14:06', NULL),
(985, 181, 162, '2018-06-19 03:14:06', '2018-06-19 03:14:06', NULL),
(986, 182, 162, '2018-06-19 03:14:06', '2018-06-19 03:14:06', NULL),
(987, 183, 162, '2018-06-19 03:14:06', '2018-06-19 03:14:06', NULL),
(988, 184, 162, '2018-06-19 03:14:06', '2018-06-19 03:14:06', NULL),
(989, 185, 162, '2018-06-19 03:14:06', '2018-06-19 03:14:06', NULL),
(990, 186, 162, '2018-06-19 03:14:06', '2018-06-19 03:14:06', NULL),
(991, 187, 162, '2018-06-19 03:14:06', '2018-06-19 03:14:06', NULL),
(992, 188, 162, '2018-06-19 03:14:06', '2018-06-19 03:14:06', NULL),
(993, 189, 162, '2018-06-19 03:14:06', '2018-06-19 03:14:06', NULL),
(994, 190, 162, '2018-06-19 03:14:06', '2018-06-19 03:14:06', NULL),
(995, 191, 162, '2018-06-19 03:14:06', '2018-06-19 03:14:06', NULL),
(996, 192, 162, '2018-06-19 03:14:06', '2018-06-19 03:14:06', NULL),
(997, 193, 162, '2018-06-19 03:14:06', '2018-06-19 03:14:06', NULL),
(998, 194, 162, '2018-06-19 03:14:06', '2018-06-19 03:14:06', NULL),
(999, 195, 162, '2018-06-19 03:14:06', '2018-06-19 03:14:06', NULL),
(1000, 196, 162, '2018-06-19 03:14:06', '2018-06-19 03:14:06', NULL),
(1001, 197, 162, '2018-06-19 03:14:06', '2018-06-19 03:14:06', NULL),
(1002, 198, 162, '2018-06-19 03:14:06', '2018-06-19 03:14:06', NULL),
(1003, 199, 162, '2018-06-19 03:14:06', '2018-06-19 03:14:06', NULL),
(1004, 200, 162, '2018-06-19 03:14:06', '2018-06-19 03:14:06', NULL),
(1005, 201, 162, '2018-06-19 03:14:06', '2018-06-19 03:14:06', NULL),
(1006, 202, 162, '2018-06-19 03:14:06', '2018-06-19 03:14:06', NULL),
(1007, 203, 162, '2018-06-19 03:14:06', '2018-06-19 03:14:06', NULL),
(1008, 204, 162, '2018-06-19 03:14:06', '2018-06-19 03:14:06', NULL),
(1009, 205, 162, '2018-06-19 03:14:06', '2018-06-19 03:14:06', NULL),
(1010, 206, 162, '2018-06-19 03:14:06', '2018-06-19 03:14:06', NULL),
(1011, 207, 162, '2018-06-19 03:14:06', '2018-06-19 03:14:06', NULL),
(1012, 208, 162, '2018-06-19 03:14:06', '2018-06-19 03:14:06', NULL),
(1013, 209, 162, '2018-06-19 03:14:06', '2018-06-19 03:14:06', NULL),
(1014, 210, 162, '2018-06-19 03:14:06', '2018-06-19 03:14:06', NULL),
(1015, 211, 162, '2018-06-19 03:14:06', '2018-06-19 03:14:06', NULL),
(1016, 212, 162, '2018-06-19 03:14:06', '2018-06-19 03:14:06', NULL),
(1017, 213, 162, '2018-06-19 03:14:06', '2018-06-19 03:14:06', NULL),
(1018, 214, 162, '2018-06-19 03:14:06', '2018-06-19 03:14:06', NULL),
(1019, 215, 162, '2018-06-19 03:14:06', '2018-06-19 03:14:06', NULL),
(1020, 216, 162, '2018-06-19 03:14:06', '2018-06-19 03:14:06', NULL),
(1021, 217, 162, '2018-06-19 03:14:06', '2018-06-19 03:14:06', NULL),
(1022, 218, 162, '2018-06-19 03:14:06', '2018-06-19 03:14:06', NULL),
(1023, 219, 162, '2018-06-19 03:14:06', '2018-06-19 03:14:06', NULL),
(1024, 220, 162, '2018-06-19 03:14:06', '2018-06-19 03:14:06', NULL),
(1025, 221, 162, '2018-06-19 03:14:06', '2018-06-19 03:14:06', NULL),
(1026, 222, 162, '2018-06-19 03:14:06', '2018-06-19 03:14:06', NULL),
(1027, 223, 162, '2018-06-19 03:14:06', '2018-06-19 03:14:06', NULL),
(1028, 224, 162, '2018-06-19 03:14:06', '2018-06-19 03:14:06', NULL),
(1029, 225, 162, '2018-06-19 03:14:06', '2018-06-19 03:14:06', NULL),
(1030, 226, 162, '2018-06-19 03:14:06', '2018-06-19 03:14:06', NULL),
(1031, 227, 162, '2018-06-19 03:14:06', '2018-06-19 03:14:06', NULL),
(1032, 228, 162, '2018-06-19 03:14:06', '2018-06-19 03:14:06', NULL),
(1033, 229, 162, '2018-06-19 03:14:06', '2018-06-19 03:14:06', NULL),
(1034, 230, 162, '2018-06-19 03:14:06', '2018-06-19 03:14:06', NULL),
(1035, 231, 162, '2018-06-19 03:14:06', '2018-06-19 03:14:06', NULL),
(1036, 232, 162, '2018-06-19 03:14:06', '2018-06-19 03:14:06', NULL),
(1037, 233, 162, '2018-06-19 03:14:06', '2018-06-19 03:14:06', NULL),
(1038, 234, 162, '2018-06-19 03:14:06', '2018-06-19 03:14:06', NULL),
(1039, 235, 162, '2018-06-19 03:14:06', '2018-06-19 03:14:06', NULL),
(1040, 236, 162, '2018-06-19 03:14:06', '2018-06-19 03:14:06', NULL),
(1041, 237, 162, '2018-06-19 03:14:06', '2018-06-19 03:14:06', NULL),
(1042, 238, 162, '2018-06-19 03:14:06', '2018-06-19 03:14:06', NULL),
(1043, 239, 162, '2018-06-19 03:14:06', '2018-06-19 03:14:06', NULL),
(1044, 240, 162, '2018-06-19 03:14:06', '2018-06-19 03:14:06', NULL),
(1045, 241, 162, '2018-06-19 03:14:06', '2018-06-19 03:14:06', NULL),
(1046, 242, 162, '2018-06-19 03:14:06', '2018-06-19 03:14:06', NULL),
(1047, 243, 162, '2018-06-19 03:14:06', '2018-06-19 03:14:06', NULL),
(1048, 244, 162, '2018-06-19 03:14:06', '2018-06-19 03:14:06', NULL),
(1049, 245, 162, '2018-06-19 03:14:06', '2018-06-19 03:14:06', NULL),
(1050, 246, 162, '2018-06-19 03:14:06', '2018-06-19 03:14:06', NULL),
(1051, 247, 162, '2018-06-19 03:14:06', '2018-06-19 03:14:06', NULL),
(1052, 248, 162, '2018-06-19 03:14:06', '2018-06-19 03:14:06', NULL),
(1053, 249, 162, '2018-06-19 03:14:06', '2018-06-19 03:14:06', NULL),
(1054, 250, 162, '2018-06-19 03:14:06', '2018-06-19 03:14:06', NULL),
(1055, 251, 162, '2018-06-19 03:14:06', '2018-06-19 03:14:06', NULL),
(1056, 252, 162, '2018-06-19 03:14:06', '2018-06-19 03:14:06', NULL),
(1057, 253, 162, '2018-06-19 03:14:06', '2018-06-19 03:14:06', NULL),
(1058, 254, 162, '2018-06-19 03:14:06', '2018-06-19 03:14:06', NULL),
(1059, 255, 162, '2018-06-19 03:14:06', '2018-06-19 03:14:06', NULL),
(1060, 256, 162, '2018-06-19 03:14:06', '2018-06-19 03:14:06', NULL),
(1061, 257, 162, '2018-06-19 03:14:06', '2018-06-19 03:14:06', NULL),
(1062, 258, 162, '2018-06-19 03:14:06', '2018-06-19 03:14:06', NULL),
(1063, 259, 162, '2018-06-19 03:14:06', '2018-06-19 03:14:06', NULL),
(1064, 260, 162, '2018-06-19 03:14:06', '2018-06-19 03:14:06', NULL),
(1065, 261, 162, '2018-06-19 03:14:06', '2018-06-19 03:14:06', NULL),
(1066, 262, 162, '2018-06-19 03:14:06', '2018-06-19 03:14:06', NULL),
(1067, 263, 162, '2018-06-19 03:14:06', '2018-06-19 03:14:06', NULL),
(1068, 264, 162, '2018-06-19 03:14:06', '2018-06-19 03:14:06', NULL),
(1069, 265, 162, '2018-06-19 03:14:06', '2018-06-19 03:14:06', NULL),
(1070, 266, 162, '2018-06-19 03:14:06', '2018-06-19 03:14:06', NULL),
(1071, 267, 162, '2018-06-19 03:14:06', '2018-06-19 03:14:06', NULL),
(1072, 268, 162, '2018-06-19 03:14:06', '2018-06-19 03:14:06', NULL),
(1073, 269, 162, '2018-06-19 03:14:06', '2018-06-19 03:14:06', NULL),
(1074, 270, 162, '2018-06-19 03:14:06', '2018-06-19 03:14:06', NULL),
(1075, 271, 162, '2018-06-19 03:14:06', '2018-06-19 03:14:06', NULL),
(1076, 272, 162, '2018-06-19 03:14:07', '2018-06-19 03:14:07', NULL),
(1077, 273, 162, '2018-06-19 03:14:07', '2018-06-19 03:14:07', NULL),
(1078, 274, 162, '2018-06-19 03:14:07', '2018-06-19 03:14:07', NULL),
(1079, 275, 162, '2018-06-19 03:14:07', '2018-06-19 03:14:07', NULL),
(1080, 276, 162, '2018-06-19 03:14:07', '2018-06-19 03:14:07', NULL),
(1081, 277, 162, '2018-06-19 03:14:07', '2018-06-19 03:14:07', NULL),
(1082, 278, 162, '2018-06-19 03:14:07', '2018-06-19 03:14:07', NULL),
(1083, 279, 162, '2018-06-19 03:14:07', '2018-06-19 03:14:07', NULL),
(1084, 280, 162, '2018-06-19 03:14:07', '2018-06-19 03:14:07', NULL),
(1085, 281, 162, '2018-06-19 03:14:07', '2018-06-19 03:14:07', NULL),
(1086, 282, 162, '2018-06-19 03:14:07', '2018-06-19 03:14:07', NULL),
(1087, 283, 162, '2018-06-19 03:14:07', '2018-06-19 03:14:07', NULL),
(1088, 284, 162, '2018-06-19 03:14:07', '2018-06-19 03:14:07', NULL),
(1089, 285, 162, '2018-06-19 03:14:07', '2018-06-19 03:14:07', NULL),
(1090, 286, 162, '2018-06-19 03:14:07', '2018-06-19 03:14:07', NULL),
(1091, 287, 162, '2018-06-19 03:14:07', '2018-06-19 03:14:07', NULL),
(1092, 288, 162, '2018-06-19 03:14:07', '2018-06-19 03:14:07', NULL),
(1093, 289, 162, '2018-06-19 03:14:07', '2018-06-19 03:14:07', NULL),
(1094, 290, 162, '2018-06-19 03:14:07', '2018-06-19 03:14:07', NULL),
(1095, 291, 162, '2018-06-19 03:14:07', '2018-06-19 03:14:07', NULL),
(1096, 292, 162, '2018-06-19 03:14:07', '2018-06-19 03:14:07', NULL),
(1097, 293, 162, '2018-06-19 03:14:07', '2018-06-19 03:14:07', NULL),
(1098, 294, 162, '2018-06-19 03:14:07', '2018-06-19 03:14:07', NULL),
(1099, 295, 162, '2018-06-19 03:14:07', '2018-06-19 03:14:07', NULL),
(1100, 296, 162, '2018-06-19 03:14:07', '2018-06-19 03:14:07', NULL),
(1101, 297, 162, '2018-06-19 03:14:07', '2018-06-19 03:14:07', NULL),
(1102, 298, 162, '2018-06-19 03:14:07', '2018-06-19 03:14:07', NULL),
(1103, 299, 162, '2018-06-19 03:14:07', '2018-06-19 03:14:07', NULL),
(1104, 300, 162, '2018-06-19 03:14:07', '2018-06-19 03:14:07', NULL),
(1105, 301, 162, '2018-06-19 03:14:07', '2018-06-19 03:14:07', NULL),
(1106, 302, 162, '2018-06-19 03:14:07', '2018-06-19 03:14:07', NULL),
(1107, 303, 162, '2018-06-19 03:14:07', '2018-06-19 03:14:07', NULL),
(1108, 304, 162, '2018-06-19 03:14:07', '2018-06-19 03:14:07', NULL),
(1109, 305, 162, '2018-06-19 03:14:07', '2018-06-19 03:14:07', NULL),
(1110, 306, 162, '2018-06-19 03:14:07', '2018-06-19 03:14:07', NULL),
(1111, 307, 162, '2018-06-19 03:14:07', '2018-06-19 03:14:07', NULL),
(1112, 308, 162, '2018-06-19 03:14:07', '2018-06-19 03:14:07', NULL),
(1113, 309, 162, '2018-06-19 03:14:07', '2018-06-19 03:14:07', NULL),
(1114, 310, 162, '2018-06-19 03:14:07', '2018-06-19 03:14:07', NULL),
(1115, 311, 162, '2018-06-19 03:14:07', '2018-06-19 03:14:07', NULL),
(1116, 312, 162, '2018-06-19 03:14:07', '2018-06-19 03:14:07', NULL),
(1117, 313, 162, '2018-06-19 03:14:07', '2018-06-19 03:14:07', NULL),
(1118, 314, 162, '2018-06-19 03:14:07', '2018-06-19 03:14:07', NULL),
(1119, 315, 162, '2018-06-19 03:14:07', '2018-06-19 03:14:07', NULL),
(1120, 316, 162, '2018-06-19 03:14:07', '2018-06-19 03:14:07', NULL),
(1121, 317, 162, '2018-06-19 03:14:07', '2018-06-19 03:14:07', NULL),
(1122, 318, 162, '2018-06-19 03:14:07', '2018-06-19 03:14:07', NULL),
(1123, 319, 162, '2018-06-19 03:14:07', '2018-06-19 03:14:07', NULL),
(1124, 320, 162, '2018-06-19 03:14:07', '2018-06-19 03:14:07', NULL),
(1125, 321, 162, '2018-06-19 03:14:07', '2018-06-19 03:14:07', NULL),
(1126, 322, 162, '2018-06-19 03:14:07', '2018-06-19 03:14:07', NULL),
(1127, 323, 162, '2018-06-19 03:14:07', '2018-06-19 03:14:07', NULL),
(1128, 324, 162, '2018-06-19 03:14:07', '2018-06-19 03:14:07', NULL),
(1129, 325, 162, '2018-06-19 03:14:07', '2018-06-19 03:14:07', NULL),
(1130, 326, 162, '2018-06-19 03:14:07', '2018-06-19 03:14:07', NULL),
(1131, 327, 162, '2018-06-19 03:14:07', '2018-06-19 03:14:07', NULL),
(1132, 328, 162, '2018-06-19 03:14:07', '2018-06-19 03:14:07', NULL),
(1133, 329, 162, '2018-06-19 03:14:07', '2018-06-19 03:14:07', NULL),
(1134, 330, 162, '2018-06-19 03:14:07', '2018-06-19 03:14:07', NULL),
(1135, 331, 162, '2018-06-19 03:14:07', '2018-06-19 03:14:07', NULL),
(1136, 332, 162, '2018-06-19 03:14:07', '2018-06-19 03:14:07', NULL),
(1137, 333, 162, '2018-06-19 03:14:07', '2018-06-19 03:14:07', NULL),
(1138, 334, 162, '2018-06-19 03:14:07', '2018-06-19 03:14:07', NULL),
(1139, 335, 162, '2018-06-19 03:14:07', '2018-06-19 03:14:07', NULL),
(1140, 336, 162, '2018-06-19 03:14:07', '2018-06-19 03:14:07', NULL),
(1141, 337, 162, '2018-06-19 03:14:07', '2018-06-19 03:14:07', NULL),
(1142, 338, 162, '2018-06-19 03:14:07', '2018-06-19 03:14:07', NULL),
(1143, 339, 162, '2018-06-19 03:14:07', '2018-06-19 03:14:07', NULL),
(1144, 340, 162, '2018-06-19 03:14:07', '2018-06-19 03:14:07', NULL),
(1145, 341, 162, '2018-06-19 03:14:07', '2018-06-19 03:14:07', NULL),
(1146, 342, 162, '2018-06-19 03:14:07', '2018-06-19 03:14:07', NULL),
(1147, 343, 162, '2018-06-19 03:14:07', '2018-06-19 03:14:07', NULL),
(1148, 344, 162, '2018-06-19 03:14:07', '2018-06-19 03:14:07', NULL),
(1149, 345, 162, '2018-06-19 03:14:07', '2018-06-19 03:14:07', NULL),
(1150, 346, 162, '2018-06-19 03:14:07', '2018-06-19 03:14:07', NULL),
(1151, 347, 162, '2018-06-19 03:14:07', '2018-06-19 03:14:07', NULL),
(1152, 348, 162, '2018-06-19 03:14:07', '2018-06-19 03:14:07', NULL),
(1153, 349, 162, '2018-06-19 03:14:07', '2018-06-19 03:14:07', NULL),
(1154, 350, 162, '2018-06-19 03:14:07', '2018-06-19 03:14:07', NULL),
(1155, 351, 162, '2018-06-19 03:14:07', '2018-06-19 03:14:07', NULL),
(1156, 352, 162, '2018-06-19 03:14:07', '2018-06-19 03:14:07', NULL),
(1157, 353, 162, '2018-06-19 03:14:07', '2018-06-19 03:14:07', NULL),
(1158, 354, 162, '2018-06-19 03:14:07', '2018-06-19 03:14:07', NULL),
(1159, 355, 162, '2018-06-19 03:14:07', '2018-06-19 03:14:07', NULL),
(1160, 356, 162, '2018-06-19 03:14:07', '2018-06-19 03:14:07', NULL),
(1161, 357, 162, '2018-06-19 03:14:07', '2018-06-19 03:14:07', NULL),
(1162, 358, 162, '2018-06-19 03:14:07', '2018-06-19 03:14:07', NULL),
(1163, 359, 162, '2018-06-19 03:14:07', '2018-06-19 03:14:07', NULL),
(1164, 360, 162, '2018-06-19 03:14:07', '2018-06-19 03:14:07', NULL),
(1165, 361, 162, '2018-06-19 03:14:07', '2018-06-19 03:14:07', NULL),
(1166, 362, 162, '2018-06-19 03:14:07', '2018-06-19 03:14:07', NULL),
(1167, 363, 162, '2018-06-19 03:14:07', '2018-06-19 03:14:07', NULL),
(1168, 364, 162, '2018-06-19 03:14:07', '2018-06-19 03:14:07', NULL),
(1169, 365, 162, '2018-06-19 03:14:07', '2018-06-19 03:14:07', NULL),
(1170, 366, 162, '2018-06-19 03:14:07', '2018-06-19 03:14:07', NULL),
(1171, 367, 162, '2018-06-19 03:14:07', '2018-06-19 03:14:07', NULL),
(1172, 368, 162, '2018-06-19 03:14:07', '2018-06-19 03:14:07', NULL),
(1173, 369, 162, '2018-06-19 03:14:07', '2018-06-19 03:14:07', NULL),
(1174, 370, 162, '2018-06-19 03:14:07', '2018-06-19 03:14:07', NULL),
(1175, 371, 162, '2018-06-19 03:14:07', '2018-06-19 03:14:07', NULL),
(1176, 372, 162, '2018-06-19 03:14:07', '2018-06-19 03:14:07', NULL),
(1177, 373, 162, '2018-06-19 03:14:07', '2018-06-19 03:14:07', NULL),
(1178, 374, 162, '2018-06-19 03:14:07', '2018-06-19 03:14:07', NULL),
(1179, 375, 162, '2018-06-19 03:14:07', '2018-06-19 03:14:07', NULL),
(1180, 376, 162, '2018-06-19 03:14:07', '2018-06-19 03:14:07', NULL),
(1181, 377, 162, '2018-06-19 03:14:07', '2018-06-19 03:14:07', NULL),
(1182, 378, 162, '2018-06-19 03:14:07', '2018-06-19 03:14:07', NULL),
(1183, 379, 162, '2018-06-19 03:14:07', '2018-06-19 03:14:07', NULL),
(1184, 380, 162, '2018-06-19 03:14:07', '2018-06-19 03:14:07', NULL),
(1185, 381, 162, '2018-06-19 03:14:07', '2018-06-19 03:14:07', NULL),
(1186, 382, 162, '2018-06-19 03:14:07', '2018-06-19 03:14:07', NULL),
(1187, 383, 162, '2018-06-19 03:14:07', '2018-06-19 03:14:07', NULL),
(1188, 384, 162, '2018-06-19 03:14:07', '2018-06-19 03:14:07', NULL),
(1189, 385, 162, '2018-06-19 03:14:07', '2018-06-19 03:14:07', NULL),
(1190, 386, 162, '2018-06-19 03:14:07', '2018-06-19 03:14:07', NULL),
(1191, 387, 162, '2018-06-19 03:14:07', '2018-06-19 03:14:07', NULL),
(1192, 388, 162, '2018-06-19 03:14:07', '2018-06-19 03:14:07', NULL),
(1193, 389, 162, '2018-06-19 03:14:07', '2018-06-19 03:14:07', NULL),
(1194, 390, 162, '2018-06-19 03:14:07', '2018-06-19 03:14:07', NULL),
(1195, 391, 162, '2018-06-19 03:14:07', '2018-06-19 03:14:07', NULL),
(1196, 392, 162, '2018-06-19 03:14:07', '2018-06-19 03:14:07', NULL),
(1197, 393, 162, '2018-06-19 03:14:07', '2018-06-19 03:14:07', NULL),
(1198, 394, 162, '2018-06-19 03:14:07', '2018-06-19 03:14:07', NULL),
(1199, 395, 162, '2018-06-19 03:14:07', '2018-06-19 03:14:07', NULL),
(1200, 396, 162, '2018-06-19 03:14:07', '2018-06-19 03:14:07', NULL),
(1201, 397, 162, '2018-06-19 03:14:07', '2018-06-19 03:14:07', NULL),
(1202, 398, 162, '2018-06-19 03:14:07', '2018-06-19 03:14:07', NULL),
(1203, 399, 162, '2018-06-19 03:14:07', '2018-06-19 03:14:07', NULL),
(1204, 400, 162, '2018-06-19 03:14:07', '2018-06-19 03:14:07', NULL),
(1205, 401, 162, '2018-06-19 03:14:07', '2018-06-19 03:14:07', NULL),
(1206, 402, 162, '2018-06-19 03:14:07', '2018-06-19 03:14:07', NULL),
(1207, 403, 162, '2018-06-19 03:14:07', '2018-06-19 03:14:07', NULL),
(1208, 404, 162, '2018-06-19 03:14:07', '2018-06-19 03:14:07', NULL),
(1209, 405, 162, '2018-06-19 03:14:07', '2018-06-19 03:14:07', NULL),
(1210, 406, 162, '2018-06-19 03:14:07', '2018-06-19 03:14:07', NULL),
(1211, 407, 162, '2018-06-19 03:14:07', '2018-06-19 03:14:07', NULL),
(1212, 408, 162, '2018-06-19 03:14:07', '2018-06-19 03:14:07', NULL),
(1213, 409, 162, '2018-06-19 03:14:07', '2018-06-19 03:14:07', NULL),
(1214, 410, 162, '2018-06-19 03:14:07', '2018-06-19 03:14:07', NULL),
(1215, 411, 162, '2018-06-19 03:14:07', '2018-06-19 03:14:07', NULL),
(1216, 412, 162, '2018-06-19 03:14:07', '2018-06-19 03:14:07', NULL),
(1217, 413, 162, '2018-06-19 03:14:07', '2018-06-19 03:14:07', NULL),
(1218, 414, 162, '2018-06-19 03:14:07', '2018-06-19 03:14:07', NULL),
(1219, 415, 162, '2018-06-19 03:14:07', '2018-06-19 03:14:07', NULL),
(1220, 416, 162, '2018-06-19 03:14:08', '2018-06-19 03:14:08', NULL),
(1221, 417, 162, '2018-06-19 03:14:08', '2018-06-19 03:14:08', NULL),
(1222, 418, 162, '2018-06-19 03:14:08', '2018-06-19 03:14:08', NULL),
(1223, 419, 162, '2018-06-19 03:14:08', '2018-06-19 03:14:08', NULL),
(1224, 420, 162, '2018-06-19 03:14:08', '2018-06-19 03:14:08', NULL),
(1225, 421, 162, '2018-06-19 03:14:08', '2018-06-19 03:14:08', NULL),
(1226, 422, 162, '2018-06-19 03:14:08', '2018-06-19 03:14:08', NULL),
(1227, 423, 162, '2018-06-19 03:14:08', '2018-06-19 03:14:08', NULL),
(1228, 424, 162, '2018-06-19 03:14:08', '2018-06-19 03:14:08', NULL),
(1229, 425, 162, '2018-06-19 03:14:08', '2018-06-19 03:14:08', NULL),
(1230, 426, 162, '2018-06-19 03:14:08', '2018-06-19 03:14:08', NULL),
(1231, 427, 162, '2018-06-19 03:14:08', '2018-06-19 03:14:08', NULL),
(1232, 428, 162, '2018-06-19 03:14:08', '2018-06-19 03:14:08', NULL),
(1233, 429, 162, '2018-06-19 03:14:08', '2018-06-19 03:14:08', NULL),
(1234, 430, 162, '2018-06-19 03:14:08', '2018-06-19 03:14:08', NULL),
(1235, 431, 162, '2018-06-19 03:14:08', '2018-06-19 03:14:08', NULL),
(1236, 432, 162, '2018-06-19 03:14:08', '2018-06-19 03:14:08', NULL),
(1237, 433, 162, '2018-06-19 03:14:08', '2018-06-19 03:14:08', NULL),
(1238, 434, 162, '2018-06-19 03:14:08', '2018-06-19 03:14:08', NULL),
(1239, 435, 162, '2018-06-19 03:14:08', '2018-06-19 03:14:08', NULL),
(1240, 436, 162, '2018-06-19 03:14:08', '2018-06-19 03:14:08', NULL),
(1241, 437, 162, '2018-06-19 03:14:08', '2018-06-19 03:14:08', NULL),
(1242, 438, 162, '2018-06-19 03:14:08', '2018-06-19 03:14:08', NULL),
(1243, 439, 162, '2018-06-19 03:14:08', '2018-06-19 03:14:08', NULL),
(1244, 440, 162, '2018-06-19 03:14:08', '2018-06-19 03:14:08', NULL),
(1245, 441, 162, '2018-06-19 03:14:08', '2018-06-19 03:14:08', NULL),
(1246, 442, 162, '2018-06-19 03:14:08', '2018-06-19 03:14:08', NULL),
(1247, 443, 162, '2018-06-19 03:14:08', '2018-06-19 03:14:08', NULL),
(1248, 444, 162, '2018-06-19 03:14:08', '2018-06-19 03:14:08', NULL),
(1249, 445, 162, '2018-06-19 03:14:08', '2018-06-19 03:14:08', NULL),
(1250, 446, 162, '2018-06-19 03:14:08', '2018-06-19 03:14:08', NULL),
(1251, 447, 162, '2018-06-19 03:14:08', '2018-06-19 03:14:08', NULL),
(1252, 448, 162, '2018-06-19 03:14:08', '2018-06-19 03:14:08', NULL),
(1253, 449, 162, '2018-06-19 03:14:08', '2018-06-19 03:14:08', NULL),
(1254, 450, 162, '2018-06-19 03:14:08', '2018-06-19 03:14:08', NULL),
(1255, 451, 162, '2018-06-19 03:14:08', '2018-06-19 03:14:08', NULL),
(1256, 452, 162, '2018-06-19 03:14:08', '2018-06-19 03:14:08', NULL),
(1257, 453, 162, '2018-06-19 03:14:08', '2018-06-19 03:14:08', NULL),
(1258, 454, 162, '2018-06-19 03:14:08', '2018-06-19 03:14:08', NULL),
(1259, 455, 162, '2018-06-19 03:14:08', '2018-06-19 03:14:08', NULL),
(1260, 456, 162, '2018-06-19 03:14:08', '2018-06-19 03:14:08', NULL),
(1261, 457, 162, '2018-06-19 03:14:08', '2018-06-19 03:14:08', NULL),
(1262, 458, 162, '2018-06-19 03:14:08', '2018-06-19 03:14:08', NULL),
(1263, 459, 162, '2018-06-19 03:14:08', '2018-06-19 03:14:08', NULL),
(1264, 460, 162, '2018-06-19 03:14:08', '2018-06-19 03:14:08', NULL),
(1265, 461, 162, '2018-06-19 03:14:08', '2018-06-19 03:14:08', NULL),
(1266, 462, 162, '2018-06-19 03:14:08', '2018-06-19 03:14:08', NULL),
(1267, 463, 162, '2018-06-19 03:14:08', '2018-06-19 03:14:08', NULL),
(1268, 464, 162, '2018-06-19 03:14:08', '2018-06-19 03:14:08', NULL),
(1269, 465, 162, '2018-06-19 03:14:08', '2018-06-19 03:14:08', NULL),
(1270, 466, 162, '2018-06-19 03:14:08', '2018-06-19 03:14:08', NULL),
(1271, 467, 162, '2018-06-19 03:14:08', '2018-06-19 03:14:08', NULL),
(1272, 468, 162, '2018-06-19 03:14:08', '2018-06-19 03:14:08', NULL),
(1273, 469, 162, '2018-06-19 03:14:08', '2018-06-19 03:14:08', NULL),
(1274, 470, 162, '2018-06-19 03:14:08', '2018-06-19 03:14:08', NULL),
(1275, 471, 162, '2018-06-19 03:14:08', '2018-06-19 03:14:08', NULL),
(1276, 472, 162, '2018-06-19 03:14:08', '2018-06-19 03:14:08', NULL),
(1277, 473, 162, '2018-06-19 03:14:08', '2018-06-19 03:14:08', NULL),
(1278, 474, 162, '2018-06-19 03:14:08', '2018-06-19 03:14:08', NULL),
(1279, 475, 162, '2018-06-19 03:14:08', '2018-06-19 03:14:08', NULL),
(1280, 476, 162, '2018-06-19 03:14:08', '2018-06-19 03:14:08', NULL),
(1281, 477, 162, '2018-06-19 03:14:08', '2018-06-19 03:14:08', NULL),
(1282, 478, 162, '2018-06-19 03:14:08', '2018-06-19 03:14:08', NULL),
(1283, 479, 162, '2018-06-19 03:14:08', '2018-06-19 03:14:08', NULL),
(1284, 480, 162, '2018-06-19 03:14:08', '2018-06-19 03:14:08', NULL),
(1285, 481, 162, '2018-06-19 03:14:08', '2018-06-19 03:14:08', NULL),
(1286, 482, 162, '2018-06-19 03:14:08', '2018-06-19 03:14:08', NULL),
(1287, 483, 162, '2018-06-19 03:14:08', '2018-06-19 03:14:08', NULL),
(1288, 484, 162, '2018-06-19 03:14:08', '2018-06-19 03:14:08', NULL),
(1289, 485, 162, '2018-06-19 03:14:08', '2018-06-19 03:14:08', NULL),
(1290, 486, 162, '2018-06-19 03:14:08', '2018-06-19 03:14:08', NULL),
(1291, 487, 162, '2018-06-19 03:14:08', '2018-06-19 03:14:08', NULL),
(1292, 488, 162, '2018-06-19 03:14:08', '2018-06-19 03:14:08', NULL),
(1293, 489, 162, '2018-06-19 03:14:08', '2018-06-19 03:14:08', NULL),
(1294, 490, 162, '2018-06-19 03:14:08', '2018-06-19 03:14:08', NULL),
(1295, 491, 162, '2018-06-19 03:14:08', '2018-06-19 03:14:08', NULL),
(1296, 492, 162, '2018-06-19 03:14:08', '2018-06-19 03:14:08', NULL),
(1297, 493, 162, '2018-06-19 03:14:08', '2018-06-19 03:14:08', NULL),
(1298, 494, 162, '2018-06-19 03:14:08', '2018-06-19 03:14:08', NULL),
(1299, 495, 162, '2018-06-19 03:14:08', '2018-06-19 03:14:08', NULL),
(1300, 496, 162, '2018-06-19 03:14:08', '2018-06-19 03:14:08', NULL),
(1301, 497, 162, '2018-06-19 03:14:08', '2018-06-19 03:14:08', NULL),
(1302, 498, 162, '2018-06-19 03:14:08', '2018-06-19 03:14:08', NULL),
(1303, 499, 162, '2018-06-19 03:14:08', '2018-06-19 03:14:08', NULL),
(1304, 500, 162, '2018-06-19 03:14:08', '2018-06-19 03:14:08', NULL),
(1305, 501, 162, '2018-06-19 03:14:08', '2018-06-19 03:14:08', NULL),
(1306, 502, 162, '2018-06-19 03:14:08', '2018-06-19 03:14:08', NULL),
(1307, 503, 162, '2018-06-19 03:14:08', '2018-06-19 03:14:08', NULL),
(1308, 504, 162, '2018-06-19 03:14:08', '2018-06-19 03:14:08', NULL),
(1309, 505, 162, '2018-06-19 03:14:08', '2018-06-19 03:14:08', NULL),
(1310, 506, 162, '2018-06-19 03:14:08', '2018-06-19 03:14:08', NULL),
(1311, 507, 162, '2018-06-19 03:14:08', '2018-06-19 03:14:08', NULL),
(1312, 508, 162, '2018-06-19 03:14:08', '2018-06-19 03:14:08', NULL),
(1313, 509, 162, '2018-06-19 03:14:08', '2018-06-19 03:14:08', NULL),
(1314, 510, 162, '2018-06-19 03:14:08', '2018-06-19 03:14:08', NULL),
(1315, 511, 162, '2018-06-19 03:14:08', '2018-06-19 03:14:08', NULL),
(1316, 512, 162, '2018-06-19 03:14:08', '2018-06-19 03:14:08', NULL),
(1317, 513, 162, '2018-06-19 03:14:08', '2018-06-19 03:14:08', NULL),
(1318, 514, 162, '2018-06-19 03:14:08', '2018-06-19 03:14:08', NULL),
(1319, 515, 162, '2018-06-19 03:14:08', '2018-06-19 03:14:08', NULL),
(1320, 516, 162, '2018-06-19 03:14:08', '2018-06-19 03:14:08', NULL),
(1321, 517, 162, '2018-06-19 03:14:08', '2018-06-19 03:14:08', NULL),
(1322, 518, 162, '2018-06-19 03:14:08', '2018-06-19 03:14:08', NULL),
(1323, 519, 162, '2018-06-19 03:14:08', '2018-06-19 03:14:08', NULL),
(1324, 520, 162, '2018-06-19 03:14:08', '2018-06-19 03:14:08', NULL),
(1325, 521, 162, '2018-06-19 03:14:08', '2018-06-19 03:14:08', NULL),
(1326, 522, 162, '2018-06-19 03:14:08', '2018-06-19 03:14:08', NULL),
(1327, 523, 162, '2018-06-19 03:14:08', '2018-06-19 03:14:08', NULL),
(1328, 524, 162, '2018-06-19 03:14:08', '2018-06-19 03:14:08', NULL),
(1329, 525, 162, '2018-06-19 03:14:08', '2018-06-19 03:14:08', NULL),
(1330, 526, 162, '2018-06-19 03:14:08', '2018-06-19 03:14:08', NULL),
(1331, 527, 162, '2018-06-19 03:14:08', '2018-06-19 03:14:08', NULL),
(1332, 528, 162, '2018-06-19 03:14:08', '2018-06-19 03:14:08', NULL),
(1333, 529, 162, '2018-06-19 03:14:08', '2018-06-19 03:14:08', NULL),
(1334, 530, 162, '2018-06-19 03:14:08', '2018-06-19 03:14:08', NULL),
(1335, 531, 162, '2018-06-19 03:14:08', '2018-06-19 03:14:08', NULL),
(1336, 532, 162, '2018-06-19 03:14:08', '2018-06-19 03:14:08', NULL),
(1337, 533, 162, '2018-06-19 03:14:08', '2018-06-19 03:14:08', NULL),
(1338, 534, 162, '2018-06-19 03:14:08', '2018-06-19 03:14:08', NULL),
(1339, 535, 162, '2018-06-19 03:14:08', '2018-06-19 03:14:08', NULL),
(1340, 536, 162, '2018-06-19 03:14:08', '2018-06-19 03:14:08', NULL),
(1341, 537, 162, '2018-06-19 03:14:08', '2018-06-19 03:14:08', NULL),
(1342, 538, 162, '2018-06-19 03:14:08', '2018-06-19 03:14:08', NULL),
(1343, 539, 162, '2018-06-19 03:14:08', '2018-06-19 03:14:08', NULL),
(1344, 540, 162, '2018-06-19 03:14:08', '2018-06-19 03:14:08', NULL),
(1345, 541, 162, '2018-06-19 03:14:08', '2018-06-19 03:14:08', NULL),
(1346, 542, 162, '2018-06-19 03:14:08', '2018-06-19 03:14:08', NULL),
(1347, 543, 162, '2018-06-19 03:14:08', '2018-06-19 03:14:08', NULL),
(1348, 544, 162, '2018-06-19 03:14:08', '2018-06-19 03:14:08', NULL),
(1349, 545, 162, '2018-06-19 03:14:08', '2018-06-19 03:14:08', NULL),
(1350, 546, 162, '2018-06-19 03:14:08', '2018-06-19 03:14:08', NULL),
(1351, 547, 162, '2018-06-19 03:14:08', '2018-06-19 03:14:08', NULL),
(1352, 548, 162, '2018-06-19 03:14:08', '2018-06-19 03:14:08', NULL),
(1353, 549, 162, '2018-06-19 03:14:08', '2018-06-19 03:14:08', NULL),
(1354, 550, 162, '2018-06-19 03:14:08', '2018-06-19 03:14:08', NULL),
(1355, 551, 162, '2018-06-19 03:14:08', '2018-06-19 03:14:08', NULL),
(1356, 552, 162, '2018-06-19 03:14:08', '2018-06-19 03:14:08', NULL),
(1357, 553, 162, '2018-06-19 03:14:08', '2018-06-19 03:14:08', NULL),
(1358, 554, 162, '2018-06-19 03:14:08', '2018-06-19 03:14:08', NULL),
(1359, 555, 162, '2018-06-19 03:14:08', '2018-06-19 03:14:08', NULL),
(1360, 556, 162, '2018-06-19 03:14:08', '2018-06-19 03:14:08', NULL),
(1361, 557, 162, '2018-06-19 03:14:08', '2018-06-19 03:14:08', NULL),
(1362, 558, 162, '2018-06-19 03:14:08', '2018-06-19 03:14:08', NULL),
(1363, 559, 162, '2018-06-19 03:14:09', '2018-06-19 03:14:09', NULL),
(1364, 560, 162, '2018-06-19 03:14:09', '2018-06-19 03:14:09', NULL),
(1365, 561, 162, '2018-06-19 03:14:09', '2018-06-19 03:14:09', NULL),
(1366, 562, 162, '2018-06-19 03:14:09', '2018-06-19 03:14:09', NULL),
(1367, 563, 162, '2018-06-19 03:14:09', '2018-06-19 03:14:09', NULL),
(1368, 564, 162, '2018-06-19 03:14:09', '2018-06-19 03:14:09', NULL),
(1369, 565, 162, '2018-06-19 03:14:09', '2018-06-19 03:14:09', NULL),
(1370, 566, 162, '2018-06-19 03:14:09', '2018-06-19 03:14:09', NULL),
(1371, 567, 162, '2018-06-19 03:14:09', '2018-06-19 03:14:09', NULL),
(1372, 568, 162, '2018-06-19 03:14:09', '2018-06-19 03:14:09', NULL),
(1373, 569, 162, '2018-06-19 03:14:09', '2018-06-19 03:14:09', NULL),
(1374, 570, 162, '2018-06-19 03:14:09', '2018-06-19 03:14:09', NULL),
(1375, 571, 162, '2018-06-19 03:14:09', '2018-06-19 03:14:09', NULL),
(1376, 572, 162, '2018-06-19 03:14:09', '2018-06-19 03:14:09', NULL),
(1377, 573, 162, '2018-06-19 03:14:09', '2018-06-19 03:14:09', NULL),
(1378, 574, 162, '2018-06-19 03:14:09', '2018-06-19 03:14:09', NULL),
(1379, 575, 162, '2018-06-19 03:14:09', '2018-06-19 03:14:09', NULL),
(1380, 576, 162, '2018-06-19 03:14:09', '2018-06-19 03:14:09', NULL),
(1381, 577, 162, '2018-06-19 03:14:09', '2018-06-19 03:14:09', NULL),
(1382, 578, 162, '2018-06-19 03:14:09', '2018-06-19 03:14:09', NULL),
(1383, 579, 162, '2018-06-19 03:14:09', '2018-06-19 03:14:09', NULL),
(1384, 580, 162, '2018-06-19 03:14:09', '2018-06-19 03:14:09', NULL),
(1385, 581, 162, '2018-06-19 03:14:09', '2018-06-19 03:14:09', NULL),
(1386, 582, 162, '2018-06-19 03:14:09', '2018-06-19 03:14:09', NULL),
(1387, 583, 162, '2018-06-19 03:14:09', '2018-06-19 03:14:09', NULL),
(1388, 584, 162, '2018-06-19 03:14:09', '2018-06-19 03:14:09', NULL),
(1389, 585, 162, '2018-06-19 03:14:09', '2018-06-19 03:14:09', NULL),
(1390, 586, 162, '2018-06-19 03:14:09', '2018-06-19 03:14:09', NULL),
(1391, 587, 162, '2018-06-19 03:14:09', '2018-06-19 03:14:09', NULL),
(1392, 588, 162, '2018-06-19 03:14:09', '2018-06-19 03:14:09', NULL),
(1393, 589, 162, '2018-06-19 03:14:09', '2018-06-19 03:14:09', NULL),
(1394, 590, 162, '2018-06-19 03:14:09', '2018-06-19 03:14:09', NULL),
(1395, 591, 162, '2018-06-19 03:14:09', '2018-06-19 03:14:09', NULL),
(1396, 592, 162, '2018-06-19 03:14:09', '2018-06-19 03:14:09', NULL),
(1397, 593, 162, '2018-06-19 03:14:09', '2018-06-19 03:14:09', NULL),
(1398, 594, 162, '2018-06-19 03:14:09', '2018-06-19 03:14:09', NULL),
(1399, 595, 162, '2018-06-19 03:14:09', '2018-06-19 03:14:09', NULL),
(1400, 596, 162, '2018-06-19 03:14:09', '2018-06-19 03:14:09', NULL),
(1401, 597, 162, '2018-06-19 03:14:09', '2018-06-19 03:14:09', NULL),
(1402, 598, 162, '2018-06-19 03:14:09', '2018-06-19 03:14:09', NULL),
(1403, 599, 162, '2018-06-19 03:14:09', '2018-06-19 03:14:09', NULL),
(1404, 600, 162, '2018-06-19 03:14:09', '2018-06-19 03:14:09', NULL),
(1405, 601, 162, '2018-06-19 03:14:09', '2018-06-19 03:14:09', NULL),
(1406, 602, 162, '2018-06-19 03:14:09', '2018-06-19 03:14:09', NULL),
(1407, 603, 162, '2018-06-19 03:14:09', '2018-06-19 03:14:09', NULL),
(1408, 604, 162, '2018-06-19 03:14:09', '2018-06-19 03:14:09', NULL),
(1409, 605, 162, '2018-06-19 03:14:09', '2018-06-19 03:14:09', NULL),
(1410, 606, 162, '2018-06-19 03:14:09', '2018-06-19 03:14:09', NULL),
(1411, 607, 162, '2018-06-19 03:14:09', '2018-06-19 03:14:09', NULL),
(1412, 608, 162, '2018-06-19 03:14:09', '2018-06-19 03:14:09', NULL),
(1413, 609, 162, '2018-06-19 03:14:09', '2018-06-19 03:14:09', NULL),
(1414, 610, 162, '2018-06-19 03:14:09', '2018-06-19 03:14:09', NULL),
(1415, 611, 162, '2018-06-19 03:14:09', '2018-06-19 03:14:09', NULL),
(1416, 612, 162, '2018-06-19 03:14:09', '2018-06-19 03:14:09', NULL),
(1417, 613, 162, '2018-06-19 03:14:09', '2018-06-19 03:14:09', NULL),
(1418, 614, 162, '2018-06-19 03:14:09', '2018-06-19 03:14:09', NULL),
(1419, 615, 162, '2018-06-19 03:14:09', '2018-06-19 03:14:09', NULL),
(1420, 616, 162, '2018-06-19 03:14:09', '2018-06-19 03:14:09', NULL),
(1421, 617, 162, '2018-06-19 03:14:09', '2018-06-19 03:14:09', NULL),
(1422, 618, 162, '2018-06-19 03:14:09', '2018-06-19 03:14:09', NULL),
(1423, 619, 162, '2018-06-19 03:14:09', '2018-06-19 03:14:09', NULL),
(1424, 620, 162, '2018-06-19 03:14:09', '2018-06-19 03:14:09', NULL),
(1425, 621, 162, '2018-06-19 03:14:09', '2018-06-19 03:14:09', NULL),
(1426, 622, 162, '2018-06-19 03:14:09', '2018-06-19 03:14:09', NULL),
(1427, 623, 162, '2018-06-19 03:14:09', '2018-06-19 03:14:09', NULL),
(1428, 624, 162, '2018-06-19 03:14:09', '2018-06-19 03:14:09', NULL),
(1429, 625, 162, '2018-06-19 03:14:09', '2018-06-19 03:14:09', NULL),
(1430, 626, 162, '2018-06-19 03:14:09', '2018-06-19 03:14:09', NULL),
(1431, 627, 162, '2018-06-19 03:14:09', '2018-06-19 03:14:09', NULL),
(1432, 628, 162, '2018-06-19 03:14:09', '2018-06-19 03:14:09', NULL),
(1433, 629, 162, '2018-06-19 03:14:09', '2018-06-19 03:14:09', NULL),
(1434, 630, 162, '2018-06-19 03:14:09', '2018-06-19 03:14:09', NULL),
(1435, 631, 162, '2018-06-19 03:14:09', '2018-06-19 03:14:09', NULL),
(1436, 632, 162, '2018-06-19 03:14:09', '2018-06-19 03:14:09', NULL),
(1437, 633, 162, '2018-06-19 03:14:09', '2018-06-19 03:14:09', NULL),
(1438, 634, 162, '2018-06-19 03:14:09', '2018-06-19 03:14:09', NULL),
(1439, 635, 162, '2018-06-19 03:14:09', '2018-06-19 03:14:09', NULL),
(1440, 636, 162, '2018-06-19 03:14:09', '2018-06-19 03:14:09', NULL),
(1441, 637, 162, '2018-06-19 03:14:09', '2018-06-19 03:14:09', NULL),
(1442, 638, 162, '2018-06-19 03:14:09', '2018-06-19 03:14:09', NULL),
(1443, 639, 162, '2018-06-19 03:14:09', '2018-06-19 03:14:09', NULL),
(1444, 640, 162, '2018-06-19 03:14:09', '2018-06-19 03:14:09', NULL),
(1445, 641, 162, '2018-06-19 03:14:09', '2018-06-19 03:14:09', NULL),
(1446, 642, 162, '2018-06-19 03:14:09', '2018-06-19 03:14:09', NULL),
(1447, 643, 162, '2018-06-19 03:14:09', '2018-06-19 03:14:09', NULL),
(1448, 644, 162, '2018-06-19 03:14:09', '2018-06-19 03:14:09', NULL),
(1449, 645, 162, '2018-06-19 03:14:09', '2018-06-19 03:14:09', NULL),
(1450, 646, 162, '2018-06-19 03:14:09', '2018-06-19 03:14:09', NULL),
(1451, 647, 162, '2018-06-19 03:14:09', '2018-06-19 03:14:09', NULL),
(1452, 648, 162, '2018-06-19 03:14:09', '2018-06-19 03:14:09', NULL),
(1453, 649, 162, '2018-06-19 03:14:09', '2018-06-19 03:14:09', NULL),
(1454, 650, 162, '2018-06-19 03:14:09', '2018-06-19 03:14:09', NULL),
(1455, 651, 162, '2018-06-19 03:14:09', '2018-06-19 03:14:09', NULL),
(1456, 652, 162, '2018-06-19 03:14:09', '2018-06-19 03:14:09', NULL),
(1457, 653, 162, '2018-06-19 03:14:09', '2018-06-19 03:14:09', NULL),
(1458, 654, 162, '2018-06-19 03:14:09', '2018-06-19 03:14:09', NULL),
(1459, 655, 162, '2018-06-19 03:14:09', '2018-06-19 03:14:09', NULL),
(1460, 656, 162, '2018-06-19 03:14:09', '2018-06-19 03:14:09', NULL),
(1461, 657, 162, '2018-06-19 03:14:09', '2018-06-19 03:14:09', NULL),
(1462, 658, 162, '2018-06-19 03:14:09', '2018-06-19 03:14:09', NULL),
(1463, 659, 162, '2018-06-19 03:14:09', '2018-06-19 03:14:09', NULL),
(1464, 660, 162, '2018-06-19 03:14:09', '2018-06-19 03:14:09', NULL),
(1465, 661, 162, '2018-06-19 03:14:09', '2018-06-19 03:14:09', NULL),
(1466, 662, 162, '2018-06-19 03:14:09', '2018-06-19 03:14:09', NULL),
(1467, 663, 162, '2018-06-19 03:14:09', '2018-06-19 03:14:09', NULL),
(1468, 664, 162, '2018-06-19 03:14:09', '2018-06-19 03:14:09', NULL),
(1469, 665, 162, '2018-06-19 03:14:09', '2018-06-19 03:14:09', NULL),
(1470, 666, 162, '2018-06-19 03:14:09', '2018-06-19 03:14:09', NULL),
(1471, 667, 162, '2018-06-19 03:14:09', '2018-06-19 03:14:09', NULL),
(1472, 668, 162, '2018-06-19 03:14:09', '2018-06-19 03:14:09', NULL),
(1473, 669, 162, '2018-06-19 03:14:09', '2018-06-19 03:14:09', NULL),
(1474, 670, 162, '2018-06-19 03:14:09', '2018-06-19 03:14:09', NULL),
(1475, 671, 162, '2018-06-19 03:14:09', '2018-06-19 03:14:09', NULL),
(1476, 672, 162, '2018-06-19 03:14:09', '2018-06-19 03:14:09', NULL),
(1477, 673, 162, '2018-06-19 03:14:09', '2018-06-19 03:14:09', NULL),
(1478, 674, 162, '2018-06-19 03:14:09', '2018-06-19 03:14:09', NULL),
(1479, 675, 162, '2018-06-19 03:14:09', '2018-06-19 03:14:09', NULL),
(1480, 676, 162, '2018-06-19 03:14:09', '2018-06-19 03:14:09', NULL),
(1481, 677, 162, '2018-06-19 03:14:09', '2018-06-19 03:14:09', NULL),
(1482, 678, 162, '2018-06-19 03:14:09', '2018-06-19 03:14:09', NULL),
(1483, 679, 162, '2018-06-19 03:14:09', '2018-06-19 03:14:09', NULL),
(1484, 680, 162, '2018-06-19 03:14:09', '2018-06-19 03:14:09', NULL),
(1485, 681, 162, '2018-06-19 03:14:09', '2018-06-19 03:14:09', NULL),
(1486, 682, 162, '2018-06-19 03:14:09', '2018-06-19 03:14:09', NULL);
INSERT INTO `file_contact` (`id`, `contact_id`, `file_id`, `created_at`, `updated_at`, `deleted_at`) VALUES
(1487, 683, 162, '2018-06-19 03:14:09', '2018-06-19 03:14:09', NULL),
(1488, 684, 162, '2018-06-19 03:14:09', '2018-06-19 03:14:09', NULL),
(1489, 685, 162, '2018-06-19 03:14:09', '2018-06-19 03:14:09', NULL),
(1490, 686, 162, '2018-06-19 03:14:09', '2018-06-19 03:14:09', NULL),
(1491, 687, 162, '2018-06-19 03:14:09', '2018-06-19 03:14:09', NULL),
(1492, 688, 162, '2018-06-19 03:14:09', '2018-06-19 03:14:09', NULL),
(1493, 689, 162, '2018-06-19 03:14:09', '2018-06-19 03:14:09', NULL),
(1494, 690, 162, '2018-06-19 03:14:09', '2018-06-19 03:14:09', NULL),
(1495, 691, 162, '2018-06-19 03:14:09', '2018-06-19 03:14:09', NULL),
(1496, 692, 162, '2018-06-19 03:14:09', '2018-06-19 03:14:09', NULL),
(1497, 693, 162, '2018-06-19 03:14:09', '2018-06-19 03:14:09', NULL),
(1498, 694, 162, '2018-06-19 03:14:09', '2018-06-19 03:14:09', NULL),
(1499, 695, 162, '2018-06-19 03:14:09', '2018-06-19 03:14:09', NULL),
(1500, 696, 162, '2018-06-19 03:14:09', '2018-06-19 03:14:09', NULL),
(1501, 697, 162, '2018-06-19 03:14:09', '2018-06-19 03:14:09', NULL),
(1502, 698, 162, '2018-06-19 03:14:09', '2018-06-19 03:14:09', NULL),
(1503, 699, 162, '2018-06-19 03:14:09', '2018-06-19 03:14:09', NULL),
(1504, 700, 162, '2018-06-19 03:14:09', '2018-06-19 03:14:09', NULL),
(1505, 701, 162, '2018-06-19 03:14:10', '2018-06-19 03:14:10', NULL),
(1506, 702, 162, '2018-06-19 03:14:10', '2018-06-19 03:14:10', NULL),
(1507, 703, 162, '2018-06-19 03:14:10', '2018-06-19 03:14:10', NULL),
(1508, 704, 162, '2018-06-19 03:14:10', '2018-06-19 03:14:10', NULL),
(1509, 705, 162, '2018-06-19 03:14:10', '2018-06-19 03:14:10', NULL),
(1510, 706, 162, '2018-06-19 03:14:10', '2018-06-19 03:14:10', NULL),
(1511, 707, 162, '2018-06-19 03:14:10', '2018-06-19 03:14:10', NULL),
(1512, 708, 162, '2018-06-19 03:14:10', '2018-06-19 03:14:10', NULL),
(1513, 709, 162, '2018-06-19 03:14:10', '2018-06-19 03:14:10', NULL),
(1514, 710, 162, '2018-06-19 03:14:10', '2018-06-19 03:14:10', NULL),
(1515, 711, 162, '2018-06-19 03:14:10', '2018-06-19 03:14:10', NULL),
(1516, 712, 162, '2018-06-19 03:14:10', '2018-06-19 03:14:10', NULL),
(1517, 713, 162, '2018-06-19 03:14:10', '2018-06-19 03:14:10', NULL),
(1518, 714, 162, '2018-06-19 03:14:10', '2018-06-19 03:14:10', NULL),
(1519, 715, 162, '2018-06-19 03:14:10', '2018-06-19 03:14:10', NULL),
(1520, 716, 162, '2018-06-19 03:14:10', '2018-06-19 03:14:10', NULL),
(1521, 717, 162, '2018-06-19 03:14:10', '2018-06-19 03:14:10', NULL),
(1522, 718, 162, '2018-06-19 03:14:10', '2018-06-19 03:14:10', NULL),
(1523, 719, 162, '2018-06-19 03:14:10', '2018-06-19 03:14:10', NULL),
(1524, 720, 162, '2018-06-19 03:14:10', '2018-06-19 03:14:10', NULL),
(1525, 721, 162, '2018-06-19 03:14:10', '2018-06-19 03:14:10', NULL),
(1526, 722, 162, '2018-06-19 03:14:10', '2018-06-19 03:14:10', NULL),
(1527, 723, 162, '2018-06-19 03:14:10', '2018-06-19 03:14:10', NULL),
(1528, 724, 162, '2018-06-19 03:14:10', '2018-06-19 03:14:10', NULL),
(1529, 725, 162, '2018-06-19 03:14:10', '2018-06-19 03:14:10', NULL),
(1530, 726, 162, '2018-06-19 03:14:10', '2018-06-19 03:14:10', NULL),
(1531, 727, 162, '2018-06-19 03:14:10', '2018-06-19 03:14:10', NULL),
(1532, 728, 162, '2018-06-19 03:14:10', '2018-06-19 03:14:10', NULL),
(1533, 729, 162, '2018-06-19 03:14:10', '2018-06-19 03:14:10', NULL),
(1534, 730, 162, '2018-06-19 03:14:10', '2018-06-19 03:14:10', NULL),
(1535, 731, 162, '2018-06-19 03:14:10', '2018-06-19 03:14:10', NULL),
(1536, 732, 162, '2018-06-19 03:14:10', '2018-06-19 03:14:10', NULL),
(1537, 733, 162, '2018-06-19 03:14:10', '2018-06-19 03:14:10', NULL),
(1538, 734, 162, '2018-06-19 03:14:10', '2018-06-19 03:14:10', NULL),
(1539, 735, 162, '2018-06-19 03:14:10', '2018-06-19 03:14:10', NULL),
(1540, 736, 162, '2018-06-19 03:14:10', '2018-06-19 03:14:10', NULL),
(1541, 737, 162, '2018-06-19 03:14:10', '2018-06-19 03:14:10', NULL),
(1542, 738, 162, '2018-06-19 03:14:10', '2018-06-19 03:14:10', NULL),
(1543, 739, 162, '2018-06-19 03:14:10', '2018-06-19 03:14:10', NULL),
(1544, 740, 162, '2018-06-19 03:14:10', '2018-06-19 03:14:10', NULL),
(1545, 741, 162, '2018-06-19 03:14:10', '2018-06-19 03:14:10', NULL),
(1546, 742, 162, '2018-06-19 03:14:10', '2018-06-19 03:14:10', NULL),
(1547, 743, 162, '2018-06-19 03:14:10', '2018-06-19 03:14:10', NULL),
(1548, 744, 162, '2018-06-19 03:14:10', '2018-06-19 03:14:10', NULL),
(1549, 745, 162, '2018-06-19 03:14:10', '2018-06-19 03:14:10', NULL),
(1550, 746, 162, '2018-06-19 03:14:10', '2018-06-19 03:14:10', NULL),
(1551, 747, 162, '2018-06-19 03:14:10', '2018-06-19 03:14:10', NULL),
(1552, 748, 162, '2018-06-19 03:14:10', '2018-06-19 03:14:10', NULL),
(1553, 749, 162, '2018-06-19 03:14:10', '2018-06-19 03:14:10', NULL),
(1554, 750, 162, '2018-06-19 03:14:10', '2018-06-19 03:14:10', NULL),
(1555, 751, 162, '2018-06-19 03:14:10', '2018-06-19 03:14:10', NULL),
(1556, 752, 162, '2018-06-19 03:14:10', '2018-06-19 03:14:10', NULL),
(1557, 753, 162, '2018-06-19 03:14:10', '2018-06-19 03:14:10', NULL),
(1558, 754, 162, '2018-06-19 03:14:10', '2018-06-19 03:14:10', NULL),
(1559, 755, 162, '2018-06-19 03:14:10', '2018-06-19 03:14:10', NULL),
(1560, 756, 162, '2018-06-19 03:14:10', '2018-06-19 03:14:10', NULL),
(1561, 757, 162, '2018-06-19 03:14:10', '2018-06-19 03:14:10', NULL),
(1562, 758, 162, '2018-06-19 03:14:10', '2018-06-19 03:14:10', NULL),
(1563, 759, 162, '2018-06-19 03:14:10', '2018-06-19 03:14:10', NULL),
(1564, 760, 162, '2018-06-19 03:14:10', '2018-06-19 03:14:10', NULL),
(1565, 761, 162, '2018-06-19 03:14:10', '2018-06-19 03:14:10', NULL),
(1566, 762, 162, '2018-06-19 03:14:10', '2018-06-19 03:14:10', NULL),
(1567, 763, 162, '2018-06-19 03:14:10', '2018-06-19 03:14:10', NULL),
(1568, 764, 162, '2018-06-19 03:14:10', '2018-06-19 03:14:10', NULL),
(1569, 765, 162, '2018-06-19 03:14:10', '2018-06-19 03:14:10', NULL),
(1570, 766, 162, '2018-06-19 03:14:10', '2018-06-19 03:14:10', NULL),
(1571, 767, 162, '2018-06-19 03:14:10', '2018-06-19 03:14:10', NULL),
(1572, 768, 162, '2018-06-19 03:14:10', '2018-06-19 03:14:10', NULL),
(1573, 769, 162, '2018-06-19 03:14:10', '2018-06-19 03:14:10', NULL),
(1574, 770, 162, '2018-06-19 03:14:10', '2018-06-19 03:14:10', NULL),
(1575, 771, 162, '2018-06-19 03:14:10', '2018-06-19 03:14:10', NULL),
(1576, 772, 162, '2018-06-19 03:14:10', '2018-06-19 03:14:10', NULL),
(1577, 773, 162, '2018-06-19 03:14:10', '2018-06-19 03:14:10', NULL),
(1578, 774, 162, '2018-06-19 03:14:10', '2018-06-19 03:14:10', NULL),
(1579, 775, 162, '2018-06-19 03:14:10', '2018-06-19 03:14:10', NULL),
(1580, 776, 162, '2018-06-19 03:14:10', '2018-06-19 03:14:10', NULL),
(1581, 777, 162, '2018-06-19 03:14:10', '2018-06-19 03:14:10', NULL),
(1582, 778, 162, '2018-06-19 03:14:10', '2018-06-19 03:14:10', NULL),
(1583, 779, 162, '2018-06-19 03:14:10', '2018-06-19 03:14:10', NULL),
(1584, 780, 162, '2018-06-19 03:14:10', '2018-06-19 03:14:10', NULL),
(1585, 781, 162, '2018-06-19 03:14:10', '2018-06-19 03:14:10', NULL),
(1586, 782, 162, '2018-06-19 03:14:10', '2018-06-19 03:14:10', NULL),
(1587, 783, 162, '2018-06-19 03:14:10', '2018-06-19 03:14:10', NULL),
(1588, 784, 162, '2018-06-19 03:14:10', '2018-06-19 03:14:10', NULL);

-- --------------------------------------------------------

--
-- Table structure for table `kpi_group`
--

CREATE TABLE `kpi_group` (
  `id` int(11) NOT NULL,
  `name` varchar(45) NOT NULL,
  `description` varchar(255) DEFAULT NULL,
  `kpi` int(11) NOT NULL,
  `created_at` datetime DEFAULT NULL,
  `updated_at` datetime DEFAULT NULL,
  `deleted_at` datetime DEFAULT NULL
) ENGINE=InnoDB DEFAULT CHARSET=utf8;

--
-- Dumping data for table `kpi_group`
--

INSERT INTO `kpi_group` (`id`, `name`, `description`, `kpi`, `created_at`, `updated_at`, `deleted_at`) VALUES
(1, 'A', 'A', 25, '2018-06-06 07:45:05', '2018-06-16 05:40:24', NULL),
(2, 'B', 'B', 30, '2018-06-06 07:45:48', '2018-06-06 07:45:48', NULL),
(3, 'A(copy file)', 'A', 50, '2018-06-06 07:52:40', '2018-06-06 07:52:40', NULL),
(4, 'Xxx', 'X', 100, '2018-06-11 11:10:02', '2018-06-11 11:23:12', NULL),
(5, 'X', 'X', 100, '2018-06-11 11:10:52', '2018-06-11 11:22:17', '2018-06-11 11:22:17'),
(6, 'add', 'add', 2200, '2018-06-18 07:23:15', '2018-06-18 07:23:27', '2018-06-18 07:23:27');

-- --------------------------------------------------------

--
-- Table structure for table `level`
--

CREATE TABLE `level` (
  `id` int(11) NOT NULL,
  `name` varchar(45) DEFAULT NULL COMMENT '		',
  `descirption` varchar(255) DEFAULT NULL,
  `created_at` datetime DEFAULT NULL,
  `updated_at` datetime DEFAULT NULL,
  `deleted_at` datetime DEFAULT NULL
) ENGINE=InnoDB DEFAULT CHARSET=utf8;

--
-- Dumping data for table `level`
--

INSERT INTO `level` (`id`, `name`, `descirption`, `created_at`, `updated_at`, `deleted_at`) VALUES
(1, 'L1', 'L1', '2018-05-08 07:38:00', '2018-05-08 07:38:00', NULL),
(2, 'L2', 'L2', '2018-05-08 07:38:00', '2018-05-08 07:38:00', NULL),
(3, 'L3', 'L3', '2018-05-08 07:38:00', '2018-05-08 07:38:00', NULL),
(4, 'L4', 'L4', '2018-05-08 07:38:00', '2018-05-08 07:38:00', NULL),
(5, 'L5', 'L5', '2018-05-08 07:38:00', '2018-05-08 07:38:00', NULL),
(6, 'L6', 'L6', '2018-05-08 07:38:00', '2018-05-08 07:38:00', NULL),
(7, 'L7', 'L7', '2018-05-08 07:38:00', '2018-05-08 07:38:00', NULL),
(8, 'L8', 'L8', '2018-05-08 07:38:00', '2018-05-08 07:38:00', NULL);

-- --------------------------------------------------------

--
-- Table structure for table `log`
--

CREATE TABLE `log` (
  `id` int(11) NOT NULL,
  `action` text COLLATE utf8_unicode_ci NOT NULL,
  `object` text COLLATE utf8_unicode_ci NOT NULL,
  `user_id` int(11) NOT NULL,
  `created_at` datetime NOT NULL,
  `updated_at` datetime NOT NULL,
  `deleted_at` datetime NOT NULL
) ENGINE=InnoDB DEFAULT CHARSET=utf8 COLLATE=utf8_unicode_ci;

--
-- Dumping data for table `log`
--

INSERT INTO `log` (`id`, `action`, `object`, `user_id`, `created_at`, `updated_at`, `deleted_at`) VALUES
(5, 'create_kpi', '{\"kpi_id\":6,\"kpi_name\":\"add\",\"menber\":[\"admin\"]}', 1, '2018-06-18 07:23:15', '2018-06-18 07:23:15', '0000-00-00 00:00:00'),
(6, 'update_kpi', '{\"kpi\":\"2200\",\"name\":\"add\",\"description\":\"add\",\"update\":[\"admin\",\"sale1\"]}', 1, '2018-06-18 07:23:24', '2018-06-18 07:23:24', '0000-00-00 00:00:00'),
(7, 'remove_kpi', '{\"kpi_id\":\"6\",\"kpi_name\":\"add\"}', 1, '2018-06-18 07:23:27', '2018-06-18 07:23:27', '0000-00-00 00:00:00'),
(8, 'update_role_page', '{\"role_id\":\"4\",\"add\":[\"6\",\"12\",\"13\",\"7\",\"8\",\"9\",\"1\",\"3\",\"10\",\"2\",\"5\"],\"remove\":[11]}', 1, '2018-06-18 07:23:50', '2018-06-18 07:23:50', '0000-00-00 00:00:00');

-- --------------------------------------------------------

--
-- Table structure for table `page`
--

CREATE TABLE `page` (
  `id` int(11) NOT NULL,
  `root_id` int(11) DEFAULT NULL,
  `order_id` int(5) NOT NULL DEFAULT 999,
  `name` varchar(100) DEFAULT NULL,
  `url` varchar(255) DEFAULT NULL,
  `created_at` datetime DEFAULT NULL,
  `updated_at` datetime DEFAULT NULL,
  `deleted_at` datetime DEFAULT NULL
) ENGINE=InnoDB DEFAULT CHARSET=utf8;

--
-- Dumping data for table `page`
--

INSERT INTO `page` (`id`, `root_id`, `order_id`, `name`, `url`, `created_at`, `updated_at`, `deleted_at`) VALUES
(1, NULL, 1, 'Admin', '', '2018-05-08 07:38:00', '2018-05-08 07:38:00', NULL),
(2, 1, 3, 'User', 'user', '2018-05-08 07:38:00', '2018-05-08 07:38:00', NULL),
(3, 1, 0, 'Contact', 'contact', '2018-05-08 07:38:00', '2018-05-08 07:38:00', NULL),
(5, 1, 4, 'Page', 'page', '2018-05-08 07:38:00', '2018-05-08 07:38:00', NULL),
(6, NULL, 0, 'Others', NULL, '2018-05-08 07:38:00', '2018-05-08 07:38:00', NULL),
(7, 6, 1, 'User Add', 'user/add', '2018-05-25 00:00:00', '2018-05-25 00:00:00', NULL),
(8, 6, 2, 'Page Add', 'page/add', '2018-05-25 00:00:00', '2018-05-25 00:00:00', NULL),
(9, 6, 3, 'Contact Add', 'contact/add', '2018-05-25 00:00:00', '2018-05-25 00:00:00', NULL),
(10, 1, 1, 'Contact Transfer', 'contact/transfer', '2018-05-31 03:40:20', '2018-05-31 03:40:20', NULL),
(11, 1, 5, 'Role Page', 'page/rolepage', '2018-05-31 03:40:49', '2018-05-31 03:40:49', NULL),
(12, 6, 0, 'Contact Transfer', 'contact/transfer', '2018-05-31 03:41:10', '2018-05-31 03:41:23', NULL),
(13, 6, 0, 'Call History', 'callHistory', '2018-05-31 03:41:21', '2018-06-01 03:02:39', NULL),
(14, 19, 999, 'Report QTTT', 'report/qttt', '2018-05-31 03:41:21', '2018-06-18 07:07:08', NULL),
(15, 1, 999, 'KPI', 'user/kpi', '2018-06-18 07:00:38', '2018-06-18 07:00:38', NULL),
(16, 19, 999, 'Report Split', 'report/split', '2018-06-18 07:01:24', '2018-06-18 07:07:20', NULL),
(17, 1, 999, 'Sale Group', 'salegroup', '2018-06-18 07:02:04', '2018-06-18 07:02:04', NULL),
(18, 1, 999, 'User Sale Group', 'salegroup/usersalegroup', '2018-06-18 07:02:34', '2018-06-18 07:02:34', NULL),
(19, NULL, 999, 'Report', NULL, '2018-06-18 07:07:01', '2018-06-18 07:13:38', NULL),
(20, NULL, 999, 'Call History', NULL, '2018-06-18 07:07:56', '2018-06-18 07:13:54', NULL),
(21, 20, 999, 'List', 'callHistory', '2018-06-18 07:08:22', '2018-06-18 07:11:31', NULL),
(22, 20, 999, 'Generate', 'callHistory/generate?total=1', '2018-06-18 07:08:59', '2018-06-18 07:13:23', NULL),
(23, 1, 999, 'Cache', 'cache', '2018-06-18 07:10:03', '2018-06-18 07:10:03', NULL),
(24, 1, 999, 'temp', 'tempx2', '2018-06-18 07:24:50', '2018-06-18 07:25:12', '2018-06-18 07:25:12');

-- --------------------------------------------------------

--
-- Table structure for table `role`
--

CREATE TABLE `role` (
  `id` int(11) NOT NULL,
  `name` varchar(100) NOT NULL,
  `default_page_id` int(11) DEFAULT NULL,
  `created_at` datetime DEFAULT NULL,
  `updated_at` datetime DEFAULT NULL,
  `deleted_at` datetime DEFAULT NULL
) ENGINE=InnoDB DEFAULT CHARSET=utf8;

--
-- Dumping data for table `role`
--

INSERT INTO `role` (`id`, `name`, `default_page_id`, `created_at`, `updated_at`, `deleted_at`) VALUES
(1, 'admin', 2, '2018-05-23 00:00:00', '2018-06-18 07:03:34', NULL),
(2, 'manager', 10, '2018-05-23 00:00:00', '2018-05-23 00:00:00', NULL),
(3, 'sale', 12, '2018-05-23 00:00:00', '2018-05-23 00:00:00', NULL),
(4, 'IT', 3, '2018-05-23 00:00:00', '2018-06-18 07:23:50', NULL);

-- --------------------------------------------------------

--
-- Table structure for table `role_page`
--

CREATE TABLE `role_page` (
  `id` int(11) NOT NULL,
  `role_id` int(11) NOT NULL,
  `page_id` int(11) NOT NULL,
  `created_at` datetime DEFAULT NULL,
  `updated_at` datetime DEFAULT NULL,
  `deleted_at` datetime DEFAULT NULL
) ENGINE=InnoDB DEFAULT CHARSET=utf8;

--
-- Dumping data for table `role_page`
--

INSERT INTO `role_page` (`id`, `role_id`, `page_id`, `created_at`, `updated_at`, `deleted_at`) VALUES
(1, 1, 1, '2018-05-23 00:00:00', '2018-05-23 00:00:00', NULL),
(2, 1, 2, '2018-05-23 00:00:00', '2018-05-23 00:00:00', NULL),
(3, 1, 3, '2018-05-23 00:00:00', '2018-05-31 04:55:32', NULL),
(4, 1, 5, '2018-05-23 00:00:00', '2018-05-23 00:00:00', '2018-05-31 04:48:20'),
(5, 1, 6, '2018-05-23 00:00:00', '2018-05-23 00:00:00', NULL),
(6, 1, 7, '2018-05-23 00:00:00', '2018-05-23 00:00:00', NULL),
(7, 1, 8, '2018-05-23 00:00:00', '2018-05-23 00:00:00', NULL),
(8, 1, 9, '2018-05-23 00:00:00', '2018-05-23 00:00:00', NULL),
(9, 4, 1, '2018-05-31 04:46:44', '2018-05-31 04:46:51', '2018-05-31 04:46:51'),
(10, 4, 2, '2018-05-31 04:46:44', '2018-05-31 04:46:51', '2018-05-31 04:46:51'),
(11, 4, 6, '2018-05-31 04:46:51', '2018-06-11 10:38:51', '2018-06-11 10:38:51'),
(12, 4, 7, '2018-05-31 04:46:51', '2018-06-11 10:35:27', '2018-06-11 10:35:27'),
(13, 1, 10, '2018-05-31 04:48:20', '2018-05-31 04:48:20', NULL),
(14, 1, 11, '2018-05-31 04:48:20', '2018-05-31 04:48:20', NULL),
(15, 1, 13, '2018-05-31 04:48:20', '2018-05-31 04:48:20', NULL),
(16, 1, 5, '2018-05-31 05:28:48', '2018-05-31 05:28:48', NULL),
(17, 3, 6, '2018-06-01 03:15:08', '2018-06-01 03:15:08', NULL),
(18, 3, 10, '2018-06-01 03:15:08', '2018-06-01 03:15:08', NULL),
(19, 3, 12, '2018-06-01 03:15:08', '2018-06-01 03:15:08', NULL),
(20, 1, 14, '2018-06-01 03:29:00', '2018-06-01 03:29:00', NULL),
(21, 4, 14, '2018-06-11 10:35:27', '2018-06-11 10:38:42', '2018-06-11 10:38:42'),
(22, 4, 9, '2018-06-11 10:38:42', '2018-06-12 11:00:00', '2018-06-12 11:00:00'),
(23, 4, 10, '2018-06-11 10:38:51', '2018-06-12 11:04:08', '2018-06-12 11:04:08'),
(24, 4, 12, '2018-06-11 10:38:51', '2018-06-12 11:04:08', '2018-06-12 11:04:08'),
(25, 4, 13, '2018-06-11 10:38:51', '2018-06-12 11:00:30', '2018-06-12 11:00:30'),
(26, 4, 7, '2018-06-11 10:38:51', '2018-06-12 11:00:00', '2018-06-12 11:00:00'),
(27, 4, 8, '2018-06-11 10:38:51', '2018-06-12 11:00:00', '2018-06-12 11:00:00'),
(28, 4, 3, '2018-06-11 10:38:51', '2018-06-12 11:00:42', '2018-06-12 11:00:42'),
(29, 4, 2, '2018-06-11 10:38:51', '2018-06-12 11:04:08', '2018-06-12 11:04:08'),
(30, 4, 5, '2018-06-11 10:38:51', '2018-06-12 11:04:08', '2018-06-12 11:04:08'),
(31, 4, 11, '2018-06-11 10:38:51', '2018-06-12 11:04:08', '2018-06-12 11:04:08'),
(32, 4, 14, '2018-06-11 10:38:51', '2018-06-12 11:00:30', '2018-06-12 11:00:30'),
(33, 4, 1, '2018-06-11 10:38:51', '2018-06-12 11:00:42', '2018-06-12 11:00:42'),
(34, 4, 13, '2018-06-12 11:00:42', '2018-06-12 11:00:54', '2018-06-12 11:00:54'),
(35, 4, 14, '2018-06-12 11:00:42', '2018-06-12 11:00:54', '2018-06-12 11:00:54'),
(36, 4, 1, '2018-06-12 11:00:54', '2018-06-12 11:04:08', '2018-06-12 11:04:08'),
(37, 4, 3, '2018-06-12 11:00:54', '2018-06-12 11:04:08', '2018-06-12 11:04:08'),
(38, 4, 14, '2018-06-12 11:01:51', '2018-06-12 11:04:08', '2018-06-12 11:04:08'),
(39, 4, 6, '2018-06-12 11:04:08', '2018-06-12 11:04:20', '2018-06-12 11:04:20'),
(40, 4, 9, '2018-06-12 11:04:31', '2018-06-12 11:08:18', '2018-06-12 11:08:18'),
(41, 4, 1, '2018-06-12 11:04:31', '2018-06-12 11:06:34', '2018-06-12 11:06:34'),
(42, 4, 3, '2018-06-12 11:04:31', '2018-06-12 11:06:34', '2018-06-12 11:06:34'),
(43, 4, 13, '2018-06-12 11:06:34', '2018-06-12 11:06:52', '2018-06-12 11:06:52'),
(44, 4, 7, '2018-06-12 11:06:34', '2018-06-12 11:08:18', '2018-06-12 11:08:18'),
(45, 4, 8, '2018-06-12 11:06:34', '2018-06-12 11:08:18', '2018-06-12 11:08:18'),
(46, 4, 1, '2018-06-12 11:06:52', '2018-06-12 11:06:52', NULL),
(47, 4, 3, '2018-06-12 11:06:52', '2018-06-12 11:06:52', NULL),
(48, 4, 10, '2018-06-12 11:08:18', '2018-06-12 11:08:39', '2018-06-12 11:08:39'),
(49, 4, 12, '2018-06-12 11:08:18', '2018-06-12 11:08:39', '2018-06-12 11:08:39'),
(50, 4, 13, '2018-06-12 11:08:39', '2018-06-12 11:08:48', '2018-06-12 11:08:48'),
(51, 4, 10, '2018-06-12 11:08:48', '2018-06-12 11:08:48', NULL),
(52, 4, 12, '2018-06-12 11:08:48', '2018-06-12 11:08:48', NULL),
(53, 4, 8, '2018-06-12 11:16:00', '2018-06-12 11:48:56', '2018-06-12 11:48:56'),
(54, 4, 9, '2018-06-12 11:16:00', '2018-06-12 11:48:56', '2018-06-12 11:48:56'),
(55, 4, 2, '2018-06-12 11:16:00', '2018-06-12 11:16:00', NULL),
(56, 4, 13, '2018-06-12 11:48:56', '2018-06-15 11:08:05', '2018-06-15 11:08:05'),
(57, 4, 5, '2018-06-15 11:08:05', '2018-06-15 11:08:05', NULL),
(58, 4, 11, '2018-06-16 00:20:17', '2018-06-18 07:23:50', '2018-06-18 07:23:50'),
(59, 1, 12, '2018-06-16 00:22:40', '2018-06-16 00:22:40', NULL),
(60, 1, 15, '2018-06-18 07:03:00', '2018-06-18 07:03:00', NULL),
(61, 1, 16, '2018-06-18 07:03:00', '2018-06-18 07:03:00', NULL),
(62, 1, 17, '2018-06-18 07:03:00', '2018-06-18 07:03:00', NULL),
(63, 1, 18, '2018-06-18 07:03:00', '2018-06-18 07:03:00', NULL),
(64, 1, 23, '2018-06-18 07:10:28', '2018-06-18 07:10:28', NULL),
(65, 1, 19, '2018-06-18 07:10:28', '2018-06-18 07:10:28', NULL),
(66, 1, 20, '2018-06-18 07:10:28', '2018-06-18 07:10:28', NULL),
(67, 1, 21, '2018-06-18 07:10:28', '2018-06-18 07:10:28', NULL),
(68, 1, 22, '2018-06-18 07:10:28', '2018-06-18 07:10:28', NULL),
(69, 4, 6, '2018-06-18 07:23:50', '2018-06-18 07:23:50', NULL),
(70, 4, 13, '2018-06-18 07:23:50', '2018-06-18 07:23:50', NULL),
(71, 4, 7, '2018-06-18 07:23:50', '2018-06-18 07:23:50', NULL),
(72, 4, 8, '2018-06-18 07:23:50', '2018-06-18 07:23:50', NULL),
(73, 4, 9, '2018-06-18 07:23:50', '2018-06-18 07:23:50', NULL);

-- --------------------------------------------------------

--
-- Table structure for table `sale_group`
--

CREATE TABLE `sale_group` (
  `id` int(11) NOT NULL,
  `name` varchar(45) NOT NULL,
  `description` varchar(255) DEFAULT NULL,
  `created_at` datetime DEFAULT NULL,
  `updated_at` datetime DEFAULT NULL,
  `deleted_at` datetime DEFAULT NULL
) ENGINE=InnoDB DEFAULT CHARSET=utf8;

--
-- Dumping data for table `sale_group`
--

INSERT INTO `sale_group` (`id`, `name`, `description`, `created_at`, `updated_at`, `deleted_at`) VALUES
(1, 'Group A+', 'Group A+', '2018-06-15 08:00:59', '2018-06-15 08:01:48', NULL),
(2, 'Group B', 'Group B', '2018-06-15 08:01:05', '2018-06-15 08:03:36', NULL);

-- --------------------------------------------------------

--
-- Table structure for table `source_channel`
--

CREATE TABLE `source_channel` (
  `id` int(11) NOT NULL,
  `source_id` int(11) NOT NULL,
  `channel_id` int(11) NOT NULL,
  `created_at` datetime NOT NULL,
  `updated_at` datetime NOT NULL,
  `deleted_at` datetime NOT NULL
) ENGINE=InnoDB DEFAULT CHARSET=utf8;

-- --------------------------------------------------------

--
-- Table structure for table `status_call`
--

CREATE TABLE `status_call` (
  `id` int(11) NOT NULL,
  `name` varchar(100) NOT NULL,
  `description` varchar(255) NOT NULL,
  `created_at` datetime DEFAULT NULL,
  `updated_at` datetime DEFAULT NULL,
  `deleted_at` datetime DEFAULT NULL
) ENGINE=InnoDB DEFAULT CHARSET=utf8;

--
-- Dumping data for table `status_call`
--

INSERT INTO `status_call` (`id`, `name`, `description`, `created_at`, `updated_at`, `deleted_at`) VALUES
(1, 'Status call 1', 'Status call 1', '2018-05-28 00:00:00', '2018-05-28 00:00:00', NULL),
(2, 'Status call 2', 'Status call 2', '2018-05-28 00:00:00', '2018-05-28 00:00:00', NULL),
(3, 'Status call 3', 'Status call 3', '2018-05-28 00:00:00', '2018-05-28 00:00:00', NULL);

-- --------------------------------------------------------

--
-- Table structure for table `status_service`
--

CREATE TABLE `status_service` (
  `id` int(11) NOT NULL,
  `name` varchar(100) NOT NULL,
  `description` varchar(255) NOT NULL,
  `created_at` datetime DEFAULT NULL,
  `updated_at` datetime DEFAULT NULL,
  `deleted_at` datetime DEFAULT NULL
) ENGINE=InnoDB DEFAULT CHARSET=utf8;

--
-- Dumping data for table `status_service`
--

INSERT INTO `status_service` (`id`, `name`, `description`, `created_at`, `updated_at`, `deleted_at`) VALUES
(1, 'Status Service 1', 'Status Service 1', '2018-05-28 00:00:00', '2018-05-28 00:00:00', NULL),
(2, 'Status Service 2', 'Status Service 2', '2018-05-28 00:00:00', '2018-05-28 00:00:00', NULL);

-- --------------------------------------------------------

--
-- Table structure for table `temp`
--

CREATE TABLE `temp` (
  `emp_id` int(11) NOT NULL,
  `data_id` int(11) NOT NULL
) ENGINE=InnoDB DEFAULT CHARSET=utf8;

-- --------------------------------------------------------

--
-- Table structure for table `user`
--

CREATE TABLE `user` (
  `id` int(11) NOT NULL,
  `name` varchar(100) NOT NULL,
  `password` varchar(100) NOT NULL,
  `remember_token` varchar(255) DEFAULT NULL,
  `firstname` varchar(100) NOT NULL,
  `lastname` varchar(100) NOT NULL,
  `created_at` datetime DEFAULT NULL,
  `updated_at` datetime DEFAULT NULL,
  `deleted_at` datetime DEFAULT NULL
) ENGINE=InnoDB DEFAULT CHARSET=utf8;

--
-- Dumping data for table `user`
--

INSERT INTO `user` (`id`, `name`, `password`, `remember_token`, `firstname`, `lastname`, `created_at`, `updated_at`, `deleted_at`) VALUES
(1, 'admin', '$2y$10$3TflNLiqow/uoLIsqeJcTuw5Aut.SwsBithDfzGwkdQDGMDcuhZBO', '84A8KEruPq3ZMiLqbjln5jhYESFzhBd2SMbOxN4GZ5B1LXIWwR6iWMeJM44l', 'adminF', 'adminL', '2018-05-08 07:38:00', '2018-05-17 12:17:27', NULL),
(22, 'sale1', '$2y$10$2q4heuHToB5o1kX/BYcNyeHAko0cIUAWLad3CQ5D0kGyRgBLUGSlK', 'WoAN2AzLquFulDqRBzLR7cCQdajI9vfnJ0xnIHGJQ5oJMEwZisXGT2v5omr9', 'Sale 1', 'LN', '2018-06-01 03:10:52', '2018-06-01 03:10:52', NULL),
(23, 'sale2', '$2y$10$JX0qtKRP98N.Piy2S.fiXeZkk.Dbat9h4ljORCOrFUp0l1V5.jnm.', NULL, 'Sale 2', 'LN', '2018-06-01 03:11:12', '2018-06-01 03:11:12', NULL),
(24, 'sale3', '$2y$10$zc0oZB2ZE6ANXGc/u6cDb.g7kvPGYACdryjBVTdvUXORD4tofejKK', NULL, 'Sale 3', 'LN', '2018-06-01 03:11:28', '2018-06-01 03:11:28', NULL),
(25, 'sale4', '$2y$10$4kpeN8u/q.qbGsQU99PYGOZ9oFIZxozrcpPu5URcDSD3gb/3r9GL6', NULL, 'Sale 4', 'LN', '2018-06-01 03:11:49', '2018-06-01 03:11:49', NULL),
(26, 'sale5', '$2y$10$oL42BYI1vqjO0odkcZ7k/e.jf50OOUVzb9BFj6XOcQgnbpuLSmVDm', NULL, 'Sale 5', 'LN', '2018-06-01 03:12:03', '2018-06-01 03:12:03', NULL),
(27, 'sale6', '$2y$10$U.JFUiOoTav8jPlCgrN8teGH10IgYGb0rqOiVWQKaohku5pgwfYb.', NULL, 'Sale6', 'LN', '2018-06-01 06:13:43', '2018-06-01 06:13:43', NULL),
(28, 'sale7', '$2y$10$UGIGpzAhuSIM9VfyDmEda.F3y0Qo2HcLXx1YscLTzsfAfuVqrf/Zu', NULL, 'Sale 7', 'LN', '2018-06-01 06:14:38', '2018-06-01 06:14:38', NULL),
(29, 'sale8', '$2y$10$cy44E0AxvnVw/E3QV/9E.e0GosLFCKP.i17HP7XFbJ8HvCWDwu9Ei', NULL, 'Sale 8', 'LN', '2018-06-01 06:14:51', '2018-06-01 06:14:51', NULL),
(30, 'sale9', '$2y$10$WYCWI9aZrn6qHRVEgUMZr.A5/Ra/dFQ9QpOo3Vl27lIm7N8lab5ti', NULL, 'Sale 9', 'LN', '2018-06-01 06:15:02', '2018-06-01 06:15:02', NULL),
(31, 'sale10', '$2y$10$.fSYQBOGKJaUpgPF57Esf.bjsN1t6x0Beop6ABxJuziD78QTNm/0i', NULL, 'Sale 10', 'LN', '2018-06-01 06:15:16', '2018-06-01 06:15:16', NULL);

-- --------------------------------------------------------

--
-- Table structure for table `user_contact`
--

CREATE TABLE `user_contact` (
  `id` int(11) NOT NULL,
  `user_id` int(11) NOT NULL,
  `contact_id` int(11) NOT NULL,
  `created_at` datetime DEFAULT NULL,
  `updated_at` datetime DEFAULT NULL,
  `deleted_at` datetime DEFAULT NULL
) ENGINE=InnoDB DEFAULT CHARSET=utf8;

--
-- Dumping data for table `user_contact`
--

INSERT INTO `user_contact` (`id`, `user_id`, `contact_id`, `created_at`, `updated_at`, `deleted_at`) VALUES
(1, 25, 647, '2018-06-19 03:14:28', '2018-06-19 03:14:28', NULL),
(2, 26, 706, '2018-06-19 03:14:28', '2018-06-19 03:14:28', NULL),
(3, 25, 704, '2018-06-19 03:14:28', '2018-06-19 03:14:28', NULL),
(4, 25, 489, '2018-06-19 03:14:28', '2018-06-19 03:14:28', NULL),
(5, 26, 551, '2018-06-19 03:14:29', '2018-06-19 03:14:29', NULL),
(6, 28, 364, '2018-06-19 03:14:29', '2018-06-19 03:14:29', NULL),
(7, 30, 671, '2018-06-19 03:14:29', '2018-06-19 03:14:29', NULL),
(8, 23, 686, '2018-06-19 03:14:29', '2018-06-19 03:14:29', NULL),
(9, 27, 126, '2018-06-19 03:14:29', '2018-06-19 03:14:29', NULL),
(10, 24, 697, '2018-06-19 03:14:29', '2018-06-19 03:14:29', NULL),
(11, 30, 312, '2018-06-19 03:14:29', '2018-06-19 03:14:29', NULL),
(12, 30, 695, '2018-06-19 03:14:29', '2018-06-19 03:14:29', NULL),
(13, 30, 155, '2018-06-19 03:14:29', '2018-06-19 03:14:29', NULL),
(14, 25, 355, '2018-06-19 03:14:29', '2018-06-19 03:14:29', NULL),
(15, 30, 38, '2018-06-19 03:14:29', '2018-06-19 03:14:29', NULL),
(16, 29, 375, '2018-06-19 03:14:29', '2018-06-19 03:14:29', NULL),
(17, 23, 254, '2018-06-19 03:14:29', '2018-06-19 03:14:29', NULL),
(18, 1, 19, '2018-06-19 03:14:29', '2018-06-19 03:14:29', NULL),
(19, 31, 575, '2018-06-19 03:14:29', '2018-06-19 03:14:29', NULL),
(20, 29, 366, '2018-06-19 03:14:29', '2018-06-19 03:14:29', NULL),
(21, 27, 442, '2018-06-19 03:14:29', '2018-06-19 03:14:29', NULL),
(22, 26, 408, '2018-06-19 03:14:29', '2018-06-19 03:14:29', NULL),
(23, 29, 705, '2018-06-19 03:14:29', '2018-06-19 03:14:29', NULL),
(24, 30, 401, '2018-06-19 03:14:29', '2018-06-19 03:14:29', NULL),
(25, 30, 347, '2018-06-19 03:14:29', '2018-06-19 03:14:29', NULL),
(26, 23, 112, '2018-06-19 03:14:29', '2018-06-19 03:14:29', NULL),
(27, 22, 511, '2018-06-19 03:14:29', '2018-06-19 03:14:29', NULL),
(28, 30, 639, '2018-06-19 03:14:29', '2018-06-19 03:14:29', NULL),
(29, 28, 507, '2018-06-19 03:14:29', '2018-06-19 03:14:29', NULL),
(30, 24, 103, '2018-06-19 03:14:29', '2018-06-19 03:14:29', NULL),
(31, 24, 548, '2018-06-19 03:14:29', '2018-06-19 03:14:29', NULL),
(32, 26, 229, '2018-06-19 03:14:29', '2018-06-19 03:14:29', NULL),
(33, 23, 16, '2018-06-19 03:14:29', '2018-06-19 03:14:29', NULL),
(34, 29, 517, '2018-06-19 03:14:29', '2018-06-19 03:14:29', NULL),
(35, 1, 566, '2018-06-19 03:14:29', '2018-06-19 03:14:29', NULL),
(36, 25, 479, '2018-06-19 03:14:29', '2018-06-19 03:14:29', NULL),
(37, 28, 359, '2018-06-19 03:14:29', '2018-06-19 03:14:29', NULL),
(38, 26, 367, '2018-06-19 03:14:29', '2018-06-19 03:14:29', NULL),
(39, 23, 325, '2018-06-19 03:14:29', '2018-06-19 03:14:29', NULL),
(40, 23, 94, '2018-06-19 03:14:29', '2018-06-19 03:14:29', NULL),
(41, 29, 267, '2018-06-19 03:14:29', '2018-06-19 03:14:29', NULL),
(42, 23, 405, '2018-06-19 03:14:29', '2018-06-19 03:14:29', NULL),
(43, 31, 220, '2018-06-19 03:14:29', '2018-06-19 03:14:29', NULL),
(44, 25, 81, '2018-06-19 03:14:29', '2018-06-19 03:14:29', NULL),
(45, 30, 18, '2018-06-19 03:14:29', '2018-06-19 03:14:29', NULL),
(46, 1, 65, '2018-06-19 03:14:29', '2018-06-19 03:14:29', NULL),
(47, 26, 289, '2018-06-19 03:14:29', '2018-06-19 03:14:29', NULL),
(48, 30, 641, '2018-06-19 03:14:29', '2018-06-19 03:14:29', NULL),
(49, 28, 680, '2018-06-19 03:14:29', '2018-06-19 03:14:29', NULL),
(50, 29, 287, '2018-06-19 03:14:29', '2018-06-19 03:14:29', NULL),
(51, 31, 712, '2018-06-19 03:14:29', '2018-06-19 03:14:29', NULL),
(52, 29, 241, '2018-06-19 03:14:29', '2018-06-19 03:14:29', NULL),
(53, 27, 402, '2018-06-19 03:14:29', '2018-06-19 03:14:29', NULL),
(54, 22, 758, '2018-06-19 03:14:29', '2018-06-19 03:14:29', NULL),
(55, 22, 539, '2018-06-19 03:14:29', '2018-06-19 03:14:29', NULL),
(56, 1, 684, '2018-06-19 03:14:29', '2018-06-19 03:14:29', NULL),
(57, 1, 723, '2018-06-19 03:14:29', '2018-06-19 03:14:29', NULL),
(58, 30, 53, '2018-06-19 03:14:29', '2018-06-19 03:14:29', NULL),
(59, 26, 475, '2018-06-19 03:14:29', '2018-06-19 03:14:29', NULL),
(60, 23, 181, '2018-06-19 03:14:29', '2018-06-19 03:14:29', NULL),
(61, 27, 570, '2018-06-19 03:14:29', '2018-06-19 03:14:29', NULL),
(62, 29, 335, '2018-06-19 03:14:29', '2018-06-19 03:14:29', NULL),
(63, 27, 86, '2018-06-19 03:14:29', '2018-06-19 03:14:29', NULL),
(64, 29, 493, '2018-06-19 03:14:29', '2018-06-19 03:14:29', NULL),
(65, 23, 117, '2018-06-19 03:14:29', '2018-06-19 03:14:29', NULL),
(66, 29, 396, '2018-06-19 03:14:29', '2018-06-19 03:14:29', NULL),
(67, 24, 343, '2018-06-19 03:14:29', '2018-06-19 03:14:29', NULL),
(68, 23, 503, '2018-06-19 03:14:29', '2018-06-19 03:14:29', NULL),
(69, 22, 502, '2018-06-19 03:14:29', '2018-06-19 03:14:29', NULL),
(70, 30, 125, '2018-06-19 03:14:29', '2018-06-19 03:14:29', NULL),
(71, 29, 376, '2018-06-19 03:14:29', '2018-06-19 03:14:29', NULL),
(72, 27, 409, '2018-06-19 03:14:29', '2018-06-19 03:14:29', NULL),
(73, 28, 644, '2018-06-19 03:14:29', '2018-06-19 03:14:29', NULL),
(74, 29, 771, '2018-06-19 03:14:29', '2018-06-19 03:14:29', NULL),
(75, 29, 486, '2018-06-19 03:14:29', '2018-06-19 03:14:29', NULL),
(76, 31, 775, '2018-06-19 03:14:29', '2018-06-19 03:14:29', NULL),
(77, 29, 649, '2018-06-19 03:14:29', '2018-06-19 03:14:29', NULL),
(78, 29, 346, '2018-06-19 03:14:29', '2018-06-19 03:14:29', NULL),
(79, 25, 740, '2018-06-19 03:14:29', '2018-06-19 03:14:29', NULL),
(80, 28, 216, '2018-06-19 03:14:30', '2018-06-19 03:14:30', NULL),
(81, 25, 485, '2018-06-19 03:14:30', '2018-06-19 03:14:30', NULL),
(82, 23, 516, '2018-06-19 03:14:30', '2018-06-19 03:14:30', NULL),
(83, 30, 733, '2018-06-19 03:14:30', '2018-06-19 03:14:30', NULL),
(84, 24, 590, '2018-06-19 03:14:30', '2018-06-19 03:14:30', NULL),
(85, 27, 599, '2018-06-19 03:14:30', '2018-06-19 03:14:30', NULL),
(86, 28, 446, '2018-06-19 03:14:30', '2018-06-19 03:14:30', NULL),
(87, 25, 280, '2018-06-19 03:14:30', '2018-06-19 03:14:30', NULL),
(88, 24, 303, '2018-06-19 03:14:30', '2018-06-19 03:14:30', NULL),
(89, 30, 565, '2018-06-19 03:14:30', '2018-06-19 03:14:30', NULL),
(90, 29, 461, '2018-06-19 03:14:30', '2018-06-19 03:14:30', NULL),
(91, 29, 689, '2018-06-19 03:14:30', '2018-06-19 03:14:30', NULL),
(92, 26, 708, '2018-06-19 03:14:30', '2018-06-19 03:14:30', NULL),
(93, 29, 656, '2018-06-19 03:14:30', '2018-06-19 03:14:30', NULL),
(94, 1, 74, '2018-06-19 03:14:30', '2018-06-19 03:14:30', NULL),
(95, 26, 607, '2018-06-19 03:14:30', '2018-06-19 03:14:30', NULL),
(96, 26, 236, '2018-06-19 03:14:30', '2018-06-19 03:14:30', NULL),
(97, 29, 716, '2018-06-19 03:14:30', '2018-06-19 03:14:30', NULL),
(98, 24, 134, '2018-06-19 03:14:30', '2018-06-19 03:14:30', NULL),
(99, 1, 618, '2018-06-19 03:14:30', '2018-06-19 03:14:30', NULL),
(100, 29, 633, '2018-06-19 03:14:30', '2018-06-19 03:14:30', NULL),
(101, 29, 578, '2018-06-19 03:14:30', '2018-06-19 03:14:30', NULL),
(102, 28, 37, '2018-06-19 03:14:30', '2018-06-19 03:14:30', NULL),
(103, 22, 434, '2018-06-19 03:14:30', '2018-06-19 03:14:30', NULL),
(104, 30, 253, '2018-06-19 03:14:30', '2018-06-19 03:14:30', NULL),
(105, 23, 445, '2018-06-19 03:14:30', '2018-06-19 03:14:30', NULL),
(106, 27, 269, '2018-06-19 03:14:30', '2018-06-19 03:14:30', NULL),
(107, 22, 605, '2018-06-19 03:14:30', '2018-06-19 03:14:30', NULL),
(108, 23, 87, '2018-06-19 03:14:30', '2018-06-19 03:14:30', NULL),
(109, 24, 533, '2018-06-19 03:14:30', '2018-06-19 03:14:30', NULL),
(110, 25, 351, '2018-06-19 03:14:30', '2018-06-19 03:14:30', NULL),
(111, 30, 49, '2018-06-19 03:14:30', '2018-06-19 03:14:30', NULL),
(112, 1, 414, '2018-06-19 03:14:30', '2018-06-19 03:14:30', NULL),
(113, 1, 655, '2018-06-19 03:14:30', '2018-06-19 03:14:30', NULL),
(114, 27, 379, '2018-06-19 03:14:30', '2018-06-19 03:14:30', NULL),
(115, 1, 2, '2018-06-19 03:14:30', '2018-06-19 03:14:30', NULL),
(116, 30, 182, '2018-06-19 03:14:30', '2018-06-19 03:14:30', NULL),
(117, 29, 779, '2018-06-19 03:14:30', '2018-06-19 03:14:30', NULL),
(118, 28, 773, '2018-06-19 03:14:30', '2018-06-19 03:14:30', NULL),
(119, 25, 602, '2018-06-19 03:14:30', '2018-06-19 03:14:30', NULL),
(120, 28, 612, '2018-06-19 03:14:30', '2018-06-19 03:14:30', NULL),
(121, 24, 106, '2018-06-19 03:14:30', '2018-06-19 03:14:30', NULL),
(122, 26, 372, '2018-06-19 03:14:30', '2018-06-19 03:14:30', NULL),
(123, 30, 224, '2018-06-19 03:14:30', '2018-06-19 03:14:30', NULL),
(124, 27, 640, '2018-06-19 03:14:30', '2018-06-19 03:14:30', NULL),
(125, 22, 393, '2018-06-19 03:14:30', '2018-06-19 03:14:30', NULL),
(126, 30, 132, '2018-06-19 03:14:30', '2018-06-19 03:14:30', NULL),
(127, 1, 317, '2018-06-19 03:14:30', '2018-06-19 03:14:30', NULL),
(128, 25, 59, '2018-06-19 03:14:30', '2018-06-19 03:14:30', NULL),
(129, 28, 699, '2018-06-19 03:14:30', '2018-06-19 03:14:30', NULL),
(130, 31, 681, '2018-06-19 03:14:30', '2018-06-19 03:14:30', NULL),
(131, 30, 281, '2018-06-19 03:14:30', '2018-06-19 03:14:30', NULL),
(132, 23, 242, '2018-06-19 03:14:30', '2018-06-19 03:14:30', NULL),
(133, 24, 56, '2018-06-19 03:14:30', '2018-06-19 03:14:30', NULL),
(134, 31, 665, '2018-06-19 03:14:30', '2018-06-19 03:14:30', NULL),
(135, 25, 626, '2018-06-19 03:14:30', '2018-06-19 03:14:30', NULL),
(136, 29, 702, '2018-06-19 03:14:30', '2018-06-19 03:14:30', NULL),
(137, 29, 283, '2018-06-19 03:14:30', '2018-06-19 03:14:30', NULL),
(138, 25, 614, '2018-06-19 03:14:30', '2018-06-19 03:14:30', NULL),
(139, 1, 473, '2018-06-19 03:14:30', '2018-06-19 03:14:30', NULL),
(140, 27, 449, '2018-06-19 03:14:30', '2018-06-19 03:14:30', NULL),
(141, 26, 374, '2018-06-19 03:14:30', '2018-06-19 03:14:30', NULL),
(142, 27, 277, '2018-06-19 03:14:30', '2018-06-19 03:14:30', NULL),
(143, 27, 162, '2018-06-19 03:14:30', '2018-06-19 03:14:30', NULL),
(144, 28, 642, '2018-06-19 03:14:30', '2018-06-19 03:14:30', NULL),
(145, 30, 29, '2018-06-19 03:14:30', '2018-06-19 03:14:30', NULL),
(146, 31, 57, '2018-06-19 03:14:30', '2018-06-19 03:14:30', NULL),
(147, 30, 306, '2018-06-19 03:14:30', '2018-06-19 03:14:30', NULL),
(148, 23, 582, '2018-06-19 03:14:30', '2018-06-19 03:14:30', NULL),
(149, 23, 667, '2018-06-19 03:14:30', '2018-06-19 03:14:30', NULL),
(150, 24, 200, '2018-06-19 03:14:30', '2018-06-19 03:14:30', NULL),
(151, 24, 334, '2018-06-19 03:14:30', '2018-06-19 03:14:30', NULL),
(152, 24, 301, '2018-06-19 03:14:30', '2018-06-19 03:14:30', NULL),
(153, 29, 377, '2018-06-19 03:14:30', '2018-06-19 03:14:30', NULL),
(154, 27, 774, '2018-06-19 03:14:30', '2018-06-19 03:14:30', NULL),
(155, 22, 5, '2018-06-19 03:14:30', '2018-06-19 03:14:30', NULL),
(156, 24, 500, '2018-06-19 03:14:30', '2018-06-19 03:14:30', NULL),
(157, 27, 717, '2018-06-19 03:14:30', '2018-06-19 03:14:30', NULL),
(158, 29, 603, '2018-06-19 03:14:31', '2018-06-19 03:14:31', NULL),
(159, 24, 478, '2018-06-19 03:14:31', '2018-06-19 03:14:31', NULL),
(160, 24, 146, '2018-06-19 03:14:31', '2018-06-19 03:14:31', NULL),
(161, 28, 373, '2018-06-19 03:14:31', '2018-06-19 03:14:31', NULL),
(162, 29, 701, '2018-06-19 03:14:31', '2018-06-19 03:14:31', NULL),
(163, 25, 624, '2018-06-19 03:14:31', '2018-06-19 03:14:31', NULL),
(164, 27, 323, '2018-06-19 03:14:31', '2018-06-19 03:14:31', NULL),
(165, 31, 39, '2018-06-19 03:14:31', '2018-06-19 03:14:31', NULL),
(166, 27, 617, '2018-06-19 03:14:31', '2018-06-19 03:14:31', NULL),
(167, 22, 419, '2018-06-19 03:14:31', '2018-06-19 03:14:31', NULL),
(168, 1, 519, '2018-06-19 03:14:31', '2018-06-19 03:14:31', NULL),
(169, 24, 601, '2018-06-19 03:14:31', '2018-06-19 03:14:31', NULL),
(170, 31, 474, '2018-06-19 03:14:31', '2018-06-19 03:14:31', NULL),
(171, 23, 189, '2018-06-19 03:14:31', '2018-06-19 03:14:31', NULL),
(172, 1, 571, '2018-06-19 03:14:31', '2018-06-19 03:14:31', NULL),
(173, 22, 410, '2018-06-19 03:14:31', '2018-06-19 03:14:31', NULL),
(174, 24, 611, '2018-06-19 03:14:31', '2018-06-19 03:14:31', NULL),
(175, 23, 309, '2018-06-19 03:14:31', '2018-06-19 03:14:31', NULL),
(176, 25, 550, '2018-06-19 03:14:31', '2018-06-19 03:14:31', NULL),
(177, 25, 747, '2018-06-19 03:14:31', '2018-06-19 03:14:31', NULL),
(178, 23, 456, '2018-06-19 03:14:31', '2018-06-19 03:14:31', NULL),
(179, 1, 718, '2018-06-19 03:14:31', '2018-06-19 03:14:31', NULL),
(180, 23, 15, '2018-06-19 03:14:31', '2018-06-19 03:14:31', NULL),
(181, 23, 593, '2018-06-19 03:14:31', '2018-06-19 03:14:31', NULL),
(182, 23, 368, '2018-06-19 03:14:31', '2018-06-19 03:14:31', NULL),
(183, 31, 648, '2018-06-19 03:14:31', '2018-06-19 03:14:31', NULL),
(184, 29, 226, '2018-06-19 03:14:31', '2018-06-19 03:14:31', NULL),
(185, 24, 761, '2018-06-19 03:14:31', '2018-06-19 03:14:31', NULL),
(186, 29, 506, '2018-06-19 03:14:31', '2018-06-19 03:14:31', NULL),
(187, 25, 466, '2018-06-19 03:14:31', '2018-06-19 03:14:31', NULL),
(188, 28, 385, '2018-06-19 03:14:31', '2018-06-19 03:14:31', NULL),
(189, 23, 735, '2018-06-19 03:14:31', '2018-06-19 03:14:31', NULL),
(190, 31, 496, '2018-06-19 03:14:31', '2018-06-19 03:14:31', NULL),
(191, 26, 75, '2018-06-19 03:14:31', '2018-06-19 03:14:31', NULL),
(192, 27, 621, '2018-06-19 03:14:31', '2018-06-19 03:14:31', NULL),
(193, 27, 51, '2018-06-19 03:14:31', '2018-06-19 03:14:31', NULL),
(194, 22, 273, '2018-06-19 03:14:31', '2018-06-19 03:14:31', NULL),
(195, 30, 104, '2018-06-19 03:14:31', '2018-06-19 03:14:31', NULL),
(196, 24, 27, '2018-06-19 03:14:31', '2018-06-19 03:14:31', NULL),
(197, 30, 171, '2018-06-19 03:14:31', '2018-06-19 03:14:31', NULL),
(198, 22, 173, '2018-06-19 03:14:31', '2018-06-19 03:14:31', NULL),
(199, 27, 454, '2018-06-19 03:14:31', '2018-06-19 03:14:31', NULL),
(200, 24, 349, '2018-06-19 03:14:31', '2018-06-19 03:14:31', NULL),
(201, 31, 223, '2018-06-19 03:14:31', '2018-06-19 03:14:31', NULL),
(202, 22, 183, '2018-06-19 03:14:31', '2018-06-19 03:14:31', NULL),
(203, 25, 260, '2018-06-19 03:14:31', '2018-06-19 03:14:31', NULL),
(204, 1, 310, '2018-06-19 03:14:31', '2018-06-19 03:14:31', NULL),
(205, 24, 207, '2018-06-19 03:14:31', '2018-06-19 03:14:31', NULL),
(206, 28, 8, '2018-06-19 03:14:31', '2018-06-19 03:14:31', NULL),
(207, 30, 217, '2018-06-19 03:14:31', '2018-06-19 03:14:31', NULL),
(208, 26, 597, '2018-06-19 03:14:31', '2018-06-19 03:14:31', NULL),
(209, 24, 652, '2018-06-19 03:14:31', '2018-06-19 03:14:31', NULL),
(210, 22, 713, '2018-06-19 03:14:31', '2018-06-19 03:14:31', NULL),
(211, 24, 234, '2018-06-19 03:14:31', '2018-06-19 03:14:31', NULL),
(212, 31, 23, '2018-06-19 03:14:31', '2018-06-19 03:14:31', NULL),
(213, 30, 399, '2018-06-19 03:14:31', '2018-06-19 03:14:31', NULL),
(214, 22, 127, '2018-06-19 03:14:31', '2018-06-19 03:14:31', NULL),
(215, 28, 298, '2018-06-19 03:14:31', '2018-06-19 03:14:31', NULL),
(216, 1, 175, '2018-06-19 03:14:31', '2018-06-19 03:14:31', NULL),
(217, 30, 68, '2018-06-19 03:14:31', '2018-06-19 03:14:31', NULL),
(218, 28, 128, '2018-06-19 03:14:31', '2018-06-19 03:14:31', NULL),
(219, 25, 558, '2018-06-19 03:14:31', '2018-06-19 03:14:31', NULL),
(220, 22, 709, '2018-06-19 03:14:31', '2018-06-19 03:14:31', NULL),
(221, 25, 398, '2018-06-19 03:14:31', '2018-06-19 03:14:31', NULL),
(222, 27, 32, '2018-06-19 03:14:31', '2018-06-19 03:14:31', NULL),
(223, 30, 594, '2018-06-19 03:14:31', '2018-06-19 03:14:31', NULL),
(224, 28, 693, '2018-06-19 03:14:31', '2018-06-19 03:14:31', NULL),
(225, 23, 314, '2018-06-19 03:14:31', '2018-06-19 03:14:31', NULL),
(226, 23, 161, '2018-06-19 03:14:31', '2018-06-19 03:14:31', NULL),
(227, 28, 360, '2018-06-19 03:14:31', '2018-06-19 03:14:31', NULL),
(228, 22, 425, '2018-06-19 03:14:31', '2018-06-19 03:14:31', NULL),
(229, 26, 13, '2018-06-19 03:14:31', '2018-06-19 03:14:31', NULL),
(230, 31, 250, '2018-06-19 03:14:31', '2018-06-19 03:14:31', NULL),
(231, 29, 371, '2018-06-19 03:14:31', '2018-06-19 03:14:31', NULL),
(232, 25, 616, '2018-06-19 03:14:32', '2018-06-19 03:14:32', NULL),
(233, 1, 459, '2018-06-19 03:14:32', '2018-06-19 03:14:32', NULL),
(234, 25, 246, '2018-06-19 03:14:32', '2018-06-19 03:14:32', NULL),
(235, 28, 259, '2018-06-19 03:14:32', '2018-06-19 03:14:32', NULL),
(236, 29, 179, '2018-06-19 03:14:32', '2018-06-19 03:14:32', NULL),
(237, 25, 251, '2018-06-19 03:14:32', '2018-06-19 03:14:32', NULL),
(238, 25, 90, '2018-06-19 03:14:32', '2018-06-19 03:14:32', NULL),
(239, 28, 67, '2018-06-19 03:14:32', '2018-06-19 03:14:32', NULL),
(240, 23, 141, '2018-06-19 03:14:32', '2018-06-19 03:14:32', NULL),
(241, 27, 730, '2018-06-19 03:14:32', '2018-06-19 03:14:32', NULL),
(242, 24, 580, '2018-06-19 03:14:32', '2018-06-19 03:14:32', NULL),
(243, 30, 255, '2018-06-19 03:14:32', '2018-06-19 03:14:32', NULL),
(244, 1, 424, '2018-06-19 03:14:32', '2018-06-19 03:14:32', NULL),
(245, 27, 275, '2018-06-19 03:14:32', '2018-06-19 03:14:32', NULL),
(246, 22, 64, '2018-06-19 03:14:32', '2018-06-19 03:14:32', NULL),
(247, 22, 428, '2018-06-19 03:14:32', '2018-06-19 03:14:32', NULL),
(248, 1, 467, '2018-06-19 03:14:32', '2018-06-19 03:14:32', NULL),
(249, 28, 356, '2018-06-19 03:14:32', '2018-06-19 03:14:32', NULL),
(250, 26, 48, '2018-06-19 03:14:32', '2018-06-19 03:14:32', NULL),
(251, 26, 381, '2018-06-19 03:14:32', '2018-06-19 03:14:32', NULL),
(252, 22, 438, '2018-06-19 03:14:32', '2018-06-19 03:14:32', NULL),
(253, 30, 577, '2018-06-19 03:14:32', '2018-06-19 03:14:32', NULL),
(254, 28, 538, '2018-06-19 03:14:32', '2018-06-19 03:14:32', NULL),
(255, 23, 358, '2018-06-19 03:14:32', '2018-06-19 03:14:32', NULL),
(256, 23, 164, '2018-06-19 03:14:32', '2018-06-19 03:14:32', NULL),
(257, 24, 555, '2018-06-19 03:14:32', '2018-06-19 03:14:32', NULL),
(258, 22, 352, '2018-06-19 03:14:32', '2018-06-19 03:14:32', NULL),
(259, 22, 54, '2018-06-19 03:14:32', '2018-06-19 03:14:32', NULL),
(260, 25, 437, '2018-06-19 03:14:32', '2018-06-19 03:14:32', NULL),
(261, 26, 727, '2018-06-19 03:14:32', '2018-06-19 03:14:32', NULL),
(262, 30, 592, '2018-06-19 03:14:32', '2018-06-19 03:14:32', NULL),
(263, 27, 329, '2018-06-19 03:14:32', '2018-06-19 03:14:32', NULL),
(264, 1, 541, '2018-06-19 03:14:32', '2018-06-19 03:14:32', NULL),
(265, 1, 531, '2018-06-19 03:14:32', '2018-06-19 03:14:32', NULL),
(266, 26, 413, '2018-06-19 03:14:32', '2018-06-19 03:14:32', NULL),
(267, 1, 677, '2018-06-19 03:14:32', '2018-06-19 03:14:32', NULL),
(268, 24, 631, '2018-06-19 03:14:32', '2018-06-19 03:14:32', NULL),
(269, 30, 687, '2018-06-19 03:14:32', '2018-06-19 03:14:32', NULL),
(270, 26, 296, '2018-06-19 03:14:32', '2018-06-19 03:14:32', NULL),
(271, 23, 238, '2018-06-19 03:14:32', '2018-06-19 03:14:32', NULL),
(272, 24, 721, '2018-06-19 03:14:32', '2018-06-19 03:14:32', NULL),
(273, 22, 186, '2018-06-19 03:14:32', '2018-06-19 03:14:32', NULL),
(274, 25, 70, '2018-06-19 03:14:32', '2018-06-19 03:14:32', NULL),
(275, 24, 4, '2018-06-19 03:14:32', '2018-06-19 03:14:32', NULL),
(276, 28, 403, '2018-06-19 03:14:32', '2018-06-19 03:14:32', NULL),
(277, 1, 553, '2018-06-19 03:14:32', '2018-06-19 03:14:32', NULL),
(278, 25, 237, '2018-06-19 03:14:32', '2018-06-19 03:14:32', NULL),
(279, 25, 264, '2018-06-19 03:14:32', '2018-06-19 03:14:32', NULL),
(280, 31, 89, '2018-06-19 03:14:32', '2018-06-19 03:14:32', NULL),
(281, 24, 660, '2018-06-19 03:14:32', '2018-06-19 03:14:32', NULL),
(282, 29, 696, '2018-06-19 03:14:32', '2018-06-19 03:14:32', NULL),
(283, 28, 728, '2018-06-19 03:14:32', '2018-06-19 03:14:32', NULL),
(284, 24, 542, '2018-06-19 03:14:32', '2018-06-19 03:14:32', NULL),
(285, 23, 386, '2018-06-19 03:14:32', '2018-06-19 03:14:32', NULL),
(286, 24, 235, '2018-06-19 03:14:32', '2018-06-19 03:14:32', NULL),
(287, 29, 324, '2018-06-19 03:14:32', '2018-06-19 03:14:32', NULL),
(288, 30, 294, '2018-06-19 03:14:32', '2018-06-19 03:14:32', NULL),
(289, 29, 204, '2018-06-19 03:14:32', '2018-06-19 03:14:32', NULL),
(290, 27, 72, '2018-06-19 03:14:32', '2018-06-19 03:14:32', NULL),
(291, 22, 282, '2018-06-19 03:14:32', '2018-06-19 03:14:32', NULL),
(292, 27, 514, '2018-06-19 03:14:32', '2018-06-19 03:14:32', NULL),
(293, 1, 6, '2018-06-19 03:14:32', '2018-06-19 03:14:32', NULL),
(294, 1, 299, '2018-06-19 03:14:32', '2018-06-19 03:14:32', NULL),
(295, 23, 195, '2018-06-19 03:14:32', '2018-06-19 03:14:32', NULL),
(296, 28, 167, '2018-06-19 03:14:32', '2018-06-19 03:14:32', NULL),
(297, 1, 154, '2018-06-19 03:14:32', '2018-06-19 03:14:32', NULL),
(298, 29, 672, '2018-06-19 03:14:32', '2018-06-19 03:14:32', NULL),
(299, 24, 214, '2018-06-19 03:14:32', '2018-06-19 03:14:32', NULL),
(300, 25, 635, '2018-06-19 03:14:32', '2018-06-19 03:14:32', NULL),
(301, 29, 682, '2018-06-19 03:14:33', '2018-06-19 03:14:33', NULL),
(302, 25, 472, '2018-06-19 03:14:33', '2018-06-19 03:14:33', NULL),
(303, 23, 131, '2018-06-19 03:14:33', '2018-06-19 03:14:33', NULL),
(304, 22, 143, '2018-06-19 03:14:33', '2018-06-19 03:14:33', NULL),
(305, 28, 392, '2018-06-19 03:14:33', '2018-06-19 03:14:33', NULL),
(306, 23, 3, '2018-06-19 03:14:33', '2018-06-19 03:14:33', NULL),
(307, 26, 109, '2018-06-19 03:14:33', '2018-06-19 03:14:33', NULL),
(308, 1, 222, '2018-06-19 03:14:33', '2018-06-19 03:14:33', NULL),
(309, 30, 341, '2018-06-19 03:14:33', '2018-06-19 03:14:33', NULL),
(310, 27, 463, '2018-06-19 03:14:33', '2018-06-19 03:14:33', NULL),
(311, 27, 140, '2018-06-19 03:14:33', '2018-06-19 03:14:33', NULL),
(312, 28, 407, '2018-06-19 03:14:33', '2018-06-19 03:14:33', NULL),
(313, 30, 559, '2018-06-19 03:14:33', '2018-06-19 03:14:33', NULL),
(314, 29, 208, '2018-06-19 03:14:33', '2018-06-19 03:14:33', NULL),
(315, 31, 715, '2018-06-19 03:14:33', '2018-06-19 03:14:33', NULL),
(316, 27, 623, '2018-06-19 03:14:33', '2018-06-19 03:14:33', NULL),
(317, 25, 579, '2018-06-19 03:14:33', '2018-06-19 03:14:33', NULL),
(318, 28, 630, '2018-06-19 03:14:33', '2018-06-19 03:14:33', NULL),
(319, 1, 654, '2018-06-19 03:14:33', '2018-06-19 03:14:33', NULL),
(320, 1, 710, '2018-06-19 03:14:33', '2018-06-19 03:14:33', NULL),
(321, 23, 488, '2018-06-19 03:14:33', '2018-06-19 03:14:33', NULL),
(322, 25, 121, '2018-06-19 03:14:33', '2018-06-19 03:14:33', NULL),
(323, 28, 643, '2018-06-19 03:14:33', '2018-06-19 03:14:33', NULL),
(324, 24, 291, '2018-06-19 03:14:33', '2018-06-19 03:14:33', NULL),
(325, 23, 221, '2018-06-19 03:14:33', '2018-06-19 03:14:33', NULL),
(326, 30, 26, '2018-06-19 03:14:33', '2018-06-19 03:14:33', NULL),
(327, 26, 588, '2018-06-19 03:14:33', '2018-06-19 03:14:33', NULL),
(328, 24, 286, '2018-06-19 03:14:33', '2018-06-19 03:14:33', NULL),
(329, 28, 271, '2018-06-19 03:14:33', '2018-06-19 03:14:33', NULL),
(330, 27, 562, '2018-06-19 03:14:33', '2018-06-19 03:14:33', NULL),
(331, 30, 739, '2018-06-19 03:14:33', '2018-06-19 03:14:33', NULL),
(332, 1, 420, '2018-06-19 03:14:33', '2018-06-19 03:14:33', NULL),
(333, 31, 427, '2018-06-19 03:14:33', '2018-06-19 03:14:33', NULL),
(334, 28, 390, '2018-06-19 03:14:33', '2018-06-19 03:14:33', NULL),
(335, 31, 629, '2018-06-19 03:14:33', '2018-06-19 03:14:33', NULL),
(336, 27, 266, '2018-06-19 03:14:33', '2018-06-19 03:14:33', NULL),
(337, 22, 743, '2018-06-19 03:14:33', '2018-06-19 03:14:33', NULL),
(338, 25, 737, '2018-06-19 03:14:33', '2018-06-19 03:14:33', NULL),
(339, 26, 525, '2018-06-19 03:14:33', '2018-06-19 03:14:33', NULL),
(340, 30, 674, '2018-06-19 03:14:33', '2018-06-19 03:14:33', NULL),
(341, 27, 290, '2018-06-19 03:14:33', '2018-06-19 03:14:33', NULL),
(342, 26, 450, '2018-06-19 03:14:33', '2018-06-19 03:14:33', NULL),
(343, 28, 560, '2018-06-19 03:14:33', '2018-06-19 03:14:33', NULL),
(344, 31, 130, '2018-06-19 03:14:33', '2018-06-19 03:14:33', NULL),
(345, 26, 327, '2018-06-19 03:14:33', '2018-06-19 03:14:33', NULL),
(346, 29, 561, '2018-06-19 03:14:33', '2018-06-19 03:14:33', NULL),
(347, 24, 527, '2018-06-19 03:14:33', '2018-06-19 03:14:33', NULL),
(348, 22, 664, '2018-06-19 03:14:33', '2018-06-19 03:14:33', NULL),
(349, 30, 700, '2018-06-19 03:14:33', '2018-06-19 03:14:33', NULL),
(350, 30, 501, '2018-06-19 03:14:33', '2018-06-19 03:14:33', NULL),
(351, 29, 199, '2018-06-19 03:14:33', '2018-06-19 03:14:33', NULL),
(352, 28, 69, '2018-06-19 03:14:33', '2018-06-19 03:14:33', NULL),
(353, 22, 34, '2018-06-19 03:14:33', '2018-06-19 03:14:33', NULL),
(354, 22, 14, '2018-06-19 03:14:33', '2018-06-19 03:14:33', NULL),
(355, 25, 256, '2018-06-19 03:14:33', '2018-06-19 03:14:33', NULL),
(356, 28, 326, '2018-06-19 03:14:33', '2018-06-19 03:14:33', NULL),
(357, 23, 532, '2018-06-19 03:14:33', '2018-06-19 03:14:33', NULL),
(358, 24, 600, '2018-06-19 03:14:33', '2018-06-19 03:14:33', NULL),
(359, 30, 156, '2018-06-19 03:14:33', '2018-06-19 03:14:33', NULL),
(360, 23, 354, '2018-06-19 03:14:33', '2018-06-19 03:14:33', NULL),
(361, 30, 133, '2018-06-19 03:14:33', '2018-06-19 03:14:33', NULL),
(362, 25, 397, '2018-06-19 03:14:33', '2018-06-19 03:14:33', NULL),
(363, 28, 270, '2018-06-19 03:14:33', '2018-06-19 03:14:33', NULL),
(364, 1, 33, '2018-06-19 03:14:33', '2018-06-19 03:14:33', NULL),
(365, 25, 583, '2018-06-19 03:14:33', '2018-06-19 03:14:33', NULL),
(366, 23, 694, '2018-06-19 03:14:33', '2018-06-19 03:14:33', NULL),
(367, 29, 772, '2018-06-19 03:14:33', '2018-06-19 03:14:33', NULL),
(368, 24, 676, '2018-06-19 03:14:33', '2018-06-19 03:14:33', NULL),
(369, 28, 760, '2018-06-19 03:14:33', '2018-06-19 03:14:33', NULL),
(370, 24, 258, '2018-06-19 03:14:33', '2018-06-19 03:14:33', NULL),
(371, 22, 522, '2018-06-19 03:14:33', '2018-06-19 03:14:33', NULL),
(372, 30, 487, '2018-06-19 03:14:33', '2018-06-19 03:14:33', NULL),
(373, 26, 227, '2018-06-19 03:14:33', '2018-06-19 03:14:33', NULL),
(374, 22, 755, '2018-06-19 03:14:33', '2018-06-19 03:14:33', NULL),
(375, 26, 584, '2018-06-19 03:14:33', '2018-06-19 03:14:33', NULL),
(376, 1, 556, '2018-06-19 03:14:33', '2018-06-19 03:14:33', NULL),
(377, 22, 40, '2018-06-19 03:14:33', '2018-06-19 03:14:33', NULL),
(378, 30, 24, '2018-06-19 03:14:34', '2018-06-19 03:14:34', NULL),
(379, 29, 423, '2018-06-19 03:14:34', '2018-06-19 03:14:34', NULL),
(380, 23, 453, '2018-06-19 03:14:34', '2018-06-19 03:14:34', NULL),
(381, 29, 370, '2018-06-19 03:14:34', '2018-06-19 03:14:34', NULL),
(382, 23, 357, '2018-06-19 03:14:34', '2018-06-19 03:14:34', NULL),
(383, 30, 76, '2018-06-19 03:14:34', '2018-06-19 03:14:34', NULL),
(384, 23, 573, '2018-06-19 03:14:34', '2018-06-19 03:14:34', NULL),
(385, 30, 11, '2018-06-19 03:14:34', '2018-06-19 03:14:34', NULL),
(386, 27, 745, '2018-06-19 03:14:34', '2018-06-19 03:14:34', NULL),
(387, 25, 673, '2018-06-19 03:14:34', '2018-06-19 03:14:34', NULL),
(388, 25, 751, '2018-06-19 03:14:34', '2018-06-19 03:14:34', NULL),
(389, 30, 483, '2018-06-19 03:14:34', '2018-06-19 03:14:34', NULL),
(390, 22, 239, '2018-06-19 03:14:34', '2018-06-19 03:14:34', NULL),
(391, 22, 249, '2018-06-19 03:14:34', '2018-06-19 03:14:34', NULL),
(392, 28, 378, '2018-06-19 03:14:34', '2018-06-19 03:14:34', NULL),
(393, 27, 165, '2018-06-19 03:14:34', '2018-06-19 03:14:34', NULL),
(394, 28, 191, '2018-06-19 03:14:34', '2018-06-19 03:14:34', NULL),
(395, 28, 50, '2018-06-19 03:14:34', '2018-06-19 03:14:34', NULL),
(396, 28, 722, '2018-06-19 03:14:34', '2018-06-19 03:14:34', NULL),
(397, 22, 645, '2018-06-19 03:14:34', '2018-06-19 03:14:34', NULL),
(398, 30, 598, '2018-06-19 03:14:34', '2018-06-19 03:14:34', NULL),
(399, 22, 653, '2018-06-19 03:14:34', '2018-06-19 03:14:34', NULL),
(400, 31, 549, '2018-06-19 03:14:34', '2018-06-19 03:14:34', NULL),
(401, 29, 92, '2018-06-19 03:14:34', '2018-06-19 03:14:34', NULL),
(402, 24, 707, '2018-06-19 03:14:34', '2018-06-19 03:14:34', NULL),
(403, 1, 388, '2018-06-19 03:14:34', '2018-06-19 03:14:34', NULL),
(404, 28, 120, '2018-06-19 03:14:34', '2018-06-19 03:14:34', NULL),
(405, 25, 768, '2018-06-19 03:14:34', '2018-06-19 03:14:34', NULL),
(406, 28, 734, '2018-06-19 03:14:34', '2018-06-19 03:14:34', NULL),
(407, 1, 144, '2018-06-19 03:14:34', '2018-06-19 03:14:34', NULL),
(408, 22, 185, '2018-06-19 03:14:34', '2018-06-19 03:14:34', NULL),
(409, 31, 662, '2018-06-19 03:14:34', '2018-06-19 03:14:34', NULL),
(410, 31, 572, '2018-06-19 03:14:34', '2018-06-19 03:14:34', NULL),
(411, 26, 564, '2018-06-19 03:14:34', '2018-06-19 03:14:34', NULL),
(412, 25, 526, '2018-06-19 03:14:34', '2018-06-19 03:14:34', NULL),
(413, 27, 452, '2018-06-19 03:14:34', '2018-06-19 03:14:34', NULL),
(414, 27, 97, '2018-06-19 03:14:34', '2018-06-19 03:14:34', NULL),
(415, 23, 150, '2018-06-19 03:14:34', '2018-06-19 03:14:34', NULL),
(416, 27, 471, '2018-06-19 03:14:34', '2018-06-19 03:14:34', NULL),
(417, 30, 498, '2018-06-19 03:14:34', '2018-06-19 03:14:34', NULL),
(418, 27, 776, '2018-06-19 03:14:34', '2018-06-19 03:14:34', NULL),
(419, 31, 80, '2018-06-19 03:14:34', '2018-06-19 03:14:34', NULL),
(420, 28, 139, '2018-06-19 03:14:34', '2018-06-19 03:14:34', NULL),
(421, 28, 95, '2018-06-19 03:14:34', '2018-06-19 03:14:34', NULL),
(422, 26, 232, '2018-06-19 03:14:34', '2018-06-19 03:14:34', NULL),
(423, 29, 433, '2018-06-19 03:14:34', '2018-06-19 03:14:34', NULL),
(424, 25, 666, '2018-06-19 03:14:34', '2018-06-19 03:14:34', NULL),
(425, 25, 528, '2018-06-19 03:14:34', '2018-06-19 03:14:34', NULL),
(426, 23, 219, '2018-06-19 03:14:34', '2018-06-19 03:14:34', NULL),
(427, 25, 279, '2018-06-19 03:14:34', '2018-06-19 03:14:34', NULL),
(428, 1, 21, '2018-06-19 03:14:34', '2018-06-19 03:14:34', NULL),
(429, 24, 159, '2018-06-19 03:14:34', '2018-06-19 03:14:34', NULL),
(430, 22, 300, '2018-06-19 03:14:34', '2018-06-19 03:14:34', NULL),
(431, 26, 764, '2018-06-19 03:14:34', '2018-06-19 03:14:34', NULL),
(432, 29, 336, '2018-06-19 03:14:34', '2018-06-19 03:14:34', NULL),
(433, 27, 726, '2018-06-19 03:14:34', '2018-06-19 03:14:34', NULL),
(434, 29, 688, '2018-06-19 03:14:34', '2018-06-19 03:14:34', NULL),
(435, 22, 231, '2018-06-19 03:14:34', '2018-06-19 03:14:34', NULL),
(436, 28, 742, '2018-06-19 03:14:34', '2018-06-19 03:14:34', NULL),
(437, 24, 719, '2018-06-19 03:14:34', '2018-06-19 03:14:34', NULL),
(438, 31, 404, '2018-06-19 03:14:34', '2018-06-19 03:14:34', NULL),
(439, 28, 658, '2018-06-19 03:14:34', '2018-06-19 03:14:34', NULL),
(440, 31, 547, '2018-06-19 03:14:34', '2018-06-19 03:14:34', NULL),
(441, 27, 440, '2018-06-19 03:14:34', '2018-06-19 03:14:34', NULL),
(442, 24, 610, '2018-06-19 03:14:34', '2018-06-19 03:14:34', NULL),
(443, 22, 563, '2018-06-19 03:14:34', '2018-06-19 03:14:34', NULL),
(444, 24, 670, '2018-06-19 03:14:34', '2018-06-19 03:14:34', NULL),
(445, 29, 784, '2018-06-19 03:14:34', '2018-06-19 03:14:34', NULL),
(446, 25, 245, '2018-06-19 03:14:34', '2018-06-19 03:14:34', NULL),
(447, 25, 520, '2018-06-19 03:14:34', '2018-06-19 03:14:34', NULL),
(448, 28, 244, '2018-06-19 03:14:34', '2018-06-19 03:14:34', NULL),
(449, 1, 763, '2018-06-19 03:14:34', '2018-06-19 03:14:34', NULL),
(450, 23, 198, '2018-06-19 03:14:35', '2018-06-19 03:14:35', NULL),
(451, 31, 307, '2018-06-19 03:14:35', '2018-06-19 03:14:35', NULL),
(452, 31, 783, '2018-06-19 03:14:35', '2018-06-19 03:14:35', NULL),
(453, 25, 422, '2018-06-19 03:14:35', '2018-06-19 03:14:35', NULL),
(454, 23, 272, '2018-06-19 03:14:35', '2018-06-19 03:14:35', NULL),
(455, 31, 369, '2018-06-19 03:14:35', '2018-06-19 03:14:35', NULL),
(456, 22, 426, '2018-06-19 03:14:35', '2018-06-19 03:14:35', NULL),
(457, 26, 766, '2018-06-19 03:14:35', '2018-06-19 03:14:35', NULL),
(458, 31, 187, '2018-06-19 03:14:35', '2018-06-19 03:14:35', NULL),
(459, 22, 211, '2018-06-19 03:14:35', '2018-06-19 03:14:35', NULL),
(460, 31, 41, '2018-06-19 03:14:35', '2018-06-19 03:14:35', NULL),
(461, 23, 382, '2018-06-19 03:14:35', '2018-06-19 03:14:35', NULL),
(462, 28, 58, '2018-06-19 03:14:35', '2018-06-19 03:14:35', NULL),
(463, 23, 177, '2018-06-19 03:14:35', '2018-06-19 03:14:35', NULL),
(464, 1, 83, '2018-06-19 03:14:35', '2018-06-19 03:14:35', NULL),
(465, 23, 546, '2018-06-19 03:14:35', '2018-06-19 03:14:35', NULL),
(466, 24, 46, '2018-06-19 03:14:35', '2018-06-19 03:14:35', NULL),
(467, 22, 136, '2018-06-19 03:14:35', '2018-06-19 03:14:35', NULL),
(468, 23, 554, '2018-06-19 03:14:35', '2018-06-19 03:14:35', NULL),
(469, 24, 738, '2018-06-19 03:14:35', '2018-06-19 03:14:35', NULL),
(470, 24, 149, '2018-06-19 03:14:35', '2018-06-19 03:14:35', NULL),
(471, 31, 184, '2018-06-19 03:14:35', '2018-06-19 03:14:35', NULL),
(472, 31, 157, '2018-06-19 03:14:35', '2018-06-19 03:14:35', NULL),
(473, 26, 769, '2018-06-19 03:14:35', '2018-06-19 03:14:35', NULL),
(474, 22, 752, '2018-06-19 03:14:35', '2018-06-19 03:14:35', NULL),
(475, 25, 119, '2018-06-19 03:14:35', '2018-06-19 03:14:35', NULL),
(476, 31, 240, '2018-06-19 03:14:35', '2018-06-19 03:14:35', NULL),
(477, 31, 657, '2018-06-19 03:14:35', '2018-06-19 03:14:35', NULL),
(478, 22, 491, '2018-06-19 03:14:35', '2018-06-19 03:14:35', NULL),
(479, 31, 218, '2018-06-19 03:14:35', '2018-06-19 03:14:35', NULL),
(480, 24, 744, '2018-06-19 03:14:35', '2018-06-19 03:14:35', NULL),
(481, 30, 659, '2018-06-19 03:14:35', '2018-06-19 03:14:35', NULL),
(482, 24, 311, '2018-06-19 03:14:35', '2018-06-19 03:14:35', NULL),
(483, 25, 342, '2018-06-19 03:14:35', '2018-06-19 03:14:35', NULL),
(484, 27, 400, '2018-06-19 03:14:35', '2018-06-19 03:14:35', NULL),
(485, 22, 190, '2018-06-19 03:14:35', '2018-06-19 03:14:35', NULL),
(486, 28, 714, '2018-06-19 03:14:35', '2018-06-19 03:14:35', NULL),
(487, 30, 499, '2018-06-19 03:14:35', '2018-06-19 03:14:35', NULL),
(488, 26, 62, '2018-06-19 03:14:35', '2018-06-19 03:14:35', NULL),
(489, 30, 17, '2018-06-19 03:14:35', '2018-06-19 03:14:35', NULL),
(490, 23, 172, '2018-06-19 03:14:35', '2018-06-19 03:14:35', NULL),
(491, 25, 637, '2018-06-19 03:14:35', '2018-06-19 03:14:35', NULL),
(492, 29, 111, '2018-06-19 03:14:35', '2018-06-19 03:14:35', NULL),
(493, 25, 625, '2018-06-19 03:14:35', '2018-06-19 03:14:35', NULL),
(494, 27, 295, '2018-06-19 03:14:35', '2018-06-19 03:14:35', NULL),
(495, 29, 638, '2018-06-19 03:14:35', '2018-06-19 03:14:35', NULL),
(496, 26, 98, '2018-06-19 03:14:35', '2018-06-19 03:14:35', NULL),
(497, 27, 196, '2018-06-19 03:14:35', '2018-06-19 03:14:35', NULL),
(498, 30, 465, '2018-06-19 03:14:35', '2018-06-19 03:14:35', NULL),
(499, 1, 114, '2018-06-19 03:14:35', '2018-06-19 03:14:35', NULL),
(500, 31, 509, '2018-06-19 03:14:35', '2018-06-19 03:14:35', NULL),
(501, 22, 348, '2018-06-19 03:14:35', '2018-06-19 03:14:35', NULL),
(502, 23, 115, '2018-06-19 03:14:35', '2018-06-19 03:14:35', NULL),
(503, 1, 724, '2018-06-19 03:14:35', '2018-06-19 03:14:35', NULL),
(504, 30, 148, '2018-06-19 03:14:35', '2018-06-19 03:14:35', NULL),
(505, 22, 52, '2018-06-19 03:14:35', '2018-06-19 03:14:35', NULL),
(506, 27, 586, '2018-06-19 03:14:35', '2018-06-19 03:14:35', NULL),
(507, 25, 35, '2018-06-19 03:14:35', '2018-06-19 03:14:35', NULL),
(508, 26, 137, '2018-06-19 03:14:35', '2018-06-19 03:14:35', NULL),
(509, 27, 646, '2018-06-19 03:14:35', '2018-06-19 03:14:35', NULL),
(510, 30, 66, '2018-06-19 03:14:35', '2018-06-19 03:14:35', NULL),
(511, 28, 529, '2018-06-19 03:14:35', '2018-06-19 03:14:35', NULL),
(512, 27, 88, '2018-06-19 03:14:35', '2018-06-19 03:14:35', NULL),
(513, 28, 31, '2018-06-19 03:14:35', '2018-06-19 03:14:35', NULL),
(514, 27, 678, '2018-06-19 03:14:35', '2018-06-19 03:14:35', NULL),
(515, 29, 494, '2018-06-19 03:14:35', '2018-06-19 03:14:35', NULL),
(516, 26, 108, '2018-06-19 03:14:35', '2018-06-19 03:14:35', NULL),
(517, 24, 757, '2018-06-19 03:14:36', '2018-06-19 03:14:36', NULL),
(518, 28, 650, '2018-06-19 03:14:36', '2018-06-19 03:14:36', NULL),
(519, 29, 780, '2018-06-19 03:14:36', '2018-06-19 03:14:36', NULL),
(520, 29, 268, '2018-06-19 03:14:36', '2018-06-19 03:14:36', NULL),
(521, 28, 651, '2018-06-19 03:14:36', '2018-06-19 03:14:36', NULL),
(522, 28, 9, '2018-06-19 03:14:36', '2018-06-19 03:14:36', NULL),
(523, 29, 278, '2018-06-19 03:14:36', '2018-06-19 03:14:36', NULL),
(524, 1, 679, '2018-06-19 03:14:36', '2018-06-19 03:14:36', NULL),
(525, 24, 243, '2018-06-19 03:14:36', '2018-06-19 03:14:36', NULL),
(526, 24, 20, '2018-06-19 03:14:36', '2018-06-19 03:14:36', NULL),
(527, 24, 619, '2018-06-19 03:14:36', '2018-06-19 03:14:36', NULL),
(528, 27, 457, '2018-06-19 03:14:36', '2018-06-19 03:14:36', NULL),
(529, 1, 406, '2018-06-19 03:14:36', '2018-06-19 03:14:36', NULL),
(530, 25, 338, '2018-06-19 03:14:36', '2018-06-19 03:14:36', NULL),
(531, 22, 765, '2018-06-19 03:14:36', '2018-06-19 03:14:36', NULL),
(532, 23, 36, '2018-06-19 03:14:36', '2018-06-19 03:14:36', NULL),
(533, 29, 451, '2018-06-19 03:14:36', '2018-06-19 03:14:36', NULL),
(534, 22, 441, '2018-06-19 03:14:36', '2018-06-19 03:14:36', NULL),
(535, 26, 505, '2018-06-19 03:14:36', '2018-06-19 03:14:36', NULL),
(536, 1, 690, '2018-06-19 03:14:36', '2018-06-19 03:14:36', NULL),
(537, 27, 591, '2018-06-19 03:14:36', '2018-06-19 03:14:36', NULL),
(538, 31, 285, '2018-06-19 03:14:36', '2018-06-19 03:14:36', NULL),
(539, 26, 778, '2018-06-19 03:14:36', '2018-06-19 03:14:36', NULL),
(540, 27, 544, '2018-06-19 03:14:36', '2018-06-19 03:14:36', NULL),
(541, 24, 197, '2018-06-19 03:14:36', '2018-06-19 03:14:36', NULL),
(542, 22, 124, '2018-06-19 03:14:36', '2018-06-19 03:14:36', NULL),
(543, 31, 416, '2018-06-19 03:14:36', '2018-06-19 03:14:36', NULL),
(544, 27, 142, '2018-06-19 03:14:36', '2018-06-19 03:14:36', NULL),
(545, 22, 228, '2018-06-19 03:14:36', '2018-06-19 03:14:36', NULL),
(546, 1, 315, '2018-06-19 03:14:36', '2018-06-19 03:14:36', NULL),
(547, 23, 160, '2018-06-19 03:14:36', '2018-06-19 03:14:36', NULL),
(548, 31, 497, '2018-06-19 03:14:36', '2018-06-19 03:14:36', NULL),
(549, 31, 669, '2018-06-19 03:14:36', '2018-06-19 03:14:36', NULL),
(550, 25, 257, '2018-06-19 03:14:36', '2018-06-19 03:14:36', NULL),
(551, 1, 166, '2018-06-19 03:14:36', '2018-06-19 03:14:36', NULL),
(552, 24, 417, '2018-06-19 03:14:36', '2018-06-19 03:14:36', NULL),
(553, 23, 627, '2018-06-19 03:14:36', '2018-06-19 03:14:36', NULL),
(554, 30, 1, '2018-06-19 03:14:36', '2018-06-19 03:14:36', NULL),
(555, 29, 703, '2018-06-19 03:14:36', '2018-06-19 03:14:36', NULL),
(556, 26, 176, '2018-06-19 03:14:36', '2018-06-19 03:14:36', NULL),
(557, 23, 698, '2018-06-19 03:14:36', '2018-06-19 03:14:36', NULL),
(558, 31, 574, '2018-06-19 03:14:36', '2018-06-19 03:14:36', NULL),
(559, 28, 762, '2018-06-19 03:14:36', '2018-06-19 03:14:36', NULL),
(560, 30, 731, '2018-06-19 03:14:36', '2018-06-19 03:14:36', NULL),
(561, 25, 746, '2018-06-19 03:14:36', '2018-06-19 03:14:36', NULL),
(562, 25, 178, '2018-06-19 03:14:36', '2018-06-19 03:14:36', NULL),
(563, 28, 205, '2018-06-19 03:14:36', '2018-06-19 03:14:36', NULL),
(564, 26, 540, '2018-06-19 03:14:36', '2018-06-19 03:14:36', NULL),
(565, 22, 193, '2018-06-19 03:14:36', '2018-06-19 03:14:36', NULL),
(566, 30, 302, '2018-06-19 03:14:36', '2018-06-19 03:14:36', NULL),
(567, 26, 530, '2018-06-19 03:14:36', '2018-06-19 03:14:36', NULL),
(568, 24, 79, '2018-06-19 03:14:36', '2018-06-19 03:14:36', NULL),
(569, 29, 387, '2018-06-19 03:14:36', '2018-06-19 03:14:36', NULL),
(570, 24, 470, '2018-06-19 03:14:36', '2018-06-19 03:14:36', NULL),
(571, 22, 93, '2018-06-19 03:14:36', '2018-06-19 03:14:36', NULL),
(572, 30, 101, '2018-06-19 03:14:36', '2018-06-19 03:14:36', NULL),
(573, 31, 202, '2018-06-19 03:14:36', '2018-06-19 03:14:36', NULL),
(574, 25, 151, '2018-06-19 03:14:36', '2018-06-19 03:14:36', NULL),
(575, 31, 194, '2018-06-19 03:14:36', '2018-06-19 03:14:36', NULL),
(576, 28, 339, '2018-06-19 03:14:36', '2018-06-19 03:14:36', NULL),
(577, 22, 741, '2018-06-19 03:14:36', '2018-06-19 03:14:36', NULL),
(578, 27, 85, '2018-06-19 03:14:36', '2018-06-19 03:14:36', NULL),
(579, 27, 363, '2018-06-19 03:14:36', '2018-06-19 03:14:36', NULL),
(580, 26, 469, '2018-06-19 03:14:36', '2018-06-19 03:14:36', NULL),
(581, 31, 535, '2018-06-19 03:14:36', '2018-06-19 03:14:36', NULL),
(582, 25, 318, '2018-06-19 03:14:36', '2018-06-19 03:14:36', NULL),
(583, 1, 418, '2018-06-19 03:14:36', '2018-06-19 03:14:36', NULL),
(584, 25, 261, '2018-06-19 03:14:36', '2018-06-19 03:14:36', NULL),
(585, 22, 265, '2018-06-19 03:14:37', '2018-06-19 03:14:37', NULL),
(586, 1, 458, '2018-06-19 03:14:37', '2018-06-19 03:14:37', NULL),
(587, 1, 661, '2018-06-19 03:14:37', '2018-06-19 03:14:37', NULL),
(588, 1, 248, '2018-06-19 03:14:37', '2018-06-19 03:14:37', NULL),
(589, 22, 448, '2018-06-19 03:14:37', '2018-06-19 03:14:37', NULL),
(590, 25, 313, '2018-06-19 03:14:37', '2018-06-19 03:14:37', NULL),
(591, 29, 210, '2018-06-19 03:14:37', '2018-06-19 03:14:37', NULL),
(592, 28, 720, '2018-06-19 03:14:37', '2018-06-19 03:14:37', NULL),
(593, 31, 770, '2018-06-19 03:14:37', '2018-06-19 03:14:37', NULL),
(594, 22, 113, '2018-06-19 03:14:37', '2018-06-19 03:14:37', NULL),
(595, 29, 622, '2018-06-19 03:14:37', '2018-06-19 03:14:37', NULL),
(596, 30, 180, '2018-06-19 03:14:37', '2018-06-19 03:14:37', NULL),
(597, 29, 152, '2018-06-19 03:14:37', '2018-06-19 03:14:37', NULL),
(598, 29, 736, '2018-06-19 03:14:37', '2018-06-19 03:14:37', NULL),
(599, 27, 333, '2018-06-19 03:14:37', '2018-06-19 03:14:37', NULL),
(600, 22, 44, '2018-06-19 03:14:37', '2018-06-19 03:14:37', NULL),
(601, 23, 316, '2018-06-19 03:14:37', '2018-06-19 03:14:37', NULL),
(602, 30, 340, '2018-06-19 03:14:37', '2018-06-19 03:14:37', NULL),
(603, 23, 524, '2018-06-19 03:14:37', '2018-06-19 03:14:37', NULL),
(604, 22, 153, '2018-06-19 03:14:37', '2018-06-19 03:14:37', NULL),
(605, 24, 521, '2018-06-19 03:14:37', '2018-06-19 03:14:37', NULL),
(606, 27, 203, '2018-06-19 03:14:37', '2018-06-19 03:14:37', NULL),
(607, 24, 384, '2018-06-19 03:14:37', '2018-06-19 03:14:37', NULL),
(608, 1, 116, '2018-06-19 03:14:37', '2018-06-19 03:14:37', NULL),
(609, 22, 107, '2018-06-19 03:14:37', '2018-06-19 03:14:37', NULL),
(610, 24, 230, '2018-06-19 03:14:37', '2018-06-19 03:14:37', NULL),
(611, 22, 477, '2018-06-19 03:14:37', '2018-06-19 03:14:37', NULL),
(612, 31, 337, '2018-06-19 03:14:37', '2018-06-19 03:14:37', NULL),
(613, 25, 585, '2018-06-19 03:14:37', '2018-06-19 03:14:37', NULL),
(614, 28, 365, '2018-06-19 03:14:37', '2018-06-19 03:14:37', NULL),
(615, 28, 608, '2018-06-19 03:14:37', '2018-06-19 03:14:37', NULL),
(616, 27, 596, '2018-06-19 03:14:37', '2018-06-19 03:14:37', NULL),
(617, 22, 7, '2018-06-19 03:14:37', '2018-06-19 03:14:37', NULL),
(618, 29, 576, '2018-06-19 03:14:37', '2018-06-19 03:14:37', NULL),
(619, 26, 628, '2018-06-19 03:14:37', '2018-06-19 03:14:37', NULL),
(620, 31, 383, '2018-06-19 03:14:37', '2018-06-19 03:14:37', NULL),
(621, 30, 490, '2018-06-19 03:14:37', '2018-06-19 03:14:37', NULL),
(622, 31, 464, '2018-06-19 03:14:37', '2018-06-19 03:14:37', NULL),
(623, 29, 482, '2018-06-19 03:14:37', '2018-06-19 03:14:37', NULL),
(624, 1, 756, '2018-06-19 03:14:37', '2018-06-19 03:14:37', NULL),
(625, 27, 508, '2018-06-19 03:14:37', '2018-06-19 03:14:37', NULL),
(626, 30, 233, '2018-06-19 03:14:37', '2018-06-19 03:14:37', NULL),
(627, 29, 168, '2018-06-19 03:14:37', '2018-06-19 03:14:37', NULL),
(628, 23, 170, '2018-06-19 03:14:37', '2018-06-19 03:14:37', NULL),
(629, 28, 604, '2018-06-19 03:14:37', '2018-06-19 03:14:37', NULL),
(630, 1, 284, '2018-06-19 03:14:37', '2018-06-19 03:14:37', NULL),
(631, 1, 262, '2018-06-19 03:14:37', '2018-06-19 03:14:37', NULL),
(632, 25, 435, '2018-06-19 03:14:37', '2018-06-19 03:14:37', NULL),
(633, 24, 749, '2018-06-19 03:14:37', '2018-06-19 03:14:37', NULL),
(634, 27, 389, '2018-06-19 03:14:37', '2018-06-19 03:14:37', NULL),
(635, 26, 504, '2018-06-19 03:14:37', '2018-06-19 03:14:37', NULL),
(636, 31, 439, '2018-06-19 03:14:37', '2018-06-19 03:14:37', NULL),
(637, 30, 447, '2018-06-19 03:14:37', '2018-06-19 03:14:37', NULL),
(638, 26, 73, '2018-06-19 03:14:37', '2018-06-19 03:14:37', NULL),
(639, 22, 225, '2018-06-19 03:14:37', '2018-06-19 03:14:37', NULL),
(640, 24, 759, '2018-06-19 03:14:37', '2018-06-19 03:14:37', NULL),
(641, 25, 55, '2018-06-19 03:14:37', '2018-06-19 03:14:37', NULL),
(642, 31, 557, '2018-06-19 03:14:37', '2018-06-19 03:14:37', NULL),
(643, 24, 615, '2018-06-19 03:14:37', '2018-06-19 03:14:37', NULL),
(644, 29, 782, '2018-06-19 03:14:37', '2018-06-19 03:14:37', NULL),
(645, 31, 543, '2018-06-19 03:14:37', '2018-06-19 03:14:37', NULL),
(646, 25, 421, '2018-06-19 03:14:37', '2018-06-19 03:14:37', NULL),
(647, 25, 552, '2018-06-19 03:14:37', '2018-06-19 03:14:37', NULL),
(648, 22, 455, '2018-06-19 03:14:37', '2018-06-19 03:14:37', NULL),
(649, 31, 444, '2018-06-19 03:14:37', '2018-06-19 03:14:37', NULL),
(650, 26, 263, '2018-06-19 03:14:37', '2018-06-19 03:14:37', NULL),
(651, 27, 480, '2018-06-19 03:14:37', '2018-06-19 03:14:37', NULL),
(652, 27, 345, '2018-06-19 03:14:37', '2018-06-19 03:14:37', NULL),
(653, 31, 188, '2018-06-19 03:14:37', '2018-06-19 03:14:37', NULL),
(654, 30, 276, '2018-06-19 03:14:38', '2018-06-19 03:14:38', NULL),
(655, 1, 293, '2018-06-19 03:14:38', '2018-06-19 03:14:38', NULL),
(656, 29, 201, '2018-06-19 03:14:38', '2018-06-19 03:14:38', NULL),
(657, 30, 668, '2018-06-19 03:14:38', '2018-06-19 03:14:38', NULL),
(658, 23, 411, '2018-06-19 03:14:38', '2018-06-19 03:14:38', NULL),
(659, 25, 537, '2018-06-19 03:14:38', '2018-06-19 03:14:38', NULL),
(660, 31, 304, '2018-06-19 03:14:38', '2018-06-19 03:14:38', NULL),
(661, 27, 634, '2018-06-19 03:14:38', '2018-06-19 03:14:38', NULL),
(662, 31, 430, '2018-06-19 03:14:38', '2018-06-19 03:14:38', NULL),
(663, 24, 77, '2018-06-19 03:14:38', '2018-06-19 03:14:38', NULL),
(664, 27, 620, '2018-06-19 03:14:38', '2018-06-19 03:14:38', NULL),
(665, 23, 750, '2018-06-19 03:14:38', '2018-06-19 03:14:38', NULL),
(666, 24, 60, '2018-06-19 03:14:38', '2018-06-19 03:14:38', NULL),
(667, 1, 344, '2018-06-19 03:14:38', '2018-06-19 03:14:38', NULL),
(668, 23, 732, '2018-06-19 03:14:38', '2018-06-19 03:14:38', NULL),
(669, 22, 431, '2018-06-19 03:14:38', '2018-06-19 03:14:38', NULL),
(670, 27, 581, '2018-06-19 03:14:38', '2018-06-19 03:14:38', NULL),
(671, 22, 63, '2018-06-19 03:14:38', '2018-06-19 03:14:38', NULL),
(672, 31, 169, '2018-06-19 03:14:38', '2018-06-19 03:14:38', NULL),
(673, 1, 158, '2018-06-19 03:14:38', '2018-06-19 03:14:38', NULL),
(674, 23, 10, '2018-06-19 03:14:38', '2018-06-19 03:14:38', NULL),
(675, 22, 22, '2018-06-19 03:14:38', '2018-06-19 03:14:38', NULL),
(676, 1, 725, '2018-06-19 03:14:38', '2018-06-19 03:14:38', NULL),
(677, 28, 247, '2018-06-19 03:14:38', '2018-06-19 03:14:38', NULL),
(678, 1, 274, '2018-06-19 03:14:38', '2018-06-19 03:14:38', NULL),
(679, 25, 587, '2018-06-19 03:14:38', '2018-06-19 03:14:38', NULL),
(680, 25, 567, '2018-06-19 03:14:38', '2018-06-19 03:14:38', NULL),
(681, 22, 429, '2018-06-19 03:14:38', '2018-06-19 03:14:38', NULL),
(682, 26, 129, '2018-06-19 03:14:38', '2018-06-19 03:14:38', NULL),
(683, 24, 215, '2018-06-19 03:14:38', '2018-06-19 03:14:38', NULL),
(684, 24, 212, '2018-06-19 03:14:38', '2018-06-19 03:14:38', NULL),
(685, 23, 361, '2018-06-19 03:14:38', '2018-06-19 03:14:38', NULL),
(686, 30, 288, '2018-06-19 03:14:38', '2018-06-19 03:14:38', NULL),
(687, 28, 12, '2018-06-19 03:14:38', '2018-06-19 03:14:38', NULL),
(688, 27, 412, '2018-06-19 03:14:38', '2018-06-19 03:14:38', NULL),
(689, 31, 462, '2018-06-19 03:14:38', '2018-06-19 03:14:38', NULL),
(690, 27, 394, '2018-06-19 03:14:38', '2018-06-19 03:14:38', NULL),
(691, 30, 322, '2018-06-19 03:14:38', '2018-06-19 03:14:38', NULL),
(692, 1, 135, '2018-06-19 03:14:38', '2018-06-19 03:14:38', NULL),
(693, 25, 96, '2018-06-19 03:14:38', '2018-06-19 03:14:38', NULL),
(694, 28, 545, '2018-06-19 03:14:38', '2018-06-19 03:14:38', NULL),
(695, 26, 692, '2018-06-19 03:14:38', '2018-06-19 03:14:38', NULL),
(696, 24, 495, '2018-06-19 03:14:38', '2018-06-19 03:14:38', NULL),
(697, 22, 206, '2018-06-19 03:14:38', '2018-06-19 03:14:38', NULL),
(698, 30, 534, '2018-06-19 03:14:38', '2018-06-19 03:14:38', NULL),
(699, 28, 42, '2018-06-19 03:14:38', '2018-06-19 03:14:38', NULL),
(700, 22, 331, '2018-06-19 03:14:38', '2018-06-19 03:14:38', NULL),
(701, 29, 748, '2018-06-19 03:14:38', '2018-06-19 03:14:38', NULL),
(702, 31, 729, '2018-06-19 03:14:38', '2018-06-19 03:14:38', NULL),
(703, 1, 123, '2018-06-19 03:14:38', '2018-06-19 03:14:38', NULL),
(704, 25, 515, '2018-06-19 03:14:38', '2018-06-19 03:14:38', NULL),
(705, 31, 380, '2018-06-19 03:14:38', '2018-06-19 03:14:38', NULL),
(706, 22, 781, '2018-06-19 03:14:38', '2018-06-19 03:14:38', NULL),
(707, 25, 613, '2018-06-19 03:14:38', '2018-06-19 03:14:38', NULL),
(708, 27, 683, '2018-06-19 03:14:38', '2018-06-19 03:14:38', NULL),
(709, 23, 330, '2018-06-19 03:14:38', '2018-06-19 03:14:38', NULL),
(710, 22, 353, '2018-06-19 03:14:38', '2018-06-19 03:14:38', NULL),
(711, 26, 332, '2018-06-19 03:14:38', '2018-06-19 03:14:38', NULL),
(712, 31, 25, '2018-06-19 03:14:38', '2018-06-19 03:14:38', NULL),
(713, 24, 82, '2018-06-19 03:14:38', '2018-06-19 03:14:38', NULL),
(714, 1, 484, '2018-06-19 03:14:38', '2018-06-19 03:14:38', NULL),
(715, 29, 174, '2018-06-19 03:14:38', '2018-06-19 03:14:38', NULL),
(716, 22, 122, '2018-06-19 03:14:38', '2018-06-19 03:14:38', NULL),
(717, 1, 145, '2018-06-19 03:14:38', '2018-06-19 03:14:38', NULL),
(718, 22, 415, '2018-06-19 03:14:38', '2018-06-19 03:14:38', NULL),
(719, 27, 512, '2018-06-19 03:14:38', '2018-06-19 03:14:38', NULL),
(720, 31, 753, '2018-06-19 03:14:38', '2018-06-19 03:14:38', NULL),
(721, 31, 43, '2018-06-19 03:14:38', '2018-06-19 03:14:38', NULL),
(722, 30, 30, '2018-06-19 03:14:38', '2018-06-19 03:14:38', NULL),
(723, 22, 589, '2018-06-19 03:14:38', '2018-06-19 03:14:38', NULL),
(724, 23, 606, '2018-06-19 03:14:38', '2018-06-19 03:14:38', NULL),
(725, 29, 118, '2018-06-19 03:14:39', '2018-06-19 03:14:39', NULL),
(726, 25, 110, '2018-06-19 03:14:39', '2018-06-19 03:14:39', NULL),
(727, 23, 632, '2018-06-19 03:14:39', '2018-06-19 03:14:39', NULL),
(728, 1, 711, '2018-06-19 03:14:39', '2018-06-19 03:14:39', NULL),
(729, 30, 163, '2018-06-19 03:14:39', '2018-06-19 03:14:39', NULL),
(730, 31, 147, '2018-06-19 03:14:39', '2018-06-19 03:14:39', NULL),
(731, 26, 767, '2018-06-19 03:14:39', '2018-06-19 03:14:39', NULL),
(732, 23, 99, '2018-06-19 03:14:39', '2018-06-19 03:14:39', NULL),
(733, 1, 569, '2018-06-19 03:14:39', '2018-06-19 03:14:39', NULL),
(734, 1, 460, '2018-06-19 03:14:39', '2018-06-19 03:14:39', NULL),
(735, 23, 297, '2018-06-19 03:14:39', '2018-06-19 03:14:39', NULL),
(736, 26, 518, '2018-06-19 03:14:39', '2018-06-19 03:14:39', NULL),
(737, 28, 523, '2018-06-19 03:14:39', '2018-06-19 03:14:39', NULL),
(738, 23, 685, '2018-06-19 03:14:39', '2018-06-19 03:14:39', NULL),
(739, 23, 100, '2018-06-19 03:14:39', '2018-06-19 03:14:39', NULL),
(740, 29, 391, '2018-06-19 03:14:39', '2018-06-19 03:14:39', NULL),
(741, 30, 71, '2018-06-19 03:14:39', '2018-06-19 03:14:39', NULL),
(742, 31, 213, '2018-06-19 03:14:39', '2018-06-19 03:14:39', NULL),
(743, 29, 443, '2018-06-19 03:14:39', '2018-06-19 03:14:39', NULL),
(744, 28, 192, '2018-06-19 03:14:39', '2018-06-19 03:14:39', NULL),
(745, 24, 536, '2018-06-19 03:14:39', '2018-06-19 03:14:39', NULL),
(746, 24, 292, '2018-06-19 03:14:39', '2018-06-19 03:14:39', NULL),
(747, 29, 252, '2018-06-19 03:14:39', '2018-06-19 03:14:39', NULL),
(748, 23, 595, '2018-06-19 03:14:39', '2018-06-19 03:14:39', NULL),
(749, 1, 492, '2018-06-19 03:14:39', '2018-06-19 03:14:39', NULL),
(750, 31, 481, '2018-06-19 03:14:39', '2018-06-19 03:14:39', NULL),
(751, 23, 636, '2018-06-19 03:14:39', '2018-06-19 03:14:39', NULL),
(752, 31, 45, '2018-06-19 03:14:39', '2018-06-19 03:14:39', NULL),
(753, 28, 78, '2018-06-19 03:14:39', '2018-06-19 03:14:39', NULL),
(754, 22, 105, '2018-06-19 03:14:39', '2018-06-19 03:14:39', NULL),
(755, 29, 510, '2018-06-19 03:14:39', '2018-06-19 03:14:39', NULL),
(756, 27, 209, '2018-06-19 03:14:39', '2018-06-19 03:14:39', NULL),
(757, 26, 102, '2018-06-19 03:14:39', '2018-06-19 03:14:39', NULL),
(758, 27, 84, '2018-06-19 03:14:39', '2018-06-19 03:14:39', NULL),
(759, 23, 320, '2018-06-19 03:14:39', '2018-06-19 03:14:39', NULL),
(760, 26, 468, '2018-06-19 03:14:39', '2018-06-19 03:14:39', NULL);
INSERT INTO `user_contact` (`id`, `user_id`, `contact_id`, `created_at`, `updated_at`, `deleted_at`) VALUES
(761, 31, 28, '2018-06-19 03:14:39', '2018-06-19 03:14:39', NULL),
(762, 25, 513, '2018-06-19 03:14:39', '2018-06-19 03:14:39', NULL),
(763, 25, 476, '2018-06-19 03:14:39', '2018-06-19 03:14:39', NULL),
(764, 22, 436, '2018-06-19 03:14:39', '2018-06-19 03:14:39', NULL),
(765, 29, 777, '2018-06-19 03:14:39', '2018-06-19 03:14:39', NULL),
(766, 22, 395, '2018-06-19 03:14:39', '2018-06-19 03:14:39', NULL),
(767, 27, 91, '2018-06-19 03:14:39', '2018-06-19 03:14:39', NULL),
(768, 22, 47, '2018-06-19 03:14:39', '2018-06-19 03:14:39', NULL),
(769, 22, 138, '2018-06-19 03:14:39', '2018-06-19 03:14:39', NULL),
(770, 24, 675, '2018-06-19 03:14:39', '2018-06-19 03:14:39', NULL),
(771, 27, 754, '2018-06-19 03:14:39', '2018-06-19 03:14:39', NULL),
(772, 26, 663, '2018-06-19 03:14:39', '2018-06-19 03:14:39', NULL),
(773, 31, 432, '2018-06-19 03:14:39', '2018-06-19 03:14:39', NULL),
(774, 25, 308, '2018-06-19 03:14:39', '2018-06-19 03:14:39', NULL),
(775, 26, 305, '2018-06-19 03:14:39', '2018-06-19 03:14:39', NULL),
(776, 22, 328, '2018-06-19 03:14:39', '2018-06-19 03:14:39', NULL),
(777, 22, 691, '2018-06-19 03:14:39', '2018-06-19 03:14:39', NULL),
(778, 23, 350, '2018-06-19 03:14:39', '2018-06-19 03:14:39', NULL),
(779, 27, 321, '2018-06-19 03:14:39', '2018-06-19 03:14:39', NULL),
(780, 1, 319, '2018-06-19 03:14:39', '2018-06-19 03:14:39', NULL),
(781, 30, 609, '2018-06-19 03:14:39', '2018-06-19 03:14:39', NULL),
(782, 31, 568, '2018-06-19 03:14:39', '2018-06-19 03:14:39', NULL),
(783, 27, 362, '2018-06-19 03:14:39', '2018-06-19 03:14:39', NULL),
(784, 1, 61, '2018-06-19 03:14:39', '2018-06-19 03:14:39', NULL);

-- --------------------------------------------------------

--
-- Table structure for table `user_kpi_group`
--

CREATE TABLE `user_kpi_group` (
  `id` int(11) NOT NULL,
  `user_id` int(11) NOT NULL,
  `kpi_group_id` int(11) NOT NULL,
  `created_at` datetime DEFAULT NULL,
  `updated_at` datetime DEFAULT NULL,
  `deleted_at` datetime DEFAULT NULL
) ENGINE=InnoDB DEFAULT CHARSET=utf8;

--
-- Dumping data for table `user_kpi_group`
--

INSERT INTO `user_kpi_group` (`id`, `user_id`, `kpi_group_id`, `created_at`, `updated_at`, `deleted_at`) VALUES
(1, 22, 2, '2018-06-06 07:45:05', '2018-06-06 08:00:48', NULL),
(2, 23, 3, '2018-06-06 07:45:05', '2018-06-06 07:52:40', NULL),
(3, 24, 1, '2018-06-06 07:45:05', '2018-06-06 07:45:05', NULL),
(4, 25, 1, '2018-06-06 07:45:05', '2018-06-06 07:45:05', NULL),
(5, 26, 1, '2018-06-06 07:45:05', '2018-06-06 07:45:05', NULL),
(6, 27, 1, '2018-06-06 07:45:05', '2018-06-06 07:45:05', NULL),
(7, 28, 1, '2018-06-06 07:45:05', '2018-06-06 07:45:05', NULL),
(8, 29, 1, '2018-06-06 07:45:05', '2018-06-06 07:45:05', NULL),
(9, 30, 1, '2018-06-06 07:45:05', '2018-06-06 07:45:05', NULL),
(10, 31, 5, '2018-06-06 07:45:05', '2018-06-11 11:10:52', NULL),
(11, 1, 6, '2018-06-06 07:45:48', '2018-06-18 07:23:15', NULL),
(12, 22, 6, '2018-06-18 07:23:24', '2018-06-18 07:23:24', NULL);

-- --------------------------------------------------------

--
-- Table structure for table `user_role`
--

CREATE TABLE `user_role` (
  `id` int(11) NOT NULL,
  `user_id` int(11) NOT NULL,
  `role_id` int(11) NOT NULL,
  `created_at` datetime DEFAULT NULL,
  `updated_at` datetime DEFAULT NULL,
  `deleted_at` datetime DEFAULT NULL
) ENGINE=InnoDB DEFAULT CHARSET=utf8;

--
-- Dumping data for table `user_role`
--

INSERT INTO `user_role` (`id`, `user_id`, `role_id`, `created_at`, `updated_at`, `deleted_at`) VALUES
(1, 1, 1, '2018-05-17 12:17:21', '2018-05-17 12:17:21', NULL),
(15, 22, 3, '2018-06-01 03:10:52', '2018-06-01 03:10:52', NULL),
(16, 23, 3, '2018-06-01 03:11:12', '2018-06-01 03:11:12', NULL),
(17, 24, 3, '2018-06-01 03:11:28', '2018-06-01 03:11:28', NULL),
(18, 25, 3, '2018-06-01 03:11:49', '2018-06-01 03:11:49', NULL),
(19, 26, 3, '2018-06-01 03:12:03', '2018-06-01 03:12:03', NULL),
(20, 27, 3, '2018-06-01 06:13:43', '2018-06-01 06:13:43', NULL),
(21, 28, 3, '2018-06-01 06:14:38', '2018-06-01 06:14:38', NULL),
(22, 29, 3, '2018-06-01 06:14:51', '2018-06-01 06:14:51', NULL),
(23, 30, 3, '2018-06-01 06:15:02', '2018-06-01 06:15:02', NULL),
(24, 31, 3, '2018-06-01 06:15:16', '2018-06-01 06:15:16', NULL);

-- --------------------------------------------------------

--
-- Table structure for table `user_sale_group`
--

CREATE TABLE `user_sale_group` (
  `id` int(11) NOT NULL,
  `user_id` int(11) NOT NULL,
  `sale_group_id` int(11) NOT NULL,
  `created_at` datetime DEFAULT NULL,
  `updated_at` datetime DEFAULT NULL,
  `deleted_at` datetime DEFAULT NULL
) ENGINE=InnoDB DEFAULT CHARSET=utf8;

--
-- Dumping data for table `user_sale_group`
--

INSERT INTO `user_sale_group` (`id`, `user_id`, `sale_group_id`, `created_at`, `updated_at`, `deleted_at`) VALUES
(1, 22, 1, '2018-06-15 08:32:32', '2018-06-15 08:32:32', NULL),
(2, 23, 1, '2018-06-15 08:32:32', '2018-06-15 08:32:32', NULL),
(3, 25, 2, '2018-06-15 08:32:40', '2018-06-15 08:32:40', NULL),
(4, 26, 2, '2018-06-15 08:32:40', '2018-06-15 08:32:40', NULL);

--
-- Indexes for dumped tables
--

--
-- Indexes for table `call_history`
--
ALTER TABLE `call_history`
  ADD PRIMARY KEY (`id`),
  ADD KEY `qttt_report_inx` (`created_at`,`user_id`,`level_id`) USING BTREE;

--
-- Indexes for table `call_history_comment`
--
ALTER TABLE `call_history_comment`
  ADD PRIMARY KEY (`id`);

--
-- Indexes for table `call_history_status_comment`
--
ALTER TABLE `call_history_status_comment`
  ADD PRIMARY KEY (`id`);

--
-- Indexes for table `call_quality`
--
ALTER TABLE `call_quality`
  ADD PRIMARY KEY (`id`);

--
-- Indexes for table `call_quality_level`
--
ALTER TABLE `call_quality_level`
  ADD PRIMARY KEY (`id`);

--
-- Indexes for table `channel`
--
ALTER TABLE `channel`
  ADD PRIMARY KEY (`id`),
  ADD KEY `laravel_idx` (`id`,`deleted_at`) USING BTREE;

--
-- Indexes for table `contact`
--
ALTER TABLE `contact`
  ADD PRIMARY KEY (`id`),
  ADD KEY `laravel_idx` (`id`,`deleted_at`) USING BTREE,
  ADD KEY `report_idx` (`id`,`contact_source_id`,`channel_id`) USING BTREE;

--
-- Indexes for table `contact_course`
--
ALTER TABLE `contact_course`
  ADD PRIMARY KEY (`id`),
  ADD UNIQUE KEY `qttt_report_idx` (`course_price`,`id`);

--
-- Indexes for table `contact_source`
--
ALTER TABLE `contact_source`
  ADD PRIMARY KEY (`id`),
  ADD UNIQUE KEY `laravel_idx` (`id`,`deleted_at`);

--
-- Indexes for table `course`
--
ALTER TABLE `course`
  ADD PRIMARY KEY (`id`);

--
-- Indexes for table `course_price`
--
ALTER TABLE `course_price`
  ADD PRIMARY KEY (`id`);

--
-- Indexes for table `email_template`
--
ALTER TABLE `email_template`
  ADD PRIMARY KEY (`id`);

--
-- Indexes for table `file`
--
ALTER TABLE `file`
  ADD PRIMARY KEY (`id`),
  ADD KEY `laravel_idx` (`id`,`deleted_at`);

--
-- Indexes for table `file_contact`
--
ALTER TABLE `file_contact`
  ADD PRIMARY KEY (`id`),
  ADD KEY `laravel_idx` (`id`,`deleted_at`),
  ADD KEY `report_idx` (`id`,`contact_id`,`file_id`,`deleted_at`);

--
-- Indexes for table `kpi_group`
--
ALTER TABLE `kpi_group`
  ADD PRIMARY KEY (`id`);

--
-- Indexes for table `level`
--
ALTER TABLE `level`
  ADD PRIMARY KEY (`id`),
  ADD KEY `laravel_idx` (`id`,`deleted_at`);

--
-- Indexes for table `log`
--
ALTER TABLE `log`
  ADD PRIMARY KEY (`id`);

--
-- Indexes for table `page`
--
ALTER TABLE `page`
  ADD PRIMARY KEY (`id`),
  ADD KEY `cache_idx` (`id`,`root_id`,`deleted_at`) USING BTREE,
  ADD KEY `laravel_idx` (`id`,`deleted_at`) USING BTREE;

--
-- Indexes for table `role`
--
ALTER TABLE `role`
  ADD PRIMARY KEY (`id`),
  ADD KEY `laravel_idx` (`id`,`deleted_at`) USING BTREE;

--
-- Indexes for table `role_page`
--
ALTER TABLE `role_page`
  ADD PRIMARY KEY (`id`),
  ADD KEY `laravel_idx` (`id`,`deleted_at`),
  ADD KEY `cache_idx` (`id`,`role_id`,`deleted_at`,`page_id`) USING BTREE;

--
-- Indexes for table `sale_group`
--
ALTER TABLE `sale_group`
  ADD PRIMARY KEY (`id`);

--
-- Indexes for table `source_channel`
--
ALTER TABLE `source_channel`
  ADD PRIMARY KEY (`id`);

--
-- Indexes for table `status_call`
--
ALTER TABLE `status_call`
  ADD PRIMARY KEY (`id`);

--
-- Indexes for table `status_service`
--
ALTER TABLE `status_service`
  ADD PRIMARY KEY (`id`);

--
-- Indexes for table `temp`
--
ALTER TABLE `temp`
  ADD PRIMARY KEY (`emp_id`,`data_id`);

--
-- Indexes for table `user`
--
ALTER TABLE `user`
  ADD PRIMARY KEY (`id`),
  ADD KEY `laravel_idx` (`id`,`deleted_at`) USING BTREE;

--
-- Indexes for table `user_contact`
--
ALTER TABLE `user_contact`
  ADD PRIMARY KEY (`id`);

--
-- Indexes for table `user_kpi_group`
--
ALTER TABLE `user_kpi_group`
  ADD PRIMARY KEY (`id`,`user_id`);

--
-- Indexes for table `user_role`
--
ALTER TABLE `user_role`
  ADD PRIMARY KEY (`id`),
  ADD KEY `laravel_idx` (`id`,`deleted_at`),
  ADD KEY `cache_idx` (`id`,`user_id`,`role_id`);

--
-- Indexes for table `user_sale_group`
--
ALTER TABLE `user_sale_group`
  ADD PRIMARY KEY (`id`,`user_id`);

--
-- AUTO_INCREMENT for dumped tables
--

--
-- AUTO_INCREMENT for table `call_history`
--
ALTER TABLE `call_history`
  MODIFY `id` int(11) NOT NULL AUTO_INCREMENT, AUTO_INCREMENT=3593;

--
-- AUTO_INCREMENT for table `call_history_comment`
--
ALTER TABLE `call_history_comment`
  MODIFY `id` int(11) NOT NULL AUTO_INCREMENT;

--
-- AUTO_INCREMENT for table `call_history_status_comment`
--
ALTER TABLE `call_history_status_comment`
  MODIFY `id` int(11) NOT NULL AUTO_INCREMENT;

--
-- AUTO_INCREMENT for table `call_quality`
--
ALTER TABLE `call_quality`
  MODIFY `id` int(11) NOT NULL AUTO_INCREMENT, AUTO_INCREMENT=3;

--
-- AUTO_INCREMENT for table `call_quality_level`
--
ALTER TABLE `call_quality_level`
  MODIFY `id` int(11) NOT NULL AUTO_INCREMENT, AUTO_INCREMENT=5;

--
-- AUTO_INCREMENT for table `channel`
--
ALTER TABLE `channel`
  MODIFY `id` int(11) NOT NULL AUTO_INCREMENT, AUTO_INCREMENT=28;

--
-- AUTO_INCREMENT for table `contact`
--
ALTER TABLE `contact`
  MODIFY `id` int(11) NOT NULL AUTO_INCREMENT, AUTO_INCREMENT=785;

--
-- AUTO_INCREMENT for table `contact_course`
--
ALTER TABLE `contact_course`
  MODIFY `id` int(11) NOT NULL AUTO_INCREMENT, AUTO_INCREMENT=314;

--
-- AUTO_INCREMENT for table `contact_source`
--
ALTER TABLE `contact_source`
  MODIFY `id` int(11) NOT NULL AUTO_INCREMENT, AUTO_INCREMENT=7;

--
-- AUTO_INCREMENT for table `course`
--
ALTER TABLE `course`
  MODIFY `id` int(11) NOT NULL AUTO_INCREMENT, AUTO_INCREMENT=3;

--
-- AUTO_INCREMENT for table `course_price`
--
ALTER TABLE `course_price`
  MODIFY `id` int(11) NOT NULL AUTO_INCREMENT, AUTO_INCREMENT=3;

--
-- AUTO_INCREMENT for table `email_template`
--
ALTER TABLE `email_template`
  MODIFY `id` int(11) NOT NULL AUTO_INCREMENT;

--
-- AUTO_INCREMENT for table `file`
--
ALTER TABLE `file`
  MODIFY `id` int(11) NOT NULL AUTO_INCREMENT, AUTO_INCREMENT=163;

--
-- AUTO_INCREMENT for table `file_contact`
--
ALTER TABLE `file_contact`
  MODIFY `id` int(11) NOT NULL AUTO_INCREMENT, AUTO_INCREMENT=1589;

--
-- AUTO_INCREMENT for table `kpi_group`
--
ALTER TABLE `kpi_group`
  MODIFY `id` int(11) NOT NULL AUTO_INCREMENT, AUTO_INCREMENT=7;

--
-- AUTO_INCREMENT for table `level`
--
ALTER TABLE `level`
  MODIFY `id` int(11) NOT NULL AUTO_INCREMENT, AUTO_INCREMENT=9;

--
-- AUTO_INCREMENT for table `log`
--
ALTER TABLE `log`
  MODIFY `id` int(11) NOT NULL AUTO_INCREMENT, AUTO_INCREMENT=9;

--
-- AUTO_INCREMENT for table `page`
--
ALTER TABLE `page`
  MODIFY `id` int(11) NOT NULL AUTO_INCREMENT, AUTO_INCREMENT=25;

--
-- AUTO_INCREMENT for table `role`
--
ALTER TABLE `role`
  MODIFY `id` int(11) NOT NULL AUTO_INCREMENT, AUTO_INCREMENT=5;

--
-- AUTO_INCREMENT for table `role_page`
--
ALTER TABLE `role_page`
  MODIFY `id` int(11) NOT NULL AUTO_INCREMENT, AUTO_INCREMENT=74;

--
-- AUTO_INCREMENT for table `sale_group`
--
ALTER TABLE `sale_group`
  MODIFY `id` int(11) NOT NULL AUTO_INCREMENT, AUTO_INCREMENT=3;

--
-- AUTO_INCREMENT for table `source_channel`
--
ALTER TABLE `source_channel`
  MODIFY `id` int(11) NOT NULL AUTO_INCREMENT;

--
-- AUTO_INCREMENT for table `status_call`
--
ALTER TABLE `status_call`
  MODIFY `id` int(11) NOT NULL AUTO_INCREMENT, AUTO_INCREMENT=4;

--
-- AUTO_INCREMENT for table `status_service`
--
ALTER TABLE `status_service`
  MODIFY `id` int(11) NOT NULL AUTO_INCREMENT, AUTO_INCREMENT=3;

--
-- AUTO_INCREMENT for table `user`
--
ALTER TABLE `user`
  MODIFY `id` int(11) NOT NULL AUTO_INCREMENT, AUTO_INCREMENT=32;

--
-- AUTO_INCREMENT for table `user_contact`
--
ALTER TABLE `user_contact`
  MODIFY `id` int(11) NOT NULL AUTO_INCREMENT, AUTO_INCREMENT=785;

--
-- AUTO_INCREMENT for table `user_kpi_group`
--
ALTER TABLE `user_kpi_group`
  MODIFY `id` int(11) NOT NULL AUTO_INCREMENT, AUTO_INCREMENT=13;

--
-- AUTO_INCREMENT for table `user_role`
--
ALTER TABLE `user_role`
  MODIFY `id` int(11) NOT NULL AUTO_INCREMENT, AUTO_INCREMENT=25;

--
-- AUTO_INCREMENT for table `user_sale_group`
--
ALTER TABLE `user_sale_group`
  MODIFY `id` int(11) NOT NULL AUTO_INCREMENT, AUTO_INCREMENT=5;
COMMIT;

/*!40101 SET CHARACTER_SET_CLIENT=@OLD_CHARACTER_SET_CLIENT */;
/*!40101 SET CHARACTER_SET_RESULTS=@OLD_CHARACTER_SET_RESULTS */;
/*!40101 SET COLLATION_CONNECTION=@OLD_COLLATION_CONNECTION */;
