-- phpMyAdmin SQL Dump
-- version 4.8.0.1
-- https://www.phpmyadmin.net/
--
-- Host: 127.0.0.1
-- Generation Time: Jun 27, 2018 at 10:20 AM
-- Server version: 10.2.14-MariaDB
-- PHP Version: 7.1.16

SET SQL_MODE = "NO_AUTO_VALUE_ON_ZERO";
SET AUTOCOMMIT = 0;
START TRANSACTION;
SET time_zone = "+00:00";


/*!40101 SET @OLD_CHARACTER_SET_CLIENT=@@CHARACTER_SET_CLIENT */;
/*!40101 SET @OLD_CHARACTER_SET_RESULTS=@@CHARACTER_SET_RESULTS */;
/*!40101 SET @OLD_COLLATION_CONNECTION=@@COLLATION_CONNECTION */;
/*!40101 SET NAMES utf8mb4 */;

--
-- Database: `NTL`
--

-- --------------------------------------------------------

--
-- Table structure for table `call_history`
--

CREATE TABLE `call_history` (
  `id` int(11) NOT NULL,
  `contact_id` int(11) NOT NULL,
  `user_id` int(11) NOT NULL,
  `level_id` int(11) NOT NULL,
  `call_quality_level_id` int(11) DEFAULT NULL,
  `status_service_id` int(11) NOT NULL,
  `status_call_id` int(11) DEFAULT NULL,
  `created_at` datetime DEFAULT NULL,
  `updated_at` datetime DEFAULT NULL,
  `deleted_at` datetime DEFAULT NULL
) ENGINE=InnoDB DEFAULT CHARSET=utf8;

--
-- Dumping data for table `call_history`
--

INSERT INTO `call_history` (`id`, `contact_id`, `user_id`, `level_id`, `call_quality_level_id`, `status_service_id`, `status_call_id`, `created_at`, `updated_at`, `deleted_at`) VALUES
(1, 186, 22, 1, 1, 1, 1, '2018-06-02 00:00:00', '2018-06-02 00:00:00', NULL),
(2, 186, 22, 2, 1, 1, 1, '2018-06-02 00:00:00', '2018-06-02 00:00:00', NULL),
(3, 186, 22, 3, 1, 1, 1, '2018-06-02 00:00:00', '2018-06-02 00:00:00', NULL),
(4, 186, 22, 4, 1, 1, 1, '2018-06-02 00:00:00', '2018-06-02 00:00:00', NULL),
(5, 186, 22, 5, 1, 1, 1, '2018-06-02 00:00:00', '2018-06-02 00:00:00', NULL),
(6, 278, 30, 1, 1, 1, 1, '2018-06-02 00:00:00', '2018-06-02 00:00:00', NULL),
(7, 278, 30, 2, 1, 1, 1, '2018-06-02 00:00:00', '2018-06-02 00:00:00', NULL),
(8, 278, 30, 3, 1, 1, 1, '2018-06-02 00:00:00', '2018-06-02 00:00:00', NULL),
(9, 278, 30, 4, 1, 1, 1, '2018-06-02 00:00:00', '2018-06-02 00:00:00', NULL),
(10, 278, 30, 5, 1, 1, 1, '2018-06-02 00:00:00', '2018-06-02 00:00:00', NULL),
(11, 278, 30, 6, 1, 1, 1, '2018-06-02 00:00:00', '2018-06-02 00:00:00', NULL),
(12, 30, 25, 1, 1, 1, 1, '2018-05-31 00:00:00', '2018-05-31 00:00:00', NULL),
(13, 273, 27, 1, 1, 1, 1, '2018-06-02 00:00:00', '2018-06-02 00:00:00', NULL),
(14, 273, 27, 2, 1, 1, 1, '2018-06-02 00:00:00', '2018-06-02 00:00:00', NULL),
(15, 273, 27, 3, 1, 1, 1, '2018-06-02 00:00:00', '2018-06-02 00:00:00', NULL),
(16, 273, 27, 4, 1, 1, 1, '2018-06-02 00:00:00', '2018-06-02 00:00:00', NULL),
(17, 770, 28, 1, 1, 1, 1, '2018-06-07 00:00:00', '2018-06-07 00:00:00', NULL),
(18, 770, 28, 2, 1, 1, 1, '2018-06-07 00:00:00', '2018-06-07 00:00:00', NULL),
(19, 770, 28, 3, 1, 1, 1, '2018-06-07 00:00:00', '2018-06-07 00:00:00', NULL),
(20, 770, 28, 4, 1, 1, 1, '2018-06-07 00:00:00', '2018-06-07 00:00:00', NULL),
(21, 770, 28, 5, 1, 1, 1, '2018-06-07 00:00:00', '2018-06-07 00:00:00', NULL),
(22, 649, 31, 1, 1, 1, 1, '2018-06-06 00:00:00', '2018-06-06 00:00:00', NULL),
(23, 250, 28, 1, 1, 1, 1, '2018-05-31 00:00:00', '2018-05-31 00:00:00', NULL),
(24, 250, 28, 2, 1, 1, 1, '2018-05-31 00:00:00', '2018-05-31 00:00:00', NULL),
(25, 472, 29, 1, 1, 1, 1, '2018-06-03 00:00:00', '2018-06-03 00:00:00', NULL),
(26, 472, 29, 2, 1, 1, 1, '2018-06-03 00:00:00', '2018-06-03 00:00:00', NULL),
(27, 472, 29, 3, 1, 1, 1, '2018-06-03 00:00:00', '2018-06-03 00:00:00', NULL),
(28, 472, 29, 4, 1, 1, 1, '2018-06-03 00:00:00', '2018-06-03 00:00:00', NULL),
(29, 472, 29, 5, 1, 1, 1, '2018-06-03 00:00:00', '2018-06-03 00:00:00', NULL),
(30, 58, 31, 1, 1, 1, 1, '2018-06-01 00:00:00', '2018-06-01 00:00:00', NULL),
(31, 96, 26, 1, 1, 1, 1, '2018-06-04 00:00:00', '2018-06-04 00:00:00', NULL),
(32, 96, 26, 2, 1, 1, 1, '2018-06-04 00:00:00', '2018-06-04 00:00:00', NULL),
(33, 96, 26, 3, 1, 1, 1, '2018-06-04 00:00:00', '2018-06-04 00:00:00', NULL),
(34, 96, 26, 4, 1, 1, 1, '2018-06-04 00:00:00', '2018-06-04 00:00:00', NULL),
(35, 502, 22, 1, 1, 1, 1, '2018-06-03 00:00:00', '2018-06-03 00:00:00', NULL),
(36, 502, 22, 2, 1, 1, 1, '2018-06-03 00:00:00', '2018-06-03 00:00:00', NULL),
(37, 502, 22, 3, 1, 1, 1, '2018-06-03 00:00:00', '2018-06-03 00:00:00', NULL),
(38, 502, 22, 4, 1, 1, 1, '2018-06-03 00:00:00', '2018-06-03 00:00:00', NULL),
(39, 502, 22, 5, 1, 1, 1, '2018-06-03 00:00:00', '2018-06-03 00:00:00', NULL),
(40, 502, 22, 6, 1, 1, 1, '2018-06-03 00:00:00', '2018-06-03 00:00:00', NULL),
(41, 561, 24, 1, 1, 1, 1, '2018-06-05 00:00:00', '2018-06-05 00:00:00', NULL),
(42, 561, 24, 2, 1, 1, 1, '2018-06-05 00:00:00', '2018-06-05 00:00:00', NULL),
(43, 561, 24, 3, 1, 1, 1, '2018-06-05 00:00:00', '2018-06-05 00:00:00', NULL),
(44, 72, 24, 1, 1, 1, 1, '2018-06-03 00:00:00', '2018-06-03 00:00:00', NULL),
(45, 72, 24, 2, 1, 1, 1, '2018-06-03 00:00:00', '2018-06-03 00:00:00', NULL),
(46, 72, 24, 3, 1, 1, 1, '2018-06-03 00:00:00', '2018-06-03 00:00:00', NULL),
(47, 72, 24, 4, 1, 1, 1, '2018-06-03 00:00:00', '2018-06-03 00:00:00', NULL),
(48, 577, 25, 1, 1, 1, 1, '2018-05-31 00:00:00', '2018-05-31 00:00:00', NULL),
(49, 577, 25, 2, 1, 1, 1, '2018-05-31 00:00:00', '2018-05-31 00:00:00', NULL),
(50, 577, 25, 3, 1, 1, 1, '2018-05-31 00:00:00', '2018-05-31 00:00:00', NULL),
(51, 577, 25, 4, 1, 1, 1, '2018-05-31 00:00:00', '2018-05-31 00:00:00', NULL),
(52, 144, 22, 1, 1, 1, 1, '2018-06-03 00:00:00', '2018-06-03 00:00:00', NULL),
(53, 144, 22, 2, 1, 1, 1, '2018-06-03 00:00:00', '2018-06-03 00:00:00', NULL),
(54, 144, 22, 3, 1, 1, 1, '2018-06-03 00:00:00', '2018-06-03 00:00:00', NULL),
(55, 144, 22, 4, 1, 1, 1, '2018-06-03 00:00:00', '2018-06-03 00:00:00', NULL),
(56, 144, 22, 5, 1, 1, 1, '2018-06-03 00:00:00', '2018-06-03 00:00:00', NULL),
(57, 144, 22, 6, 1, 1, 1, '2018-06-03 00:00:00', '2018-06-03 00:00:00', NULL),
(58, 144, 22, 7, 1, 1, 1, '2018-06-03 00:00:00', '2018-06-03 00:00:00', NULL),
(59, 144, 22, 8, 1, 1, 1, '2018-06-03 00:00:00', '2018-06-03 00:00:00', NULL),
(60, 341, 27, 1, 1, 1, 1, '2018-06-02 00:00:00', '2018-06-02 00:00:00', NULL),
(61, 341, 27, 2, 1, 1, 1, '2018-06-02 00:00:00', '2018-06-02 00:00:00', NULL),
(62, 341, 27, 3, 1, 1, 1, '2018-06-02 00:00:00', '2018-06-02 00:00:00', NULL),
(63, 341, 27, 4, 1, 1, 1, '2018-06-02 00:00:00', '2018-06-02 00:00:00', NULL),
(64, 341, 27, 5, 1, 1, 1, '2018-06-02 00:00:00', '2018-06-02 00:00:00', NULL),
(65, 341, 27, 6, 1, 1, 1, '2018-06-02 00:00:00', '2018-06-02 00:00:00', NULL),
(66, 341, 27, 7, 1, 1, 1, '2018-06-02 00:00:00', '2018-06-02 00:00:00', NULL),
(67, 464, 24, 1, 1, 1, 1, '2018-06-02 00:00:00', '2018-06-02 00:00:00', NULL),
(68, 464, 24, 2, 1, 1, 1, '2018-06-02 00:00:00', '2018-06-02 00:00:00', NULL),
(69, 464, 24, 3, 1, 1, 1, '2018-06-02 00:00:00', '2018-06-02 00:00:00', NULL),
(70, 392, 1, 1, 1, 1, 1, '2018-06-04 00:00:00', '2018-06-04 00:00:00', NULL),
(71, 392, 1, 2, 1, 1, 1, '2018-06-04 00:00:00', '2018-06-04 00:00:00', NULL),
(72, 392, 1, 3, 1, 1, 1, '2018-06-04 00:00:00', '2018-06-04 00:00:00', NULL),
(73, 163, 23, 1, 1, 1, 1, '2018-06-05 00:00:00', '2018-06-05 00:00:00', NULL),
(74, 190, 26, 1, 1, 1, 1, '2018-06-05 00:00:00', '2018-06-05 00:00:00', NULL),
(75, 190, 26, 2, 1, 1, 1, '2018-06-05 00:00:00', '2018-06-05 00:00:00', NULL),
(76, 190, 26, 3, 1, 1, 1, '2018-06-05 00:00:00', '2018-06-05 00:00:00', NULL),
(77, 616, 29, 1, 1, 1, 1, '2018-06-02 00:00:00', '2018-06-02 00:00:00', NULL),
(78, 115, 22, 1, 1, 1, 1, '2018-06-06 00:00:00', '2018-06-06 00:00:00', NULL),
(79, 115, 22, 2, 1, 1, 1, '2018-06-06 00:00:00', '2018-06-06 00:00:00', NULL),
(80, 733, 31, 1, 1, 1, 1, '2018-06-07 00:00:00', '2018-06-07 00:00:00', NULL),
(81, 733, 31, 2, 1, 1, 1, '2018-06-07 00:00:00', '2018-06-07 00:00:00', NULL),
(82, 733, 31, 3, 1, 1, 1, '2018-06-07 00:00:00', '2018-06-07 00:00:00', NULL),
(83, 733, 31, 4, 1, 1, 1, '2018-06-07 00:00:00', '2018-06-07 00:00:00', NULL),
(84, 733, 31, 5, 1, 1, 1, '2018-06-07 00:00:00', '2018-06-07 00:00:00', NULL),
(85, 226, 23, 1, 1, 1, 1, '2018-06-07 00:00:00', '2018-06-07 00:00:00', NULL),
(86, 226, 23, 2, 1, 1, 1, '2018-06-07 00:00:00', '2018-06-07 00:00:00', NULL),
(87, 226, 23, 3, 1, 1, 1, '2018-06-07 00:00:00', '2018-06-07 00:00:00', NULL),
(88, 226, 23, 4, 1, 1, 1, '2018-06-07 00:00:00', '2018-06-07 00:00:00', NULL),
(89, 226, 23, 5, 1, 1, 1, '2018-06-07 00:00:00', '2018-06-07 00:00:00', NULL),
(90, 226, 23, 6, 1, 1, 1, '2018-06-07 00:00:00', '2018-06-07 00:00:00', NULL),
(91, 226, 23, 7, 1, 1, 1, '2018-06-07 00:00:00', '2018-06-07 00:00:00', NULL),
(92, 668, 27, 1, 1, 1, 1, '2018-06-03 00:00:00', '2018-06-03 00:00:00', NULL),
(93, 668, 27, 2, 1, 1, 1, '2018-06-03 00:00:00', '2018-06-03 00:00:00', NULL),
(94, 668, 27, 3, 1, 1, 1, '2018-06-03 00:00:00', '2018-06-03 00:00:00', NULL),
(95, 668, 27, 4, 1, 1, 1, '2018-06-03 00:00:00', '2018-06-03 00:00:00', NULL),
(96, 362, 26, 1, 1, 1, 1, '2018-06-03 00:00:00', '2018-06-03 00:00:00', NULL),
(97, 362, 26, 2, 1, 1, 1, '2018-06-03 00:00:00', '2018-06-03 00:00:00', NULL),
(98, 362, 26, 3, 1, 1, 1, '2018-06-03 00:00:00', '2018-06-03 00:00:00', NULL),
(99, 362, 26, 4, 1, 1, 1, '2018-06-03 00:00:00', '2018-06-03 00:00:00', NULL),
(100, 362, 26, 5, 1, 1, 1, '2018-06-03 00:00:00', '2018-06-03 00:00:00', NULL),
(101, 362, 26, 6, 1, 1, 1, '2018-06-03 00:00:00', '2018-06-03 00:00:00', NULL),
(102, 434, 22, 1, 1, 1, 1, '2018-06-04 00:00:00', '2018-06-04 00:00:00', NULL),
(103, 434, 22, 2, 1, 1, 1, '2018-06-04 00:00:00', '2018-06-04 00:00:00', NULL),
(104, 434, 22, 3, 1, 1, 1, '2018-06-04 00:00:00', '2018-06-04 00:00:00', NULL),
(105, 434, 22, 4, 1, 1, 1, '2018-06-04 00:00:00', '2018-06-04 00:00:00', NULL),
(106, 434, 22, 5, 1, 1, 1, '2018-06-04 00:00:00', '2018-06-04 00:00:00', NULL),
(107, 221, 29, 1, 1, 1, 1, '2018-06-03 00:00:00', '2018-06-03 00:00:00', NULL),
(108, 221, 29, 2, 1, 1, 1, '2018-06-03 00:00:00', '2018-06-03 00:00:00', NULL),
(109, 253, 23, 1, 1, 1, 1, '2018-06-01 00:00:00', '2018-06-01 00:00:00', NULL),
(110, 334, 27, 1, 1, 1, 1, '2018-05-31 00:00:00', '2018-05-31 00:00:00', NULL),
(111, 334, 27, 2, 1, 1, 1, '2018-05-31 00:00:00', '2018-05-31 00:00:00', NULL),
(112, 334, 27, 3, 1, 1, 1, '2018-05-31 00:00:00', '2018-05-31 00:00:00', NULL),
(113, 334, 27, 4, 1, 1, 1, '2018-05-31 00:00:00', '2018-05-31 00:00:00', NULL),
(114, 334, 27, 5, 1, 1, 1, '2018-05-31 00:00:00', '2018-05-31 00:00:00', NULL),
(115, 334, 27, 6, 1, 1, 1, '2018-05-31 00:00:00', '2018-05-31 00:00:00', NULL),
(116, 334, 27, 7, 1, 1, 1, '2018-05-31 00:00:00', '2018-05-31 00:00:00', NULL),
(117, 39, 28, 1, 1, 1, 1, '2018-06-07 00:00:00', '2018-06-07 00:00:00', NULL),
(118, 39, 28, 2, 1, 1, 1, '2018-06-07 00:00:00', '2018-06-07 00:00:00', NULL),
(119, 615, 26, 1, 1, 1, 1, '2018-06-01 00:00:00', '2018-06-01 00:00:00', NULL),
(120, 615, 26, 2, 1, 1, 1, '2018-06-01 00:00:00', '2018-06-01 00:00:00', NULL),
(121, 615, 26, 3, 1, 1, 1, '2018-06-01 00:00:00', '2018-06-01 00:00:00', NULL),
(122, 615, 26, 4, 1, 1, 1, '2018-06-01 00:00:00', '2018-06-01 00:00:00', NULL),
(123, 615, 26, 5, 1, 1, 1, '2018-06-01 00:00:00', '2018-06-01 00:00:00', NULL),
(124, 615, 26, 6, 1, 1, 1, '2018-06-01 00:00:00', '2018-06-01 00:00:00', NULL),
(125, 630, 22, 1, 1, 1, 1, '2018-06-01 00:00:00', '2018-06-01 00:00:00', NULL),
(126, 630, 22, 2, 1, 1, 1, '2018-06-01 00:00:00', '2018-06-01 00:00:00', NULL),
(127, 630, 22, 3, 1, 1, 1, '2018-06-01 00:00:00', '2018-06-01 00:00:00', NULL),
(128, 630, 22, 4, 1, 1, 1, '2018-06-01 00:00:00', '2018-06-01 00:00:00', NULL),
(129, 630, 22, 5, 1, 1, 1, '2018-06-01 00:00:00', '2018-06-01 00:00:00', NULL),
(130, 113, 27, 1, 1, 1, 1, '2018-06-05 00:00:00', '2018-06-05 00:00:00', NULL),
(131, 113, 27, 2, 1, 1, 1, '2018-06-05 00:00:00', '2018-06-05 00:00:00', NULL),
(132, 113, 27, 3, 1, 1, 1, '2018-06-05 00:00:00', '2018-06-05 00:00:00', NULL),
(133, 113, 27, 4, 1, 1, 1, '2018-06-05 00:00:00', '2018-06-05 00:00:00', NULL),
(134, 113, 27, 5, 1, 1, 1, '2018-06-05 00:00:00', '2018-06-05 00:00:00', NULL),
(135, 128, 25, 1, 1, 1, 1, '2018-06-06 00:00:00', '2018-06-06 00:00:00', NULL),
(136, 128, 25, 2, 1, 1, 1, '2018-06-06 00:00:00', '2018-06-06 00:00:00', NULL),
(137, 128, 25, 3, 1, 1, 1, '2018-06-06 00:00:00', '2018-06-06 00:00:00', NULL),
(138, 295, 1, 1, 1, 1, 1, '2018-06-05 00:00:00', '2018-06-05 00:00:00', NULL),
(139, 728, 29, 1, 1, 1, 1, '2018-06-02 00:00:00', '2018-06-02 00:00:00', NULL),
(140, 354, 1, 1, 1, 1, 1, '2018-05-31 00:00:00', '2018-05-31 00:00:00', NULL),
(141, 354, 1, 2, 1, 1, 1, '2018-05-31 00:00:00', '2018-05-31 00:00:00', NULL),
(142, 354, 1, 3, 1, 1, 1, '2018-05-31 00:00:00', '2018-05-31 00:00:00', NULL),
(143, 354, 1, 4, 1, 1, 1, '2018-05-31 00:00:00', '2018-05-31 00:00:00', NULL),
(144, 354, 1, 5, 1, 1, 1, '2018-05-31 00:00:00', '2018-05-31 00:00:00', NULL),
(145, 354, 1, 6, 1, 1, 1, '2018-05-31 00:00:00', '2018-05-31 00:00:00', NULL),
(146, 354, 1, 7, 1, 1, 1, '2018-05-31 00:00:00', '2018-05-31 00:00:00', NULL),
(147, 678, 27, 1, 1, 1, 1, '2018-06-02 00:00:00', '2018-06-02 00:00:00', NULL),
(148, 678, 27, 2, 1, 1, 1, '2018-06-02 00:00:00', '2018-06-02 00:00:00', NULL),
(149, 678, 27, 3, 1, 1, 1, '2018-06-02 00:00:00', '2018-06-02 00:00:00', NULL),
(150, 678, 27, 4, 1, 1, 1, '2018-06-02 00:00:00', '2018-06-02 00:00:00', NULL),
(151, 678, 27, 5, 1, 1, 1, '2018-06-02 00:00:00', '2018-06-02 00:00:00', NULL),
(152, 676, 27, 1, 1, 1, 1, '2018-06-05 00:00:00', '2018-06-05 00:00:00', NULL),
(153, 676, 27, 2, 1, 1, 1, '2018-06-05 00:00:00', '2018-06-05 00:00:00', NULL),
(154, 676, 27, 3, 1, 1, 1, '2018-06-05 00:00:00', '2018-06-05 00:00:00', NULL),
(155, 676, 27, 4, 1, 1, 1, '2018-06-05 00:00:00', '2018-06-05 00:00:00', NULL),
(156, 709, 31, 1, 1, 1, 1, '2018-06-06 00:00:00', '2018-06-06 00:00:00', NULL),
(157, 709, 31, 2, 1, 1, 1, '2018-06-06 00:00:00', '2018-06-06 00:00:00', NULL),
(158, 180, 23, 1, 1, 1, 1, '2018-06-02 00:00:00', '2018-06-02 00:00:00', NULL),
(159, 180, 23, 2, 1, 1, 1, '2018-06-02 00:00:00', '2018-06-02 00:00:00', NULL),
(160, 180, 23, 3, 1, 1, 1, '2018-06-02 00:00:00', '2018-06-02 00:00:00', NULL),
(161, 395, 23, 1, 1, 1, 1, '2018-06-01 00:00:00', '2018-06-01 00:00:00', NULL),
(162, 395, 23, 2, 1, 1, 1, '2018-06-01 00:00:00', '2018-06-01 00:00:00', NULL),
(163, 395, 23, 3, 1, 1, 1, '2018-06-01 00:00:00', '2018-06-01 00:00:00', NULL),
(164, 395, 23, 4, 1, 1, 1, '2018-06-01 00:00:00', '2018-06-01 00:00:00', NULL),
(165, 395, 23, 5, 1, 1, 1, '2018-06-01 00:00:00', '2018-06-01 00:00:00', NULL),
(166, 395, 23, 6, 1, 1, 1, '2018-06-01 00:00:00', '2018-06-01 00:00:00', NULL),
(167, 395, 23, 7, 1, 1, 1, '2018-06-01 00:00:00', '2018-06-01 00:00:00', NULL),
(168, 395, 23, 8, 1, 1, 1, '2018-06-01 00:00:00', '2018-06-01 00:00:00', NULL),
(169, 433, 30, 1, 1, 1, 1, '2018-06-01 00:00:00', '2018-06-01 00:00:00', NULL),
(170, 80, 24, 1, 1, 1, 1, '2018-06-05 00:00:00', '2018-06-05 00:00:00', NULL),
(171, 80, 24, 2, 1, 1, 1, '2018-06-05 00:00:00', '2018-06-05 00:00:00', NULL),
(172, 80, 24, 3, 1, 1, 1, '2018-06-05 00:00:00', '2018-06-05 00:00:00', NULL),
(173, 80, 24, 4, 1, 1, 1, '2018-06-05 00:00:00', '2018-06-05 00:00:00', NULL),
(174, 80, 24, 5, 1, 1, 1, '2018-06-05 00:00:00', '2018-06-05 00:00:00', NULL),
(175, 80, 24, 6, 1, 1, 1, '2018-06-05 00:00:00', '2018-06-05 00:00:00', NULL),
(176, 80, 24, 7, 1, 1, 1, '2018-06-05 00:00:00', '2018-06-05 00:00:00', NULL),
(177, 730, 26, 1, 1, 1, 1, '2018-06-02 00:00:00', '2018-06-02 00:00:00', NULL),
(178, 730, 26, 2, 1, 1, 1, '2018-06-02 00:00:00', '2018-06-02 00:00:00', NULL),
(179, 730, 26, 3, 1, 1, 1, '2018-06-02 00:00:00', '2018-06-02 00:00:00', NULL),
(180, 730, 26, 4, 1, 1, 1, '2018-06-02 00:00:00', '2018-06-02 00:00:00', NULL),
(181, 557, 29, 1, 1, 1, 1, '2018-06-02 00:00:00', '2018-06-02 00:00:00', NULL),
(182, 557, 29, 2, 1, 1, 1, '2018-06-02 00:00:00', '2018-06-02 00:00:00', NULL),
(183, 557, 29, 3, 1, 1, 1, '2018-06-02 00:00:00', '2018-06-02 00:00:00', NULL),
(184, 557, 29, 4, 1, 1, 1, '2018-06-02 00:00:00', '2018-06-02 00:00:00', NULL),
(185, 557, 29, 5, 1, 1, 1, '2018-06-02 00:00:00', '2018-06-02 00:00:00', NULL),
(186, 517, 24, 1, 1, 1, 1, '2018-06-04 00:00:00', '2018-06-04 00:00:00', NULL),
(187, 517, 24, 2, 1, 1, 1, '2018-06-04 00:00:00', '2018-06-04 00:00:00', NULL),
(188, 517, 24, 3, 1, 1, 1, '2018-06-04 00:00:00', '2018-06-04 00:00:00', NULL),
(189, 210, 22, 1, 1, 1, 1, '2018-05-31 00:00:00', '2018-05-31 00:00:00', NULL),
(190, 210, 22, 2, 1, 1, 1, '2018-05-31 00:00:00', '2018-05-31 00:00:00', NULL),
(191, 210, 22, 3, 1, 1, 1, '2018-05-31 00:00:00', '2018-05-31 00:00:00', NULL),
(192, 210, 22, 4, 1, 1, 1, '2018-05-31 00:00:00', '2018-05-31 00:00:00', NULL),
(193, 56, 1, 1, 1, 1, 1, '2018-06-02 00:00:00', '2018-06-02 00:00:00', NULL),
(194, 56, 1, 2, 1, 1, 1, '2018-06-02 00:00:00', '2018-06-02 00:00:00', NULL),
(195, 56, 1, 3, 1, 1, 1, '2018-06-02 00:00:00', '2018-06-02 00:00:00', NULL),
(196, 56, 1, 4, 1, 1, 1, '2018-06-02 00:00:00', '2018-06-02 00:00:00', NULL),
(197, 56, 1, 5, 1, 1, 1, '2018-06-02 00:00:00', '2018-06-02 00:00:00', NULL),
(198, 762, 22, 1, 1, 1, 1, '2018-06-02 00:00:00', '2018-06-02 00:00:00', NULL),
(199, 473, 31, 1, 1, 1, 1, '2018-06-07 00:00:00', '2018-06-07 00:00:00', NULL),
(200, 473, 31, 2, 1, 1, 1, '2018-06-07 00:00:00', '2018-06-07 00:00:00', NULL),
(201, 473, 31, 3, 1, 1, 1, '2018-06-07 00:00:00', '2018-06-07 00:00:00', NULL),
(202, 473, 31, 4, 1, 1, 1, '2018-06-07 00:00:00', '2018-06-07 00:00:00', NULL),
(203, 473, 31, 5, 1, 1, 1, '2018-06-07 00:00:00', '2018-06-07 00:00:00', NULL),
(204, 473, 31, 6, 1, 1, 1, '2018-06-07 00:00:00', '2018-06-07 00:00:00', NULL),
(205, 473, 31, 7, 1, 1, 1, '2018-06-07 00:00:00', '2018-06-07 00:00:00', NULL),
(206, 473, 31, 8, 1, 1, 1, '2018-06-07 00:00:00', '2018-06-07 00:00:00', NULL),
(207, 205, 23, 1, 1, 1, 1, '2018-06-01 00:00:00', '2018-06-01 00:00:00', NULL),
(208, 522, 22, 1, 1, 1, 1, '2018-06-03 00:00:00', '2018-06-03 00:00:00', NULL),
(209, 522, 22, 2, 1, 1, 1, '2018-06-03 00:00:00', '2018-06-03 00:00:00', NULL),
(210, 522, 22, 3, 1, 1, 1, '2018-06-03 00:00:00', '2018-06-03 00:00:00', NULL),
(211, 522, 22, 4, 1, 1, 1, '2018-06-03 00:00:00', '2018-06-03 00:00:00', NULL),
(212, 522, 22, 5, 1, 1, 1, '2018-06-03 00:00:00', '2018-06-03 00:00:00', NULL),
(213, 522, 22, 6, 1, 1, 1, '2018-06-03 00:00:00', '2018-06-03 00:00:00', NULL),
(214, 522, 22, 7, 1, 1, 1, '2018-06-03 00:00:00', '2018-06-03 00:00:00', NULL),
(215, 522, 22, 8, 1, 1, 1, '2018-06-03 00:00:00', '2018-06-03 00:00:00', NULL),
(216, 327, 29, 1, 1, 1, 1, '2018-06-05 00:00:00', '2018-06-05 00:00:00', NULL),
(217, 327, 29, 2, 1, 1, 1, '2018-06-05 00:00:00', '2018-06-05 00:00:00', NULL),
(218, 327, 29, 3, 1, 1, 1, '2018-06-05 00:00:00', '2018-06-05 00:00:00', NULL),
(219, 327, 29, 4, 1, 1, 1, '2018-06-05 00:00:00', '2018-06-05 00:00:00', NULL),
(220, 420, 26, 1, 1, 1, 1, '2018-06-02 00:00:00', '2018-06-02 00:00:00', NULL),
(221, 420, 26, 2, 1, 1, 1, '2018-06-02 00:00:00', '2018-06-02 00:00:00', NULL),
(222, 420, 26, 3, 1, 1, 1, '2018-06-02 00:00:00', '2018-06-02 00:00:00', NULL),
(223, 420, 26, 4, 1, 1, 1, '2018-06-02 00:00:00', '2018-06-02 00:00:00', NULL),
(224, 420, 26, 5, 1, 1, 1, '2018-06-02 00:00:00', '2018-06-02 00:00:00', NULL),
(225, 420, 26, 6, 1, 1, 1, '2018-06-02 00:00:00', '2018-06-02 00:00:00', NULL),
(226, 420, 26, 7, 1, 1, 1, '2018-06-02 00:00:00', '2018-06-02 00:00:00', NULL),
(227, 765, 25, 1, 1, 1, 1, '2018-06-01 00:00:00', '2018-06-01 00:00:00', NULL),
(228, 765, 25, 2, 1, 1, 1, '2018-06-01 00:00:00', '2018-06-01 00:00:00', NULL),
(229, 765, 25, 3, 1, 1, 1, '2018-06-01 00:00:00', '2018-06-01 00:00:00', NULL),
(230, 765, 25, 4, 1, 1, 1, '2018-06-01 00:00:00', '2018-06-01 00:00:00', NULL),
(231, 765, 25, 5, 1, 1, 1, '2018-06-01 00:00:00', '2018-06-01 00:00:00', NULL),
(232, 648, 1, 1, 1, 1, 1, '2018-06-02 00:00:00', '2018-06-02 00:00:00', NULL),
(233, 648, 1, 2, 1, 1, 1, '2018-06-02 00:00:00', '2018-06-02 00:00:00', NULL),
(234, 648, 1, 3, 1, 1, 1, '2018-06-02 00:00:00', '2018-06-02 00:00:00', NULL),
(235, 648, 1, 4, 1, 1, 1, '2018-06-02 00:00:00', '2018-06-02 00:00:00', NULL),
(236, 648, 1, 5, 1, 1, 1, '2018-06-02 00:00:00', '2018-06-02 00:00:00', NULL),
(237, 306, 28, 1, 1, 1, 1, '2018-06-04 00:00:00', '2018-06-04 00:00:00', NULL),
(238, 306, 28, 2, 1, 1, 1, '2018-06-04 00:00:00', '2018-06-04 00:00:00', NULL),
(239, 306, 28, 3, 1, 1, 1, '2018-06-04 00:00:00', '2018-06-04 00:00:00', NULL),
(240, 306, 28, 4, 1, 1, 1, '2018-06-04 00:00:00', '2018-06-04 00:00:00', NULL),
(241, 306, 28, 5, 1, 1, 1, '2018-06-04 00:00:00', '2018-06-04 00:00:00', NULL),
(242, 306, 28, 6, 1, 1, 1, '2018-06-04 00:00:00', '2018-06-04 00:00:00', NULL),
(243, 91, 1, 1, 1, 1, 1, '2018-05-31 00:00:00', '2018-05-31 00:00:00', NULL),
(244, 91, 1, 2, 1, 1, 1, '2018-05-31 00:00:00', '2018-05-31 00:00:00', NULL),
(245, 550, 1, 1, 1, 1, 1, '2018-06-03 00:00:00', '2018-06-03 00:00:00', NULL),
(246, 550, 1, 2, 1, 1, 1, '2018-06-03 00:00:00', '2018-06-03 00:00:00', NULL),
(247, 550, 1, 3, 1, 1, 1, '2018-06-03 00:00:00', '2018-06-03 00:00:00', NULL),
(248, 550, 1, 4, 1, 1, 1, '2018-06-03 00:00:00', '2018-06-03 00:00:00', NULL),
(249, 550, 1, 5, 1, 1, 1, '2018-06-03 00:00:00', '2018-06-03 00:00:00', NULL),
(250, 550, 1, 6, 1, 1, 1, '2018-06-03 00:00:00', '2018-06-03 00:00:00', NULL),
(251, 427, 27, 1, 1, 1, 1, '2018-06-02 00:00:00', '2018-06-02 00:00:00', NULL),
(252, 427, 27, 2, 1, 1, 1, '2018-06-02 00:00:00', '2018-06-02 00:00:00', NULL),
(253, 427, 27, 3, 1, 1, 1, '2018-06-02 00:00:00', '2018-06-02 00:00:00', NULL),
(254, 427, 27, 4, 1, 1, 1, '2018-06-02 00:00:00', '2018-06-02 00:00:00', NULL),
(255, 427, 27, 5, 1, 1, 1, '2018-06-02 00:00:00', '2018-06-02 00:00:00', NULL),
(256, 427, 27, 6, 1, 1, 1, '2018-06-02 00:00:00', '2018-06-02 00:00:00', NULL),
(257, 427, 27, 7, 1, 1, 1, '2018-06-02 00:00:00', '2018-06-02 00:00:00', NULL),
(258, 185, 23, 1, 1, 1, 1, '2018-06-03 00:00:00', '2018-06-03 00:00:00', NULL),
(259, 185, 23, 2, 1, 1, 1, '2018-06-03 00:00:00', '2018-06-03 00:00:00', NULL),
(260, 185, 23, 3, 1, 1, 1, '2018-06-03 00:00:00', '2018-06-03 00:00:00', NULL),
(261, 185, 23, 4, 1, 1, 1, '2018-06-03 00:00:00', '2018-06-03 00:00:00', NULL),
(262, 185, 23, 5, 1, 1, 1, '2018-06-03 00:00:00', '2018-06-03 00:00:00', NULL),
(263, 622, 27, 1, 1, 1, 1, '2018-06-06 00:00:00', '2018-06-06 00:00:00', NULL),
(264, 622, 27, 2, 1, 1, 1, '2018-06-06 00:00:00', '2018-06-06 00:00:00', NULL),
(265, 622, 27, 3, 1, 1, 1, '2018-06-06 00:00:00', '2018-06-06 00:00:00', NULL),
(266, 622, 27, 4, 1, 1, 1, '2018-06-06 00:00:00', '2018-06-06 00:00:00', NULL),
(267, 622, 27, 5, 1, 1, 1, '2018-06-06 00:00:00', '2018-06-06 00:00:00', NULL),
(268, 622, 27, 6, 1, 1, 1, '2018-06-06 00:00:00', '2018-06-06 00:00:00', NULL),
(269, 547, 1, 1, 1, 1, 1, '2018-06-06 00:00:00', '2018-06-06 00:00:00', NULL),
(270, 547, 1, 2, 1, 1, 1, '2018-06-06 00:00:00', '2018-06-06 00:00:00', NULL),
(271, 547, 1, 3, 1, 1, 1, '2018-06-06 00:00:00', '2018-06-06 00:00:00', NULL),
(272, 547, 1, 4, 1, 1, 1, '2018-06-06 00:00:00', '2018-06-06 00:00:00', NULL),
(273, 547, 1, 5, 1, 1, 1, '2018-06-06 00:00:00', '2018-06-06 00:00:00', NULL),
(274, 639, 28, 1, 1, 1, 1, '2018-06-03 00:00:00', '2018-06-03 00:00:00', NULL),
(275, 639, 28, 2, 1, 1, 1, '2018-06-03 00:00:00', '2018-06-03 00:00:00', NULL),
(276, 639, 28, 3, 1, 1, 1, '2018-06-03 00:00:00', '2018-06-03 00:00:00', NULL),
(277, 639, 28, 4, 1, 1, 1, '2018-06-03 00:00:00', '2018-06-03 00:00:00', NULL),
(278, 639, 28, 5, 1, 1, 1, '2018-06-03 00:00:00', '2018-06-03 00:00:00', NULL),
(279, 495, 23, 1, 1, 1, 1, '2018-06-03 00:00:00', '2018-06-03 00:00:00', NULL),
(280, 495, 23, 2, 1, 1, 1, '2018-06-03 00:00:00', '2018-06-03 00:00:00', NULL),
(281, 495, 23, 3, 1, 1, 1, '2018-06-03 00:00:00', '2018-06-03 00:00:00', NULL),
(282, 95, 25, 1, 1, 1, 1, '2018-06-03 00:00:00', '2018-06-03 00:00:00', NULL),
(283, 95, 25, 2, 1, 1, 1, '2018-06-03 00:00:00', '2018-06-03 00:00:00', NULL),
(284, 716, 28, 1, 1, 1, 1, '2018-06-07 00:00:00', '2018-06-07 00:00:00', NULL),
(285, 716, 28, 2, 1, 1, 1, '2018-06-07 00:00:00', '2018-06-07 00:00:00', NULL),
(286, 220, 27, 1, 1, 1, 1, '2018-06-06 00:00:00', '2018-06-06 00:00:00', NULL),
(287, 503, 30, 1, 1, 1, 1, '2018-06-05 00:00:00', '2018-06-05 00:00:00', NULL),
(288, 503, 30, 2, 1, 1, 1, '2018-06-05 00:00:00', '2018-06-05 00:00:00', NULL),
(289, 503, 30, 3, 1, 1, 1, '2018-06-05 00:00:00', '2018-06-05 00:00:00', NULL),
(290, 503, 30, 4, 1, 1, 1, '2018-06-05 00:00:00', '2018-06-05 00:00:00', NULL),
(291, 503, 30, 5, 1, 1, 1, '2018-06-05 00:00:00', '2018-06-05 00:00:00', NULL),
(292, 503, 30, 6, 1, 1, 1, '2018-06-05 00:00:00', '2018-06-05 00:00:00', NULL),
(293, 503, 30, 7, 1, 1, 1, '2018-06-05 00:00:00', '2018-06-05 00:00:00', NULL),
(294, 162, 22, 1, 1, 1, 1, '2018-06-06 00:00:00', '2018-06-06 00:00:00', NULL),
(295, 162, 22, 2, 1, 1, 1, '2018-06-06 00:00:00', '2018-06-06 00:00:00', NULL),
(296, 162, 22, 3, 1, 1, 1, '2018-06-06 00:00:00', '2018-06-06 00:00:00', NULL),
(297, 162, 22, 4, 1, 1, 1, '2018-06-06 00:00:00', '2018-06-06 00:00:00', NULL),
(298, 162, 22, 5, 1, 1, 1, '2018-06-06 00:00:00', '2018-06-06 00:00:00', NULL),
(299, 162, 22, 6, 1, 1, 1, '2018-06-06 00:00:00', '2018-06-06 00:00:00', NULL),
(300, 162, 22, 7, 1, 1, 1, '2018-06-06 00:00:00', '2018-06-06 00:00:00', NULL),
(301, 162, 22, 8, 1, 1, 1, '2018-06-06 00:00:00', '2018-06-06 00:00:00', NULL),
(302, 263, 29, 1, 1, 1, 1, '2018-05-31 00:00:00', '2018-05-31 00:00:00', NULL),
(303, 263, 29, 2, 1, 1, 1, '2018-05-31 00:00:00', '2018-05-31 00:00:00', NULL),
(304, 263, 29, 3, 1, 1, 1, '2018-05-31 00:00:00', '2018-05-31 00:00:00', NULL),
(305, 263, 29, 4, 1, 1, 1, '2018-05-31 00:00:00', '2018-05-31 00:00:00', NULL),
(306, 127, 24, 1, 1, 1, 1, '2018-06-05 00:00:00', '2018-06-05 00:00:00', NULL),
(307, 127, 24, 2, 1, 1, 1, '2018-06-05 00:00:00', '2018-06-05 00:00:00', NULL),
(308, 658, 29, 1, 1, 1, 1, '2018-05-31 00:00:00', '2018-05-31 00:00:00', NULL),
(309, 658, 29, 2, 1, 1, 1, '2018-05-31 00:00:00', '2018-05-31 00:00:00', NULL),
(310, 658, 29, 3, 1, 1, 1, '2018-05-31 00:00:00', '2018-05-31 00:00:00', NULL),
(311, 658, 29, 4, 1, 1, 1, '2018-05-31 00:00:00', '2018-05-31 00:00:00', NULL),
(312, 658, 29, 5, 1, 1, 1, '2018-05-31 00:00:00', '2018-05-31 00:00:00', NULL),
(313, 658, 29, 6, 1, 1, 1, '2018-05-31 00:00:00', '2018-05-31 00:00:00', NULL),
(314, 658, 29, 7, 1, 1, 1, '2018-05-31 00:00:00', '2018-05-31 00:00:00', NULL),
(315, 658, 29, 8, 1, 1, 1, '2018-05-31 00:00:00', '2018-05-31 00:00:00', NULL),
(316, 419, 1, 1, 1, 1, 1, '2018-06-05 00:00:00', '2018-06-05 00:00:00', NULL),
(317, 419, 1, 2, 1, 1, 1, '2018-06-05 00:00:00', '2018-06-05 00:00:00', NULL),
(318, 419, 1, 3, 1, 1, 1, '2018-06-05 00:00:00', '2018-06-05 00:00:00', NULL),
(319, 419, 1, 4, 1, 1, 1, '2018-06-05 00:00:00', '2018-06-05 00:00:00', NULL),
(320, 22, 23, 1, 1, 1, 1, '2018-06-04 00:00:00', '2018-06-04 00:00:00', NULL),
(321, 22, 23, 2, 1, 1, 1, '2018-06-04 00:00:00', '2018-06-04 00:00:00', NULL),
(322, 609, 29, 1, 1, 1, 1, '2018-06-05 00:00:00', '2018-06-05 00:00:00', NULL),
(323, 609, 29, 2, 1, 1, 1, '2018-06-05 00:00:00', '2018-06-05 00:00:00', NULL),
(324, 609, 29, 3, 1, 1, 1, '2018-06-05 00:00:00', '2018-06-05 00:00:00', NULL),
(325, 609, 29, 4, 1, 1, 1, '2018-06-05 00:00:00', '2018-06-05 00:00:00', NULL),
(326, 110, 25, 1, 1, 1, 1, '2018-06-06 00:00:00', '2018-06-06 00:00:00', NULL),
(327, 110, 25, 2, 1, 1, 1, '2018-06-06 00:00:00', '2018-06-06 00:00:00', NULL),
(328, 110, 25, 3, 1, 1, 1, '2018-06-06 00:00:00', '2018-06-06 00:00:00', NULL),
(329, 110, 25, 4, 1, 1, 1, '2018-06-06 00:00:00', '2018-06-06 00:00:00', NULL),
(330, 110, 25, 5, 1, 1, 1, '2018-06-06 00:00:00', '2018-06-06 00:00:00', NULL),
(331, 612, 29, 1, 1, 1, 1, '2018-05-31 00:00:00', '2018-05-31 00:00:00', NULL),
(332, 612, 29, 2, 1, 1, 1, '2018-05-31 00:00:00', '2018-05-31 00:00:00', NULL),
(333, 515, 30, 1, 1, 1, 1, '2018-06-05 00:00:00', '2018-06-05 00:00:00', NULL),
(334, 515, 30, 2, 1, 1, 1, '2018-06-05 00:00:00', '2018-06-05 00:00:00', NULL),
(335, 515, 30, 3, 1, 1, 1, '2018-06-05 00:00:00', '2018-06-05 00:00:00', NULL),
(336, 515, 30, 4, 1, 1, 1, '2018-06-05 00:00:00', '2018-06-05 00:00:00', NULL),
(337, 515, 30, 5, 1, 1, 1, '2018-06-05 00:00:00', '2018-06-05 00:00:00', NULL),
(338, 515, 30, 6, 1, 1, 1, '2018-06-05 00:00:00', '2018-06-05 00:00:00', NULL),
(339, 515, 30, 7, 1, 1, 1, '2018-06-05 00:00:00', '2018-06-05 00:00:00', NULL),
(340, 69, 23, 1, 1, 1, 1, '2018-06-02 00:00:00', '2018-06-02 00:00:00', NULL),
(341, 69, 23, 2, 1, 1, 1, '2018-06-02 00:00:00', '2018-06-02 00:00:00', NULL),
(342, 69, 23, 3, 1, 1, 1, '2018-06-02 00:00:00', '2018-06-02 00:00:00', NULL),
(343, 69, 23, 4, 1, 1, 1, '2018-06-02 00:00:00', '2018-06-02 00:00:00', NULL),
(344, 172, 30, 1, 1, 1, 1, '2018-06-02 00:00:00', '2018-06-02 00:00:00', NULL),
(345, 172, 30, 2, 1, 1, 1, '2018-06-02 00:00:00', '2018-06-02 00:00:00', NULL),
(346, 153, 24, 1, 1, 1, 1, '2018-06-03 00:00:00', '2018-06-03 00:00:00', NULL),
(347, 153, 24, 2, 1, 1, 1, '2018-06-03 00:00:00', '2018-06-03 00:00:00', NULL),
(348, 153, 24, 3, 1, 1, 1, '2018-06-03 00:00:00', '2018-06-03 00:00:00', NULL),
(349, 153, 24, 4, 1, 1, 1, '2018-06-03 00:00:00', '2018-06-03 00:00:00', NULL),
(350, 153, 24, 5, 1, 1, 1, '2018-06-03 00:00:00', '2018-06-03 00:00:00', NULL),
(351, 686, 29, 1, 1, 1, 1, '2018-06-04 00:00:00', '2018-06-04 00:00:00', NULL),
(352, 686, 29, 2, 1, 1, 1, '2018-06-04 00:00:00', '2018-06-04 00:00:00', NULL),
(353, 9, 31, 1, 1, 1, 1, '2018-06-07 00:00:00', '2018-06-07 00:00:00', NULL),
(354, 9, 31, 2, 1, 1, 1, '2018-06-07 00:00:00', '2018-06-07 00:00:00', NULL),
(355, 9, 31, 3, 1, 1, 1, '2018-06-07 00:00:00', '2018-06-07 00:00:00', NULL),
(356, 9, 31, 4, 1, 1, 1, '2018-06-07 00:00:00', '2018-06-07 00:00:00', NULL),
(357, 129, 1, 1, 1, 1, 1, '2018-06-02 00:00:00', '2018-06-02 00:00:00', NULL),
(358, 129, 1, 2, 1, 1, 1, '2018-06-02 00:00:00', '2018-06-02 00:00:00', NULL),
(359, 129, 1, 3, 1, 1, 1, '2018-06-02 00:00:00', '2018-06-02 00:00:00', NULL),
(360, 129, 1, 4, 1, 1, 1, '2018-06-02 00:00:00', '2018-06-02 00:00:00', NULL),
(361, 129, 1, 5, 1, 1, 1, '2018-06-02 00:00:00', '2018-06-02 00:00:00', NULL),
(362, 129, 1, 6, 1, 1, 1, '2018-06-02 00:00:00', '2018-06-02 00:00:00', NULL),
(363, 338, 24, 1, 1, 1, 1, '2018-06-05 00:00:00', '2018-06-05 00:00:00', NULL),
(364, 338, 24, 2, 1, 1, 1, '2018-06-05 00:00:00', '2018-06-05 00:00:00', NULL),
(365, 338, 24, 3, 1, 1, 1, '2018-06-05 00:00:00', '2018-06-05 00:00:00', NULL),
(366, 338, 24, 4, 1, 1, 1, '2018-06-05 00:00:00', '2018-06-05 00:00:00', NULL),
(367, 338, 24, 5, 1, 1, 1, '2018-06-05 00:00:00', '2018-06-05 00:00:00', NULL),
(368, 74, 24, 1, 1, 1, 1, '2018-06-04 00:00:00', '2018-06-04 00:00:00', NULL),
(369, 74, 24, 2, 1, 1, 1, '2018-06-04 00:00:00', '2018-06-04 00:00:00', NULL),
(370, 74, 24, 3, 1, 1, 1, '2018-06-04 00:00:00', '2018-06-04 00:00:00', NULL),
(371, 74, 24, 4, 1, 1, 1, '2018-06-04 00:00:00', '2018-06-04 00:00:00', NULL),
(372, 74, 24, 5, 1, 1, 1, '2018-06-04 00:00:00', '2018-06-04 00:00:00', NULL),
(373, 74, 24, 6, 1, 1, 1, '2018-06-04 00:00:00', '2018-06-04 00:00:00', NULL),
(374, 74, 24, 7, 1, 1, 1, '2018-06-04 00:00:00', '2018-06-04 00:00:00', NULL),
(375, 618, 23, 1, 1, 1, 1, '2018-06-02 00:00:00', '2018-06-02 00:00:00', NULL),
(376, 618, 23, 2, 1, 1, 1, '2018-06-02 00:00:00', '2018-06-02 00:00:00', NULL),
(377, 618, 23, 3, 1, 1, 1, '2018-06-02 00:00:00', '2018-06-02 00:00:00', NULL),
(378, 618, 23, 4, 1, 1, 1, '2018-06-02 00:00:00', '2018-06-02 00:00:00', NULL),
(379, 618, 23, 5, 1, 1, 1, '2018-06-02 00:00:00', '2018-06-02 00:00:00', NULL),
(380, 618, 23, 6, 1, 1, 1, '2018-06-02 00:00:00', '2018-06-02 00:00:00', NULL),
(381, 46, 28, 1, 1, 1, 1, '2018-05-31 00:00:00', '2018-05-31 00:00:00', NULL),
(382, 46, 28, 2, 1, 1, 1, '2018-05-31 00:00:00', '2018-05-31 00:00:00', NULL),
(383, 67, 22, 1, 1, 1, 1, '2018-06-06 00:00:00', '2018-06-06 00:00:00', NULL),
(384, 67, 22, 2, 1, 1, 1, '2018-06-06 00:00:00', '2018-06-06 00:00:00', NULL),
(385, 67, 22, 3, 1, 1, 1, '2018-06-06 00:00:00', '2018-06-06 00:00:00', NULL),
(386, 67, 22, 4, 1, 1, 1, '2018-06-06 00:00:00', '2018-06-06 00:00:00', NULL),
(387, 67, 22, 5, 1, 1, 1, '2018-06-06 00:00:00', '2018-06-06 00:00:00', NULL),
(388, 67, 22, 6, 1, 1, 1, '2018-06-06 00:00:00', '2018-06-06 00:00:00', NULL),
(389, 149, 28, 1, 1, 1, 1, '2018-06-07 00:00:00', '2018-06-07 00:00:00', NULL),
(390, 149, 28, 2, 1, 1, 1, '2018-06-07 00:00:00', '2018-06-07 00:00:00', NULL),
(391, 149, 28, 3, 1, 1, 1, '2018-06-07 00:00:00', '2018-06-07 00:00:00', NULL),
(392, 149, 28, 4, 1, 1, 1, '2018-06-07 00:00:00', '2018-06-07 00:00:00', NULL),
(393, 149, 28, 5, 1, 1, 1, '2018-06-07 00:00:00', '2018-06-07 00:00:00', NULL),
(394, 149, 28, 6, 1, 1, 1, '2018-06-07 00:00:00', '2018-06-07 00:00:00', NULL),
(395, 149, 28, 7, 1, 1, 1, '2018-06-07 00:00:00', '2018-06-07 00:00:00', NULL),
(396, 479, 25, 1, 1, 1, 1, '2018-06-03 00:00:00', '2018-06-03 00:00:00', NULL),
(397, 479, 25, 2, 1, 1, 1, '2018-06-03 00:00:00', '2018-06-03 00:00:00', NULL),
(398, 479, 25, 3, 1, 1, 1, '2018-06-03 00:00:00', '2018-06-03 00:00:00', NULL),
(399, 479, 25, 4, 1, 1, 1, '2018-06-03 00:00:00', '2018-06-03 00:00:00', NULL),
(400, 479, 25, 5, 1, 1, 1, '2018-06-03 00:00:00', '2018-06-03 00:00:00', NULL),
(401, 274, 30, 1, 1, 1, 1, '2018-06-02 00:00:00', '2018-06-02 00:00:00', NULL),
(402, 274, 30, 2, 1, 1, 1, '2018-06-02 00:00:00', '2018-06-02 00:00:00', NULL),
(403, 274, 30, 3, 1, 1, 1, '2018-06-02 00:00:00', '2018-06-02 00:00:00', NULL),
(404, 274, 30, 4, 1, 1, 1, '2018-06-02 00:00:00', '2018-06-02 00:00:00', NULL),
(405, 274, 30, 5, 1, 1, 1, '2018-06-02 00:00:00', '2018-06-02 00:00:00', NULL),
(406, 274, 30, 6, 1, 1, 1, '2018-06-02 00:00:00', '2018-06-02 00:00:00', NULL),
(407, 274, 30, 7, 1, 1, 1, '2018-06-02 00:00:00', '2018-06-02 00:00:00', NULL),
(408, 274, 30, 8, 1, 1, 1, '2018-06-02 00:00:00', '2018-06-02 00:00:00', NULL),
(409, 339, 28, 1, 1, 1, 1, '2018-06-04 00:00:00', '2018-06-04 00:00:00', NULL),
(410, 339, 28, 2, 1, 1, 1, '2018-06-04 00:00:00', '2018-06-04 00:00:00', NULL),
(411, 339, 28, 3, 1, 1, 1, '2018-06-04 00:00:00', '2018-06-04 00:00:00', NULL),
(412, 339, 28, 4, 1, 1, 1, '2018-06-04 00:00:00', '2018-06-04 00:00:00', NULL),
(413, 339, 28, 5, 1, 1, 1, '2018-06-04 00:00:00', '2018-06-04 00:00:00', NULL),
(414, 339, 28, 6, 1, 1, 1, '2018-06-04 00:00:00', '2018-06-04 00:00:00', NULL),
(415, 339, 28, 7, 1, 1, 1, '2018-06-04 00:00:00', '2018-06-04 00:00:00', NULL),
(416, 339, 28, 8, 1, 1, 1, '2018-06-04 00:00:00', '2018-06-04 00:00:00', NULL),
(417, 207, 28, 1, 1, 1, 1, '2018-06-02 00:00:00', '2018-06-02 00:00:00', NULL),
(418, 207, 28, 2, 1, 1, 1, '2018-06-02 00:00:00', '2018-06-02 00:00:00', NULL),
(419, 207, 28, 3, 1, 1, 1, '2018-06-02 00:00:00', '2018-06-02 00:00:00', NULL),
(420, 207, 28, 4, 1, 1, 1, '2018-06-02 00:00:00', '2018-06-02 00:00:00', NULL),
(421, 207, 28, 5, 1, 1, 1, '2018-06-02 00:00:00', '2018-06-02 00:00:00', NULL),
(422, 207, 28, 6, 1, 1, 1, '2018-06-02 00:00:00', '2018-06-02 00:00:00', NULL),
(423, 207, 28, 7, 1, 1, 1, '2018-06-02 00:00:00', '2018-06-02 00:00:00', NULL),
(424, 276, 22, 1, 1, 1, 1, '2018-06-05 00:00:00', '2018-06-05 00:00:00', NULL),
(425, 276, 22, 2, 1, 1, 1, '2018-06-05 00:00:00', '2018-06-05 00:00:00', NULL),
(426, 276, 22, 3, 1, 1, 1, '2018-06-05 00:00:00', '2018-06-05 00:00:00', NULL),
(427, 276, 22, 4, 1, 1, 1, '2018-06-05 00:00:00', '2018-06-05 00:00:00', NULL),
(428, 481, 30, 1, 1, 1, 1, '2018-06-05 00:00:00', '2018-06-05 00:00:00', NULL),
(429, 481, 30, 2, 1, 1, 1, '2018-06-05 00:00:00', '2018-06-05 00:00:00', NULL),
(430, 481, 30, 3, 1, 1, 1, '2018-06-05 00:00:00', '2018-06-05 00:00:00', NULL),
(431, 481, 30, 4, 1, 1, 1, '2018-06-05 00:00:00', '2018-06-05 00:00:00', NULL),
(432, 481, 30, 5, 1, 1, 1, '2018-06-05 00:00:00', '2018-06-05 00:00:00', NULL),
(433, 481, 30, 6, 1, 1, 1, '2018-06-05 00:00:00', '2018-06-05 00:00:00', NULL),
(434, 481, 30, 7, 1, 1, 1, '2018-06-05 00:00:00', '2018-06-05 00:00:00', NULL),
(435, 481, 30, 8, 1, 1, 1, '2018-06-05 00:00:00', '2018-06-05 00:00:00', NULL),
(436, 374, 25, 1, 1, 1, 1, '2018-06-06 00:00:00', '2018-06-06 00:00:00', NULL),
(437, 374, 25, 2, 1, 1, 1, '2018-06-06 00:00:00', '2018-06-06 00:00:00', NULL),
(438, 374, 25, 3, 1, 1, 1, '2018-06-06 00:00:00', '2018-06-06 00:00:00', NULL),
(439, 374, 25, 4, 1, 1, 1, '2018-06-06 00:00:00', '2018-06-06 00:00:00', NULL),
(440, 374, 25, 5, 1, 1, 1, '2018-06-06 00:00:00', '2018-06-06 00:00:00', NULL),
(441, 324, 1, 1, 1, 1, 1, '2018-06-04 00:00:00', '2018-06-04 00:00:00', NULL),
(442, 324, 1, 2, 1, 1, 1, '2018-06-04 00:00:00', '2018-06-04 00:00:00', NULL),
(443, 532, 24, 1, 1, 1, 1, '2018-06-01 00:00:00', '2018-06-01 00:00:00', NULL),
(444, 532, 24, 2, 1, 1, 1, '2018-06-01 00:00:00', '2018-06-01 00:00:00', NULL),
(445, 532, 24, 3, 1, 1, 1, '2018-06-01 00:00:00', '2018-06-01 00:00:00', NULL),
(446, 532, 24, 4, 1, 1, 1, '2018-06-01 00:00:00', '2018-06-01 00:00:00', NULL),
(447, 532, 24, 5, 1, 1, 1, '2018-06-01 00:00:00', '2018-06-01 00:00:00', NULL),
(448, 532, 24, 6, 1, 1, 1, '2018-06-01 00:00:00', '2018-06-01 00:00:00', NULL),
(449, 532, 24, 7, 1, 1, 1, '2018-06-01 00:00:00', '2018-06-01 00:00:00', NULL),
(450, 685, 26, 1, 1, 1, 1, '2018-06-03 00:00:00', '2018-06-03 00:00:00', NULL),
(451, 685, 26, 2, 1, 1, 1, '2018-06-03 00:00:00', '2018-06-03 00:00:00', NULL),
(452, 685, 26, 3, 1, 1, 1, '2018-06-03 00:00:00', '2018-06-03 00:00:00', NULL),
(453, 685, 26, 4, 1, 1, 1, '2018-06-03 00:00:00', '2018-06-03 00:00:00', NULL),
(454, 685, 26, 5, 1, 1, 1, '2018-06-03 00:00:00', '2018-06-03 00:00:00', NULL),
(455, 761, 30, 1, 1, 1, 1, '2018-06-04 00:00:00', '2018-06-04 00:00:00', NULL),
(456, 761, 30, 2, 1, 1, 1, '2018-06-04 00:00:00', '2018-06-04 00:00:00', NULL),
(457, 761, 30, 3, 1, 1, 1, '2018-06-04 00:00:00', '2018-06-04 00:00:00', NULL),
(458, 761, 30, 4, 1, 1, 1, '2018-06-04 00:00:00', '2018-06-04 00:00:00', NULL),
(459, 761, 30, 5, 1, 1, 1, '2018-06-04 00:00:00', '2018-06-04 00:00:00', NULL),
(460, 761, 30, 6, 1, 1, 1, '2018-06-04 00:00:00', '2018-06-04 00:00:00', NULL),
(461, 284, 26, 1, 1, 1, 1, '2018-06-02 00:00:00', '2018-06-02 00:00:00', NULL),
(462, 284, 26, 2, 1, 1, 1, '2018-06-02 00:00:00', '2018-06-02 00:00:00', NULL),
(463, 284, 26, 3, 1, 1, 1, '2018-06-02 00:00:00', '2018-06-02 00:00:00', NULL),
(464, 284, 26, 4, 1, 1, 1, '2018-06-02 00:00:00', '2018-06-02 00:00:00', NULL),
(465, 284, 26, 5, 1, 1, 1, '2018-06-02 00:00:00', '2018-06-02 00:00:00', NULL),
(466, 284, 26, 6, 1, 1, 1, '2018-06-02 00:00:00', '2018-06-02 00:00:00', NULL),
(467, 284, 26, 7, 1, 1, 1, '2018-06-02 00:00:00', '2018-06-02 00:00:00', NULL),
(468, 284, 26, 8, 1, 1, 1, '2018-06-02 00:00:00', '2018-06-02 00:00:00', NULL),
(469, 428, 26, 1, 1, 1, 1, '2018-06-03 00:00:00', '2018-06-03 00:00:00', NULL),
(470, 428, 26, 2, 1, 1, 1, '2018-06-03 00:00:00', '2018-06-03 00:00:00', NULL),
(471, 428, 26, 3, 1, 1, 1, '2018-06-03 00:00:00', '2018-06-03 00:00:00', NULL),
(472, 428, 26, 4, 1, 1, 1, '2018-06-03 00:00:00', '2018-06-03 00:00:00', NULL),
(473, 428, 26, 5, 1, 1, 1, '2018-06-03 00:00:00', '2018-06-03 00:00:00', NULL),
(474, 428, 26, 6, 1, 1, 1, '2018-06-03 00:00:00', '2018-06-03 00:00:00', NULL),
(475, 602, 31, 1, 1, 1, 1, '2018-06-06 00:00:00', '2018-06-06 00:00:00', NULL),
(476, 28, 27, 1, 1, 1, 1, '2018-06-06 00:00:00', '2018-06-06 00:00:00', NULL),
(477, 28, 27, 2, 1, 1, 1, '2018-06-06 00:00:00', '2018-06-06 00:00:00', NULL),
(478, 28, 27, 3, 1, 1, 1, '2018-06-06 00:00:00', '2018-06-06 00:00:00', NULL),
(479, 28, 27, 4, 1, 1, 1, '2018-06-06 00:00:00', '2018-06-06 00:00:00', NULL),
(480, 28, 27, 5, 1, 1, 1, '2018-06-06 00:00:00', '2018-06-06 00:00:00', NULL),
(481, 28, 27, 6, 1, 1, 1, '2018-06-06 00:00:00', '2018-06-06 00:00:00', NULL),
(482, 700, 26, 1, 1, 1, 1, '2018-06-06 00:00:00', '2018-06-06 00:00:00', NULL),
(483, 700, 26, 2, 1, 1, 1, '2018-06-06 00:00:00', '2018-06-06 00:00:00', NULL),
(484, 700, 26, 3, 1, 1, 1, '2018-06-06 00:00:00', '2018-06-06 00:00:00', NULL),
(485, 700, 26, 4, 1, 1, 1, '2018-06-06 00:00:00', '2018-06-06 00:00:00', NULL),
(486, 700, 26, 5, 1, 1, 1, '2018-06-06 00:00:00', '2018-06-06 00:00:00', NULL),
(487, 700, 26, 6, 1, 1, 1, '2018-06-06 00:00:00', '2018-06-06 00:00:00', NULL),
(488, 700, 26, 7, 1, 1, 1, '2018-06-06 00:00:00', '2018-06-06 00:00:00', NULL),
(489, 53, 27, 1, 1, 1, 1, '2018-06-03 00:00:00', '2018-06-03 00:00:00', NULL),
(490, 53, 27, 2, 1, 1, 1, '2018-06-03 00:00:00', '2018-06-03 00:00:00', NULL),
(491, 53, 27, 3, 1, 1, 1, '2018-06-03 00:00:00', '2018-06-03 00:00:00', NULL),
(492, 340, 22, 1, 1, 1, 1, '2018-06-05 00:00:00', '2018-06-05 00:00:00', NULL),
(493, 340, 22, 2, 1, 1, 1, '2018-06-05 00:00:00', '2018-06-05 00:00:00', NULL),
(494, 340, 22, 3, 1, 1, 1, '2018-06-05 00:00:00', '2018-06-05 00:00:00', NULL),
(495, 340, 22, 4, 1, 1, 1, '2018-06-05 00:00:00', '2018-06-05 00:00:00', NULL),
(496, 340, 22, 5, 1, 1, 1, '2018-06-05 00:00:00', '2018-06-05 00:00:00', NULL),
(497, 340, 22, 6, 1, 1, 1, '2018-06-05 00:00:00', '2018-06-05 00:00:00', NULL),
(498, 610, 25, 1, 1, 1, 1, '2018-06-02 00:00:00', '2018-06-02 00:00:00', NULL),
(499, 213, 27, 1, 1, 1, 1, '2018-06-03 00:00:00', '2018-06-03 00:00:00', NULL),
(500, 767, 24, 1, 1, 1, 1, '2018-06-03 00:00:00', '2018-06-03 00:00:00', NULL),
(501, 767, 24, 2, 1, 1, 1, '2018-06-03 00:00:00', '2018-06-03 00:00:00', NULL),
(502, 767, 24, 3, 1, 1, 1, '2018-06-03 00:00:00', '2018-06-03 00:00:00', NULL),
(503, 343, 26, 1, 1, 1, 1, '2018-05-31 00:00:00', '2018-05-31 00:00:00', NULL),
(504, 343, 26, 2, 1, 1, 1, '2018-05-31 00:00:00', '2018-05-31 00:00:00', NULL),
(505, 343, 26, 3, 1, 1, 1, '2018-05-31 00:00:00', '2018-05-31 00:00:00', NULL),
(506, 343, 26, 4, 1, 1, 1, '2018-05-31 00:00:00', '2018-05-31 00:00:00', NULL),
(507, 343, 26, 5, 1, 1, 1, '2018-05-31 00:00:00', '2018-05-31 00:00:00', NULL),
(508, 343, 26, 6, 1, 1, 1, '2018-05-31 00:00:00', '2018-05-31 00:00:00', NULL),
(509, 343, 26, 7, 1, 1, 1, '2018-05-31 00:00:00', '2018-05-31 00:00:00', NULL),
(510, 343, 26, 8, 1, 1, 1, '2018-05-31 00:00:00', '2018-05-31 00:00:00', NULL),
(511, 414, 26, 1, 1, 1, 1, '2018-06-03 00:00:00', '2018-06-03 00:00:00', NULL),
(512, 414, 26, 2, 1, 1, 1, '2018-06-03 00:00:00', '2018-06-03 00:00:00', NULL),
(513, 414, 26, 3, 1, 1, 1, '2018-06-03 00:00:00', '2018-06-03 00:00:00', NULL),
(514, 414, 26, 4, 1, 1, 1, '2018-06-03 00:00:00', '2018-06-03 00:00:00', NULL),
(515, 414, 26, 5, 1, 1, 1, '2018-06-03 00:00:00', '2018-06-03 00:00:00', NULL),
(516, 120, 31, 1, 1, 1, 1, '2018-06-03 00:00:00', '2018-06-03 00:00:00', NULL),
(517, 120, 31, 2, 1, 1, 1, '2018-06-03 00:00:00', '2018-06-03 00:00:00', NULL),
(518, 120, 31, 3, 1, 1, 1, '2018-06-03 00:00:00', '2018-06-03 00:00:00', NULL),
(519, 120, 31, 4, 1, 1, 1, '2018-06-03 00:00:00', '2018-06-03 00:00:00', NULL),
(520, 120, 31, 5, 1, 1, 1, '2018-06-03 00:00:00', '2018-06-03 00:00:00', NULL),
(521, 120, 31, 6, 1, 1, 1, '2018-06-03 00:00:00', '2018-06-03 00:00:00', NULL),
(522, 120, 31, 7, 1, 1, 1, '2018-06-03 00:00:00', '2018-06-03 00:00:00', NULL),
(523, 236, 22, 1, 1, 1, 1, '2018-06-05 00:00:00', '2018-06-05 00:00:00', NULL),
(524, 236, 22, 2, 1, 1, 1, '2018-06-05 00:00:00', '2018-06-05 00:00:00', NULL),
(525, 236, 22, 3, 1, 1, 1, '2018-06-05 00:00:00', '2018-06-05 00:00:00', NULL),
(526, 236, 22, 4, 1, 1, 1, '2018-06-05 00:00:00', '2018-06-05 00:00:00', NULL),
(527, 236, 22, 5, 1, 1, 1, '2018-06-05 00:00:00', '2018-06-05 00:00:00', NULL),
(528, 236, 22, 6, 1, 1, 1, '2018-06-05 00:00:00', '2018-06-05 00:00:00', NULL),
(529, 674, 23, 1, 1, 1, 1, '2018-06-02 00:00:00', '2018-06-02 00:00:00', NULL),
(530, 441, 25, 1, 1, 1, 1, '2018-06-06 00:00:00', '2018-06-06 00:00:00', NULL),
(531, 441, 25, 2, 1, 1, 1, '2018-06-06 00:00:00', '2018-06-06 00:00:00', NULL),
(532, 441, 25, 3, 1, 1, 1, '2018-06-06 00:00:00', '2018-06-06 00:00:00', NULL),
(533, 441, 25, 4, 1, 1, 1, '2018-06-06 00:00:00', '2018-06-06 00:00:00', NULL),
(534, 372, 27, 1, 1, 1, 1, '2018-06-06 00:00:00', '2018-06-06 00:00:00', NULL),
(535, 372, 27, 2, 1, 1, 1, '2018-06-06 00:00:00', '2018-06-06 00:00:00', NULL),
(536, 372, 27, 3, 1, 1, 1, '2018-06-06 00:00:00', '2018-06-06 00:00:00', NULL),
(537, 372, 27, 4, 1, 1, 1, '2018-06-06 00:00:00', '2018-06-06 00:00:00', NULL),
(538, 372, 27, 5, 1, 1, 1, '2018-06-06 00:00:00', '2018-06-06 00:00:00', NULL),
(539, 372, 27, 6, 1, 1, 1, '2018-06-06 00:00:00', '2018-06-06 00:00:00', NULL),
(540, 372, 27, 7, 1, 1, 1, '2018-06-06 00:00:00', '2018-06-06 00:00:00', NULL),
(541, 372, 27, 8, 1, 1, 1, '2018-06-06 00:00:00', '2018-06-06 00:00:00', NULL),
(542, 264, 27, 1, 1, 1, 1, '2018-06-06 00:00:00', '2018-06-06 00:00:00', NULL),
(543, 264, 27, 2, 1, 1, 1, '2018-06-06 00:00:00', '2018-06-06 00:00:00', NULL),
(544, 264, 27, 3, 1, 1, 1, '2018-06-06 00:00:00', '2018-06-06 00:00:00', NULL),
(545, 264, 27, 4, 1, 1, 1, '2018-06-06 00:00:00', '2018-06-06 00:00:00', NULL),
(546, 264, 27, 5, 1, 1, 1, '2018-06-06 00:00:00', '2018-06-06 00:00:00', NULL),
(547, 264, 27, 6, 1, 1, 1, '2018-06-06 00:00:00', '2018-06-06 00:00:00', NULL),
(548, 264, 27, 7, 1, 1, 1, '2018-06-06 00:00:00', '2018-06-06 00:00:00', NULL),
(549, 264, 27, 8, 1, 1, 1, '2018-06-06 00:00:00', '2018-06-06 00:00:00', NULL),
(550, 216, 24, 1, 1, 1, 1, '2018-06-05 00:00:00', '2018-06-05 00:00:00', NULL),
(551, 216, 24, 2, 1, 1, 1, '2018-06-05 00:00:00', '2018-06-05 00:00:00', NULL),
(552, 216, 24, 3, 1, 1, 1, '2018-06-05 00:00:00', '2018-06-05 00:00:00', NULL),
(553, 216, 24, 4, 1, 1, 1, '2018-06-05 00:00:00', '2018-06-05 00:00:00', NULL),
(554, 216, 24, 5, 1, 1, 1, '2018-06-05 00:00:00', '2018-06-05 00:00:00', NULL),
(555, 216, 24, 6, 1, 1, 1, '2018-06-05 00:00:00', '2018-06-05 00:00:00', NULL),
(556, 216, 24, 7, 1, 1, 1, '2018-06-05 00:00:00', '2018-06-05 00:00:00', NULL),
(557, 3, 29, 1, 1, 1, 1, '2018-06-03 00:00:00', '2018-06-03 00:00:00', NULL),
(558, 3, 29, 2, 1, 1, 1, '2018-06-03 00:00:00', '2018-06-03 00:00:00', NULL),
(559, 3, 29, 3, 1, 1, 1, '2018-06-03 00:00:00', '2018-06-03 00:00:00', NULL),
(560, 3, 29, 4, 1, 1, 1, '2018-06-03 00:00:00', '2018-06-03 00:00:00', NULL),
(561, 3, 29, 5, 1, 1, 1, '2018-06-03 00:00:00', '2018-06-03 00:00:00', NULL),
(562, 3, 29, 6, 1, 1, 1, '2018-06-03 00:00:00', '2018-06-03 00:00:00', NULL),
(563, 3, 29, 7, 1, 1, 1, '2018-06-03 00:00:00', '2018-06-03 00:00:00', NULL),
(564, 3, 29, 8, 1, 1, 1, '2018-06-03 00:00:00', '2018-06-03 00:00:00', NULL),
(565, 452, 29, 1, 1, 1, 1, '2018-06-02 00:00:00', '2018-06-02 00:00:00', NULL),
(566, 452, 29, 2, 1, 1, 1, '2018-06-02 00:00:00', '2018-06-02 00:00:00', NULL),
(567, 452, 29, 3, 1, 1, 1, '2018-06-02 00:00:00', '2018-06-02 00:00:00', NULL),
(568, 116, 24, 1, 1, 1, 1, '2018-06-07 00:00:00', '2018-06-07 00:00:00', NULL),
(569, 116, 24, 2, 1, 1, 1, '2018-06-07 00:00:00', '2018-06-07 00:00:00', NULL),
(570, 119, 24, 1, 1, 1, 1, '2018-06-06 00:00:00', '2018-06-06 00:00:00', NULL),
(571, 119, 24, 2, 1, 1, 1, '2018-06-06 00:00:00', '2018-06-06 00:00:00', NULL),
(572, 119, 24, 3, 1, 1, 1, '2018-06-06 00:00:00', '2018-06-06 00:00:00', NULL),
(573, 119, 24, 4, 1, 1, 1, '2018-06-06 00:00:00', '2018-06-06 00:00:00', NULL),
(574, 119, 24, 5, 1, 1, 1, '2018-06-06 00:00:00', '2018-06-06 00:00:00', NULL),
(575, 498, 22, 1, 1, 1, 1, '2018-06-04 00:00:00', '2018-06-04 00:00:00', NULL),
(576, 498, 22, 2, 1, 1, 1, '2018-06-04 00:00:00', '2018-06-04 00:00:00', NULL),
(577, 533, 25, 1, 1, 1, 1, '2018-05-31 00:00:00', '2018-05-31 00:00:00', NULL),
(578, 533, 25, 2, 1, 1, 1, '2018-05-31 00:00:00', '2018-05-31 00:00:00', NULL),
(579, 90, 25, 1, 1, 1, 1, '2018-06-06 00:00:00', '2018-06-06 00:00:00', NULL),
(580, 61, 28, 1, 1, 1, 1, '2018-06-04 00:00:00', '2018-06-04 00:00:00', NULL),
(581, 61, 28, 2, 1, 1, 1, '2018-06-04 00:00:00', '2018-06-04 00:00:00', NULL),
(582, 61, 28, 3, 1, 1, 1, '2018-06-04 00:00:00', '2018-06-04 00:00:00', NULL),
(583, 61, 28, 4, 1, 1, 1, '2018-06-04 00:00:00', '2018-06-04 00:00:00', NULL),
(584, 61, 28, 5, 1, 1, 1, '2018-06-04 00:00:00', '2018-06-04 00:00:00', NULL),
(585, 61, 28, 6, 1, 1, 1, '2018-06-04 00:00:00', '2018-06-04 00:00:00', NULL),
(586, 61, 28, 7, 1, 1, 1, '2018-06-04 00:00:00', '2018-06-04 00:00:00', NULL),
(587, 164, 31, 1, 1, 1, 1, '2018-06-01 00:00:00', '2018-06-01 00:00:00', NULL),
(588, 21, 24, 1, 1, 1, 1, '2018-06-07 00:00:00', '2018-06-07 00:00:00', NULL),
(589, 21, 24, 2, 1, 1, 1, '2018-06-07 00:00:00', '2018-06-07 00:00:00', NULL),
(590, 21, 24, 3, 1, 1, 1, '2018-06-07 00:00:00', '2018-06-07 00:00:00', NULL),
(591, 21, 24, 4, 1, 1, 1, '2018-06-07 00:00:00', '2018-06-07 00:00:00', NULL),
(592, 21, 24, 5, 1, 1, 1, '2018-06-07 00:00:00', '2018-06-07 00:00:00', NULL),
(593, 21, 24, 6, 1, 1, 1, '2018-06-07 00:00:00', '2018-06-07 00:00:00', NULL),
(594, 21, 24, 7, 1, 1, 1, '2018-06-07 00:00:00', '2018-06-07 00:00:00', NULL),
(595, 298, 24, 1, 1, 1, 1, '2018-06-05 00:00:00', '2018-06-05 00:00:00', NULL),
(596, 298, 24, 2, 1, 1, 1, '2018-06-05 00:00:00', '2018-06-05 00:00:00', NULL),
(597, 151, 24, 1, 1, 1, 1, '2018-06-04 00:00:00', '2018-06-04 00:00:00', NULL),
(598, 151, 24, 2, 1, 1, 1, '2018-06-04 00:00:00', '2018-06-04 00:00:00', NULL),
(599, 312, 29, 1, 1, 1, 1, '2018-06-06 00:00:00', '2018-06-06 00:00:00', NULL),
(600, 312, 29, 2, 1, 1, 1, '2018-06-06 00:00:00', '2018-06-06 00:00:00', NULL),
(601, 312, 29, 3, 1, 1, 1, '2018-06-06 00:00:00', '2018-06-06 00:00:00', NULL),
(602, 312, 29, 4, 1, 1, 1, '2018-06-06 00:00:00', '2018-06-06 00:00:00', NULL),
(603, 312, 29, 5, 1, 1, 1, '2018-06-06 00:00:00', '2018-06-06 00:00:00', NULL),
(604, 312, 29, 6, 1, 1, 1, '2018-06-06 00:00:00', '2018-06-06 00:00:00', NULL),
(605, 352, 31, 1, 1, 1, 1, '2018-06-07 00:00:00', '2018-06-07 00:00:00', NULL),
(606, 271, 1, 1, 1, 1, 1, '2018-05-31 00:00:00', '2018-05-31 00:00:00', NULL),
(607, 271, 1, 2, 1, 1, 1, '2018-05-31 00:00:00', '2018-05-31 00:00:00', NULL),
(608, 271, 1, 3, 1, 1, 1, '2018-05-31 00:00:00', '2018-05-31 00:00:00', NULL),
(609, 271, 1, 4, 1, 1, 1, '2018-05-31 00:00:00', '2018-05-31 00:00:00', NULL),
(610, 271, 1, 5, 1, 1, 1, '2018-05-31 00:00:00', '2018-05-31 00:00:00', NULL),
(611, 758, 30, 1, 1, 1, 1, '2018-06-01 00:00:00', '2018-06-01 00:00:00', NULL),
(612, 758, 30, 2, 1, 1, 1, '2018-06-01 00:00:00', '2018-06-01 00:00:00', NULL),
(613, 758, 30, 3, 1, 1, 1, '2018-06-01 00:00:00', '2018-06-01 00:00:00', NULL),
(614, 758, 30, 4, 1, 1, 1, '2018-06-01 00:00:00', '2018-06-01 00:00:00', NULL),
(615, 4, 27, 1, 1, 1, 1, '2018-06-06 00:00:00', '2018-06-06 00:00:00', NULL),
(616, 507, 28, 1, 1, 1, 1, '2018-06-07 00:00:00', '2018-06-07 00:00:00', NULL),
(617, 507, 28, 2, 1, 1, 1, '2018-06-07 00:00:00', '2018-06-07 00:00:00', NULL),
(618, 507, 28, 3, 1, 1, 1, '2018-06-07 00:00:00', '2018-06-07 00:00:00', NULL),
(619, 507, 28, 4, 1, 1, 1, '2018-06-07 00:00:00', '2018-06-07 00:00:00', NULL),
(620, 507, 28, 5, 1, 1, 1, '2018-06-07 00:00:00', '2018-06-07 00:00:00', NULL),
(621, 773, 23, 1, 1, 1, 1, '2018-06-05 00:00:00', '2018-06-05 00:00:00', NULL),
(622, 773, 23, 2, 1, 1, 1, '2018-06-05 00:00:00', '2018-06-05 00:00:00', NULL),
(623, 773, 23, 3, 1, 1, 1, '2018-06-05 00:00:00', '2018-06-05 00:00:00', NULL),
(624, 773, 23, 4, 1, 1, 1, '2018-06-05 00:00:00', '2018-06-05 00:00:00', NULL),
(625, 773, 23, 5, 1, 1, 1, '2018-06-05 00:00:00', '2018-06-05 00:00:00', NULL),
(626, 773, 23, 6, 1, 1, 1, '2018-06-05 00:00:00', '2018-06-05 00:00:00', NULL),
(627, 608, 30, 1, 1, 1, 1, '2018-06-06 00:00:00', '2018-06-06 00:00:00', NULL),
(628, 608, 30, 2, 1, 1, 1, '2018-06-06 00:00:00', '2018-06-06 00:00:00', NULL),
(629, 608, 30, 3, 1, 1, 1, '2018-06-06 00:00:00', '2018-06-06 00:00:00', NULL),
(630, 345, 25, 1, 1, 1, 1, '2018-06-06 00:00:00', '2018-06-06 00:00:00', NULL),
(631, 345, 25, 2, 1, 1, 1, '2018-06-06 00:00:00', '2018-06-06 00:00:00', NULL),
(632, 345, 25, 3, 1, 1, 1, '2018-06-06 00:00:00', '2018-06-06 00:00:00', NULL),
(633, 345, 25, 4, 1, 1, 1, '2018-06-06 00:00:00', '2018-06-06 00:00:00', NULL),
(634, 345, 25, 5, 1, 1, 1, '2018-06-06 00:00:00', '2018-06-06 00:00:00', NULL),
(635, 345, 25, 6, 1, 1, 1, '2018-06-06 00:00:00', '2018-06-06 00:00:00', NULL),
(636, 345, 25, 7, 1, 1, 1, '2018-06-06 00:00:00', '2018-06-06 00:00:00', NULL),
(637, 336, 30, 1, 1, 1, 1, '2018-06-03 00:00:00', '2018-06-03 00:00:00', NULL),
(638, 336, 30, 2, 1, 1, 1, '2018-06-03 00:00:00', '2018-06-03 00:00:00', NULL),
(639, 336, 30, 3, 1, 1, 1, '2018-06-03 00:00:00', '2018-06-03 00:00:00', NULL),
(640, 208, 29, 1, 1, 1, 1, '2018-06-02 00:00:00', '2018-06-02 00:00:00', NULL),
(641, 208, 29, 2, 1, 1, 1, '2018-06-02 00:00:00', '2018-06-02 00:00:00', NULL);
INSERT INTO `call_history` (`id`, `contact_id`, `user_id`, `level_id`, `call_quality_level_id`, `status_service_id`, `status_call_id`, `created_at`, `updated_at`, `deleted_at`) VALUES
(642, 208, 29, 3, 1, 1, 1, '2018-06-02 00:00:00', '2018-06-02 00:00:00', NULL),
(643, 208, 29, 4, 1, 1, 1, '2018-06-02 00:00:00', '2018-06-02 00:00:00', NULL),
(644, 607, 27, 1, 1, 1, 1, '2018-06-06 00:00:00', '2018-06-06 00:00:00', NULL),
(645, 607, 27, 2, 1, 1, 1, '2018-06-06 00:00:00', '2018-06-06 00:00:00', NULL),
(646, 607, 27, 3, 1, 1, 1, '2018-06-06 00:00:00', '2018-06-06 00:00:00', NULL),
(647, 607, 27, 4, 1, 1, 1, '2018-06-06 00:00:00', '2018-06-06 00:00:00', NULL),
(648, 607, 27, 5, 1, 1, 1, '2018-06-06 00:00:00', '2018-06-06 00:00:00', NULL),
(649, 607, 27, 6, 1, 1, 1, '2018-06-06 00:00:00', '2018-06-06 00:00:00', NULL),
(650, 607, 27, 7, 1, 1, 1, '2018-06-06 00:00:00', '2018-06-06 00:00:00', NULL),
(651, 607, 27, 8, 1, 1, 1, '2018-06-06 00:00:00', '2018-06-06 00:00:00', NULL),
(652, 702, 27, 1, 1, 1, 1, '2018-06-03 00:00:00', '2018-06-03 00:00:00', NULL),
(653, 702, 27, 2, 1, 1, 1, '2018-06-03 00:00:00', '2018-06-03 00:00:00', NULL),
(654, 702, 27, 3, 1, 1, 1, '2018-06-03 00:00:00', '2018-06-03 00:00:00', NULL),
(655, 294, 27, 1, 1, 1, 1, '2018-06-06 00:00:00', '2018-06-06 00:00:00', NULL),
(656, 294, 27, 2, 1, 1, 1, '2018-06-06 00:00:00', '2018-06-06 00:00:00', NULL),
(657, 294, 27, 3, 1, 1, 1, '2018-06-06 00:00:00', '2018-06-06 00:00:00', NULL),
(658, 378, 1, 1, 1, 1, 1, '2018-06-06 00:00:00', '2018-06-06 00:00:00', NULL),
(659, 378, 1, 2, 1, 1, 1, '2018-06-06 00:00:00', '2018-06-06 00:00:00', NULL),
(660, 378, 1, 3, 1, 1, 1, '2018-06-06 00:00:00', '2018-06-06 00:00:00', NULL),
(661, 378, 1, 4, 1, 1, 1, '2018-06-06 00:00:00', '2018-06-06 00:00:00', NULL),
(662, 586, 1, 1, 1, 1, 1, '2018-06-07 00:00:00', '2018-06-07 00:00:00', NULL),
(663, 586, 1, 2, 1, 1, 1, '2018-06-07 00:00:00', '2018-06-07 00:00:00', NULL),
(664, 586, 1, 3, 1, 1, 1, '2018-06-07 00:00:00', '2018-06-07 00:00:00', NULL),
(665, 586, 1, 4, 1, 1, 1, '2018-06-07 00:00:00', '2018-06-07 00:00:00', NULL),
(666, 586, 1, 5, 1, 1, 1, '2018-06-07 00:00:00', '2018-06-07 00:00:00', NULL),
(667, 5, 23, 1, 1, 1, 1, '2018-06-05 00:00:00', '2018-06-05 00:00:00', NULL),
(668, 5, 23, 2, 1, 1, 1, '2018-06-05 00:00:00', '2018-06-05 00:00:00', NULL),
(669, 5, 23, 3, 1, 1, 1, '2018-06-05 00:00:00', '2018-06-05 00:00:00', NULL),
(670, 5, 23, 4, 1, 1, 1, '2018-06-05 00:00:00', '2018-06-05 00:00:00', NULL),
(671, 5, 23, 5, 1, 1, 1, '2018-06-05 00:00:00', '2018-06-05 00:00:00', NULL),
(672, 206, 29, 1, 1, 1, 1, '2018-05-31 00:00:00', '2018-05-31 00:00:00', NULL),
(673, 206, 29, 2, 1, 1, 1, '2018-05-31 00:00:00', '2018-05-31 00:00:00', NULL),
(674, 206, 29, 3, 1, 1, 1, '2018-05-31 00:00:00', '2018-05-31 00:00:00', NULL),
(675, 51, 26, 1, 1, 1, 1, '2018-06-01 00:00:00', '2018-06-01 00:00:00', NULL),
(676, 51, 26, 2, 1, 1, 1, '2018-06-01 00:00:00', '2018-06-01 00:00:00', NULL),
(677, 84, 26, 1, 1, 1, 1, '2018-06-02 00:00:00', '2018-06-02 00:00:00', NULL),
(678, 84, 26, 2, 1, 1, 1, '2018-06-02 00:00:00', '2018-06-02 00:00:00', NULL),
(679, 84, 26, 3, 1, 1, 1, '2018-06-02 00:00:00', '2018-06-02 00:00:00', NULL),
(680, 84, 26, 4, 1, 1, 1, '2018-06-02 00:00:00', '2018-06-02 00:00:00', NULL),
(681, 84, 26, 5, 1, 1, 1, '2018-06-02 00:00:00', '2018-06-02 00:00:00', NULL),
(682, 84, 26, 6, 1, 1, 1, '2018-06-02 00:00:00', '2018-06-02 00:00:00', NULL),
(683, 84, 26, 7, 1, 1, 1, '2018-06-02 00:00:00', '2018-06-02 00:00:00', NULL),
(684, 735, 24, 1, 1, 1, 1, '2018-06-07 00:00:00', '2018-06-07 00:00:00', NULL),
(685, 735, 24, 2, 1, 1, 1, '2018-06-07 00:00:00', '2018-06-07 00:00:00', NULL),
(686, 735, 24, 3, 1, 1, 1, '2018-06-07 00:00:00', '2018-06-07 00:00:00', NULL),
(687, 735, 24, 4, 1, 1, 1, '2018-06-07 00:00:00', '2018-06-07 00:00:00', NULL),
(688, 735, 24, 5, 1, 1, 1, '2018-06-07 00:00:00', '2018-06-07 00:00:00', NULL),
(689, 15, 28, 1, 1, 1, 1, '2018-06-03 00:00:00', '2018-06-03 00:00:00', NULL),
(690, 15, 28, 2, 1, 1, 1, '2018-06-03 00:00:00', '2018-06-03 00:00:00', NULL),
(691, 15, 28, 3, 1, 1, 1, '2018-06-03 00:00:00', '2018-06-03 00:00:00', NULL),
(692, 15, 28, 4, 1, 1, 1, '2018-06-03 00:00:00', '2018-06-03 00:00:00', NULL),
(693, 15, 28, 5, 1, 1, 1, '2018-06-03 00:00:00', '2018-06-03 00:00:00', NULL),
(694, 635, 28, 1, 1, 1, 1, '2018-06-01 00:00:00', '2018-06-01 00:00:00', NULL),
(695, 635, 28, 2, 1, 1, 1, '2018-06-01 00:00:00', '2018-06-01 00:00:00', NULL),
(696, 635, 28, 3, 1, 1, 1, '2018-06-01 00:00:00', '2018-06-01 00:00:00', NULL),
(697, 635, 28, 4, 1, 1, 1, '2018-06-01 00:00:00', '2018-06-01 00:00:00', NULL),
(698, 635, 28, 5, 1, 1, 1, '2018-06-01 00:00:00', '2018-06-01 00:00:00', NULL),
(699, 635, 28, 6, 1, 1, 1, '2018-06-01 00:00:00', '2018-06-01 00:00:00', NULL),
(700, 635, 28, 7, 1, 1, 1, '2018-06-01 00:00:00', '2018-06-01 00:00:00', NULL),
(701, 628, 26, 1, 1, 1, 1, '2018-06-05 00:00:00', '2018-06-05 00:00:00', NULL),
(702, 628, 26, 2, 1, 1, 1, '2018-06-05 00:00:00', '2018-06-05 00:00:00', NULL),
(703, 463, 1, 1, 1, 1, 1, '2018-06-05 00:00:00', '2018-06-05 00:00:00', NULL),
(704, 463, 1, 2, 1, 1, 1, '2018-06-05 00:00:00', '2018-06-05 00:00:00', NULL),
(705, 463, 1, 3, 1, 1, 1, '2018-06-05 00:00:00', '2018-06-05 00:00:00', NULL),
(706, 463, 1, 4, 1, 1, 1, '2018-06-05 00:00:00', '2018-06-05 00:00:00', NULL),
(707, 463, 1, 5, 1, 1, 1, '2018-06-05 00:00:00', '2018-06-05 00:00:00', NULL),
(708, 463, 1, 6, 1, 1, 1, '2018-06-05 00:00:00', '2018-06-05 00:00:00', NULL),
(709, 140, 28, 1, 1, 1, 1, '2018-05-31 00:00:00', '2018-05-31 00:00:00', NULL),
(710, 140, 28, 2, 1, 1, 1, '2018-05-31 00:00:00', '2018-05-31 00:00:00', NULL),
(711, 655, 31, 1, 1, 1, 1, '2018-06-07 00:00:00', '2018-06-07 00:00:00', NULL),
(712, 422, 22, 1, 1, 1, 1, '2018-06-06 00:00:00', '2018-06-06 00:00:00', NULL),
(713, 422, 22, 2, 1, 1, 1, '2018-06-06 00:00:00', '2018-06-06 00:00:00', NULL),
(714, 422, 22, 3, 1, 1, 1, '2018-06-06 00:00:00', '2018-06-06 00:00:00', NULL),
(715, 421, 28, 1, 1, 1, 1, '2018-06-04 00:00:00', '2018-06-04 00:00:00', NULL),
(716, 421, 28, 2, 1, 1, 1, '2018-06-04 00:00:00', '2018-06-04 00:00:00', NULL),
(717, 421, 28, 3, 1, 1, 1, '2018-06-04 00:00:00', '2018-06-04 00:00:00', NULL),
(718, 421, 28, 4, 1, 1, 1, '2018-06-04 00:00:00', '2018-06-04 00:00:00', NULL),
(719, 135, 28, 1, 1, 1, 1, '2018-05-31 00:00:00', '2018-05-31 00:00:00', NULL),
(720, 135, 28, 2, 1, 1, 1, '2018-05-31 00:00:00', '2018-05-31 00:00:00', NULL),
(721, 135, 28, 3, 1, 1, 1, '2018-05-31 00:00:00', '2018-05-31 00:00:00', NULL),
(722, 135, 28, 4, 1, 1, 1, '2018-05-31 00:00:00', '2018-05-31 00:00:00', NULL),
(723, 135, 28, 5, 1, 1, 1, '2018-05-31 00:00:00', '2018-05-31 00:00:00', NULL),
(724, 118, 24, 1, 1, 1, 1, '2018-06-02 00:00:00', '2018-06-02 00:00:00', NULL),
(725, 118, 24, 2, 1, 1, 1, '2018-06-02 00:00:00', '2018-06-02 00:00:00', NULL),
(726, 118, 24, 3, 1, 1, 1, '2018-06-02 00:00:00', '2018-06-02 00:00:00', NULL),
(727, 118, 24, 4, 1, 1, 1, '2018-06-02 00:00:00', '2018-06-02 00:00:00', NULL),
(728, 118, 24, 5, 1, 1, 1, '2018-06-02 00:00:00', '2018-06-02 00:00:00', NULL),
(729, 118, 24, 6, 1, 1, 1, '2018-06-02 00:00:00', '2018-06-02 00:00:00', NULL),
(730, 118, 24, 7, 1, 1, 1, '2018-06-02 00:00:00', '2018-06-02 00:00:00', NULL),
(731, 118, 24, 8, 1, 1, 1, '2018-06-02 00:00:00', '2018-06-02 00:00:00', NULL),
(732, 617, 22, 1, 1, 1, 1, '2018-06-04 00:00:00', '2018-06-04 00:00:00', NULL),
(733, 617, 22, 2, 1, 1, 1, '2018-06-04 00:00:00', '2018-06-04 00:00:00', NULL),
(734, 617, 22, 3, 1, 1, 1, '2018-06-04 00:00:00', '2018-06-04 00:00:00', NULL),
(735, 617, 22, 4, 1, 1, 1, '2018-06-04 00:00:00', '2018-06-04 00:00:00', NULL),
(736, 617, 22, 5, 1, 1, 1, '2018-06-04 00:00:00', '2018-06-04 00:00:00', NULL),
(737, 617, 22, 6, 1, 1, 1, '2018-06-04 00:00:00', '2018-06-04 00:00:00', NULL),
(738, 170, 31, 1, 1, 1, 1, '2018-06-04 00:00:00', '2018-06-04 00:00:00', NULL),
(739, 170, 31, 2, 1, 1, 1, '2018-06-04 00:00:00', '2018-06-04 00:00:00', NULL),
(740, 646, 22, 1, 1, 1, 1, '2018-06-05 00:00:00', '2018-06-05 00:00:00', NULL),
(741, 646, 22, 2, 1, 1, 1, '2018-06-05 00:00:00', '2018-06-05 00:00:00', NULL),
(742, 366, 28, 1, 1, 1, 1, '2018-06-06 00:00:00', '2018-06-06 00:00:00', NULL),
(743, 366, 28, 2, 1, 1, 1, '2018-06-06 00:00:00', '2018-06-06 00:00:00', NULL),
(744, 366, 28, 3, 1, 1, 1, '2018-06-06 00:00:00', '2018-06-06 00:00:00', NULL),
(745, 366, 28, 4, 1, 1, 1, '2018-06-06 00:00:00', '2018-06-06 00:00:00', NULL),
(746, 779, 29, 1, 1, 1, 1, '2018-06-02 00:00:00', '2018-06-02 00:00:00', NULL),
(747, 779, 29, 2, 1, 1, 1, '2018-06-02 00:00:00', '2018-06-02 00:00:00', NULL),
(748, 779, 29, 3, 1, 1, 1, '2018-06-02 00:00:00', '2018-06-02 00:00:00', NULL),
(749, 779, 29, 4, 1, 1, 1, '2018-06-02 00:00:00', '2018-06-02 00:00:00', NULL),
(750, 779, 29, 5, 1, 1, 1, '2018-06-02 00:00:00', '2018-06-02 00:00:00', NULL),
(751, 779, 29, 6, 1, 1, 1, '2018-06-02 00:00:00', '2018-06-02 00:00:00', NULL),
(752, 545, 26, 1, 1, 1, 1, '2018-06-02 00:00:00', '2018-06-02 00:00:00', NULL),
(753, 545, 26, 2, 1, 1, 1, '2018-06-02 00:00:00', '2018-06-02 00:00:00', NULL),
(754, 386, 24, 1, 1, 1, 1, '2018-06-07 00:00:00', '2018-06-07 00:00:00', NULL),
(755, 386, 24, 2, 1, 1, 1, '2018-06-07 00:00:00', '2018-06-07 00:00:00', NULL),
(756, 386, 24, 3, 1, 1, 1, '2018-06-07 00:00:00', '2018-06-07 00:00:00', NULL),
(757, 386, 24, 4, 1, 1, 1, '2018-06-07 00:00:00', '2018-06-07 00:00:00', NULL),
(758, 749, 31, 1, 1, 1, 1, '2018-06-06 00:00:00', '2018-06-06 00:00:00', NULL),
(759, 749, 31, 2, 1, 1, 1, '2018-06-06 00:00:00', '2018-06-06 00:00:00', NULL),
(760, 749, 31, 3, 1, 1, 1, '2018-06-06 00:00:00', '2018-06-06 00:00:00', NULL),
(761, 749, 31, 4, 1, 1, 1, '2018-06-06 00:00:00', '2018-06-06 00:00:00', NULL),
(762, 749, 31, 5, 1, 1, 1, '2018-06-06 00:00:00', '2018-06-06 00:00:00', NULL),
(763, 749, 31, 6, 1, 1, 1, '2018-06-06 00:00:00', '2018-06-06 00:00:00', NULL),
(764, 731, 26, 1, 1, 1, 1, '2018-06-07 00:00:00', '2018-06-07 00:00:00', NULL),
(765, 731, 26, 2, 1, 1, 1, '2018-06-07 00:00:00', '2018-06-07 00:00:00', NULL),
(766, 288, 23, 1, 1, 1, 1, '2018-06-05 00:00:00', '2018-06-05 00:00:00', NULL),
(767, 288, 23, 2, 1, 1, 1, '2018-06-05 00:00:00', '2018-06-05 00:00:00', NULL),
(768, 201, 22, 1, 1, 1, 1, '2018-05-31 00:00:00', '2018-05-31 00:00:00', NULL),
(769, 228, 31, 1, 1, 1, 1, '2018-06-04 00:00:00', '2018-06-04 00:00:00', NULL),
(770, 228, 31, 2, 1, 1, 1, '2018-06-04 00:00:00', '2018-06-04 00:00:00', NULL),
(771, 228, 31, 3, 1, 1, 1, '2018-06-04 00:00:00', '2018-06-04 00:00:00', NULL),
(772, 228, 31, 4, 1, 1, 1, '2018-06-04 00:00:00', '2018-06-04 00:00:00', NULL),
(773, 382, 24, 1, 1, 1, 1, '2018-06-06 00:00:00', '2018-06-06 00:00:00', NULL),
(774, 382, 24, 2, 1, 1, 1, '2018-06-06 00:00:00', '2018-06-06 00:00:00', NULL),
(775, 382, 24, 3, 1, 1, 1, '2018-06-06 00:00:00', '2018-06-06 00:00:00', NULL),
(776, 382, 24, 4, 1, 1, 1, '2018-06-06 00:00:00', '2018-06-06 00:00:00', NULL),
(777, 382, 24, 5, 1, 1, 1, '2018-06-06 00:00:00', '2018-06-06 00:00:00', NULL),
(778, 382, 24, 6, 1, 1, 1, '2018-06-06 00:00:00', '2018-06-06 00:00:00', NULL),
(779, 382, 24, 7, 1, 1, 1, '2018-06-06 00:00:00', '2018-06-06 00:00:00', NULL),
(780, 382, 24, 8, 1, 1, 1, '2018-06-06 00:00:00', '2018-06-06 00:00:00', NULL),
(781, 656, 22, 1, 1, 1, 1, '2018-06-06 00:00:00', '2018-06-06 00:00:00', NULL),
(782, 656, 22, 2, 1, 1, 1, '2018-06-06 00:00:00', '2018-06-06 00:00:00', NULL),
(783, 656, 22, 3, 1, 1, 1, '2018-06-06 00:00:00', '2018-06-06 00:00:00', NULL),
(784, 656, 22, 4, 1, 1, 1, '2018-06-06 00:00:00', '2018-06-06 00:00:00', NULL),
(785, 103, 31, 1, 1, 1, 1, '2018-06-04 00:00:00', '2018-06-04 00:00:00', NULL),
(786, 103, 31, 2, 1, 1, 1, '2018-06-04 00:00:00', '2018-06-04 00:00:00', NULL),
(787, 103, 31, 3, 1, 1, 1, '2018-06-04 00:00:00', '2018-06-04 00:00:00', NULL),
(788, 707, 22, 1, 1, 1, 1, '2018-06-02 00:00:00', '2018-06-02 00:00:00', NULL),
(789, 62, 28, 1, 1, 1, 1, '2018-06-03 00:00:00', '2018-06-03 00:00:00', NULL),
(790, 62, 28, 2, 1, 1, 1, '2018-06-03 00:00:00', '2018-06-03 00:00:00', NULL),
(791, 563, 23, 1, 1, 1, 1, '2018-06-07 00:00:00', '2018-06-07 00:00:00', NULL),
(792, 563, 23, 2, 1, 1, 1, '2018-06-07 00:00:00', '2018-06-07 00:00:00', NULL),
(793, 563, 23, 3, 1, 1, 1, '2018-06-07 00:00:00', '2018-06-07 00:00:00', NULL),
(794, 563, 23, 4, 1, 1, 1, '2018-06-07 00:00:00', '2018-06-07 00:00:00', NULL),
(795, 563, 23, 5, 1, 1, 1, '2018-06-07 00:00:00', '2018-06-07 00:00:00', NULL),
(796, 424, 22, 1, 1, 1, 1, '2018-06-03 00:00:00', '2018-06-03 00:00:00', NULL),
(797, 424, 22, 2, 1, 1, 1, '2018-06-03 00:00:00', '2018-06-03 00:00:00', NULL),
(798, 712, 27, 1, 1, 1, 1, '2018-05-31 00:00:00', '2018-05-31 00:00:00', NULL),
(799, 712, 27, 2, 1, 1, 1, '2018-05-31 00:00:00', '2018-05-31 00:00:00', NULL),
(800, 712, 27, 3, 1, 1, 1, '2018-05-31 00:00:00', '2018-05-31 00:00:00', NULL),
(801, 712, 27, 4, 1, 1, 1, '2018-05-31 00:00:00', '2018-05-31 00:00:00', NULL),
(802, 712, 27, 5, 1, 1, 1, '2018-05-31 00:00:00', '2018-05-31 00:00:00', NULL),
(803, 712, 27, 6, 1, 1, 1, '2018-05-31 00:00:00', '2018-05-31 00:00:00', NULL),
(804, 712, 27, 7, 1, 1, 1, '2018-05-31 00:00:00', '2018-05-31 00:00:00', NULL),
(805, 570, 25, 1, 1, 1, 1, '2018-06-07 00:00:00', '2018-06-07 00:00:00', NULL),
(806, 570, 25, 2, 1, 1, 1, '2018-06-07 00:00:00', '2018-06-07 00:00:00', NULL),
(807, 584, 25, 1, 1, 1, 1, '2018-06-03 00:00:00', '2018-06-03 00:00:00', NULL),
(808, 44, 23, 1, 1, 1, 1, '2018-06-05 00:00:00', '2018-06-05 00:00:00', NULL),
(809, 44, 23, 2, 1, 1, 1, '2018-06-05 00:00:00', '2018-06-05 00:00:00', NULL),
(810, 44, 23, 3, 1, 1, 1, '2018-06-05 00:00:00', '2018-06-05 00:00:00', NULL),
(811, 44, 23, 4, 1, 1, 1, '2018-06-05 00:00:00', '2018-06-05 00:00:00', NULL),
(812, 44, 23, 5, 1, 1, 1, '2018-06-05 00:00:00', '2018-06-05 00:00:00', NULL),
(813, 671, 23, 1, 1, 1, 1, '2018-06-04 00:00:00', '2018-06-04 00:00:00', NULL),
(814, 671, 23, 2, 1, 1, 1, '2018-06-04 00:00:00', '2018-06-04 00:00:00', NULL),
(815, 671, 23, 3, 1, 1, 1, '2018-06-04 00:00:00', '2018-06-04 00:00:00', NULL),
(816, 227, 24, 1, 1, 1, 1, '2018-05-31 00:00:00', '2018-05-31 00:00:00', NULL),
(817, 589, 1, 1, 1, 1, 1, '2018-06-04 00:00:00', '2018-06-04 00:00:00', NULL),
(818, 525, 29, 1, 1, 1, 1, '2018-06-03 00:00:00', '2018-06-03 00:00:00', NULL),
(819, 525, 29, 2, 1, 1, 1, '2018-06-03 00:00:00', '2018-06-03 00:00:00', NULL),
(820, 580, 24, 1, 1, 1, 1, '2018-06-02 00:00:00', '2018-06-02 00:00:00', NULL),
(821, 580, 24, 2, 1, 1, 1, '2018-06-02 00:00:00', '2018-06-02 00:00:00', NULL),
(822, 580, 24, 3, 1, 1, 1, '2018-06-02 00:00:00', '2018-06-02 00:00:00', NULL),
(823, 257, 22, 1, 1, 1, 1, '2018-06-02 00:00:00', '2018-06-02 00:00:00', NULL),
(824, 257, 22, 2, 1, 1, 1, '2018-06-02 00:00:00', '2018-06-02 00:00:00', NULL),
(825, 257, 22, 3, 1, 1, 1, '2018-06-02 00:00:00', '2018-06-02 00:00:00', NULL),
(826, 257, 22, 4, 1, 1, 1, '2018-06-02 00:00:00', '2018-06-02 00:00:00', NULL),
(827, 257, 22, 5, 1, 1, 1, '2018-06-02 00:00:00', '2018-06-02 00:00:00', NULL),
(828, 257, 22, 6, 1, 1, 1, '2018-06-02 00:00:00', '2018-06-02 00:00:00', NULL),
(829, 257, 22, 7, 1, 1, 1, '2018-06-02 00:00:00', '2018-06-02 00:00:00', NULL),
(830, 257, 22, 8, 1, 1, 1, '2018-06-02 00:00:00', '2018-06-02 00:00:00', NULL),
(831, 23, 27, 1, 1, 1, 1, '2018-06-04 00:00:00', '2018-06-04 00:00:00', NULL),
(832, 150, 29, 1, 1, 1, 1, '2018-06-04 00:00:00', '2018-06-04 00:00:00', NULL),
(833, 150, 29, 2, 1, 1, 1, '2018-06-04 00:00:00', '2018-06-04 00:00:00', NULL),
(834, 590, 31, 1, 1, 1, 1, '2018-06-07 00:00:00', '2018-06-07 00:00:00', NULL),
(835, 255, 30, 1, 1, 1, 1, '2018-06-06 00:00:00', '2018-06-06 00:00:00', NULL),
(836, 255, 30, 2, 1, 1, 1, '2018-06-06 00:00:00', '2018-06-06 00:00:00', NULL),
(837, 255, 30, 3, 1, 1, 1, '2018-06-06 00:00:00', '2018-06-06 00:00:00', NULL),
(838, 255, 30, 4, 1, 1, 1, '2018-06-06 00:00:00', '2018-06-06 00:00:00', NULL),
(839, 748, 27, 1, 1, 1, 1, '2018-06-05 00:00:00', '2018-06-05 00:00:00', NULL),
(840, 748, 27, 2, 1, 1, 1, '2018-06-05 00:00:00', '2018-06-05 00:00:00', NULL),
(841, 748, 27, 3, 1, 1, 1, '2018-06-05 00:00:00', '2018-06-05 00:00:00', NULL),
(842, 748, 27, 4, 1, 1, 1, '2018-06-05 00:00:00', '2018-06-05 00:00:00', NULL),
(843, 196, 1, 1, 1, 1, 1, '2018-06-01 00:00:00', '2018-06-01 00:00:00', NULL),
(844, 196, 1, 2, 1, 1, 1, '2018-06-01 00:00:00', '2018-06-01 00:00:00', NULL),
(845, 196, 1, 3, 1, 1, 1, '2018-06-01 00:00:00', '2018-06-01 00:00:00', NULL),
(846, 196, 1, 4, 1, 1, 1, '2018-06-01 00:00:00', '2018-06-01 00:00:00', NULL),
(847, 196, 1, 5, 1, 1, 1, '2018-06-01 00:00:00', '2018-06-01 00:00:00', NULL),
(848, 499, 26, 1, 1, 1, 1, '2018-06-06 00:00:00', '2018-06-06 00:00:00', NULL),
(849, 499, 26, 2, 1, 1, 1, '2018-06-06 00:00:00', '2018-06-06 00:00:00', NULL),
(850, 499, 26, 3, 1, 1, 1, '2018-06-06 00:00:00', '2018-06-06 00:00:00', NULL),
(851, 499, 26, 4, 1, 1, 1, '2018-06-06 00:00:00', '2018-06-06 00:00:00', NULL),
(852, 499, 26, 5, 1, 1, 1, '2018-06-06 00:00:00', '2018-06-06 00:00:00', NULL),
(853, 499, 26, 6, 1, 1, 1, '2018-06-06 00:00:00', '2018-06-06 00:00:00', NULL),
(854, 499, 26, 7, 1, 1, 1, '2018-06-06 00:00:00', '2018-06-06 00:00:00', NULL),
(855, 499, 26, 8, 1, 1, 1, '2018-06-06 00:00:00', '2018-06-06 00:00:00', NULL),
(856, 583, 1, 1, 1, 1, 1, '2018-06-04 00:00:00', '2018-06-04 00:00:00', NULL),
(857, 583, 1, 2, 1, 1, 1, '2018-06-04 00:00:00', '2018-06-04 00:00:00', NULL),
(858, 583, 1, 3, 1, 1, 1, '2018-06-04 00:00:00', '2018-06-04 00:00:00', NULL),
(859, 583, 1, 4, 1, 1, 1, '2018-06-04 00:00:00', '2018-06-04 00:00:00', NULL),
(860, 82, 25, 1, 1, 1, 1, '2018-06-06 00:00:00', '2018-06-06 00:00:00', NULL),
(861, 82, 25, 2, 1, 1, 1, '2018-06-06 00:00:00', '2018-06-06 00:00:00', NULL),
(862, 26, 23, 1, 1, 1, 1, '2018-06-04 00:00:00', '2018-06-04 00:00:00', NULL),
(863, 26, 23, 2, 1, 1, 1, '2018-06-04 00:00:00', '2018-06-04 00:00:00', NULL),
(864, 26, 23, 3, 1, 1, 1, '2018-06-04 00:00:00', '2018-06-04 00:00:00', NULL),
(865, 26, 23, 4, 1, 1, 1, '2018-06-04 00:00:00', '2018-06-04 00:00:00', NULL),
(866, 68, 28, 1, 1, 1, 1, '2018-06-02 00:00:00', '2018-06-02 00:00:00', NULL),
(867, 68, 28, 2, 1, 1, 1, '2018-06-02 00:00:00', '2018-06-02 00:00:00', NULL),
(868, 68, 28, 3, 1, 1, 1, '2018-06-02 00:00:00', '2018-06-02 00:00:00', NULL),
(869, 68, 28, 4, 1, 1, 1, '2018-06-02 00:00:00', '2018-06-02 00:00:00', NULL),
(870, 160, 24, 1, 1, 1, 1, '2018-06-07 00:00:00', '2018-06-07 00:00:00', NULL),
(871, 160, 24, 2, 1, 1, 1, '2018-06-07 00:00:00', '2018-06-07 00:00:00', NULL),
(872, 160, 24, 3, 1, 1, 1, '2018-06-07 00:00:00', '2018-06-07 00:00:00', NULL),
(873, 160, 24, 4, 1, 1, 1, '2018-06-07 00:00:00', '2018-06-07 00:00:00', NULL),
(874, 460, 26, 1, 1, 1, 1, '2018-06-07 00:00:00', '2018-06-07 00:00:00', NULL),
(875, 460, 26, 2, 1, 1, 1, '2018-06-07 00:00:00', '2018-06-07 00:00:00', NULL),
(876, 757, 22, 1, 1, 1, 1, '2018-06-03 00:00:00', '2018-06-03 00:00:00', NULL),
(877, 757, 22, 2, 1, 1, 1, '2018-06-03 00:00:00', '2018-06-03 00:00:00', NULL),
(878, 757, 22, 3, 1, 1, 1, '2018-06-03 00:00:00', '2018-06-03 00:00:00', NULL),
(879, 415, 24, 1, 1, 1, 1, '2018-06-07 00:00:00', '2018-06-07 00:00:00', NULL),
(880, 415, 24, 2, 1, 1, 1, '2018-06-07 00:00:00', '2018-06-07 00:00:00', NULL),
(881, 415, 24, 3, 1, 1, 1, '2018-06-07 00:00:00', '2018-06-07 00:00:00', NULL),
(882, 415, 24, 4, 1, 1, 1, '2018-06-07 00:00:00', '2018-06-07 00:00:00', NULL),
(883, 242, 24, 1, 1, 1, 1, '2018-06-06 00:00:00', '2018-06-06 00:00:00', NULL),
(884, 497, 1, 1, 1, 1, 1, '2018-06-07 00:00:00', '2018-06-07 00:00:00', NULL),
(885, 497, 1, 2, 1, 1, 1, '2018-06-07 00:00:00', '2018-06-07 00:00:00', NULL),
(886, 496, 22, 1, 1, 1, 1, '2018-06-03 00:00:00', '2018-06-03 00:00:00', NULL),
(887, 496, 22, 2, 1, 1, 1, '2018-06-03 00:00:00', '2018-06-03 00:00:00', NULL),
(888, 496, 22, 3, 1, 1, 1, '2018-06-03 00:00:00', '2018-06-03 00:00:00', NULL),
(889, 621, 31, 1, 1, 1, 1, '2018-05-31 00:00:00', '2018-05-31 00:00:00', NULL),
(890, 621, 31, 2, 1, 1, 1, '2018-05-31 00:00:00', '2018-05-31 00:00:00', NULL),
(891, 621, 31, 3, 1, 1, 1, '2018-05-31 00:00:00', '2018-05-31 00:00:00', NULL),
(892, 621, 31, 4, 1, 1, 1, '2018-05-31 00:00:00', '2018-05-31 00:00:00', NULL),
(893, 621, 31, 5, 1, 1, 1, '2018-05-31 00:00:00', '2018-05-31 00:00:00', NULL),
(894, 621, 31, 6, 1, 1, 1, '2018-05-31 00:00:00', '2018-05-31 00:00:00', NULL),
(895, 621, 31, 7, 1, 1, 1, '2018-05-31 00:00:00', '2018-05-31 00:00:00', NULL),
(896, 621, 31, 8, 1, 1, 1, '2018-05-31 00:00:00', '2018-05-31 00:00:00', NULL),
(897, 524, 31, 1, 1, 1, 1, '2018-06-04 00:00:00', '2018-06-04 00:00:00', NULL),
(898, 524, 31, 2, 1, 1, 1, '2018-06-04 00:00:00', '2018-06-04 00:00:00', NULL),
(899, 524, 31, 3, 1, 1, 1, '2018-06-04 00:00:00', '2018-06-04 00:00:00', NULL),
(900, 524, 31, 4, 1, 1, 1, '2018-06-04 00:00:00', '2018-06-04 00:00:00', NULL),
(901, 524, 31, 5, 1, 1, 1, '2018-06-04 00:00:00', '2018-06-04 00:00:00', NULL),
(902, 524, 31, 6, 1, 1, 1, '2018-06-04 00:00:00', '2018-06-04 00:00:00', NULL),
(903, 229, 25, 1, 1, 1, 1, '2018-06-07 00:00:00', '2018-06-07 00:00:00', NULL),
(904, 229, 25, 2, 1, 1, 1, '2018-06-07 00:00:00', '2018-06-07 00:00:00', NULL),
(905, 229, 25, 3, 1, 1, 1, '2018-06-07 00:00:00', '2018-06-07 00:00:00', NULL),
(906, 229, 25, 4, 1, 1, 1, '2018-06-07 00:00:00', '2018-06-07 00:00:00', NULL),
(907, 229, 25, 5, 1, 1, 1, '2018-06-07 00:00:00', '2018-06-07 00:00:00', NULL),
(908, 229, 25, 6, 1, 1, 1, '2018-06-07 00:00:00', '2018-06-07 00:00:00', NULL),
(909, 229, 25, 7, 1, 1, 1, '2018-06-07 00:00:00', '2018-06-07 00:00:00', NULL),
(910, 726, 23, 1, 1, 1, 1, '2018-06-07 00:00:00', '2018-06-07 00:00:00', NULL),
(911, 726, 23, 2, 1, 1, 1, '2018-06-07 00:00:00', '2018-06-07 00:00:00', NULL),
(912, 726, 23, 3, 1, 1, 1, '2018-06-07 00:00:00', '2018-06-07 00:00:00', NULL),
(913, 726, 23, 4, 1, 1, 1, '2018-06-07 00:00:00', '2018-06-07 00:00:00', NULL),
(914, 726, 23, 5, 1, 1, 1, '2018-06-07 00:00:00', '2018-06-07 00:00:00', NULL),
(915, 465, 27, 1, 1, 1, 1, '2018-06-03 00:00:00', '2018-06-03 00:00:00', NULL),
(916, 465, 27, 2, 1, 1, 1, '2018-06-03 00:00:00', '2018-06-03 00:00:00', NULL),
(917, 465, 27, 3, 1, 1, 1, '2018-06-03 00:00:00', '2018-06-03 00:00:00', NULL),
(918, 465, 27, 4, 1, 1, 1, '2018-06-03 00:00:00', '2018-06-03 00:00:00', NULL),
(919, 57, 27, 1, 1, 1, 1, '2018-06-07 00:00:00', '2018-06-07 00:00:00', NULL),
(920, 57, 27, 2, 1, 1, 1, '2018-06-07 00:00:00', '2018-06-07 00:00:00', NULL),
(921, 57, 27, 3, 1, 1, 1, '2018-06-07 00:00:00', '2018-06-07 00:00:00', NULL),
(922, 57, 27, 4, 1, 1, 1, '2018-06-07 00:00:00', '2018-06-07 00:00:00', NULL),
(923, 57, 27, 5, 1, 1, 1, '2018-06-07 00:00:00', '2018-06-07 00:00:00', NULL),
(924, 289, 22, 1, 1, 1, 1, '2018-06-04 00:00:00', '2018-06-04 00:00:00', NULL),
(925, 289, 22, 2, 1, 1, 1, '2018-06-04 00:00:00', '2018-06-04 00:00:00', NULL),
(926, 289, 22, 3, 1, 1, 1, '2018-06-04 00:00:00', '2018-06-04 00:00:00', NULL),
(927, 289, 22, 4, 1, 1, 1, '2018-06-04 00:00:00', '2018-06-04 00:00:00', NULL),
(928, 289, 22, 5, 1, 1, 1, '2018-06-04 00:00:00', '2018-06-04 00:00:00', NULL),
(929, 289, 22, 6, 1, 1, 1, '2018-06-04 00:00:00', '2018-06-04 00:00:00', NULL),
(930, 476, 31, 1, 1, 1, 1, '2018-06-05 00:00:00', '2018-06-05 00:00:00', NULL),
(931, 476, 31, 2, 1, 1, 1, '2018-06-05 00:00:00', '2018-06-05 00:00:00', NULL),
(932, 476, 31, 3, 1, 1, 1, '2018-06-05 00:00:00', '2018-06-05 00:00:00', NULL),
(933, 476, 31, 4, 1, 1, 1, '2018-06-05 00:00:00', '2018-06-05 00:00:00', NULL),
(934, 476, 31, 5, 1, 1, 1, '2018-06-05 00:00:00', '2018-06-05 00:00:00', NULL),
(935, 286, 25, 1, 1, 1, 1, '2018-06-04 00:00:00', '2018-06-04 00:00:00', NULL),
(936, 286, 25, 2, 1, 1, 1, '2018-06-04 00:00:00', '2018-06-04 00:00:00', NULL),
(937, 286, 25, 3, 1, 1, 1, '2018-06-04 00:00:00', '2018-06-04 00:00:00', NULL),
(938, 286, 25, 4, 1, 1, 1, '2018-06-04 00:00:00', '2018-06-04 00:00:00', NULL),
(939, 286, 25, 5, 1, 1, 1, '2018-06-04 00:00:00', '2018-06-04 00:00:00', NULL),
(940, 286, 25, 6, 1, 1, 1, '2018-06-04 00:00:00', '2018-06-04 00:00:00', NULL),
(941, 286, 25, 7, 1, 1, 1, '2018-06-04 00:00:00', '2018-06-04 00:00:00', NULL),
(942, 286, 25, 8, 1, 1, 1, '2018-06-04 00:00:00', '2018-06-04 00:00:00', NULL),
(943, 644, 27, 1, 1, 1, 1, '2018-06-03 00:00:00', '2018-06-03 00:00:00', NULL),
(944, 644, 27, 2, 1, 1, 1, '2018-06-03 00:00:00', '2018-06-03 00:00:00', NULL),
(945, 644, 27, 3, 1, 1, 1, '2018-06-03 00:00:00', '2018-06-03 00:00:00', NULL),
(946, 644, 27, 4, 1, 1, 1, '2018-06-03 00:00:00', '2018-06-03 00:00:00', NULL),
(947, 375, 23, 1, 1, 1, 1, '2018-06-03 00:00:00', '2018-06-03 00:00:00', NULL),
(948, 598, 23, 1, 1, 1, 1, '2018-05-31 00:00:00', '2018-05-31 00:00:00', NULL),
(949, 165, 1, 1, 1, 1, 1, '2018-06-06 00:00:00', '2018-06-06 00:00:00', NULL),
(950, 165, 1, 2, 1, 1, 1, '2018-06-06 00:00:00', '2018-06-06 00:00:00', NULL),
(951, 165, 1, 3, 1, 1, 1, '2018-06-06 00:00:00', '2018-06-06 00:00:00', NULL),
(952, 165, 1, 4, 1, 1, 1, '2018-06-06 00:00:00', '2018-06-06 00:00:00', NULL),
(953, 165, 1, 5, 1, 1, 1, '2018-06-06 00:00:00', '2018-06-06 00:00:00', NULL),
(954, 165, 1, 6, 1, 1, 1, '2018-06-06 00:00:00', '2018-06-06 00:00:00', NULL),
(955, 165, 1, 7, 1, 1, 1, '2018-06-06 00:00:00', '2018-06-06 00:00:00', NULL),
(956, 76, 23, 1, 1, 1, 1, '2018-06-03 00:00:00', '2018-06-03 00:00:00', NULL),
(957, 76, 23, 2, 1, 1, 1, '2018-06-03 00:00:00', '2018-06-03 00:00:00', NULL),
(958, 76, 23, 3, 1, 1, 1, '2018-06-03 00:00:00', '2018-06-03 00:00:00', NULL),
(959, 76, 23, 4, 1, 1, 1, '2018-06-03 00:00:00', '2018-06-03 00:00:00', NULL),
(960, 76, 23, 5, 1, 1, 1, '2018-06-03 00:00:00', '2018-06-03 00:00:00', NULL),
(961, 239, 25, 1, 1, 1, 1, '2018-05-31 00:00:00', '2018-05-31 00:00:00', NULL),
(962, 239, 25, 2, 1, 1, 1, '2018-05-31 00:00:00', '2018-05-31 00:00:00', NULL),
(963, 239, 25, 3, 1, 1, 1, '2018-05-31 00:00:00', '2018-05-31 00:00:00', NULL),
(964, 239, 25, 4, 1, 1, 1, '2018-05-31 00:00:00', '2018-05-31 00:00:00', NULL),
(965, 10, 27, 1, 1, 1, 1, '2018-06-05 00:00:00', '2018-06-05 00:00:00', NULL),
(966, 10, 27, 2, 1, 1, 1, '2018-06-05 00:00:00', '2018-06-05 00:00:00', NULL),
(967, 10, 27, 3, 1, 1, 1, '2018-06-05 00:00:00', '2018-06-05 00:00:00', NULL),
(968, 10, 27, 4, 1, 1, 1, '2018-06-05 00:00:00', '2018-06-05 00:00:00', NULL),
(969, 389, 30, 1, 1, 1, 1, '2018-06-04 00:00:00', '2018-06-04 00:00:00', NULL),
(970, 389, 30, 2, 1, 1, 1, '2018-06-04 00:00:00', '2018-06-04 00:00:00', NULL),
(971, 389, 30, 3, 1, 1, 1, '2018-06-04 00:00:00', '2018-06-04 00:00:00', NULL),
(972, 389, 30, 4, 1, 1, 1, '2018-06-04 00:00:00', '2018-06-04 00:00:00', NULL),
(973, 389, 30, 5, 1, 1, 1, '2018-06-04 00:00:00', '2018-06-04 00:00:00', NULL),
(974, 389, 30, 6, 1, 1, 1, '2018-06-04 00:00:00', '2018-06-04 00:00:00', NULL),
(975, 389, 30, 7, 1, 1, 1, '2018-06-04 00:00:00', '2018-06-04 00:00:00', NULL),
(976, 42, 29, 1, 1, 1, 1, '2018-06-04 00:00:00', '2018-06-04 00:00:00', NULL),
(977, 42, 29, 2, 1, 1, 1, '2018-06-04 00:00:00', '2018-06-04 00:00:00', NULL),
(978, 42, 29, 3, 1, 1, 1, '2018-06-04 00:00:00', '2018-06-04 00:00:00', NULL),
(979, 42, 29, 4, 1, 1, 1, '2018-06-04 00:00:00', '2018-06-04 00:00:00', NULL),
(980, 657, 27, 1, 1, 1, 1, '2018-06-06 00:00:00', '2018-06-06 00:00:00', NULL),
(981, 657, 27, 2, 1, 1, 1, '2018-06-06 00:00:00', '2018-06-06 00:00:00', NULL),
(982, 657, 27, 3, 1, 1, 1, '2018-06-06 00:00:00', '2018-06-06 00:00:00', NULL),
(983, 429, 24, 1, 1, 1, 1, '2018-06-02 00:00:00', '2018-06-02 00:00:00', NULL),
(984, 429, 24, 2, 1, 1, 1, '2018-06-02 00:00:00', '2018-06-02 00:00:00', NULL),
(985, 429, 24, 3, 1, 1, 1, '2018-06-02 00:00:00', '2018-06-02 00:00:00', NULL),
(986, 537, 29, 1, 1, 1, 1, '2018-06-02 00:00:00', '2018-06-02 00:00:00', NULL),
(987, 537, 29, 2, 1, 1, 1, '2018-06-02 00:00:00', '2018-06-02 00:00:00', NULL),
(988, 537, 29, 3, 1, 1, 1, '2018-06-02 00:00:00', '2018-06-02 00:00:00', NULL),
(989, 537, 29, 4, 1, 1, 1, '2018-06-02 00:00:00', '2018-06-02 00:00:00', NULL),
(990, 537, 29, 5, 1, 1, 1, '2018-06-02 00:00:00', '2018-06-02 00:00:00', NULL),
(991, 537, 29, 6, 1, 1, 1, '2018-06-02 00:00:00', '2018-06-02 00:00:00', NULL),
(992, 537, 29, 7, 1, 1, 1, '2018-06-02 00:00:00', '2018-06-02 00:00:00', NULL),
(993, 537, 29, 8, 1, 1, 1, '2018-06-02 00:00:00', '2018-06-02 00:00:00', NULL),
(994, 642, 27, 1, 1, 1, 1, '2018-06-05 00:00:00', '2018-06-05 00:00:00', NULL),
(995, 642, 27, 2, 1, 1, 1, '2018-06-05 00:00:00', '2018-06-05 00:00:00', NULL),
(996, 642, 27, 3, 1, 1, 1, '2018-06-05 00:00:00', '2018-06-05 00:00:00', NULL),
(997, 642, 27, 4, 1, 1, 1, '2018-06-05 00:00:00', '2018-06-05 00:00:00', NULL),
(998, 642, 27, 5, 1, 1, 1, '2018-06-05 00:00:00', '2018-06-05 00:00:00', NULL),
(999, 642, 27, 6, 1, 1, 1, '2018-06-05 00:00:00', '2018-06-05 00:00:00', NULL),
(1000, 642, 27, 7, 1, 1, 1, '2018-06-05 00:00:00', '2018-06-05 00:00:00', NULL),
(1001, 642, 27, 8, 1, 1, 1, '2018-06-05 00:00:00', '2018-06-05 00:00:00', NULL),
(1002, 624, 29, 1, 1, 1, 1, '2018-05-31 00:00:00', '2018-05-31 00:00:00', NULL),
(1003, 500, 23, 1, 1, 1, 1, '2018-06-01 00:00:00', '2018-06-01 00:00:00', NULL),
(1004, 500, 23, 2, 1, 1, 1, '2018-06-01 00:00:00', '2018-06-01 00:00:00', NULL),
(1005, 500, 23, 3, 1, 1, 1, '2018-06-01 00:00:00', '2018-06-01 00:00:00', NULL),
(1006, 500, 23, 4, 1, 1, 1, '2018-06-01 00:00:00', '2018-06-01 00:00:00', NULL),
(1007, 500, 23, 5, 1, 1, 1, '2018-06-01 00:00:00', '2018-06-01 00:00:00', NULL),
(1008, 500, 23, 6, 1, 1, 1, '2018-06-01 00:00:00', '2018-06-01 00:00:00', NULL),
(1009, 500, 23, 7, 1, 1, 1, '2018-06-01 00:00:00', '2018-06-01 00:00:00', NULL),
(1010, 500, 23, 8, 1, 1, 1, '2018-06-01 00:00:00', '2018-06-01 00:00:00', NULL),
(1011, 697, 25, 1, 1, 1, 1, '2018-06-06 00:00:00', '2018-06-06 00:00:00', NULL),
(1012, 697, 25, 2, 1, 1, 1, '2018-06-06 00:00:00', '2018-06-06 00:00:00', NULL),
(1013, 697, 25, 3, 1, 1, 1, '2018-06-06 00:00:00', '2018-06-06 00:00:00', NULL),
(1014, 697, 25, 4, 1, 1, 1, '2018-06-06 00:00:00', '2018-06-06 00:00:00', NULL),
(1015, 697, 25, 5, 1, 1, 1, '2018-06-06 00:00:00', '2018-06-06 00:00:00', NULL),
(1016, 697, 25, 6, 1, 1, 1, '2018-06-06 00:00:00', '2018-06-06 00:00:00', NULL),
(1017, 703, 23, 1, 1, 1, 1, '2018-06-05 00:00:00', '2018-06-05 00:00:00', NULL),
(1018, 703, 23, 2, 1, 1, 1, '2018-06-05 00:00:00', '2018-06-05 00:00:00', NULL),
(1019, 703, 23, 3, 1, 1, 1, '2018-06-05 00:00:00', '2018-06-05 00:00:00', NULL),
(1020, 703, 23, 4, 1, 1, 1, '2018-06-05 00:00:00', '2018-06-05 00:00:00', NULL),
(1021, 703, 23, 5, 1, 1, 1, '2018-06-05 00:00:00', '2018-06-05 00:00:00', NULL),
(1022, 307, 23, 1, 1, 1, 1, '2018-06-04 00:00:00', '2018-06-04 00:00:00', NULL),
(1023, 307, 23, 2, 1, 1, 1, '2018-06-04 00:00:00', '2018-06-04 00:00:00', NULL),
(1024, 307, 23, 3, 1, 1, 1, '2018-06-04 00:00:00', '2018-06-04 00:00:00', NULL),
(1025, 405, 23, 1, 1, 1, 1, '2018-06-02 00:00:00', '2018-06-02 00:00:00', NULL),
(1026, 405, 23, 2, 1, 1, 1, '2018-06-02 00:00:00', '2018-06-02 00:00:00', NULL),
(1027, 538, 24, 1, 1, 1, 1, '2018-06-05 00:00:00', '2018-06-05 00:00:00', NULL),
(1028, 538, 24, 2, 1, 1, 1, '2018-06-05 00:00:00', '2018-06-05 00:00:00', NULL),
(1029, 538, 24, 3, 1, 1, 1, '2018-06-05 00:00:00', '2018-06-05 00:00:00', NULL),
(1030, 538, 24, 4, 1, 1, 1, '2018-06-05 00:00:00', '2018-06-05 00:00:00', NULL),
(1031, 538, 24, 5, 1, 1, 1, '2018-06-05 00:00:00', '2018-06-05 00:00:00', NULL),
(1032, 538, 24, 6, 1, 1, 1, '2018-06-05 00:00:00', '2018-06-05 00:00:00', NULL),
(1033, 538, 24, 7, 1, 1, 1, '2018-06-05 00:00:00', '2018-06-05 00:00:00', NULL),
(1034, 538, 24, 8, 1, 1, 1, '2018-06-05 00:00:00', '2018-06-05 00:00:00', NULL),
(1035, 63, 25, 1, 1, 1, 1, '2018-06-01 00:00:00', '2018-06-01 00:00:00', NULL),
(1036, 63, 25, 2, 1, 1, 1, '2018-06-01 00:00:00', '2018-06-01 00:00:00', NULL),
(1037, 63, 25, 3, 1, 1, 1, '2018-06-01 00:00:00', '2018-06-01 00:00:00', NULL),
(1038, 63, 25, 4, 1, 1, 1, '2018-06-01 00:00:00', '2018-06-01 00:00:00', NULL),
(1039, 63, 25, 5, 1, 1, 1, '2018-06-01 00:00:00', '2018-06-01 00:00:00', NULL),
(1040, 63, 25, 6, 1, 1, 1, '2018-06-01 00:00:00', '2018-06-01 00:00:00', NULL),
(1041, 63, 25, 7, 1, 1, 1, '2018-06-01 00:00:00', '2018-06-01 00:00:00', NULL),
(1042, 63, 25, 8, 1, 1, 1, '2018-06-01 00:00:00', '2018-06-01 00:00:00', NULL),
(1043, 565, 27, 1, 1, 1, 1, '2018-06-06 00:00:00', '2018-06-06 00:00:00', NULL),
(1044, 565, 27, 2, 1, 1, 1, '2018-06-06 00:00:00', '2018-06-06 00:00:00', NULL),
(1045, 565, 27, 3, 1, 1, 1, '2018-06-06 00:00:00', '2018-06-06 00:00:00', NULL),
(1046, 565, 27, 4, 1, 1, 1, '2018-06-06 00:00:00', '2018-06-06 00:00:00', NULL),
(1047, 565, 27, 5, 1, 1, 1, '2018-06-06 00:00:00', '2018-06-06 00:00:00', NULL),
(1048, 565, 27, 6, 1, 1, 1, '2018-06-06 00:00:00', '2018-06-06 00:00:00', NULL),
(1049, 565, 27, 7, 1, 1, 1, '2018-06-06 00:00:00', '2018-06-06 00:00:00', NULL),
(1050, 565, 27, 8, 1, 1, 1, '2018-06-06 00:00:00', '2018-06-06 00:00:00', NULL),
(1051, 326, 27, 1, 1, 1, 1, '2018-06-03 00:00:00', '2018-06-03 00:00:00', NULL),
(1052, 326, 27, 2, 1, 1, 1, '2018-06-03 00:00:00', '2018-06-03 00:00:00', NULL),
(1053, 326, 27, 3, 1, 1, 1, '2018-06-03 00:00:00', '2018-06-03 00:00:00', NULL),
(1054, 326, 27, 4, 1, 1, 1, '2018-06-03 00:00:00', '2018-06-03 00:00:00', NULL),
(1055, 41, 23, 1, 1, 1, 1, '2018-06-04 00:00:00', '2018-06-04 00:00:00', NULL),
(1056, 41, 23, 2, 1, 1, 1, '2018-06-04 00:00:00', '2018-06-04 00:00:00', NULL),
(1057, 41, 23, 3, 1, 1, 1, '2018-06-04 00:00:00', '2018-06-04 00:00:00', NULL),
(1058, 41, 23, 4, 1, 1, 1, '2018-06-04 00:00:00', '2018-06-04 00:00:00', NULL),
(1059, 41, 23, 5, 1, 1, 1, '2018-06-04 00:00:00', '2018-06-04 00:00:00', NULL),
(1060, 41, 23, 6, 1, 1, 1, '2018-06-04 00:00:00', '2018-06-04 00:00:00', NULL),
(1061, 41, 23, 7, 1, 1, 1, '2018-06-04 00:00:00', '2018-06-04 00:00:00', NULL),
(1062, 41, 23, 8, 1, 1, 1, '2018-06-04 00:00:00', '2018-06-04 00:00:00', NULL),
(1063, 402, 25, 1, 1, 1, 1, '2018-06-02 00:00:00', '2018-06-02 00:00:00', NULL),
(1064, 776, 31, 1, 1, 1, 1, '2018-06-06 00:00:00', '2018-06-06 00:00:00', NULL),
(1065, 776, 31, 2, 1, 1, 1, '2018-06-06 00:00:00', '2018-06-06 00:00:00', NULL),
(1066, 776, 31, 3, 1, 1, 1, '2018-06-06 00:00:00', '2018-06-06 00:00:00', NULL),
(1067, 393, 30, 1, 1, 1, 1, '2018-06-05 00:00:00', '2018-06-05 00:00:00', NULL),
(1068, 475, 31, 1, 1, 1, 1, '2018-06-03 00:00:00', '2018-06-03 00:00:00', NULL),
(1069, 475, 31, 2, 1, 1, 1, '2018-06-03 00:00:00', '2018-06-03 00:00:00', NULL),
(1070, 475, 31, 3, 1, 1, 1, '2018-06-03 00:00:00', '2018-06-03 00:00:00', NULL),
(1071, 475, 31, 4, 1, 1, 1, '2018-06-03 00:00:00', '2018-06-03 00:00:00', NULL),
(1072, 475, 31, 5, 1, 1, 1, '2018-06-03 00:00:00', '2018-06-03 00:00:00', NULL),
(1073, 475, 31, 6, 1, 1, 1, '2018-06-03 00:00:00', '2018-06-03 00:00:00', NULL),
(1074, 603, 28, 1, 1, 1, 1, '2018-06-04 00:00:00', '2018-06-04 00:00:00', NULL),
(1075, 603, 28, 2, 1, 1, 1, '2018-06-04 00:00:00', '2018-06-04 00:00:00', NULL),
(1076, 603, 28, 3, 1, 1, 1, '2018-06-04 00:00:00', '2018-06-04 00:00:00', NULL),
(1077, 603, 28, 4, 1, 1, 1, '2018-06-04 00:00:00', '2018-06-04 00:00:00', NULL),
(1078, 603, 28, 5, 1, 1, 1, '2018-06-04 00:00:00', '2018-06-04 00:00:00', NULL),
(1079, 603, 28, 6, 1, 1, 1, '2018-06-04 00:00:00', '2018-06-04 00:00:00', NULL),
(1080, 300, 28, 1, 1, 1, 1, '2018-06-02 00:00:00', '2018-06-02 00:00:00', NULL),
(1081, 300, 28, 2, 1, 1, 1, '2018-06-02 00:00:00', '2018-06-02 00:00:00', NULL),
(1082, 300, 28, 3, 1, 1, 1, '2018-06-02 00:00:00', '2018-06-02 00:00:00', NULL),
(1083, 300, 28, 4, 1, 1, 1, '2018-06-02 00:00:00', '2018-06-02 00:00:00', NULL),
(1084, 300, 28, 5, 1, 1, 1, '2018-06-02 00:00:00', '2018-06-02 00:00:00', NULL),
(1085, 300, 28, 6, 1, 1, 1, '2018-06-02 00:00:00', '2018-06-02 00:00:00', NULL),
(1086, 300, 28, 7, 1, 1, 1, '2018-06-02 00:00:00', '2018-06-02 00:00:00', NULL),
(1087, 300, 28, 8, 1, 1, 1, '2018-06-02 00:00:00', '2018-06-02 00:00:00', NULL),
(1088, 670, 27, 1, 1, 1, 1, '2018-06-03 00:00:00', '2018-06-03 00:00:00', NULL),
(1089, 670, 27, 2, 1, 1, 1, '2018-06-03 00:00:00', '2018-06-03 00:00:00', NULL),
(1090, 670, 27, 3, 1, 1, 1, '2018-06-03 00:00:00', '2018-06-03 00:00:00', NULL),
(1091, 782, 30, 1, 1, 1, 1, '2018-06-04 00:00:00', '2018-06-04 00:00:00', NULL),
(1092, 782, 30, 2, 1, 1, 1, '2018-06-04 00:00:00', '2018-06-04 00:00:00', NULL),
(1093, 782, 30, 3, 1, 1, 1, '2018-06-04 00:00:00', '2018-06-04 00:00:00', NULL),
(1094, 782, 30, 4, 1, 1, 1, '2018-06-04 00:00:00', '2018-06-04 00:00:00', NULL),
(1095, 782, 30, 5, 1, 1, 1, '2018-06-04 00:00:00', '2018-06-04 00:00:00', NULL),
(1096, 191, 24, 1, 1, 1, 1, '2018-06-01 00:00:00', '2018-06-01 00:00:00', NULL),
(1097, 191, 24, 2, 1, 1, 1, '2018-06-01 00:00:00', '2018-06-01 00:00:00', NULL),
(1098, 191, 24, 3, 1, 1, 1, '2018-06-01 00:00:00', '2018-06-01 00:00:00', NULL),
(1099, 191, 24, 4, 1, 1, 1, '2018-06-01 00:00:00', '2018-06-01 00:00:00', NULL),
(1100, 445, 1, 1, 1, 1, 1, '2018-05-31 00:00:00', '2018-05-31 00:00:00', NULL),
(1101, 445, 1, 2, 1, 1, 1, '2018-05-31 00:00:00', '2018-05-31 00:00:00', NULL),
(1102, 445, 1, 3, 1, 1, 1, '2018-05-31 00:00:00', '2018-05-31 00:00:00', NULL),
(1103, 445, 1, 4, 1, 1, 1, '2018-05-31 00:00:00', '2018-05-31 00:00:00', NULL),
(1104, 445, 1, 5, 1, 1, 1, '2018-05-31 00:00:00', '2018-05-31 00:00:00', NULL),
(1105, 445, 1, 6, 1, 1, 1, '2018-05-31 00:00:00', '2018-05-31 00:00:00', NULL),
(1106, 445, 1, 7, 1, 1, 1, '2018-05-31 00:00:00', '2018-05-31 00:00:00', NULL),
(1107, 445, 1, 8, 1, 1, 1, '2018-05-31 00:00:00', '2018-05-31 00:00:00', NULL),
(1108, 718, 26, 1, 1, 1, 1, '2018-06-03 00:00:00', '2018-06-03 00:00:00', NULL),
(1109, 718, 26, 2, 1, 1, 1, '2018-06-03 00:00:00', '2018-06-03 00:00:00', NULL),
(1110, 368, 24, 1, 1, 1, 1, '2018-06-03 00:00:00', '2018-06-03 00:00:00', NULL),
(1111, 368, 24, 2, 1, 1, 1, '2018-06-03 00:00:00', '2018-06-03 00:00:00', NULL),
(1112, 368, 24, 3, 1, 1, 1, '2018-06-03 00:00:00', '2018-06-03 00:00:00', NULL),
(1113, 368, 24, 4, 1, 1, 1, '2018-06-03 00:00:00', '2018-06-03 00:00:00', NULL),
(1114, 368, 24, 5, 1, 1, 1, '2018-06-03 00:00:00', '2018-06-03 00:00:00', NULL),
(1115, 368, 24, 6, 1, 1, 1, '2018-06-03 00:00:00', '2018-06-03 00:00:00', NULL),
(1116, 368, 24, 7, 1, 1, 1, '2018-06-03 00:00:00', '2018-06-03 00:00:00', NULL),
(1117, 249, 25, 1, 1, 1, 1, '2018-06-06 00:00:00', '2018-06-06 00:00:00', NULL),
(1118, 249, 25, 2, 1, 1, 1, '2018-06-06 00:00:00', '2018-06-06 00:00:00', NULL),
(1119, 249, 25, 3, 1, 1, 1, '2018-06-06 00:00:00', '2018-06-06 00:00:00', NULL),
(1120, 567, 23, 1, 1, 1, 1, '2018-06-02 00:00:00', '2018-06-02 00:00:00', NULL),
(1121, 567, 23, 2, 1, 1, 1, '2018-06-02 00:00:00', '2018-06-02 00:00:00', NULL),
(1122, 567, 23, 3, 1, 1, 1, '2018-06-02 00:00:00', '2018-06-02 00:00:00', NULL),
(1123, 567, 23, 4, 1, 1, 1, '2018-06-02 00:00:00', '2018-06-02 00:00:00', NULL),
(1124, 567, 23, 5, 1, 1, 1, '2018-06-02 00:00:00', '2018-06-02 00:00:00', NULL),
(1125, 567, 23, 6, 1, 1, 1, '2018-06-02 00:00:00', '2018-06-02 00:00:00', NULL),
(1126, 548, 1, 1, 1, 1, 1, '2018-05-31 00:00:00', '2018-05-31 00:00:00', NULL),
(1127, 548, 1, 2, 1, 1, 1, '2018-05-31 00:00:00', '2018-05-31 00:00:00', NULL),
(1128, 548, 1, 3, 1, 1, 1, '2018-05-31 00:00:00', '2018-05-31 00:00:00', NULL),
(1129, 412, 27, 1, 1, 1, 1, '2018-06-01 00:00:00', '2018-06-01 00:00:00', NULL),
(1130, 412, 27, 2, 1, 1, 1, '2018-06-01 00:00:00', '2018-06-01 00:00:00', NULL),
(1131, 412, 27, 3, 1, 1, 1, '2018-06-01 00:00:00', '2018-06-01 00:00:00', NULL),
(1132, 412, 27, 4, 1, 1, 1, '2018-06-01 00:00:00', '2018-06-01 00:00:00', NULL),
(1133, 412, 27, 5, 1, 1, 1, '2018-06-01 00:00:00', '2018-06-01 00:00:00', NULL),
(1134, 297, 1, 1, 1, 1, 1, '2018-06-07 00:00:00', '2018-06-07 00:00:00', NULL),
(1135, 297, 1, 2, 1, 1, 1, '2018-06-07 00:00:00', '2018-06-07 00:00:00', NULL),
(1136, 759, 22, 1, 1, 1, 1, '2018-06-04 00:00:00', '2018-06-04 00:00:00', NULL),
(1137, 759, 22, 2, 1, 1, 1, '2018-06-04 00:00:00', '2018-06-04 00:00:00', NULL),
(1138, 759, 22, 3, 1, 1, 1, '2018-06-04 00:00:00', '2018-06-04 00:00:00', NULL),
(1139, 759, 22, 4, 1, 1, 1, '2018-06-04 00:00:00', '2018-06-04 00:00:00', NULL),
(1140, 194, 24, 1, 1, 1, 1, '2018-06-05 00:00:00', '2018-06-05 00:00:00', NULL),
(1141, 194, 24, 2, 1, 1, 1, '2018-06-05 00:00:00', '2018-06-05 00:00:00', NULL),
(1142, 194, 24, 3, 1, 1, 1, '2018-06-05 00:00:00', '2018-06-05 00:00:00', NULL),
(1143, 536, 24, 1, 1, 1, 1, '2018-05-31 00:00:00', '2018-05-31 00:00:00', NULL),
(1144, 575, 27, 1, 1, 1, 1, '2018-06-02 00:00:00', '2018-06-02 00:00:00', NULL),
(1145, 575, 27, 2, 1, 1, 1, '2018-06-02 00:00:00', '2018-06-02 00:00:00', NULL),
(1146, 575, 27, 3, 1, 1, 1, '2018-06-02 00:00:00', '2018-06-02 00:00:00', NULL),
(1147, 575, 27, 4, 1, 1, 1, '2018-06-02 00:00:00', '2018-06-02 00:00:00', NULL),
(1148, 575, 27, 5, 1, 1, 1, '2018-06-02 00:00:00', '2018-06-02 00:00:00', NULL),
(1149, 447, 30, 1, 1, 1, 1, '2018-06-02 00:00:00', '2018-06-02 00:00:00', NULL),
(1150, 447, 30, 2, 1, 1, 1, '2018-06-02 00:00:00', '2018-06-02 00:00:00', NULL),
(1151, 564, 30, 1, 1, 1, 1, '2018-06-05 00:00:00', '2018-06-05 00:00:00', NULL),
(1152, 564, 30, 2, 1, 1, 1, '2018-06-05 00:00:00', '2018-06-05 00:00:00', NULL),
(1153, 564, 30, 3, 1, 1, 1, '2018-06-05 00:00:00', '2018-06-05 00:00:00', NULL),
(1154, 693, 25, 1, 1, 1, 1, '2018-06-03 00:00:00', '2018-06-03 00:00:00', NULL),
(1155, 693, 25, 2, 1, 1, 1, '2018-06-03 00:00:00', '2018-06-03 00:00:00', NULL),
(1156, 654, 31, 1, 1, 1, 1, '2018-06-04 00:00:00', '2018-06-04 00:00:00', NULL),
(1157, 654, 31, 2, 1, 1, 1, '2018-06-04 00:00:00', '2018-06-04 00:00:00', NULL),
(1158, 654, 31, 3, 1, 1, 1, '2018-06-04 00:00:00', '2018-06-04 00:00:00', NULL),
(1159, 654, 31, 4, 1, 1, 1, '2018-06-04 00:00:00', '2018-06-04 00:00:00', NULL),
(1160, 654, 31, 5, 1, 1, 1, '2018-06-04 00:00:00', '2018-06-04 00:00:00', NULL),
(1161, 654, 31, 6, 1, 1, 1, '2018-06-04 00:00:00', '2018-06-04 00:00:00', NULL),
(1162, 654, 31, 7, 1, 1, 1, '2018-06-04 00:00:00', '2018-06-04 00:00:00', NULL),
(1163, 654, 31, 8, 1, 1, 1, '2018-06-04 00:00:00', '2018-06-04 00:00:00', NULL),
(1164, 715, 31, 1, 1, 1, 1, '2018-06-04 00:00:00', '2018-06-04 00:00:00', NULL),
(1165, 715, 31, 2, 1, 1, 1, '2018-06-04 00:00:00', '2018-06-04 00:00:00', NULL),
(1166, 715, 31, 3, 1, 1, 1, '2018-06-04 00:00:00', '2018-06-04 00:00:00', NULL),
(1167, 715, 31, 4, 1, 1, 1, '2018-06-04 00:00:00', '2018-06-04 00:00:00', NULL),
(1168, 715, 31, 5, 1, 1, 1, '2018-06-04 00:00:00', '2018-06-04 00:00:00', NULL),
(1169, 715, 31, 6, 1, 1, 1, '2018-06-04 00:00:00', '2018-06-04 00:00:00', NULL),
(1170, 715, 31, 7, 1, 1, 1, '2018-06-04 00:00:00', '2018-06-04 00:00:00', NULL),
(1171, 751, 28, 1, 1, 1, 1, '2018-06-07 00:00:00', '2018-06-07 00:00:00', NULL),
(1172, 751, 28, 2, 1, 1, 1, '2018-06-07 00:00:00', '2018-06-07 00:00:00', NULL),
(1173, 751, 28, 3, 1, 1, 1, '2018-06-07 00:00:00', '2018-06-07 00:00:00', NULL),
(1174, 751, 28, 4, 1, 1, 1, '2018-06-07 00:00:00', '2018-06-07 00:00:00', NULL),
(1175, 292, 28, 1, 1, 1, 1, '2018-06-05 00:00:00', '2018-06-05 00:00:00', NULL),
(1176, 292, 28, 2, 1, 1, 1, '2018-06-05 00:00:00', '2018-06-05 00:00:00', NULL),
(1177, 292, 28, 3, 1, 1, 1, '2018-06-05 00:00:00', '2018-06-05 00:00:00', NULL),
(1178, 292, 28, 4, 1, 1, 1, '2018-06-05 00:00:00', '2018-06-05 00:00:00', NULL),
(1179, 292, 28, 5, 1, 1, 1, '2018-06-05 00:00:00', '2018-06-05 00:00:00', NULL),
(1180, 117, 1, 1, 1, 1, 1, '2018-06-06 00:00:00', '2018-06-06 00:00:00', NULL),
(1181, 117, 1, 2, 1, 1, 1, '2018-06-06 00:00:00', '2018-06-06 00:00:00', NULL),
(1182, 117, 1, 3, 1, 1, 1, '2018-06-06 00:00:00', '2018-06-06 00:00:00', NULL),
(1183, 117, 1, 4, 1, 1, 1, '2018-06-06 00:00:00', '2018-06-06 00:00:00', NULL),
(1184, 117, 1, 5, 1, 1, 1, '2018-06-06 00:00:00', '2018-06-06 00:00:00', NULL),
(1185, 117, 1, 6, 1, 1, 1, '2018-06-06 00:00:00', '2018-06-06 00:00:00', NULL),
(1186, 117, 1, 7, 1, 1, 1, '2018-06-06 00:00:00', '2018-06-06 00:00:00', NULL),
(1187, 130, 23, 1, 1, 1, 1, '2018-06-02 00:00:00', '2018-06-02 00:00:00', NULL),
(1188, 130, 23, 2, 1, 1, 1, '2018-06-02 00:00:00', '2018-06-02 00:00:00', NULL),
(1189, 456, 28, 1, 1, 1, 1, '2018-06-07 00:00:00', '2018-06-07 00:00:00', NULL),
(1190, 456, 28, 2, 1, 1, 1, '2018-06-07 00:00:00', '2018-06-07 00:00:00', NULL),
(1191, 456, 28, 3, 1, 1, 1, '2018-06-07 00:00:00', '2018-06-07 00:00:00', NULL),
(1192, 456, 28, 4, 1, 1, 1, '2018-06-07 00:00:00', '2018-06-07 00:00:00', NULL),
(1193, 304, 30, 1, 1, 1, 1, '2018-06-04 00:00:00', '2018-06-04 00:00:00', NULL),
(1194, 304, 30, 2, 1, 1, 1, '2018-06-04 00:00:00', '2018-06-04 00:00:00', NULL),
(1195, 304, 30, 3, 1, 1, 1, '2018-06-04 00:00:00', '2018-06-04 00:00:00', NULL),
(1196, 304, 30, 4, 1, 1, 1, '2018-06-04 00:00:00', '2018-06-04 00:00:00', NULL),
(1197, 304, 30, 5, 1, 1, 1, '2018-06-04 00:00:00', '2018-06-04 00:00:00', NULL),
(1198, 304, 30, 6, 1, 1, 1, '2018-06-04 00:00:00', '2018-06-04 00:00:00', NULL),
(1199, 304, 30, 7, 1, 1, 1, '2018-06-04 00:00:00', '2018-06-04 00:00:00', NULL),
(1200, 304, 30, 8, 1, 1, 1, '2018-06-04 00:00:00', '2018-06-04 00:00:00', NULL),
(1201, 14, 26, 1, 1, 1, 1, '2018-06-07 00:00:00', '2018-06-07 00:00:00', NULL),
(1202, 14, 26, 2, 1, 1, 1, '2018-06-07 00:00:00', '2018-06-07 00:00:00', NULL),
(1203, 14, 26, 3, 1, 1, 1, '2018-06-07 00:00:00', '2018-06-07 00:00:00', NULL),
(1204, 14, 26, 4, 1, 1, 1, '2018-06-07 00:00:00', '2018-06-07 00:00:00', NULL),
(1205, 92, 31, 1, 1, 1, 1, '2018-06-03 00:00:00', '2018-06-03 00:00:00', NULL),
(1206, 92, 31, 2, 1, 1, 1, '2018-06-03 00:00:00', '2018-06-03 00:00:00', NULL),
(1207, 724, 23, 1, 1, 1, 1, '2018-06-05 00:00:00', '2018-06-05 00:00:00', NULL),
(1208, 724, 23, 2, 1, 1, 1, '2018-06-05 00:00:00', '2018-06-05 00:00:00', NULL),
(1209, 724, 23, 3, 1, 1, 1, '2018-06-05 00:00:00', '2018-06-05 00:00:00', NULL),
(1210, 724, 23, 4, 1, 1, 1, '2018-06-05 00:00:00', '2018-06-05 00:00:00', NULL),
(1211, 198, 28, 1, 1, 1, 1, '2018-06-05 00:00:00', '2018-06-05 00:00:00', NULL),
(1212, 198, 28, 2, 1, 1, 1, '2018-06-05 00:00:00', '2018-06-05 00:00:00', NULL),
(1213, 198, 28, 3, 1, 1, 1, '2018-06-05 00:00:00', '2018-06-05 00:00:00', NULL),
(1214, 198, 28, 4, 1, 1, 1, '2018-06-05 00:00:00', '2018-06-05 00:00:00', NULL),
(1215, 198, 28, 5, 1, 1, 1, '2018-06-05 00:00:00', '2018-06-05 00:00:00', NULL),
(1216, 198, 28, 6, 1, 1, 1, '2018-06-05 00:00:00', '2018-06-05 00:00:00', NULL),
(1217, 198, 28, 7, 1, 1, 1, '2018-06-05 00:00:00', '2018-06-05 00:00:00', NULL),
(1218, 137, 26, 1, 1, 1, 1, '2018-06-01 00:00:00', '2018-06-01 00:00:00', NULL),
(1219, 137, 26, 2, 1, 1, 1, '2018-06-01 00:00:00', '2018-06-01 00:00:00', NULL),
(1220, 137, 26, 3, 1, 1, 1, '2018-06-01 00:00:00', '2018-06-01 00:00:00', NULL),
(1221, 34, 25, 1, 1, 1, 1, '2018-06-01 00:00:00', '2018-06-01 00:00:00', NULL),
(1222, 34, 25, 2, 1, 1, 1, '2018-06-01 00:00:00', '2018-06-01 00:00:00', NULL),
(1223, 34, 25, 3, 1, 1, 1, '2018-06-01 00:00:00', '2018-06-01 00:00:00', NULL),
(1224, 34, 25, 4, 1, 1, 1, '2018-06-01 00:00:00', '2018-06-01 00:00:00', NULL),
(1225, 34, 25, 5, 1, 1, 1, '2018-06-01 00:00:00', '2018-06-01 00:00:00', NULL),
(1226, 444, 24, 1, 1, 1, 1, '2018-06-05 00:00:00', '2018-06-05 00:00:00', NULL),
(1227, 444, 24, 2, 1, 1, 1, '2018-06-05 00:00:00', '2018-06-05 00:00:00', NULL),
(1228, 79, 28, 1, 1, 1, 1, '2018-06-03 00:00:00', '2018-06-03 00:00:00', NULL),
(1229, 79, 28, 2, 1, 1, 1, '2018-06-03 00:00:00', '2018-06-03 00:00:00', NULL),
(1230, 79, 28, 3, 1, 1, 1, '2018-06-03 00:00:00', '2018-06-03 00:00:00', NULL),
(1231, 79, 28, 4, 1, 1, 1, '2018-06-03 00:00:00', '2018-06-03 00:00:00', NULL),
(1232, 79, 28, 5, 1, 1, 1, '2018-06-03 00:00:00', '2018-06-03 00:00:00', NULL),
(1233, 606, 22, 1, 1, 1, 1, '2018-06-01 00:00:00', '2018-06-01 00:00:00', NULL),
(1234, 606, 22, 2, 1, 1, 1, '2018-06-01 00:00:00', '2018-06-01 00:00:00', NULL),
(1235, 606, 22, 3, 1, 1, 1, '2018-06-01 00:00:00', '2018-06-01 00:00:00', NULL),
(1236, 606, 22, 4, 1, 1, 1, '2018-06-01 00:00:00', '2018-06-01 00:00:00', NULL),
(1237, 606, 22, 5, 1, 1, 1, '2018-06-01 00:00:00', '2018-06-01 00:00:00', NULL),
(1238, 606, 22, 6, 1, 1, 1, '2018-06-01 00:00:00', '2018-06-01 00:00:00', NULL),
(1239, 606, 22, 7, 1, 1, 1, '2018-06-01 00:00:00', '2018-06-01 00:00:00', NULL),
(1240, 478, 26, 1, 1, 1, 1, '2018-06-04 00:00:00', '2018-06-04 00:00:00', NULL),
(1241, 478, 26, 2, 1, 1, 1, '2018-06-04 00:00:00', '2018-06-04 00:00:00', NULL),
(1242, 478, 26, 3, 1, 1, 1, '2018-06-04 00:00:00', '2018-06-04 00:00:00', NULL),
(1243, 478, 26, 4, 1, 1, 1, '2018-06-04 00:00:00', '2018-06-04 00:00:00', NULL),
(1244, 318, 30, 1, 1, 1, 1, '2018-06-03 00:00:00', '2018-06-03 00:00:00', NULL),
(1245, 100, 30, 1, 1, 1, 1, '2018-06-05 00:00:00', '2018-06-05 00:00:00', NULL),
(1246, 100, 30, 2, 1, 1, 1, '2018-06-05 00:00:00', '2018-06-05 00:00:00', NULL),
(1247, 100, 30, 3, 1, 1, 1, '2018-06-05 00:00:00', '2018-06-05 00:00:00', NULL),
(1248, 100, 30, 4, 1, 1, 1, '2018-06-05 00:00:00', '2018-06-05 00:00:00', NULL),
(1249, 100, 30, 5, 1, 1, 1, '2018-06-05 00:00:00', '2018-06-05 00:00:00', NULL),
(1250, 100, 30, 6, 1, 1, 1, '2018-06-05 00:00:00', '2018-06-05 00:00:00', NULL),
(1251, 100, 30, 7, 1, 1, 1, '2018-06-05 00:00:00', '2018-06-05 00:00:00', NULL),
(1252, 100, 30, 8, 1, 1, 1, '2018-06-05 00:00:00', '2018-06-05 00:00:00', NULL),
(1253, 544, 31, 1, 1, 1, 1, '2018-06-05 00:00:00', '2018-06-05 00:00:00', NULL),
(1254, 544, 31, 2, 1, 1, 1, '2018-06-05 00:00:00', '2018-06-05 00:00:00', NULL),
(1255, 348, 24, 1, 1, 1, 1, '2018-06-04 00:00:00', '2018-06-04 00:00:00', NULL),
(1256, 181, 28, 1, 1, 1, 1, '2018-06-06 00:00:00', '2018-06-06 00:00:00', NULL),
(1257, 181, 28, 2, 1, 1, 1, '2018-06-06 00:00:00', '2018-06-06 00:00:00', NULL),
(1258, 181, 28, 3, 1, 1, 1, '2018-06-06 00:00:00', '2018-06-06 00:00:00', NULL),
(1259, 181, 28, 4, 1, 1, 1, '2018-06-06 00:00:00', '2018-06-06 00:00:00', NULL),
(1260, 181, 28, 5, 1, 1, 1, '2018-06-06 00:00:00', '2018-06-06 00:00:00', NULL),
(1261, 181, 28, 6, 1, 1, 1, '2018-06-06 00:00:00', '2018-06-06 00:00:00', NULL),
(1262, 181, 28, 7, 1, 1, 1, '2018-06-06 00:00:00', '2018-06-06 00:00:00', NULL),
(1263, 181, 28, 8, 1, 1, 1, '2018-06-06 00:00:00', '2018-06-06 00:00:00', NULL),
(1264, 528, 27, 1, 1, 1, 1, '2018-06-05 00:00:00', '2018-06-05 00:00:00', NULL),
(1265, 528, 27, 2, 1, 1, 1, '2018-06-05 00:00:00', '2018-06-05 00:00:00', NULL),
(1266, 528, 27, 3, 1, 1, 1, '2018-06-05 00:00:00', '2018-06-05 00:00:00', NULL),
(1267, 528, 27, 4, 1, 1, 1, '2018-06-05 00:00:00', '2018-06-05 00:00:00', NULL),
(1268, 528, 27, 5, 1, 1, 1, '2018-06-05 00:00:00', '2018-06-05 00:00:00', NULL),
(1269, 528, 27, 6, 1, 1, 1, '2018-06-05 00:00:00', '2018-06-05 00:00:00', NULL),
(1270, 528, 27, 7, 1, 1, 1, '2018-06-05 00:00:00', '2018-06-05 00:00:00', NULL),
(1271, 528, 27, 8, 1, 1, 1, '2018-06-05 00:00:00', '2018-06-05 00:00:00', NULL),
(1272, 596, 31, 1, 1, 1, 1, '2018-06-07 00:00:00', '2018-06-07 00:00:00', NULL),
(1273, 596, 31, 2, 1, 1, 1, '2018-06-07 00:00:00', '2018-06-07 00:00:00', NULL),
(1274, 596, 31, 3, 1, 1, 1, '2018-06-07 00:00:00', '2018-06-07 00:00:00', NULL),
(1275, 596, 31, 4, 1, 1, 1, '2018-06-07 00:00:00', '2018-06-07 00:00:00', NULL),
(1276, 596, 31, 5, 1, 1, 1, '2018-06-07 00:00:00', '2018-06-07 00:00:00', NULL),
(1277, 596, 31, 6, 1, 1, 1, '2018-06-07 00:00:00', '2018-06-07 00:00:00', NULL);
INSERT INTO `call_history` (`id`, `contact_id`, `user_id`, `level_id`, `call_quality_level_id`, `status_service_id`, `status_call_id`, `created_at`, `updated_at`, `deleted_at`) VALUES
(1278, 774, 25, 1, 1, 1, 1, '2018-06-01 00:00:00', '2018-06-01 00:00:00', NULL),
(1279, 774, 25, 2, 1, 1, 1, '2018-06-01 00:00:00', '2018-06-01 00:00:00', NULL),
(1280, 774, 25, 3, 1, 1, 1, '2018-06-01 00:00:00', '2018-06-01 00:00:00', NULL),
(1281, 774, 25, 4, 1, 1, 1, '2018-06-01 00:00:00', '2018-06-01 00:00:00', NULL),
(1282, 314, 25, 1, 1, 1, 1, '2018-06-07 00:00:00', '2018-06-07 00:00:00', NULL),
(1283, 314, 25, 2, 1, 1, 1, '2018-06-07 00:00:00', '2018-06-07 00:00:00', NULL),
(1284, 314, 25, 3, 1, 1, 1, '2018-06-07 00:00:00', '2018-06-07 00:00:00', NULL),
(1285, 314, 25, 4, 1, 1, 1, '2018-06-07 00:00:00', '2018-06-07 00:00:00', NULL),
(1286, 314, 25, 5, 1, 1, 1, '2018-06-07 00:00:00', '2018-06-07 00:00:00', NULL),
(1287, 314, 25, 6, 1, 1, 1, '2018-06-07 00:00:00', '2018-06-07 00:00:00', NULL),
(1288, 314, 25, 7, 1, 1, 1, '2018-06-07 00:00:00', '2018-06-07 00:00:00', NULL),
(1289, 314, 25, 8, 1, 1, 1, '2018-06-07 00:00:00', '2018-06-07 00:00:00', NULL),
(1290, 578, 1, 1, 1, 1, 1, '2018-06-07 00:00:00', '2018-06-07 00:00:00', NULL),
(1291, 578, 1, 2, 1, 1, 1, '2018-06-07 00:00:00', '2018-06-07 00:00:00', NULL),
(1292, 578, 1, 3, 1, 1, 1, '2018-06-07 00:00:00', '2018-06-07 00:00:00', NULL),
(1293, 578, 1, 4, 1, 1, 1, '2018-06-07 00:00:00', '2018-06-07 00:00:00', NULL),
(1294, 578, 1, 5, 1, 1, 1, '2018-06-07 00:00:00', '2018-06-07 00:00:00', NULL),
(1295, 73, 26, 1, 1, 1, 1, '2018-06-03 00:00:00', '2018-06-03 00:00:00', NULL),
(1296, 73, 26, 2, 1, 1, 1, '2018-06-03 00:00:00', '2018-06-03 00:00:00', NULL),
(1297, 73, 26, 3, 1, 1, 1, '2018-06-03 00:00:00', '2018-06-03 00:00:00', NULL),
(1298, 778, 22, 1, 1, 1, 1, '2018-05-31 00:00:00', '2018-05-31 00:00:00', NULL),
(1299, 778, 22, 2, 1, 1, 1, '2018-05-31 00:00:00', '2018-05-31 00:00:00', NULL),
(1300, 296, 29, 1, 1, 1, 1, '2018-06-03 00:00:00', '2018-06-03 00:00:00', NULL),
(1301, 296, 29, 2, 1, 1, 1, '2018-06-03 00:00:00', '2018-06-03 00:00:00', NULL),
(1302, 296, 29, 3, 1, 1, 1, '2018-06-03 00:00:00', '2018-06-03 00:00:00', NULL),
(1303, 296, 29, 4, 1, 1, 1, '2018-06-03 00:00:00', '2018-06-03 00:00:00', NULL),
(1304, 296, 29, 5, 1, 1, 1, '2018-06-03 00:00:00', '2018-06-03 00:00:00', NULL),
(1305, 296, 29, 6, 1, 1, 1, '2018-06-03 00:00:00', '2018-06-03 00:00:00', NULL),
(1306, 296, 29, 7, 1, 1, 1, '2018-06-03 00:00:00', '2018-06-03 00:00:00', NULL),
(1307, 296, 29, 8, 1, 1, 1, '2018-06-03 00:00:00', '2018-06-03 00:00:00', NULL),
(1308, 569, 28, 1, 1, 1, 1, '2018-05-31 00:00:00', '2018-05-31 00:00:00', NULL),
(1309, 569, 28, 2, 1, 1, 1, '2018-05-31 00:00:00', '2018-05-31 00:00:00', NULL),
(1310, 569, 28, 3, 1, 1, 1, '2018-05-31 00:00:00', '2018-05-31 00:00:00', NULL),
(1311, 569, 28, 4, 1, 1, 1, '2018-05-31 00:00:00', '2018-05-31 00:00:00', NULL),
(1312, 569, 28, 5, 1, 1, 1, '2018-05-31 00:00:00', '2018-05-31 00:00:00', NULL),
(1313, 569, 28, 6, 1, 1, 1, '2018-05-31 00:00:00', '2018-05-31 00:00:00', NULL),
(1314, 569, 28, 7, 1, 1, 1, '2018-05-31 00:00:00', '2018-05-31 00:00:00', NULL),
(1315, 592, 26, 1, 1, 1, 1, '2018-06-07 00:00:00', '2018-06-07 00:00:00', NULL),
(1316, 592, 26, 2, 1, 1, 1, '2018-06-07 00:00:00', '2018-06-07 00:00:00', NULL),
(1317, 662, 1, 1, 1, 1, 1, '2018-06-02 00:00:00', '2018-06-02 00:00:00', NULL),
(1318, 662, 1, 2, 1, 1, 1, '2018-06-02 00:00:00', '2018-06-02 00:00:00', NULL),
(1319, 662, 1, 3, 1, 1, 1, '2018-06-02 00:00:00', '2018-06-02 00:00:00', NULL),
(1320, 662, 1, 4, 1, 1, 1, '2018-06-02 00:00:00', '2018-06-02 00:00:00', NULL),
(1321, 662, 1, 5, 1, 1, 1, '2018-06-02 00:00:00', '2018-06-02 00:00:00', NULL),
(1322, 694, 22, 1, 1, 1, 1, '2018-06-07 00:00:00', '2018-06-07 00:00:00', NULL),
(1323, 694, 22, 2, 1, 1, 1, '2018-06-07 00:00:00', '2018-06-07 00:00:00', NULL),
(1324, 287, 22, 1, 1, 1, 1, '2018-06-03 00:00:00', '2018-06-03 00:00:00', NULL),
(1325, 287, 22, 2, 1, 1, 1, '2018-06-03 00:00:00', '2018-06-03 00:00:00', NULL),
(1326, 287, 22, 3, 1, 1, 1, '2018-06-03 00:00:00', '2018-06-03 00:00:00', NULL),
(1327, 753, 28, 1, 1, 1, 1, '2018-06-06 00:00:00', '2018-06-06 00:00:00', NULL),
(1328, 753, 28, 2, 1, 1, 1, '2018-06-06 00:00:00', '2018-06-06 00:00:00', NULL),
(1329, 753, 28, 3, 1, 1, 1, '2018-06-06 00:00:00', '2018-06-06 00:00:00', NULL),
(1330, 753, 28, 4, 1, 1, 1, '2018-06-06 00:00:00', '2018-06-06 00:00:00', NULL),
(1331, 746, 28, 1, 1, 1, 1, '2018-06-04 00:00:00', '2018-06-04 00:00:00', NULL),
(1332, 746, 28, 2, 1, 1, 1, '2018-06-04 00:00:00', '2018-06-04 00:00:00', NULL),
(1333, 746, 28, 3, 1, 1, 1, '2018-06-04 00:00:00', '2018-06-04 00:00:00', NULL),
(1334, 17, 25, 1, 1, 1, 1, '2018-06-03 00:00:00', '2018-06-03 00:00:00', NULL),
(1335, 17, 25, 2, 1, 1, 1, '2018-06-03 00:00:00', '2018-06-03 00:00:00', NULL),
(1336, 17, 25, 3, 1, 1, 1, '2018-06-03 00:00:00', '2018-06-03 00:00:00', NULL),
(1337, 17, 25, 4, 1, 1, 1, '2018-06-03 00:00:00', '2018-06-03 00:00:00', NULL),
(1338, 17, 25, 5, 1, 1, 1, '2018-06-03 00:00:00', '2018-06-03 00:00:00', NULL),
(1339, 17, 25, 6, 1, 1, 1, '2018-06-03 00:00:00', '2018-06-03 00:00:00', NULL),
(1340, 17, 25, 7, 1, 1, 1, '2018-06-03 00:00:00', '2018-06-03 00:00:00', NULL),
(1341, 17, 25, 8, 1, 1, 1, '2018-06-03 00:00:00', '2018-06-03 00:00:00', NULL),
(1342, 8, 26, 1, 1, 1, 1, '2018-06-01 00:00:00', '2018-06-01 00:00:00', NULL),
(1343, 8, 26, 2, 1, 1, 1, '2018-06-01 00:00:00', '2018-06-01 00:00:00', NULL),
(1344, 8, 26, 3, 1, 1, 1, '2018-06-01 00:00:00', '2018-06-01 00:00:00', NULL),
(1345, 8, 26, 4, 1, 1, 1, '2018-06-01 00:00:00', '2018-06-01 00:00:00', NULL),
(1346, 627, 1, 1, 1, 1, 1, '2018-06-07 00:00:00', '2018-06-07 00:00:00', NULL),
(1347, 627, 1, 2, 1, 1, 1, '2018-06-07 00:00:00', '2018-06-07 00:00:00', NULL),
(1348, 627, 1, 3, 1, 1, 1, '2018-06-07 00:00:00', '2018-06-07 00:00:00', NULL),
(1349, 627, 1, 4, 1, 1, 1, '2018-06-07 00:00:00', '2018-06-07 00:00:00', NULL),
(1350, 627, 1, 5, 1, 1, 1, '2018-06-07 00:00:00', '2018-06-07 00:00:00', NULL),
(1351, 627, 1, 6, 1, 1, 1, '2018-06-07 00:00:00', '2018-06-07 00:00:00', NULL),
(1352, 219, 31, 1, 1, 1, 1, '2018-06-04 00:00:00', '2018-06-04 00:00:00', NULL),
(1353, 219, 31, 2, 1, 1, 1, '2018-06-04 00:00:00', '2018-06-04 00:00:00', NULL),
(1354, 219, 31, 3, 1, 1, 1, '2018-06-04 00:00:00', '2018-06-04 00:00:00', NULL),
(1355, 219, 31, 4, 1, 1, 1, '2018-06-04 00:00:00', '2018-06-04 00:00:00', NULL),
(1356, 459, 26, 1, 1, 1, 1, '2018-06-02 00:00:00', '2018-06-02 00:00:00', NULL),
(1357, 459, 26, 2, 1, 1, 1, '2018-06-02 00:00:00', '2018-06-02 00:00:00', NULL),
(1358, 459, 26, 3, 1, 1, 1, '2018-06-02 00:00:00', '2018-06-02 00:00:00', NULL),
(1359, 459, 26, 4, 1, 1, 1, '2018-06-02 00:00:00', '2018-06-02 00:00:00', NULL),
(1360, 542, 1, 1, 1, 1, 1, '2018-06-04 00:00:00', '2018-06-04 00:00:00', NULL),
(1361, 542, 1, 2, 1, 1, 1, '2018-06-04 00:00:00', '2018-06-04 00:00:00', NULL),
(1362, 542, 1, 3, 1, 1, 1, '2018-06-04 00:00:00', '2018-06-04 00:00:00', NULL),
(1363, 36, 30, 1, 1, 1, 1, '2018-05-31 00:00:00', '2018-05-31 00:00:00', NULL),
(1364, 36, 30, 2, 1, 1, 1, '2018-05-31 00:00:00', '2018-05-31 00:00:00', NULL),
(1365, 36, 30, 3, 1, 1, 1, '2018-05-31 00:00:00', '2018-05-31 00:00:00', NULL),
(1366, 36, 30, 4, 1, 1, 1, '2018-05-31 00:00:00', '2018-05-31 00:00:00', NULL),
(1367, 36, 30, 5, 1, 1, 1, '2018-05-31 00:00:00', '2018-05-31 00:00:00', NULL),
(1368, 18, 26, 1, 1, 1, 1, '2018-06-04 00:00:00', '2018-06-04 00:00:00', NULL),
(1369, 18, 26, 2, 1, 1, 1, '2018-06-04 00:00:00', '2018-06-04 00:00:00', NULL),
(1370, 18, 26, 3, 1, 1, 1, '2018-06-04 00:00:00', '2018-06-04 00:00:00', NULL),
(1371, 18, 26, 4, 1, 1, 1, '2018-06-04 00:00:00', '2018-06-04 00:00:00', NULL),
(1372, 18, 26, 5, 1, 1, 1, '2018-06-04 00:00:00', '2018-06-04 00:00:00', NULL),
(1373, 408, 27, 1, 1, 1, 1, '2018-06-02 00:00:00', '2018-06-02 00:00:00', NULL),
(1374, 408, 27, 2, 1, 1, 1, '2018-06-02 00:00:00', '2018-06-02 00:00:00', NULL),
(1375, 408, 27, 3, 1, 1, 1, '2018-06-02 00:00:00', '2018-06-02 00:00:00', NULL),
(1376, 408, 27, 4, 1, 1, 1, '2018-06-02 00:00:00', '2018-06-02 00:00:00', NULL),
(1377, 489, 30, 1, 1, 1, 1, '2018-06-02 00:00:00', '2018-06-02 00:00:00', NULL),
(1378, 661, 29, 1, 1, 1, 1, '2018-06-03 00:00:00', '2018-06-03 00:00:00', NULL),
(1379, 661, 29, 2, 1, 1, 1, '2018-06-03 00:00:00', '2018-06-03 00:00:00', NULL),
(1380, 661, 29, 3, 1, 1, 1, '2018-06-03 00:00:00', '2018-06-03 00:00:00', NULL),
(1381, 661, 29, 4, 1, 1, 1, '2018-06-03 00:00:00', '2018-06-03 00:00:00', NULL),
(1382, 661, 29, 5, 1, 1, 1, '2018-06-03 00:00:00', '2018-06-03 00:00:00', NULL),
(1383, 661, 29, 6, 1, 1, 1, '2018-06-03 00:00:00', '2018-06-03 00:00:00', NULL),
(1384, 541, 22, 1, 1, 1, 1, '2018-06-05 00:00:00', '2018-06-05 00:00:00', NULL),
(1385, 541, 22, 2, 1, 1, 1, '2018-06-05 00:00:00', '2018-06-05 00:00:00', NULL),
(1386, 534, 1, 1, 1, 1, 1, '2018-05-31 00:00:00', '2018-05-31 00:00:00', NULL),
(1387, 534, 1, 2, 1, 1, 1, '2018-05-31 00:00:00', '2018-05-31 00:00:00', NULL),
(1388, 534, 1, 3, 1, 1, 1, '2018-05-31 00:00:00', '2018-05-31 00:00:00', NULL),
(1389, 267, 25, 1, 1, 1, 1, '2018-06-02 00:00:00', '2018-06-02 00:00:00', NULL),
(1390, 267, 25, 2, 1, 1, 1, '2018-06-02 00:00:00', '2018-06-02 00:00:00', NULL),
(1391, 267, 25, 3, 1, 1, 1, '2018-06-02 00:00:00', '2018-06-02 00:00:00', NULL),
(1392, 267, 25, 4, 1, 1, 1, '2018-06-02 00:00:00', '2018-06-02 00:00:00', NULL),
(1393, 267, 25, 5, 1, 1, 1, '2018-06-02 00:00:00', '2018-06-02 00:00:00', NULL),
(1394, 579, 25, 1, 1, 1, 1, '2018-06-04 00:00:00', '2018-06-04 00:00:00', NULL),
(1395, 579, 25, 2, 1, 1, 1, '2018-06-04 00:00:00', '2018-06-04 00:00:00', NULL),
(1396, 579, 25, 3, 1, 1, 1, '2018-06-04 00:00:00', '2018-06-04 00:00:00', NULL),
(1397, 579, 25, 4, 1, 1, 1, '2018-06-04 00:00:00', '2018-06-04 00:00:00', NULL),
(1398, 579, 25, 5, 1, 1, 1, '2018-06-04 00:00:00', '2018-06-04 00:00:00', NULL),
(1399, 579, 25, 6, 1, 1, 1, '2018-06-04 00:00:00', '2018-06-04 00:00:00', NULL),
(1400, 579, 25, 7, 1, 1, 1, '2018-06-04 00:00:00', '2018-06-04 00:00:00', NULL),
(1401, 579, 25, 8, 1, 1, 1, '2018-06-04 00:00:00', '2018-06-04 00:00:00', NULL),
(1402, 134, 28, 1, 1, 1, 1, '2018-06-03 00:00:00', '2018-06-03 00:00:00', NULL),
(1403, 134, 28, 2, 1, 1, 1, '2018-06-03 00:00:00', '2018-06-03 00:00:00', NULL),
(1404, 134, 28, 3, 1, 1, 1, '2018-06-03 00:00:00', '2018-06-03 00:00:00', NULL),
(1405, 303, 31, 1, 1, 1, 1, '2018-06-04 00:00:00', '2018-06-04 00:00:00', NULL),
(1406, 303, 31, 2, 1, 1, 1, '2018-06-04 00:00:00', '2018-06-04 00:00:00', NULL),
(1407, 303, 31, 3, 1, 1, 1, '2018-06-04 00:00:00', '2018-06-04 00:00:00', NULL),
(1408, 303, 31, 4, 1, 1, 1, '2018-06-04 00:00:00', '2018-06-04 00:00:00', NULL),
(1409, 303, 31, 5, 1, 1, 1, '2018-06-04 00:00:00', '2018-06-04 00:00:00', NULL),
(1410, 303, 31, 6, 1, 1, 1, '2018-06-04 00:00:00', '2018-06-04 00:00:00', NULL),
(1411, 303, 31, 7, 1, 1, 1, '2018-06-04 00:00:00', '2018-06-04 00:00:00', NULL),
(1412, 303, 31, 8, 1, 1, 1, '2018-06-04 00:00:00', '2018-06-04 00:00:00', NULL),
(1413, 468, 28, 1, 1, 1, 1, '2018-06-05 00:00:00', '2018-06-05 00:00:00', NULL),
(1414, 468, 28, 2, 1, 1, 1, '2018-06-05 00:00:00', '2018-06-05 00:00:00', NULL),
(1415, 468, 28, 3, 1, 1, 1, '2018-06-05 00:00:00', '2018-06-05 00:00:00', NULL),
(1416, 468, 28, 4, 1, 1, 1, '2018-06-05 00:00:00', '2018-06-05 00:00:00', NULL),
(1417, 593, 1, 1, 1, 1, 1, '2018-06-03 00:00:00', '2018-06-03 00:00:00', NULL),
(1418, 593, 1, 2, 1, 1, 1, '2018-06-03 00:00:00', '2018-06-03 00:00:00', NULL),
(1419, 593, 1, 3, 1, 1, 1, '2018-06-03 00:00:00', '2018-06-03 00:00:00', NULL),
(1420, 32, 22, 1, 1, 1, 1, '2018-06-03 00:00:00', '2018-06-03 00:00:00', NULL),
(1421, 32, 22, 2, 1, 1, 1, '2018-06-03 00:00:00', '2018-06-03 00:00:00', NULL),
(1422, 32, 22, 3, 1, 1, 1, '2018-06-03 00:00:00', '2018-06-03 00:00:00', NULL),
(1423, 32, 22, 4, 1, 1, 1, '2018-06-03 00:00:00', '2018-06-03 00:00:00', NULL),
(1424, 32, 22, 5, 1, 1, 1, '2018-06-03 00:00:00', '2018-06-03 00:00:00', NULL),
(1425, 546, 29, 1, 1, 1, 1, '2018-06-05 00:00:00', '2018-06-05 00:00:00', NULL),
(1426, 546, 29, 2, 1, 1, 1, '2018-06-05 00:00:00', '2018-06-05 00:00:00', NULL),
(1427, 546, 29, 3, 1, 1, 1, '2018-06-05 00:00:00', '2018-06-05 00:00:00', NULL),
(1428, 546, 29, 4, 1, 1, 1, '2018-06-05 00:00:00', '2018-06-05 00:00:00', NULL),
(1429, 637, 31, 1, 1, 1, 1, '2018-05-31 00:00:00', '2018-05-31 00:00:00', NULL),
(1430, 637, 31, 2, 1, 1, 1, '2018-05-31 00:00:00', '2018-05-31 00:00:00', NULL),
(1431, 637, 31, 3, 1, 1, 1, '2018-05-31 00:00:00', '2018-05-31 00:00:00', NULL),
(1432, 637, 31, 4, 1, 1, 1, '2018-05-31 00:00:00', '2018-05-31 00:00:00', NULL),
(1433, 637, 31, 5, 1, 1, 1, '2018-05-31 00:00:00', '2018-05-31 00:00:00', NULL),
(1434, 637, 31, 6, 1, 1, 1, '2018-05-31 00:00:00', '2018-05-31 00:00:00', NULL),
(1435, 75, 1, 1, 1, 1, 1, '2018-06-01 00:00:00', '2018-06-01 00:00:00', NULL),
(1436, 75, 1, 2, 1, 1, 1, '2018-06-01 00:00:00', '2018-06-01 00:00:00', NULL),
(1437, 75, 1, 3, 1, 1, 1, '2018-06-01 00:00:00', '2018-06-01 00:00:00', NULL),
(1438, 75, 1, 4, 1, 1, 1, '2018-06-01 00:00:00', '2018-06-01 00:00:00', NULL),
(1439, 431, 29, 1, 1, 1, 1, '2018-06-04 00:00:00', '2018-06-04 00:00:00', NULL),
(1440, 431, 29, 2, 1, 1, 1, '2018-06-04 00:00:00', '2018-06-04 00:00:00', NULL),
(1441, 265, 23, 1, 1, 1, 1, '2018-06-03 00:00:00', '2018-06-03 00:00:00', NULL),
(1442, 265, 23, 2, 1, 1, 1, '2018-06-03 00:00:00', '2018-06-03 00:00:00', NULL),
(1443, 265, 23, 3, 1, 1, 1, '2018-06-03 00:00:00', '2018-06-03 00:00:00', NULL),
(1444, 265, 23, 4, 1, 1, 1, '2018-06-03 00:00:00', '2018-06-03 00:00:00', NULL),
(1445, 265, 23, 5, 1, 1, 1, '2018-06-03 00:00:00', '2018-06-03 00:00:00', NULL),
(1446, 265, 23, 6, 1, 1, 1, '2018-06-03 00:00:00', '2018-06-03 00:00:00', NULL),
(1447, 265, 23, 7, 1, 1, 1, '2018-06-03 00:00:00', '2018-06-03 00:00:00', NULL),
(1448, 265, 23, 8, 1, 1, 1, '2018-06-03 00:00:00', '2018-06-03 00:00:00', NULL),
(1449, 437, 22, 1, 1, 1, 1, '2018-06-05 00:00:00', '2018-06-05 00:00:00', NULL),
(1450, 437, 22, 2, 1, 1, 1, '2018-06-05 00:00:00', '2018-06-05 00:00:00', NULL),
(1451, 437, 22, 3, 1, 1, 1, '2018-06-05 00:00:00', '2018-06-05 00:00:00', NULL),
(1452, 437, 22, 4, 1, 1, 1, '2018-06-05 00:00:00', '2018-06-05 00:00:00', NULL),
(1453, 437, 22, 5, 1, 1, 1, '2018-06-05 00:00:00', '2018-06-05 00:00:00', NULL),
(1454, 437, 22, 6, 1, 1, 1, '2018-06-05 00:00:00', '2018-06-05 00:00:00', NULL),
(1455, 33, 26, 1, 1, 1, 1, '2018-06-01 00:00:00', '2018-06-01 00:00:00', NULL),
(1456, 33, 26, 2, 1, 1, 1, '2018-06-01 00:00:00', '2018-06-01 00:00:00', NULL),
(1457, 396, 27, 1, 1, 1, 1, '2018-06-01 00:00:00', '2018-06-01 00:00:00', NULL),
(1458, 396, 27, 2, 1, 1, 1, '2018-06-01 00:00:00', '2018-06-01 00:00:00', NULL),
(1459, 396, 27, 3, 1, 1, 1, '2018-06-01 00:00:00', '2018-06-01 00:00:00', NULL),
(1460, 396, 27, 4, 1, 1, 1, '2018-06-01 00:00:00', '2018-06-01 00:00:00', NULL),
(1461, 396, 27, 5, 1, 1, 1, '2018-06-01 00:00:00', '2018-06-01 00:00:00', NULL),
(1462, 396, 27, 6, 1, 1, 1, '2018-06-01 00:00:00', '2018-06-01 00:00:00', NULL),
(1463, 396, 27, 7, 1, 1, 1, '2018-06-01 00:00:00', '2018-06-01 00:00:00', NULL),
(1464, 396, 27, 8, 1, 1, 1, '2018-06-01 00:00:00', '2018-06-01 00:00:00', NULL),
(1465, 687, 27, 1, 1, 1, 1, '2018-05-31 00:00:00', '2018-05-31 00:00:00', NULL),
(1466, 687, 27, 2, 1, 1, 1, '2018-05-31 00:00:00', '2018-05-31 00:00:00', NULL),
(1467, 687, 27, 3, 1, 1, 1, '2018-05-31 00:00:00', '2018-05-31 00:00:00', NULL),
(1468, 687, 27, 4, 1, 1, 1, '2018-05-31 00:00:00', '2018-05-31 00:00:00', NULL),
(1469, 687, 27, 5, 1, 1, 1, '2018-05-31 00:00:00', '2018-05-31 00:00:00', NULL),
(1470, 573, 24, 1, 1, 1, 1, '2018-06-06 00:00:00', '2018-06-06 00:00:00', NULL),
(1471, 573, 24, 2, 1, 1, 1, '2018-06-06 00:00:00', '2018-06-06 00:00:00', NULL),
(1472, 573, 24, 3, 1, 1, 1, '2018-06-06 00:00:00', '2018-06-06 00:00:00', NULL),
(1473, 573, 24, 4, 1, 1, 1, '2018-06-06 00:00:00', '2018-06-06 00:00:00', NULL),
(1474, 573, 24, 5, 1, 1, 1, '2018-06-06 00:00:00', '2018-06-06 00:00:00', NULL),
(1475, 309, 31, 1, 1, 1, 1, '2018-06-06 00:00:00', '2018-06-06 00:00:00', NULL),
(1476, 330, 29, 1, 1, 1, 1, '2018-05-31 00:00:00', '2018-05-31 00:00:00', NULL),
(1477, 330, 29, 2, 1, 1, 1, '2018-05-31 00:00:00', '2018-05-31 00:00:00', NULL),
(1478, 330, 29, 3, 1, 1, 1, '2018-05-31 00:00:00', '2018-05-31 00:00:00', NULL),
(1479, 330, 29, 4, 1, 1, 1, '2018-05-31 00:00:00', '2018-05-31 00:00:00', NULL),
(1480, 330, 29, 5, 1, 1, 1, '2018-05-31 00:00:00', '2018-05-31 00:00:00', NULL),
(1481, 330, 29, 6, 1, 1, 1, '2018-05-31 00:00:00', '2018-05-31 00:00:00', NULL),
(1482, 330, 29, 7, 1, 1, 1, '2018-05-31 00:00:00', '2018-05-31 00:00:00', NULL),
(1483, 330, 29, 8, 1, 1, 1, '2018-05-31 00:00:00', '2018-05-31 00:00:00', NULL),
(1484, 390, 30, 1, 1, 1, 1, '2018-06-02 00:00:00', '2018-06-02 00:00:00', NULL),
(1485, 390, 30, 2, 1, 1, 1, '2018-06-02 00:00:00', '2018-06-02 00:00:00', NULL),
(1486, 390, 30, 3, 1, 1, 1, '2018-06-02 00:00:00', '2018-06-02 00:00:00', NULL),
(1487, 390, 30, 4, 1, 1, 1, '2018-06-02 00:00:00', '2018-06-02 00:00:00', NULL),
(1488, 390, 30, 5, 1, 1, 1, '2018-06-02 00:00:00', '2018-06-02 00:00:00', NULL),
(1489, 373, 29, 1, 1, 1, 1, '2018-06-06 00:00:00', '2018-06-06 00:00:00', NULL),
(1490, 373, 29, 2, 1, 1, 1, '2018-06-06 00:00:00', '2018-06-06 00:00:00', NULL),
(1491, 373, 29, 3, 1, 1, 1, '2018-06-06 00:00:00', '2018-06-06 00:00:00', NULL),
(1492, 373, 29, 4, 1, 1, 1, '2018-06-06 00:00:00', '2018-06-06 00:00:00', NULL),
(1493, 346, 24, 1, 1, 1, 1, '2018-05-31 00:00:00', '2018-05-31 00:00:00', NULL),
(1494, 346, 24, 2, 1, 1, 1, '2018-05-31 00:00:00', '2018-05-31 00:00:00', NULL),
(1495, 346, 24, 3, 1, 1, 1, '2018-05-31 00:00:00', '2018-05-31 00:00:00', NULL),
(1496, 346, 24, 4, 1, 1, 1, '2018-05-31 00:00:00', '2018-05-31 00:00:00', NULL),
(1497, 346, 24, 5, 1, 1, 1, '2018-05-31 00:00:00', '2018-05-31 00:00:00', NULL),
(1498, 346, 24, 6, 1, 1, 1, '2018-05-31 00:00:00', '2018-05-31 00:00:00', NULL),
(1499, 346, 24, 7, 1, 1, 1, '2018-05-31 00:00:00', '2018-05-31 00:00:00', NULL),
(1500, 234, 29, 1, 1, 1, 1, '2018-06-07 00:00:00', '2018-06-07 00:00:00', NULL),
(1501, 234, 29, 2, 1, 1, 1, '2018-06-07 00:00:00', '2018-06-07 00:00:00', NULL),
(1502, 234, 29, 3, 1, 1, 1, '2018-06-07 00:00:00', '2018-06-07 00:00:00', NULL),
(1503, 234, 29, 4, 1, 1, 1, '2018-06-07 00:00:00', '2018-06-07 00:00:00', NULL),
(1504, 102, 29, 1, 1, 1, 1, '2018-06-07 00:00:00', '2018-06-07 00:00:00', NULL),
(1505, 102, 29, 2, 1, 1, 1, '2018-06-07 00:00:00', '2018-06-07 00:00:00', NULL),
(1506, 102, 29, 3, 1, 1, 1, '2018-06-07 00:00:00', '2018-06-07 00:00:00', NULL),
(1507, 102, 29, 4, 1, 1, 1, '2018-06-07 00:00:00', '2018-06-07 00:00:00', NULL),
(1508, 102, 29, 5, 1, 1, 1, '2018-06-07 00:00:00', '2018-06-07 00:00:00', NULL),
(1509, 102, 29, 6, 1, 1, 1, '2018-06-07 00:00:00', '2018-06-07 00:00:00', NULL),
(1510, 102, 29, 7, 1, 1, 1, '2018-06-07 00:00:00', '2018-06-07 00:00:00', NULL),
(1511, 504, 23, 1, 1, 1, 1, '2018-06-04 00:00:00', '2018-06-04 00:00:00', NULL),
(1512, 254, 24, 1, 1, 1, 1, '2018-06-05 00:00:00', '2018-06-05 00:00:00', NULL),
(1513, 254, 24, 2, 1, 1, 1, '2018-06-05 00:00:00', '2018-06-05 00:00:00', NULL),
(1514, 254, 24, 3, 1, 1, 1, '2018-06-05 00:00:00', '2018-06-05 00:00:00', NULL),
(1515, 736, 27, 1, 1, 1, 1, '2018-06-01 00:00:00', '2018-06-01 00:00:00', NULL),
(1516, 736, 27, 2, 1, 1, 1, '2018-06-01 00:00:00', '2018-06-01 00:00:00', NULL),
(1517, 736, 27, 3, 1, 1, 1, '2018-06-01 00:00:00', '2018-06-01 00:00:00', NULL),
(1518, 736, 27, 4, 1, 1, 1, '2018-06-01 00:00:00', '2018-06-01 00:00:00', NULL),
(1519, 736, 27, 5, 1, 1, 1, '2018-06-01 00:00:00', '2018-06-01 00:00:00', NULL),
(1520, 736, 27, 6, 1, 1, 1, '2018-06-01 00:00:00', '2018-06-01 00:00:00', NULL),
(1521, 736, 27, 7, 1, 1, 1, '2018-06-01 00:00:00', '2018-06-01 00:00:00', NULL),
(1522, 736, 27, 8, 1, 1, 1, '2018-06-01 00:00:00', '2018-06-01 00:00:00', NULL),
(1523, 59, 31, 1, 1, 1, 1, '2018-06-04 00:00:00', '2018-06-04 00:00:00', NULL),
(1524, 59, 31, 2, 1, 1, 1, '2018-06-04 00:00:00', '2018-06-04 00:00:00', NULL),
(1525, 436, 23, 1, 1, 1, 1, '2018-06-06 00:00:00', '2018-06-06 00:00:00', NULL),
(1526, 356, 23, 1, 1, 1, 1, '2018-06-07 00:00:00', '2018-06-07 00:00:00', NULL),
(1527, 356, 23, 2, 1, 1, 1, '2018-06-07 00:00:00', '2018-06-07 00:00:00', NULL),
(1528, 356, 23, 3, 1, 1, 1, '2018-06-07 00:00:00', '2018-06-07 00:00:00', NULL),
(1529, 356, 23, 4, 1, 1, 1, '2018-06-07 00:00:00', '2018-06-07 00:00:00', NULL),
(1530, 356, 23, 5, 1, 1, 1, '2018-06-07 00:00:00', '2018-06-07 00:00:00', NULL),
(1531, 356, 23, 6, 1, 1, 1, '2018-06-07 00:00:00', '2018-06-07 00:00:00', NULL),
(1532, 356, 23, 7, 1, 1, 1, '2018-06-07 00:00:00', '2018-06-07 00:00:00', NULL),
(1533, 418, 27, 1, 1, 1, 1, '2018-06-02 00:00:00', '2018-06-02 00:00:00', NULL),
(1534, 418, 27, 2, 1, 1, 1, '2018-06-02 00:00:00', '2018-06-02 00:00:00', NULL),
(1535, 418, 27, 3, 1, 1, 1, '2018-06-02 00:00:00', '2018-06-02 00:00:00', NULL),
(1536, 418, 27, 4, 1, 1, 1, '2018-06-02 00:00:00', '2018-06-02 00:00:00', NULL),
(1537, 361, 24, 1, 1, 1, 1, '2018-06-04 00:00:00', '2018-06-04 00:00:00', NULL),
(1538, 361, 24, 2, 1, 1, 1, '2018-06-04 00:00:00', '2018-06-04 00:00:00', NULL),
(1539, 361, 24, 3, 1, 1, 1, '2018-06-04 00:00:00', '2018-06-04 00:00:00', NULL),
(1540, 131, 28, 1, 1, 1, 1, '2018-06-06 00:00:00', '2018-06-06 00:00:00', NULL),
(1541, 131, 28, 2, 1, 1, 1, '2018-06-06 00:00:00', '2018-06-06 00:00:00', NULL),
(1542, 131, 28, 3, 1, 1, 1, '2018-06-06 00:00:00', '2018-06-06 00:00:00', NULL),
(1543, 131, 28, 4, 1, 1, 1, '2018-06-06 00:00:00', '2018-06-06 00:00:00', NULL),
(1544, 131, 28, 5, 1, 1, 1, '2018-06-06 00:00:00', '2018-06-06 00:00:00', NULL),
(1545, 131, 28, 6, 1, 1, 1, '2018-06-06 00:00:00', '2018-06-06 00:00:00', NULL),
(1546, 131, 28, 7, 1, 1, 1, '2018-06-06 00:00:00', '2018-06-06 00:00:00', NULL),
(1547, 131, 28, 8, 1, 1, 1, '2018-06-06 00:00:00', '2018-06-06 00:00:00', NULL),
(1548, 266, 22, 1, 1, 1, 1, '2018-06-02 00:00:00', '2018-06-02 00:00:00', NULL),
(1549, 266, 22, 2, 1, 1, 1, '2018-06-02 00:00:00', '2018-06-02 00:00:00', NULL),
(1550, 266, 22, 3, 1, 1, 1, '2018-06-02 00:00:00', '2018-06-02 00:00:00', NULL),
(1551, 266, 22, 4, 1, 1, 1, '2018-06-02 00:00:00', '2018-06-02 00:00:00', NULL),
(1552, 266, 22, 5, 1, 1, 1, '2018-06-02 00:00:00', '2018-06-02 00:00:00', NULL),
(1553, 266, 22, 6, 1, 1, 1, '2018-06-02 00:00:00', '2018-06-02 00:00:00', NULL),
(1554, 266, 22, 7, 1, 1, 1, '2018-06-02 00:00:00', '2018-06-02 00:00:00', NULL),
(1555, 224, 26, 1, 1, 1, 1, '2018-06-03 00:00:00', '2018-06-03 00:00:00', NULL),
(1556, 224, 26, 2, 1, 1, 1, '2018-06-03 00:00:00', '2018-06-03 00:00:00', NULL),
(1557, 224, 26, 3, 1, 1, 1, '2018-06-03 00:00:00', '2018-06-03 00:00:00', NULL),
(1558, 224, 26, 4, 1, 1, 1, '2018-06-03 00:00:00', '2018-06-03 00:00:00', NULL),
(1559, 224, 26, 5, 1, 1, 1, '2018-06-03 00:00:00', '2018-06-03 00:00:00', NULL),
(1560, 224, 26, 6, 1, 1, 1, '2018-06-03 00:00:00', '2018-06-03 00:00:00', NULL),
(1561, 24, 31, 1, 1, 1, 1, '2018-06-04 00:00:00', '2018-06-04 00:00:00', NULL),
(1562, 24, 31, 2, 1, 1, 1, '2018-06-04 00:00:00', '2018-06-04 00:00:00', NULL),
(1563, 24, 31, 3, 1, 1, 1, '2018-06-04 00:00:00', '2018-06-04 00:00:00', NULL),
(1564, 24, 31, 4, 1, 1, 1, '2018-06-04 00:00:00', '2018-06-04 00:00:00', NULL),
(1565, 24, 31, 5, 1, 1, 1, '2018-06-04 00:00:00', '2018-06-04 00:00:00', NULL),
(1566, 24, 31, 6, 1, 1, 1, '2018-06-04 00:00:00', '2018-06-04 00:00:00', NULL),
(1567, 24, 31, 7, 1, 1, 1, '2018-06-04 00:00:00', '2018-06-04 00:00:00', NULL),
(1568, 24, 31, 8, 1, 1, 1, '2018-06-04 00:00:00', '2018-06-04 00:00:00', NULL),
(1569, 123, 30, 1, 1, 1, 1, '2018-05-31 00:00:00', '2018-05-31 00:00:00', NULL),
(1570, 123, 30, 2, 1, 1, 1, '2018-05-31 00:00:00', '2018-05-31 00:00:00', NULL),
(1571, 123, 30, 3, 1, 1, 1, '2018-05-31 00:00:00', '2018-05-31 00:00:00', NULL),
(1572, 123, 30, 4, 1, 1, 1, '2018-05-31 00:00:00', '2018-05-31 00:00:00', NULL),
(1573, 123, 30, 5, 1, 1, 1, '2018-05-31 00:00:00', '2018-05-31 00:00:00', NULL),
(1574, 94, 28, 1, 1, 1, 1, '2018-06-06 00:00:00', '2018-06-06 00:00:00', NULL),
(1575, 94, 28, 2, 1, 1, 1, '2018-06-06 00:00:00', '2018-06-06 00:00:00', NULL),
(1576, 217, 30, 1, 1, 1, 1, '2018-06-07 00:00:00', '2018-06-07 00:00:00', NULL),
(1577, 217, 30, 2, 1, 1, 1, '2018-06-07 00:00:00', '2018-06-07 00:00:00', NULL),
(1578, 217, 30, 3, 1, 1, 1, '2018-06-07 00:00:00', '2018-06-07 00:00:00', NULL),
(1579, 217, 30, 4, 1, 1, 1, '2018-06-07 00:00:00', '2018-06-07 00:00:00', NULL),
(1580, 217, 30, 5, 1, 1, 1, '2018-06-07 00:00:00', '2018-06-07 00:00:00', NULL),
(1581, 217, 30, 6, 1, 1, 1, '2018-06-07 00:00:00', '2018-06-07 00:00:00', NULL),
(1582, 217, 30, 7, 1, 1, 1, '2018-06-07 00:00:00', '2018-06-07 00:00:00', NULL),
(1583, 651, 23, 1, 1, 1, 1, '2018-06-02 00:00:00', '2018-06-02 00:00:00', NULL),
(1584, 651, 23, 2, 1, 1, 1, '2018-06-02 00:00:00', '2018-06-02 00:00:00', NULL),
(1585, 651, 23, 3, 1, 1, 1, '2018-06-02 00:00:00', '2018-06-02 00:00:00', NULL),
(1586, 651, 23, 4, 1, 1, 1, '2018-06-02 00:00:00', '2018-06-02 00:00:00', NULL),
(1587, 651, 23, 5, 1, 1, 1, '2018-06-02 00:00:00', '2018-06-02 00:00:00', NULL),
(1588, 651, 23, 6, 1, 1, 1, '2018-06-02 00:00:00', '2018-06-02 00:00:00', NULL),
(1589, 651, 23, 7, 1, 1, 1, '2018-06-02 00:00:00', '2018-06-02 00:00:00', NULL),
(1590, 651, 23, 8, 1, 1, 1, '2018-06-02 00:00:00', '2018-06-02 00:00:00', NULL),
(1591, 351, 23, 1, 1, 1, 1, '2018-06-02 00:00:00', '2018-06-02 00:00:00', NULL),
(1592, 351, 23, 2, 1, 1, 1, '2018-06-02 00:00:00', '2018-06-02 00:00:00', NULL),
(1593, 351, 23, 3, 1, 1, 1, '2018-06-02 00:00:00', '2018-06-02 00:00:00', NULL),
(1594, 351, 23, 4, 1, 1, 1, '2018-06-02 00:00:00', '2018-06-02 00:00:00', NULL),
(1595, 351, 23, 5, 1, 1, 1, '2018-06-02 00:00:00', '2018-06-02 00:00:00', NULL),
(1596, 189, 1, 1, 1, 1, 1, '2018-06-01 00:00:00', '2018-06-01 00:00:00', NULL),
(1597, 189, 1, 2, 1, 1, 1, '2018-06-01 00:00:00', '2018-06-01 00:00:00', NULL),
(1598, 189, 1, 3, 1, 1, 1, '2018-06-01 00:00:00', '2018-06-01 00:00:00', NULL),
(1599, 189, 1, 4, 1, 1, 1, '2018-06-01 00:00:00', '2018-06-01 00:00:00', NULL),
(1600, 235, 23, 1, 1, 1, 1, '2018-06-03 00:00:00', '2018-06-03 00:00:00', NULL),
(1601, 235, 23, 2, 1, 1, 1, '2018-06-03 00:00:00', '2018-06-03 00:00:00', NULL),
(1602, 235, 23, 3, 1, 1, 1, '2018-06-03 00:00:00', '2018-06-03 00:00:00', NULL),
(1603, 235, 23, 4, 1, 1, 1, '2018-06-03 00:00:00', '2018-06-03 00:00:00', NULL),
(1604, 235, 23, 5, 1, 1, 1, '2018-06-03 00:00:00', '2018-06-03 00:00:00', NULL),
(1605, 235, 23, 6, 1, 1, 1, '2018-06-03 00:00:00', '2018-06-03 00:00:00', NULL),
(1606, 112, 1, 1, 1, 1, 1, '2018-06-05 00:00:00', '2018-06-05 00:00:00', NULL),
(1607, 112, 1, 2, 1, 1, 1, '2018-06-05 00:00:00', '2018-06-05 00:00:00', NULL),
(1608, 112, 1, 3, 1, 1, 1, '2018-06-05 00:00:00', '2018-06-05 00:00:00', NULL),
(1609, 112, 1, 4, 1, 1, 1, '2018-06-05 00:00:00', '2018-06-05 00:00:00', NULL),
(1610, 112, 1, 5, 1, 1, 1, '2018-06-05 00:00:00', '2018-06-05 00:00:00', NULL),
(1611, 112, 1, 6, 1, 1, 1, '2018-06-05 00:00:00', '2018-06-05 00:00:00', NULL),
(1612, 139, 26, 1, 1, 1, 1, '2018-06-04 00:00:00', '2018-06-04 00:00:00', NULL),
(1613, 139, 26, 2, 1, 1, 1, '2018-06-04 00:00:00', '2018-06-04 00:00:00', NULL),
(1614, 620, 27, 1, 1, 1, 1, '2018-06-02 00:00:00', '2018-06-02 00:00:00', NULL),
(1615, 620, 27, 2, 1, 1, 1, '2018-06-02 00:00:00', '2018-06-02 00:00:00', NULL),
(1616, 620, 27, 3, 1, 1, 1, '2018-06-02 00:00:00', '2018-06-02 00:00:00', NULL),
(1617, 620, 27, 4, 1, 1, 1, '2018-06-02 00:00:00', '2018-06-02 00:00:00', NULL),
(1618, 60, 31, 1, 1, 1, 1, '2018-06-04 00:00:00', '2018-06-04 00:00:00', NULL),
(1619, 60, 31, 2, 1, 1, 1, '2018-06-04 00:00:00', '2018-06-04 00:00:00', NULL),
(1620, 7, 27, 1, 1, 1, 1, '2018-06-04 00:00:00', '2018-06-04 00:00:00', NULL),
(1621, 317, 26, 1, 1, 1, 1, '2018-05-31 00:00:00', '2018-05-31 00:00:00', NULL),
(1622, 317, 26, 2, 1, 1, 1, '2018-05-31 00:00:00', '2018-05-31 00:00:00', NULL),
(1623, 317, 26, 3, 1, 1, 1, '2018-05-31 00:00:00', '2018-05-31 00:00:00', NULL),
(1624, 317, 26, 4, 1, 1, 1, '2018-05-31 00:00:00', '2018-05-31 00:00:00', NULL),
(1625, 317, 26, 5, 1, 1, 1, '2018-05-31 00:00:00', '2018-05-31 00:00:00', NULL),
(1626, 317, 26, 6, 1, 1, 1, '2018-05-31 00:00:00', '2018-05-31 00:00:00', NULL),
(1627, 317, 26, 7, 1, 1, 1, '2018-05-31 00:00:00', '2018-05-31 00:00:00', NULL),
(1628, 409, 24, 1, 1, 1, 1, '2018-06-01 00:00:00', '2018-06-01 00:00:00', NULL),
(1629, 97, 1, 1, 1, 1, 1, '2018-05-31 00:00:00', '2018-05-31 00:00:00', NULL),
(1630, 97, 1, 2, 1, 1, 1, '2018-05-31 00:00:00', '2018-05-31 00:00:00', NULL),
(1631, 97, 1, 3, 1, 1, 1, '2018-05-31 00:00:00', '2018-05-31 00:00:00', NULL),
(1632, 97, 1, 4, 1, 1, 1, '2018-05-31 00:00:00', '2018-05-31 00:00:00', NULL),
(1633, 97, 1, 5, 1, 1, 1, '2018-05-31 00:00:00', '2018-05-31 00:00:00', NULL),
(1634, 97, 1, 6, 1, 1, 1, '2018-05-31 00:00:00', '2018-05-31 00:00:00', NULL),
(1635, 145, 31, 1, 1, 1, 1, '2018-06-04 00:00:00', '2018-06-04 00:00:00', NULL),
(1636, 145, 31, 2, 1, 1, 1, '2018-06-04 00:00:00', '2018-06-04 00:00:00', NULL),
(1637, 145, 31, 3, 1, 1, 1, '2018-06-04 00:00:00', '2018-06-04 00:00:00', NULL),
(1638, 145, 31, 4, 1, 1, 1, '2018-06-04 00:00:00', '2018-06-04 00:00:00', NULL),
(1639, 486, 23, 1, 1, 1, 1, '2018-06-05 00:00:00', '2018-06-05 00:00:00', NULL),
(1640, 486, 23, 2, 1, 1, 1, '2018-06-05 00:00:00', '2018-06-05 00:00:00', NULL),
(1641, 486, 23, 3, 1, 1, 1, '2018-06-05 00:00:00', '2018-06-05 00:00:00', NULL),
(1642, 486, 23, 4, 1, 1, 1, '2018-06-05 00:00:00', '2018-06-05 00:00:00', NULL),
(1643, 486, 23, 5, 1, 1, 1, '2018-06-05 00:00:00', '2018-06-05 00:00:00', NULL),
(1644, 486, 23, 6, 1, 1, 1, '2018-06-05 00:00:00', '2018-06-05 00:00:00', NULL),
(1645, 215, 26, 1, 1, 1, 1, '2018-05-31 00:00:00', '2018-05-31 00:00:00', NULL),
(1646, 215, 26, 2, 1, 1, 1, '2018-05-31 00:00:00', '2018-05-31 00:00:00', NULL),
(1647, 215, 26, 3, 1, 1, 1, '2018-05-31 00:00:00', '2018-05-31 00:00:00', NULL),
(1648, 215, 26, 4, 1, 1, 1, '2018-05-31 00:00:00', '2018-05-31 00:00:00', NULL),
(1649, 215, 26, 5, 1, 1, 1, '2018-05-31 00:00:00', '2018-05-31 00:00:00', NULL),
(1650, 215, 26, 6, 1, 1, 1, '2018-05-31 00:00:00', '2018-05-31 00:00:00', NULL),
(1651, 215, 26, 7, 1, 1, 1, '2018-05-31 00:00:00', '2018-05-31 00:00:00', NULL),
(1652, 708, 24, 1, 1, 1, 1, '2018-06-02 00:00:00', '2018-06-02 00:00:00', NULL),
(1653, 708, 24, 2, 1, 1, 1, '2018-06-02 00:00:00', '2018-06-02 00:00:00', NULL),
(1654, 708, 24, 3, 1, 1, 1, '2018-06-02 00:00:00', '2018-06-02 00:00:00', NULL),
(1655, 708, 24, 4, 1, 1, 1, '2018-06-02 00:00:00', '2018-06-02 00:00:00', NULL),
(1656, 708, 24, 5, 1, 1, 1, '2018-06-02 00:00:00', '2018-06-02 00:00:00', NULL),
(1657, 708, 24, 6, 1, 1, 1, '2018-06-02 00:00:00', '2018-06-02 00:00:00', NULL),
(1658, 708, 24, 7, 1, 1, 1, '2018-06-02 00:00:00', '2018-06-02 00:00:00', NULL),
(1659, 595, 22, 1, 1, 1, 1, '2018-06-07 00:00:00', '2018-06-07 00:00:00', NULL),
(1660, 282, 27, 1, 1, 1, 1, '2018-06-02 00:00:00', '2018-06-02 00:00:00', NULL),
(1661, 31, 24, 1, 1, 1, 1, '2018-06-07 00:00:00', '2018-06-07 00:00:00', NULL),
(1662, 31, 24, 2, 1, 1, 1, '2018-06-07 00:00:00', '2018-06-07 00:00:00', NULL),
(1663, 31, 24, 3, 1, 1, 1, '2018-06-07 00:00:00', '2018-06-07 00:00:00', NULL),
(1664, 31, 24, 4, 1, 1, 1, '2018-06-07 00:00:00', '2018-06-07 00:00:00', NULL),
(1665, 31, 24, 5, 1, 1, 1, '2018-06-07 00:00:00', '2018-06-07 00:00:00', NULL),
(1666, 31, 24, 6, 1, 1, 1, '2018-06-07 00:00:00', '2018-06-07 00:00:00', NULL),
(1667, 159, 25, 1, 1, 1, 1, '2018-06-06 00:00:00', '2018-06-06 00:00:00', NULL),
(1668, 159, 25, 2, 1, 1, 1, '2018-06-06 00:00:00', '2018-06-06 00:00:00', NULL),
(1669, 551, 23, 1, 1, 1, 1, '2018-06-04 00:00:00', '2018-06-04 00:00:00', NULL),
(1670, 551, 23, 2, 1, 1, 1, '2018-06-04 00:00:00', '2018-06-04 00:00:00', NULL),
(1671, 551, 23, 3, 1, 1, 1, '2018-06-04 00:00:00', '2018-06-04 00:00:00', NULL),
(1672, 551, 23, 4, 1, 1, 1, '2018-06-04 00:00:00', '2018-06-04 00:00:00', NULL),
(1673, 551, 23, 5, 1, 1, 1, '2018-06-04 00:00:00', '2018-06-04 00:00:00', NULL),
(1674, 551, 23, 6, 1, 1, 1, '2018-06-04 00:00:00', '2018-06-04 00:00:00', NULL),
(1675, 530, 22, 1, 1, 1, 1, '2018-06-02 00:00:00', '2018-06-02 00:00:00', NULL),
(1676, 530, 22, 2, 1, 1, 1, '2018-06-02 00:00:00', '2018-06-02 00:00:00', NULL),
(1677, 530, 22, 3, 1, 1, 1, '2018-06-02 00:00:00', '2018-06-02 00:00:00', NULL),
(1678, 530, 22, 4, 1, 1, 1, '2018-06-02 00:00:00', '2018-06-02 00:00:00', NULL),
(1679, 530, 22, 5, 1, 1, 1, '2018-06-02 00:00:00', '2018-06-02 00:00:00', NULL),
(1680, 530, 22, 6, 1, 1, 1, '2018-06-02 00:00:00', '2018-06-02 00:00:00', NULL),
(1681, 530, 22, 7, 1, 1, 1, '2018-06-02 00:00:00', '2018-06-02 00:00:00', NULL),
(1682, 530, 22, 8, 1, 1, 1, '2018-06-02 00:00:00', '2018-06-02 00:00:00', NULL),
(1683, 238, 23, 1, 1, 1, 1, '2018-06-04 00:00:00', '2018-06-04 00:00:00', NULL),
(1684, 238, 23, 2, 1, 1, 1, '2018-06-04 00:00:00', '2018-06-04 00:00:00', NULL),
(1685, 238, 23, 3, 1, 1, 1, '2018-06-04 00:00:00', '2018-06-04 00:00:00', NULL),
(1686, 238, 23, 4, 1, 1, 1, '2018-06-04 00:00:00', '2018-06-04 00:00:00', NULL),
(1687, 238, 23, 5, 1, 1, 1, '2018-06-04 00:00:00', '2018-06-04 00:00:00', NULL),
(1688, 238, 23, 6, 1, 1, 1, '2018-06-04 00:00:00', '2018-06-04 00:00:00', NULL),
(1689, 238, 23, 7, 1, 1, 1, '2018-06-04 00:00:00', '2018-06-04 00:00:00', NULL),
(1690, 238, 23, 8, 1, 1, 1, '2018-06-04 00:00:00', '2018-06-04 00:00:00', NULL),
(1691, 20, 30, 1, 1, 1, 1, '2018-06-05 00:00:00', '2018-06-05 00:00:00', NULL),
(1692, 20, 30, 2, 1, 1, 1, '2018-06-05 00:00:00', '2018-06-05 00:00:00', NULL),
(1693, 20, 30, 3, 1, 1, 1, '2018-06-05 00:00:00', '2018-06-05 00:00:00', NULL),
(1694, 20, 30, 4, 1, 1, 1, '2018-06-05 00:00:00', '2018-06-05 00:00:00', NULL),
(1695, 20, 30, 5, 1, 1, 1, '2018-06-05 00:00:00', '2018-06-05 00:00:00', NULL),
(1696, 20, 30, 6, 1, 1, 1, '2018-06-05 00:00:00', '2018-06-05 00:00:00', NULL),
(1697, 20, 30, 7, 1, 1, 1, '2018-06-05 00:00:00', '2018-06-05 00:00:00', NULL),
(1698, 66, 22, 1, 1, 1, 1, '2018-06-04 00:00:00', '2018-06-04 00:00:00', NULL),
(1699, 66, 22, 2, 1, 1, 1, '2018-06-04 00:00:00', '2018-06-04 00:00:00', NULL),
(1700, 721, 28, 1, 1, 1, 1, '2018-06-07 00:00:00', '2018-06-07 00:00:00', NULL),
(1701, 721, 28, 2, 1, 1, 1, '2018-06-07 00:00:00', '2018-06-07 00:00:00', NULL),
(1702, 721, 28, 3, 1, 1, 1, '2018-06-07 00:00:00', '2018-06-07 00:00:00', NULL),
(1703, 721, 28, 4, 1, 1, 1, '2018-06-07 00:00:00', '2018-06-07 00:00:00', NULL),
(1704, 175, 22, 1, 1, 1, 1, '2018-06-04 00:00:00', '2018-06-04 00:00:00', NULL),
(1705, 633, 27, 1, 1, 1, 1, '2018-06-04 00:00:00', '2018-06-04 00:00:00', NULL),
(1706, 633, 27, 2, 1, 1, 1, '2018-06-04 00:00:00', '2018-06-04 00:00:00', NULL),
(1707, 633, 27, 3, 1, 1, 1, '2018-06-04 00:00:00', '2018-06-04 00:00:00', NULL),
(1708, 633, 27, 4, 1, 1, 1, '2018-06-04 00:00:00', '2018-06-04 00:00:00', NULL),
(1709, 633, 27, 5, 1, 1, 1, '2018-06-04 00:00:00', '2018-06-04 00:00:00', NULL),
(1710, 633, 27, 6, 1, 1, 1, '2018-06-04 00:00:00', '2018-06-04 00:00:00', NULL),
(1711, 633, 27, 7, 1, 1, 1, '2018-06-04 00:00:00', '2018-06-04 00:00:00', NULL),
(1712, 771, 1, 1, 1, 1, 1, '2018-06-07 00:00:00', '2018-06-07 00:00:00', NULL),
(1713, 771, 1, 2, 1, 1, 1, '2018-06-07 00:00:00', '2018-06-07 00:00:00', NULL),
(1714, 771, 1, 3, 1, 1, 1, '2018-06-07 00:00:00', '2018-06-07 00:00:00', NULL),
(1715, 764, 25, 1, 1, 1, 1, '2018-06-05 00:00:00', '2018-06-05 00:00:00', NULL),
(1716, 764, 25, 2, 1, 1, 1, '2018-06-05 00:00:00', '2018-06-05 00:00:00', NULL),
(1717, 764, 25, 3, 1, 1, 1, '2018-06-05 00:00:00', '2018-06-05 00:00:00', NULL),
(1718, 764, 25, 4, 1, 1, 1, '2018-06-05 00:00:00', '2018-06-05 00:00:00', NULL),
(1719, 764, 25, 5, 1, 1, 1, '2018-06-05 00:00:00', '2018-06-05 00:00:00', NULL),
(1720, 469, 27, 1, 1, 1, 1, '2018-05-31 00:00:00', '2018-05-31 00:00:00', NULL),
(1721, 469, 27, 2, 1, 1, 1, '2018-05-31 00:00:00', '2018-05-31 00:00:00', NULL),
(1722, 469, 27, 3, 1, 1, 1, '2018-05-31 00:00:00', '2018-05-31 00:00:00', NULL),
(1723, 469, 27, 4, 1, 1, 1, '2018-05-31 00:00:00', '2018-05-31 00:00:00', NULL),
(1724, 458, 31, 1, 1, 1, 1, '2018-06-02 00:00:00', '2018-06-02 00:00:00', NULL),
(1725, 458, 31, 2, 1, 1, 1, '2018-06-02 00:00:00', '2018-06-02 00:00:00', NULL),
(1726, 458, 31, 3, 1, 1, 1, '2018-06-02 00:00:00', '2018-06-02 00:00:00', NULL),
(1727, 458, 31, 4, 1, 1, 1, '2018-06-02 00:00:00', '2018-06-02 00:00:00', NULL),
(1728, 458, 31, 5, 1, 1, 1, '2018-06-02 00:00:00', '2018-06-02 00:00:00', NULL),
(1729, 458, 31, 6, 1, 1, 1, '2018-06-02 00:00:00', '2018-06-02 00:00:00', NULL),
(1730, 458, 31, 7, 1, 1, 1, '2018-06-02 00:00:00', '2018-06-02 00:00:00', NULL),
(1731, 458, 31, 8, 1, 1, 1, '2018-06-02 00:00:00', '2018-06-02 00:00:00', NULL),
(1732, 243, 25, 1, 1, 1, 1, '2018-06-07 00:00:00', '2018-06-07 00:00:00', NULL),
(1733, 243, 25, 2, 1, 1, 1, '2018-06-07 00:00:00', '2018-06-07 00:00:00', NULL),
(1734, 243, 25, 3, 1, 1, 1, '2018-06-07 00:00:00', '2018-06-07 00:00:00', NULL),
(1735, 243, 25, 4, 1, 1, 1, '2018-06-07 00:00:00', '2018-06-07 00:00:00', NULL),
(1736, 243, 25, 5, 1, 1, 1, '2018-06-07 00:00:00', '2018-06-07 00:00:00', NULL),
(1737, 768, 29, 1, 1, 1, 1, '2018-06-06 00:00:00', '2018-06-06 00:00:00', NULL),
(1738, 768, 29, 2, 1, 1, 1, '2018-06-06 00:00:00', '2018-06-06 00:00:00', NULL),
(1739, 768, 29, 3, 1, 1, 1, '2018-06-06 00:00:00', '2018-06-06 00:00:00', NULL),
(1740, 768, 29, 4, 1, 1, 1, '2018-06-06 00:00:00', '2018-06-06 00:00:00', NULL),
(1741, 768, 29, 5, 1, 1, 1, '2018-06-06 00:00:00', '2018-06-06 00:00:00', NULL),
(1742, 768, 29, 6, 1, 1, 1, '2018-06-06 00:00:00', '2018-06-06 00:00:00', NULL),
(1743, 673, 23, 1, 1, 1, 1, '2018-05-31 00:00:00', '2018-05-31 00:00:00', NULL),
(1744, 673, 23, 2, 1, 1, 1, '2018-05-31 00:00:00', '2018-05-31 00:00:00', NULL),
(1745, 673, 23, 3, 1, 1, 1, '2018-05-31 00:00:00', '2018-05-31 00:00:00', NULL),
(1746, 673, 23, 4, 1, 1, 1, '2018-05-31 00:00:00', '2018-05-31 00:00:00', NULL),
(1747, 673, 23, 5, 1, 1, 1, '2018-05-31 00:00:00', '2018-05-31 00:00:00', NULL),
(1748, 673, 23, 6, 1, 1, 1, '2018-05-31 00:00:00', '2018-05-31 00:00:00', NULL),
(1749, 766, 22, 1, 1, 1, 1, '2018-06-01 00:00:00', '2018-06-01 00:00:00', NULL),
(1750, 766, 22, 2, 1, 1, 1, '2018-06-01 00:00:00', '2018-06-01 00:00:00', NULL),
(1751, 766, 22, 3, 1, 1, 1, '2018-06-01 00:00:00', '2018-06-01 00:00:00', NULL),
(1752, 766, 22, 4, 1, 1, 1, '2018-06-01 00:00:00', '2018-06-01 00:00:00', NULL),
(1753, 766, 22, 5, 1, 1, 1, '2018-06-01 00:00:00', '2018-06-01 00:00:00', NULL),
(1754, 197, 29, 1, 1, 1, 1, '2018-06-03 00:00:00', '2018-06-03 00:00:00', NULL),
(1755, 197, 29, 2, 1, 1, 1, '2018-06-03 00:00:00', '2018-06-03 00:00:00', NULL),
(1756, 197, 29, 3, 1, 1, 1, '2018-06-03 00:00:00', '2018-06-03 00:00:00', NULL),
(1757, 367, 24, 1, 1, 1, 1, '2018-06-05 00:00:00', '2018-06-05 00:00:00', NULL),
(1758, 367, 24, 2, 1, 1, 1, '2018-06-05 00:00:00', '2018-06-05 00:00:00', NULL),
(1759, 367, 24, 3, 1, 1, 1, '2018-06-05 00:00:00', '2018-06-05 00:00:00', NULL),
(1760, 308, 24, 1, 1, 1, 1, '2018-06-06 00:00:00', '2018-06-06 00:00:00', NULL),
(1761, 308, 24, 2, 1, 1, 1, '2018-06-06 00:00:00', '2018-06-06 00:00:00', NULL),
(1762, 308, 24, 3, 1, 1, 1, '2018-06-06 00:00:00', '2018-06-06 00:00:00', NULL),
(1763, 308, 24, 4, 1, 1, 1, '2018-06-06 00:00:00', '2018-06-06 00:00:00', NULL),
(1764, 308, 24, 5, 1, 1, 1, '2018-06-06 00:00:00', '2018-06-06 00:00:00', NULL),
(1765, 308, 24, 6, 1, 1, 1, '2018-06-06 00:00:00', '2018-06-06 00:00:00', NULL),
(1766, 308, 24, 7, 1, 1, 1, '2018-06-06 00:00:00', '2018-06-06 00:00:00', NULL),
(1767, 308, 24, 8, 1, 1, 1, '2018-06-06 00:00:00', '2018-06-06 00:00:00', NULL),
(1768, 167, 25, 1, 1, 1, 1, '2018-06-06 00:00:00', '2018-06-06 00:00:00', NULL),
(1769, 167, 25, 2, 1, 1, 1, '2018-06-06 00:00:00', '2018-06-06 00:00:00', NULL),
(1770, 167, 25, 3, 1, 1, 1, '2018-06-06 00:00:00', '2018-06-06 00:00:00', NULL),
(1771, 167, 25, 4, 1, 1, 1, '2018-06-06 00:00:00', '2018-06-06 00:00:00', NULL),
(1772, 167, 25, 5, 1, 1, 1, '2018-06-06 00:00:00', '2018-06-06 00:00:00', NULL),
(1773, 167, 25, 6, 1, 1, 1, '2018-06-06 00:00:00', '2018-06-06 00:00:00', NULL),
(1774, 167, 25, 7, 1, 1, 1, '2018-06-06 00:00:00', '2018-06-06 00:00:00', NULL),
(1775, 470, 30, 1, 1, 1, 1, '2018-06-03 00:00:00', '2018-06-03 00:00:00', NULL),
(1776, 470, 30, 2, 1, 1, 1, '2018-06-03 00:00:00', '2018-06-03 00:00:00', NULL),
(1777, 470, 30, 3, 1, 1, 1, '2018-06-03 00:00:00', '2018-06-03 00:00:00', NULL),
(1778, 470, 30, 4, 1, 1, 1, '2018-06-03 00:00:00', '2018-06-03 00:00:00', NULL),
(1779, 13, 29, 1, 1, 1, 1, '2018-06-03 00:00:00', '2018-06-03 00:00:00', NULL),
(1780, 13, 29, 2, 1, 1, 1, '2018-06-03 00:00:00', '2018-06-03 00:00:00', NULL),
(1781, 13, 29, 3, 1, 1, 1, '2018-06-03 00:00:00', '2018-06-03 00:00:00', NULL),
(1782, 13, 29, 4, 1, 1, 1, '2018-06-03 00:00:00', '2018-06-03 00:00:00', NULL),
(1783, 13, 29, 5, 1, 1, 1, '2018-06-03 00:00:00', '2018-06-03 00:00:00', NULL),
(1784, 13, 29, 6, 1, 1, 1, '2018-06-03 00:00:00', '2018-06-03 00:00:00', NULL),
(1785, 13, 29, 7, 1, 1, 1, '2018-06-03 00:00:00', '2018-06-03 00:00:00', NULL),
(1786, 40, 31, 1, 1, 1, 1, '2018-06-04 00:00:00', '2018-06-04 00:00:00', NULL),
(1787, 40, 31, 2, 1, 1, 1, '2018-06-04 00:00:00', '2018-06-04 00:00:00', NULL),
(1788, 40, 31, 3, 1, 1, 1, '2018-06-04 00:00:00', '2018-06-04 00:00:00', NULL),
(1789, 40, 31, 4, 1, 1, 1, '2018-06-04 00:00:00', '2018-06-04 00:00:00', NULL),
(1790, 40, 31, 5, 1, 1, 1, '2018-06-04 00:00:00', '2018-06-04 00:00:00', NULL),
(1791, 40, 31, 6, 1, 1, 1, '2018-06-04 00:00:00', '2018-06-04 00:00:00', NULL),
(1792, 138, 30, 1, 1, 1, 1, '2018-06-03 00:00:00', '2018-06-03 00:00:00', NULL),
(1793, 138, 30, 2, 1, 1, 1, '2018-06-03 00:00:00', '2018-06-03 00:00:00', NULL),
(1794, 138, 30, 3, 1, 1, 1, '2018-06-03 00:00:00', '2018-06-03 00:00:00', NULL),
(1795, 138, 30, 4, 1, 1, 1, '2018-06-03 00:00:00', '2018-06-03 00:00:00', NULL),
(1796, 738, 26, 1, 1, 1, 1, '2018-06-05 00:00:00', '2018-06-05 00:00:00', NULL),
(1797, 738, 26, 2, 1, 1, 1, '2018-06-05 00:00:00', '2018-06-05 00:00:00', NULL),
(1798, 738, 26, 3, 1, 1, 1, '2018-06-05 00:00:00', '2018-06-05 00:00:00', NULL),
(1799, 738, 26, 4, 1, 1, 1, '2018-06-05 00:00:00', '2018-06-05 00:00:00', NULL),
(1800, 365, 23, 1, 1, 1, 1, '2018-06-07 00:00:00', '2018-06-07 00:00:00', NULL),
(1801, 365, 23, 2, 1, 1, 1, '2018-06-07 00:00:00', '2018-06-07 00:00:00', NULL),
(1802, 365, 23, 3, 1, 1, 1, '2018-06-07 00:00:00', '2018-06-07 00:00:00', NULL),
(1803, 370, 24, 1, 1, 1, 1, '2018-05-31 00:00:00', '2018-05-31 00:00:00', NULL),
(1804, 370, 24, 2, 1, 1, 1, '2018-05-31 00:00:00', '2018-05-31 00:00:00', NULL),
(1805, 370, 24, 3, 1, 1, 1, '2018-05-31 00:00:00', '2018-05-31 00:00:00', NULL),
(1806, 370, 24, 4, 1, 1, 1, '2018-05-31 00:00:00', '2018-05-31 00:00:00', NULL),
(1807, 370, 24, 5, 1, 1, 1, '2018-05-31 00:00:00', '2018-05-31 00:00:00', NULL),
(1808, 370, 24, 6, 1, 1, 1, '2018-05-31 00:00:00', '2018-05-31 00:00:00', NULL),
(1809, 370, 24, 7, 1, 1, 1, '2018-05-31 00:00:00', '2018-05-31 00:00:00', NULL),
(1810, 763, 28, 1, 1, 1, 1, '2018-06-05 00:00:00', '2018-06-05 00:00:00', NULL),
(1811, 763, 28, 2, 1, 1, 1, '2018-06-05 00:00:00', '2018-06-05 00:00:00', NULL),
(1812, 763, 28, 3, 1, 1, 1, '2018-06-05 00:00:00', '2018-06-05 00:00:00', NULL),
(1813, 763, 28, 4, 1, 1, 1, '2018-06-05 00:00:00', '2018-06-05 00:00:00', NULL),
(1814, 680, 28, 1, 1, 1, 1, '2018-06-02 00:00:00', '2018-06-02 00:00:00', NULL),
(1815, 680, 28, 2, 1, 1, 1, '2018-06-02 00:00:00', '2018-06-02 00:00:00', NULL),
(1816, 680, 28, 3, 1, 1, 1, '2018-06-02 00:00:00', '2018-06-02 00:00:00', NULL),
(1817, 680, 28, 4, 1, 1, 1, '2018-06-02 00:00:00', '2018-06-02 00:00:00', NULL),
(1818, 680, 28, 5, 1, 1, 1, '2018-06-02 00:00:00', '2018-06-02 00:00:00', NULL),
(1819, 680, 28, 6, 1, 1, 1, '2018-06-02 00:00:00', '2018-06-02 00:00:00', NULL),
(1820, 560, 29, 1, 1, 1, 1, '2018-06-04 00:00:00', '2018-06-04 00:00:00', NULL),
(1821, 560, 29, 2, 1, 1, 1, '2018-06-04 00:00:00', '2018-06-04 00:00:00', NULL),
(1822, 560, 29, 3, 1, 1, 1, '2018-06-04 00:00:00', '2018-06-04 00:00:00', NULL),
(1823, 560, 29, 4, 1, 1, 1, '2018-06-04 00:00:00', '2018-06-04 00:00:00', NULL),
(1824, 560, 29, 5, 1, 1, 1, '2018-06-04 00:00:00', '2018-06-04 00:00:00', NULL),
(1825, 560, 29, 6, 1, 1, 1, '2018-06-04 00:00:00', '2018-06-04 00:00:00', NULL),
(1826, 560, 29, 7, 1, 1, 1, '2018-06-04 00:00:00', '2018-06-04 00:00:00', NULL),
(1827, 555, 24, 1, 1, 1, 1, '2018-06-07 00:00:00', '2018-06-07 00:00:00', NULL),
(1828, 555, 24, 2, 1, 1, 1, '2018-06-07 00:00:00', '2018-06-07 00:00:00', NULL),
(1829, 555, 24, 3, 1, 1, 1, '2018-06-07 00:00:00', '2018-06-07 00:00:00', NULL),
(1830, 555, 24, 4, 1, 1, 1, '2018-06-07 00:00:00', '2018-06-07 00:00:00', NULL),
(1831, 647, 23, 1, 1, 1, 1, '2018-06-01 00:00:00', '2018-06-01 00:00:00', NULL),
(1832, 647, 23, 2, 1, 1, 1, '2018-06-01 00:00:00', '2018-06-01 00:00:00', NULL),
(1833, 647, 23, 3, 1, 1, 1, '2018-06-01 00:00:00', '2018-06-01 00:00:00', NULL),
(1834, 647, 23, 4, 1, 1, 1, '2018-06-01 00:00:00', '2018-06-01 00:00:00', NULL),
(1835, 647, 23, 5, 1, 1, 1, '2018-06-01 00:00:00', '2018-06-01 00:00:00', NULL),
(1836, 647, 23, 6, 1, 1, 1, '2018-06-01 00:00:00', '2018-06-01 00:00:00', NULL),
(1837, 647, 23, 7, 1, 1, 1, '2018-06-01 00:00:00', '2018-06-01 00:00:00', NULL),
(1838, 647, 23, 8, 1, 1, 1, '2018-06-01 00:00:00', '2018-06-01 00:00:00', NULL),
(1839, 426, 22, 1, 1, 1, 1, '2018-06-04 00:00:00', '2018-06-04 00:00:00', NULL),
(1840, 426, 22, 2, 1, 1, 1, '2018-06-04 00:00:00', '2018-06-04 00:00:00', NULL),
(1841, 426, 22, 3, 1, 1, 1, '2018-06-04 00:00:00', '2018-06-04 00:00:00', NULL),
(1842, 426, 22, 4, 1, 1, 1, '2018-06-04 00:00:00', '2018-06-04 00:00:00', NULL),
(1843, 426, 22, 5, 1, 1, 1, '2018-06-04 00:00:00', '2018-06-04 00:00:00', NULL),
(1844, 426, 22, 6, 1, 1, 1, '2018-06-04 00:00:00', '2018-06-04 00:00:00', NULL),
(1845, 426, 22, 7, 1, 1, 1, '2018-06-04 00:00:00', '2018-06-04 00:00:00', NULL),
(1846, 692, 27, 1, 1, 1, 1, '2018-06-07 00:00:00', '2018-06-07 00:00:00', NULL),
(1847, 692, 27, 2, 1, 1, 1, '2018-06-07 00:00:00', '2018-06-07 00:00:00', NULL),
(1848, 508, 1, 1, 1, 1, 1, '2018-06-02 00:00:00', '2018-06-02 00:00:00', NULL),
(1849, 508, 1, 2, 1, 1, 1, '2018-06-02 00:00:00', '2018-06-02 00:00:00', NULL),
(1850, 508, 1, 3, 1, 1, 1, '2018-06-02 00:00:00', '2018-06-02 00:00:00', NULL),
(1851, 508, 1, 4, 1, 1, 1, '2018-06-02 00:00:00', '2018-06-02 00:00:00', NULL),
(1852, 508, 1, 5, 1, 1, 1, '2018-06-02 00:00:00', '2018-06-02 00:00:00', NULL),
(1853, 508, 1, 6, 1, 1, 1, '2018-06-02 00:00:00', '2018-06-02 00:00:00', NULL),
(1854, 754, 22, 1, 1, 1, 1, '2018-06-06 00:00:00', '2018-06-06 00:00:00', NULL),
(1855, 754, 22, 2, 1, 1, 1, '2018-06-06 00:00:00', '2018-06-06 00:00:00', NULL),
(1856, 754, 22, 3, 1, 1, 1, '2018-06-06 00:00:00', '2018-06-06 00:00:00', NULL),
(1857, 701, 31, 1, 1, 1, 1, '2018-05-31 00:00:00', '2018-05-31 00:00:00', NULL),
(1858, 701, 31, 2, 1, 1, 1, '2018-05-31 00:00:00', '2018-05-31 00:00:00', NULL),
(1859, 701, 31, 3, 1, 1, 1, '2018-05-31 00:00:00', '2018-05-31 00:00:00', NULL),
(1860, 98, 22, 1, 1, 1, 1, '2018-05-31 00:00:00', '2018-05-31 00:00:00', NULL),
(1861, 98, 22, 2, 1, 1, 1, '2018-05-31 00:00:00', '2018-05-31 00:00:00', NULL),
(1862, 660, 1, 1, 1, 1, 1, '2018-05-31 00:00:00', '2018-05-31 00:00:00', NULL),
(1863, 660, 1, 2, 1, 1, 1, '2018-05-31 00:00:00', '2018-05-31 00:00:00', NULL),
(1864, 660, 1, 3, 1, 1, 1, '2018-05-31 00:00:00', '2018-05-31 00:00:00', NULL),
(1865, 675, 30, 1, 1, 1, 1, '2018-05-31 00:00:00', '2018-05-31 00:00:00', NULL),
(1866, 675, 30, 2, 1, 1, 1, '2018-05-31 00:00:00', '2018-05-31 00:00:00', NULL),
(1867, 675, 30, 3, 1, 1, 1, '2018-05-31 00:00:00', '2018-05-31 00:00:00', NULL),
(1868, 675, 30, 4, 1, 1, 1, '2018-05-31 00:00:00', '2018-05-31 00:00:00', NULL),
(1869, 675, 30, 5, 1, 1, 1, '2018-05-31 00:00:00', '2018-05-31 00:00:00', NULL),
(1870, 675, 30, 6, 1, 1, 1, '2018-05-31 00:00:00', '2018-05-31 00:00:00', NULL),
(1871, 675, 30, 7, 1, 1, 1, '2018-05-31 00:00:00', '2018-05-31 00:00:00', NULL),
(1872, 142, 24, 1, 1, 1, 1, '2018-06-01 00:00:00', '2018-06-01 00:00:00', NULL),
(1873, 142, 24, 2, 1, 1, 1, '2018-06-01 00:00:00', '2018-06-01 00:00:00', NULL),
(1874, 142, 24, 3, 1, 1, 1, '2018-06-01 00:00:00', '2018-06-01 00:00:00', NULL),
(1875, 320, 23, 1, 1, 1, 1, '2018-06-02 00:00:00', '2018-06-02 00:00:00', NULL),
(1876, 320, 23, 2, 1, 1, 1, '2018-06-02 00:00:00', '2018-06-02 00:00:00', NULL),
(1877, 320, 23, 3, 1, 1, 1, '2018-06-02 00:00:00', '2018-06-02 00:00:00', NULL),
(1878, 320, 23, 4, 1, 1, 1, '2018-06-02 00:00:00', '2018-06-02 00:00:00', NULL),
(1879, 320, 23, 5, 1, 1, 1, '2018-06-02 00:00:00', '2018-06-02 00:00:00', NULL),
(1880, 491, 25, 1, 1, 1, 1, '2018-06-03 00:00:00', '2018-06-03 00:00:00', NULL),
(1881, 491, 25, 2, 1, 1, 1, '2018-06-03 00:00:00', '2018-06-03 00:00:00', NULL),
(1882, 491, 25, 3, 1, 1, 1, '2018-06-03 00:00:00', '2018-06-03 00:00:00', NULL),
(1883, 491, 25, 4, 1, 1, 1, '2018-06-03 00:00:00', '2018-06-03 00:00:00', NULL),
(1884, 484, 22, 1, 1, 1, 1, '2018-06-07 00:00:00', '2018-06-07 00:00:00', NULL),
(1885, 484, 22, 2, 1, 1, 1, '2018-06-07 00:00:00', '2018-06-07 00:00:00', NULL),
(1886, 484, 22, 3, 1, 1, 1, '2018-06-07 00:00:00', '2018-06-07 00:00:00', NULL),
(1887, 484, 22, 4, 1, 1, 1, '2018-06-07 00:00:00', '2018-06-07 00:00:00', NULL),
(1888, 484, 22, 5, 1, 1, 1, '2018-06-07 00:00:00', '2018-06-07 00:00:00', NULL),
(1889, 262, 31, 1, 1, 1, 1, '2018-06-05 00:00:00', '2018-06-05 00:00:00', NULL),
(1890, 262, 31, 2, 1, 1, 1, '2018-06-05 00:00:00', '2018-06-05 00:00:00', NULL),
(1891, 262, 31, 3, 1, 1, 1, '2018-06-05 00:00:00', '2018-06-05 00:00:00', NULL),
(1892, 760, 25, 1, 1, 1, 1, '2018-06-03 00:00:00', '2018-06-03 00:00:00', NULL),
(1893, 413, 1, 1, 1, 1, 1, '2018-06-06 00:00:00', '2018-06-06 00:00:00', NULL),
(1894, 413, 1, 2, 1, 1, 1, '2018-06-06 00:00:00', '2018-06-06 00:00:00', NULL),
(1895, 413, 1, 3, 1, 1, 1, '2018-06-06 00:00:00', '2018-06-06 00:00:00', NULL),
(1896, 413, 1, 4, 1, 1, 1, '2018-06-06 00:00:00', '2018-06-06 00:00:00', NULL),
(1897, 413, 1, 5, 1, 1, 1, '2018-06-06 00:00:00', '2018-06-06 00:00:00', NULL),
(1898, 783, 28, 1, 1, 1, 1, '2018-06-06 00:00:00', '2018-06-06 00:00:00', NULL),
(1899, 783, 28, 2, 1, 1, 1, '2018-06-06 00:00:00', '2018-06-06 00:00:00', NULL),
(1900, 446, 1, 1, 1, 1, 1, '2018-06-03 00:00:00', '2018-06-03 00:00:00', NULL),
(1901, 446, 1, 2, 1, 1, 1, '2018-06-03 00:00:00', '2018-06-03 00:00:00', NULL),
(1902, 446, 1, 3, 1, 1, 1, '2018-06-03 00:00:00', '2018-06-03 00:00:00', NULL),
(1903, 449, 31, 1, 1, 1, 1, '2018-05-31 00:00:00', '2018-05-31 00:00:00', NULL),
(1904, 449, 31, 2, 1, 1, 1, '2018-05-31 00:00:00', '2018-05-31 00:00:00', NULL),
(1905, 449, 31, 3, 1, 1, 1, '2018-05-31 00:00:00', '2018-05-31 00:00:00', NULL),
(1906, 449, 31, 4, 1, 1, 1, '2018-05-31 00:00:00', '2018-05-31 00:00:00', NULL),
(1907, 449, 31, 5, 1, 1, 1, '2018-05-31 00:00:00', '2018-05-31 00:00:00', NULL),
(1908, 449, 31, 6, 1, 1, 1, '2018-05-31 00:00:00', '2018-05-31 00:00:00', NULL),
(1909, 29, 30, 1, 1, 1, 1, '2018-06-04 00:00:00', '2018-06-04 00:00:00', NULL);
INSERT INTO `call_history` (`id`, `contact_id`, `user_id`, `level_id`, `call_quality_level_id`, `status_service_id`, `status_call_id`, `created_at`, `updated_at`, `deleted_at`) VALUES
(1910, 29, 30, 2, 1, 1, 1, '2018-06-04 00:00:00', '2018-06-04 00:00:00', NULL),
(1911, 29, 30, 3, 1, 1, 1, '2018-06-04 00:00:00', '2018-06-04 00:00:00', NULL),
(1912, 29, 30, 4, 1, 1, 1, '2018-06-04 00:00:00', '2018-06-04 00:00:00', NULL),
(1913, 29, 30, 5, 1, 1, 1, '2018-06-04 00:00:00', '2018-06-04 00:00:00', NULL),
(1914, 29, 30, 6, 1, 1, 1, '2018-06-04 00:00:00', '2018-06-04 00:00:00', NULL),
(1915, 251, 24, 1, 1, 1, 1, '2018-06-05 00:00:00', '2018-06-05 00:00:00', NULL),
(1916, 251, 24, 2, 1, 1, 1, '2018-06-05 00:00:00', '2018-06-05 00:00:00', NULL),
(1917, 251, 24, 3, 1, 1, 1, '2018-06-05 00:00:00', '2018-06-05 00:00:00', NULL),
(1918, 251, 24, 4, 1, 1, 1, '2018-06-05 00:00:00', '2018-06-05 00:00:00', NULL),
(1919, 251, 24, 5, 1, 1, 1, '2018-06-05 00:00:00', '2018-06-05 00:00:00', NULL),
(1920, 251, 24, 6, 1, 1, 1, '2018-06-05 00:00:00', '2018-06-05 00:00:00', NULL),
(1921, 251, 24, 7, 1, 1, 1, '2018-06-05 00:00:00', '2018-06-05 00:00:00', NULL),
(1922, 251, 24, 8, 1, 1, 1, '2018-06-05 00:00:00', '2018-06-05 00:00:00', NULL),
(1923, 417, 1, 1, 1, 1, 1, '2018-06-02 00:00:00', '2018-06-02 00:00:00', NULL),
(1924, 417, 1, 2, 1, 1, 1, '2018-06-02 00:00:00', '2018-06-02 00:00:00', NULL),
(1925, 513, 27, 1, 1, 1, 1, '2018-06-01 00:00:00', '2018-06-01 00:00:00', NULL),
(1926, 376, 22, 1, 1, 1, 1, '2018-06-02 00:00:00', '2018-06-02 00:00:00', NULL),
(1927, 523, 24, 1, 1, 1, 1, '2018-06-01 00:00:00', '2018-06-01 00:00:00', NULL),
(1928, 523, 24, 2, 1, 1, 1, '2018-06-01 00:00:00', '2018-06-01 00:00:00', NULL),
(1929, 451, 28, 1, 1, 1, 1, '2018-06-01 00:00:00', '2018-06-01 00:00:00', NULL),
(1930, 451, 28, 2, 1, 1, 1, '2018-06-01 00:00:00', '2018-06-01 00:00:00', NULL),
(1931, 451, 28, 3, 1, 1, 1, '2018-06-01 00:00:00', '2018-06-01 00:00:00', NULL),
(1932, 451, 28, 4, 1, 1, 1, '2018-06-01 00:00:00', '2018-06-01 00:00:00', NULL),
(1933, 451, 28, 5, 1, 1, 1, '2018-06-01 00:00:00', '2018-06-01 00:00:00', NULL),
(1934, 451, 28, 6, 1, 1, 1, '2018-06-01 00:00:00', '2018-06-01 00:00:00', NULL),
(1935, 65, 25, 1, 1, 1, 1, '2018-06-07 00:00:00', '2018-06-07 00:00:00', NULL),
(1936, 65, 25, 2, 1, 1, 1, '2018-06-07 00:00:00', '2018-06-07 00:00:00', NULL),
(1937, 65, 25, 3, 1, 1, 1, '2018-06-07 00:00:00', '2018-06-07 00:00:00', NULL),
(1938, 65, 25, 4, 1, 1, 1, '2018-06-07 00:00:00', '2018-06-07 00:00:00', NULL),
(1939, 65, 25, 5, 1, 1, 1, '2018-06-07 00:00:00', '2018-06-07 00:00:00', NULL),
(1940, 27, 1, 1, 1, 1, 1, '2018-06-04 00:00:00', '2018-06-04 00:00:00', NULL),
(1941, 27, 1, 2, 1, 1, 1, '2018-06-04 00:00:00', '2018-06-04 00:00:00', NULL),
(1942, 27, 1, 3, 1, 1, 1, '2018-06-04 00:00:00', '2018-06-04 00:00:00', NULL),
(1943, 27, 1, 4, 1, 1, 1, '2018-06-04 00:00:00', '2018-06-04 00:00:00', NULL),
(1944, 27, 1, 5, 1, 1, 1, '2018-06-04 00:00:00', '2018-06-04 00:00:00', NULL),
(1945, 357, 26, 1, 1, 1, 1, '2018-06-06 00:00:00', '2018-06-06 00:00:00', NULL),
(1946, 357, 26, 2, 1, 1, 1, '2018-06-06 00:00:00', '2018-06-06 00:00:00', NULL),
(1947, 322, 31, 1, 1, 1, 1, '2018-06-05 00:00:00', '2018-06-05 00:00:00', NULL),
(1948, 322, 31, 2, 1, 1, 1, '2018-06-05 00:00:00', '2018-06-05 00:00:00', NULL),
(1949, 403, 29, 1, 1, 1, 1, '2018-06-06 00:00:00', '2018-06-06 00:00:00', NULL),
(1950, 403, 29, 2, 1, 1, 1, '2018-06-06 00:00:00', '2018-06-06 00:00:00', NULL),
(1951, 403, 29, 3, 1, 1, 1, '2018-06-06 00:00:00', '2018-06-06 00:00:00', NULL),
(1952, 136, 24, 1, 1, 1, 1, '2018-06-05 00:00:00', '2018-06-05 00:00:00', NULL),
(1953, 136, 24, 2, 1, 1, 1, '2018-06-05 00:00:00', '2018-06-05 00:00:00', NULL),
(1954, 136, 24, 3, 1, 1, 1, '2018-06-05 00:00:00', '2018-06-05 00:00:00', NULL),
(1955, 199, 27, 1, 1, 1, 1, '2018-06-07 00:00:00', '2018-06-07 00:00:00', NULL),
(1956, 199, 27, 2, 1, 1, 1, '2018-06-07 00:00:00', '2018-06-07 00:00:00', NULL),
(1957, 614, 24, 1, 1, 1, 1, '2018-06-06 00:00:00', '2018-06-06 00:00:00', NULL),
(1958, 614, 24, 2, 1, 1, 1, '2018-06-06 00:00:00', '2018-06-06 00:00:00', NULL),
(1959, 614, 24, 3, 1, 1, 1, '2018-06-06 00:00:00', '2018-06-06 00:00:00', NULL),
(1960, 614, 24, 4, 1, 1, 1, '2018-06-06 00:00:00', '2018-06-06 00:00:00', NULL),
(1961, 614, 24, 5, 1, 1, 1, '2018-06-06 00:00:00', '2018-06-06 00:00:00', NULL),
(1962, 614, 24, 6, 1, 1, 1, '2018-06-06 00:00:00', '2018-06-06 00:00:00', NULL),
(1963, 614, 24, 7, 1, 1, 1, '2018-06-06 00:00:00', '2018-06-06 00:00:00', NULL),
(1964, 204, 23, 1, 1, 1, 1, '2018-05-31 00:00:00', '2018-05-31 00:00:00', NULL),
(1965, 204, 23, 2, 1, 1, 1, '2018-05-31 00:00:00', '2018-05-31 00:00:00', NULL),
(1966, 204, 23, 3, 1, 1, 1, '2018-05-31 00:00:00', '2018-05-31 00:00:00', NULL),
(1967, 204, 23, 4, 1, 1, 1, '2018-05-31 00:00:00', '2018-05-31 00:00:00', NULL),
(1968, 204, 23, 5, 1, 1, 1, '2018-05-31 00:00:00', '2018-05-31 00:00:00', NULL),
(1969, 78, 1, 1, 1, 1, 1, '2018-06-05 00:00:00', '2018-06-05 00:00:00', NULL),
(1970, 78, 1, 2, 1, 1, 1, '2018-06-05 00:00:00', '2018-06-05 00:00:00', NULL),
(1971, 78, 1, 3, 1, 1, 1, '2018-06-05 00:00:00', '2018-06-05 00:00:00', NULL),
(1972, 78, 1, 4, 1, 1, 1, '2018-06-05 00:00:00', '2018-06-05 00:00:00', NULL),
(1973, 78, 1, 5, 1, 1, 1, '2018-06-05 00:00:00', '2018-06-05 00:00:00', NULL),
(1974, 78, 1, 6, 1, 1, 1, '2018-06-05 00:00:00', '2018-06-05 00:00:00', NULL),
(1975, 78, 1, 7, 1, 1, 1, '2018-06-05 00:00:00', '2018-06-05 00:00:00', NULL),
(1976, 78, 1, 8, 1, 1, 1, '2018-06-05 00:00:00', '2018-06-05 00:00:00', NULL),
(1977, 154, 25, 1, 1, 1, 1, '2018-06-05 00:00:00', '2018-06-05 00:00:00', NULL),
(1978, 154, 25, 2, 1, 1, 1, '2018-06-05 00:00:00', '2018-06-05 00:00:00', NULL),
(1979, 154, 25, 3, 1, 1, 1, '2018-06-05 00:00:00', '2018-06-05 00:00:00', NULL),
(1980, 154, 25, 4, 1, 1, 1, '2018-06-05 00:00:00', '2018-06-05 00:00:00', NULL),
(1981, 154, 25, 5, 1, 1, 1, '2018-06-05 00:00:00', '2018-06-05 00:00:00', NULL),
(1982, 643, 30, 1, 1, 1, 1, '2018-06-04 00:00:00', '2018-06-04 00:00:00', NULL),
(1983, 683, 30, 1, 1, 1, 1, '2018-06-05 00:00:00', '2018-06-05 00:00:00', NULL),
(1984, 683, 30, 2, 1, 1, 1, '2018-06-05 00:00:00', '2018-06-05 00:00:00', NULL),
(1985, 683, 30, 3, 1, 1, 1, '2018-06-05 00:00:00', '2018-06-05 00:00:00', NULL),
(1986, 683, 30, 4, 1, 1, 1, '2018-06-05 00:00:00', '2018-06-05 00:00:00', NULL),
(1987, 683, 30, 5, 1, 1, 1, '2018-06-05 00:00:00', '2018-06-05 00:00:00', NULL),
(1988, 683, 30, 6, 1, 1, 1, '2018-06-05 00:00:00', '2018-06-05 00:00:00', NULL),
(1989, 683, 30, 7, 1, 1, 1, '2018-06-05 00:00:00', '2018-06-05 00:00:00', NULL),
(1990, 174, 24, 1, 1, 1, 1, '2018-06-01 00:00:00', '2018-06-01 00:00:00', NULL),
(1991, 174, 24, 2, 1, 1, 1, '2018-06-01 00:00:00', '2018-06-01 00:00:00', NULL),
(1992, 174, 24, 3, 1, 1, 1, '2018-06-01 00:00:00', '2018-06-01 00:00:00', NULL),
(1993, 174, 24, 4, 1, 1, 1, '2018-06-01 00:00:00', '2018-06-01 00:00:00', NULL),
(1994, 174, 24, 5, 1, 1, 1, '2018-06-01 00:00:00', '2018-06-01 00:00:00', NULL),
(1995, 665, 23, 1, 1, 1, 1, '2018-06-01 00:00:00', '2018-06-01 00:00:00', NULL),
(1996, 665, 23, 2, 1, 1, 1, '2018-06-01 00:00:00', '2018-06-01 00:00:00', NULL),
(1997, 665, 23, 3, 1, 1, 1, '2018-06-01 00:00:00', '2018-06-01 00:00:00', NULL),
(1998, 665, 23, 4, 1, 1, 1, '2018-06-01 00:00:00', '2018-06-01 00:00:00', NULL),
(1999, 665, 23, 5, 1, 1, 1, '2018-06-01 00:00:00', '2018-06-01 00:00:00', NULL),
(2000, 665, 23, 6, 1, 1, 1, '2018-06-01 00:00:00', '2018-06-01 00:00:00', NULL),
(2001, 695, 28, 1, 1, 1, 1, '2018-06-01 00:00:00', '2018-06-01 00:00:00', NULL),
(2002, 695, 28, 2, 1, 1, 1, '2018-06-01 00:00:00', '2018-06-01 00:00:00', NULL),
(2003, 695, 28, 3, 1, 1, 1, '2018-06-01 00:00:00', '2018-06-01 00:00:00', NULL),
(2004, 719, 31, 1, 1, 1, 1, '2018-06-03 00:00:00', '2018-06-03 00:00:00', NULL),
(2005, 719, 31, 2, 1, 1, 1, '2018-06-03 00:00:00', '2018-06-03 00:00:00', NULL),
(2006, 742, 26, 1, 1, 1, 1, '2018-06-06 00:00:00', '2018-06-06 00:00:00', NULL),
(2007, 742, 26, 2, 1, 1, 1, '2018-06-06 00:00:00', '2018-06-06 00:00:00', NULL),
(2008, 192, 29, 1, 1, 1, 1, '2018-06-05 00:00:00', '2018-06-05 00:00:00', NULL),
(2009, 192, 29, 2, 1, 1, 1, '2018-06-05 00:00:00', '2018-06-05 00:00:00', NULL),
(2010, 192, 29, 3, 1, 1, 1, '2018-06-05 00:00:00', '2018-06-05 00:00:00', NULL),
(2011, 192, 29, 4, 1, 1, 1, '2018-06-05 00:00:00', '2018-06-05 00:00:00', NULL),
(2012, 192, 29, 5, 1, 1, 1, '2018-06-05 00:00:00', '2018-06-05 00:00:00', NULL),
(2013, 192, 29, 6, 1, 1, 1, '2018-06-05 00:00:00', '2018-06-05 00:00:00', NULL),
(2014, 192, 29, 7, 1, 1, 1, '2018-06-05 00:00:00', '2018-06-05 00:00:00', NULL),
(2015, 192, 29, 8, 1, 1, 1, '2018-06-05 00:00:00', '2018-06-05 00:00:00', NULL),
(2016, 689, 27, 1, 1, 1, 1, '2018-06-04 00:00:00', '2018-06-04 00:00:00', NULL),
(2017, 689, 27, 2, 1, 1, 1, '2018-06-04 00:00:00', '2018-06-04 00:00:00', NULL),
(2018, 689, 27, 3, 1, 1, 1, '2018-06-04 00:00:00', '2018-06-04 00:00:00', NULL),
(2019, 450, 1, 1, 1, 1, 1, '2018-06-02 00:00:00', '2018-06-02 00:00:00', NULL),
(2020, 450, 1, 2, 1, 1, 1, '2018-06-02 00:00:00', '2018-06-02 00:00:00', NULL),
(2021, 450, 1, 3, 1, 1, 1, '2018-06-02 00:00:00', '2018-06-02 00:00:00', NULL),
(2022, 450, 1, 4, 1, 1, 1, '2018-06-02 00:00:00', '2018-06-02 00:00:00', NULL),
(2023, 450, 1, 5, 1, 1, 1, '2018-06-02 00:00:00', '2018-06-02 00:00:00', NULL),
(2024, 450, 1, 6, 1, 1, 1, '2018-06-02 00:00:00', '2018-06-02 00:00:00', NULL),
(2025, 440, 23, 1, 1, 1, 1, '2018-06-06 00:00:00', '2018-06-06 00:00:00', NULL),
(2026, 440, 23, 2, 1, 1, 1, '2018-06-06 00:00:00', '2018-06-06 00:00:00', NULL),
(2027, 440, 23, 3, 1, 1, 1, '2018-06-06 00:00:00', '2018-06-06 00:00:00', NULL),
(2028, 741, 29, 1, 1, 1, 1, '2018-06-07 00:00:00', '2018-06-07 00:00:00', NULL),
(2029, 741, 29, 2, 1, 1, 1, '2018-06-07 00:00:00', '2018-06-07 00:00:00', NULL),
(2030, 741, 29, 3, 1, 1, 1, '2018-06-07 00:00:00', '2018-06-07 00:00:00', NULL),
(2031, 741, 29, 4, 1, 1, 1, '2018-06-07 00:00:00', '2018-06-07 00:00:00', NULL),
(2032, 741, 29, 5, 1, 1, 1, '2018-06-07 00:00:00', '2018-06-07 00:00:00', NULL),
(2033, 363, 31, 1, 1, 1, 1, '2018-06-01 00:00:00', '2018-06-01 00:00:00', NULL),
(2034, 363, 31, 2, 1, 1, 1, '2018-06-01 00:00:00', '2018-06-01 00:00:00', NULL),
(2035, 363, 31, 3, 1, 1, 1, '2018-06-01 00:00:00', '2018-06-01 00:00:00', NULL),
(2036, 363, 31, 4, 1, 1, 1, '2018-06-01 00:00:00', '2018-06-01 00:00:00', NULL),
(2037, 363, 31, 5, 1, 1, 1, '2018-06-01 00:00:00', '2018-06-01 00:00:00', NULL),
(2038, 363, 31, 6, 1, 1, 1, '2018-06-01 00:00:00', '2018-06-01 00:00:00', NULL),
(2039, 363, 31, 7, 1, 1, 1, '2018-06-01 00:00:00', '2018-06-01 00:00:00', NULL),
(2040, 363, 31, 8, 1, 1, 1, '2018-06-01 00:00:00', '2018-06-01 00:00:00', NULL),
(2041, 225, 27, 1, 1, 1, 1, '2018-06-01 00:00:00', '2018-06-01 00:00:00', NULL),
(2042, 225, 27, 2, 1, 1, 1, '2018-06-01 00:00:00', '2018-06-01 00:00:00', NULL),
(2043, 225, 27, 3, 1, 1, 1, '2018-06-01 00:00:00', '2018-06-01 00:00:00', NULL),
(2044, 225, 27, 4, 1, 1, 1, '2018-06-01 00:00:00', '2018-06-01 00:00:00', NULL),
(2045, 225, 27, 5, 1, 1, 1, '2018-06-01 00:00:00', '2018-06-01 00:00:00', NULL),
(2046, 225, 27, 6, 1, 1, 1, '2018-06-01 00:00:00', '2018-06-01 00:00:00', NULL),
(2047, 225, 27, 7, 1, 1, 1, '2018-06-01 00:00:00', '2018-06-01 00:00:00', NULL),
(2048, 531, 25, 1, 1, 1, 1, '2018-05-31 00:00:00', '2018-05-31 00:00:00', NULL),
(2049, 531, 25, 2, 1, 1, 1, '2018-05-31 00:00:00', '2018-05-31 00:00:00', NULL),
(2050, 531, 25, 3, 1, 1, 1, '2018-05-31 00:00:00', '2018-05-31 00:00:00', NULL),
(2051, 531, 25, 4, 1, 1, 1, '2018-05-31 00:00:00', '2018-05-31 00:00:00', NULL),
(2052, 531, 25, 5, 1, 1, 1, '2018-05-31 00:00:00', '2018-05-31 00:00:00', NULL),
(2053, 531, 25, 6, 1, 1, 1, '2018-05-31 00:00:00', '2018-05-31 00:00:00', NULL),
(2054, 52, 28, 1, 1, 1, 1, '2018-06-02 00:00:00', '2018-06-02 00:00:00', NULL),
(2055, 52, 28, 2, 1, 1, 1, '2018-06-02 00:00:00', '2018-06-02 00:00:00', NULL),
(2056, 52, 28, 3, 1, 1, 1, '2018-06-02 00:00:00', '2018-06-02 00:00:00', NULL),
(2057, 52, 28, 4, 1, 1, 1, '2018-06-02 00:00:00', '2018-06-02 00:00:00', NULL),
(2058, 52, 28, 5, 1, 1, 1, '2018-06-02 00:00:00', '2018-06-02 00:00:00', NULL),
(2059, 52, 28, 6, 1, 1, 1, '2018-06-02 00:00:00', '2018-06-02 00:00:00', NULL),
(2060, 443, 25, 1, 1, 1, 1, '2018-06-02 00:00:00', '2018-06-02 00:00:00', NULL),
(2061, 443, 25, 2, 1, 1, 1, '2018-06-02 00:00:00', '2018-06-02 00:00:00', NULL),
(2062, 443, 25, 3, 1, 1, 1, '2018-06-02 00:00:00', '2018-06-02 00:00:00', NULL),
(2063, 443, 25, 4, 1, 1, 1, '2018-06-02 00:00:00', '2018-06-02 00:00:00', NULL),
(2064, 316, 30, 1, 1, 1, 1, '2018-06-01 00:00:00', '2018-06-01 00:00:00', NULL),
(2065, 316, 30, 2, 1, 1, 1, '2018-06-01 00:00:00', '2018-06-01 00:00:00', NULL),
(2066, 439, 1, 1, 1, 1, 1, '2018-06-06 00:00:00', '2018-06-06 00:00:00', NULL),
(2067, 439, 1, 2, 1, 1, 1, '2018-06-06 00:00:00', '2018-06-06 00:00:00', NULL),
(2068, 439, 1, 3, 1, 1, 1, '2018-06-06 00:00:00', '2018-06-06 00:00:00', NULL),
(2069, 439, 1, 4, 1, 1, 1, '2018-06-06 00:00:00', '2018-06-06 00:00:00', NULL),
(2070, 439, 1, 5, 1, 1, 1, '2018-06-06 00:00:00', '2018-06-06 00:00:00', NULL),
(2071, 439, 1, 6, 1, 1, 1, '2018-06-06 00:00:00', '2018-06-06 00:00:00', NULL),
(2072, 439, 1, 7, 1, 1, 1, '2018-06-06 00:00:00', '2018-06-06 00:00:00', NULL),
(2073, 176, 28, 1, 1, 1, 1, '2018-06-06 00:00:00', '2018-06-06 00:00:00', NULL),
(2074, 176, 28, 2, 1, 1, 1, '2018-06-06 00:00:00', '2018-06-06 00:00:00', NULL),
(2075, 176, 28, 3, 1, 1, 1, '2018-06-06 00:00:00', '2018-06-06 00:00:00', NULL),
(2076, 176, 28, 4, 1, 1, 1, '2018-06-06 00:00:00', '2018-06-06 00:00:00', NULL),
(2077, 176, 28, 5, 1, 1, 1, '2018-06-06 00:00:00', '2018-06-06 00:00:00', NULL),
(2078, 200, 23, 1, 1, 1, 1, '2018-06-01 00:00:00', '2018-06-01 00:00:00', NULL),
(2079, 200, 23, 2, 1, 1, 1, '2018-06-01 00:00:00', '2018-06-01 00:00:00', NULL),
(2080, 200, 23, 3, 1, 1, 1, '2018-06-01 00:00:00', '2018-06-01 00:00:00', NULL),
(2081, 200, 23, 4, 1, 1, 1, '2018-06-01 00:00:00', '2018-06-01 00:00:00', NULL),
(2082, 200, 23, 5, 1, 1, 1, '2018-06-01 00:00:00', '2018-06-01 00:00:00', NULL),
(2083, 260, 23, 1, 1, 1, 1, '2018-06-07 00:00:00', '2018-06-07 00:00:00', NULL),
(2084, 260, 23, 2, 1, 1, 1, '2018-06-07 00:00:00', '2018-06-07 00:00:00', NULL),
(2085, 260, 23, 3, 1, 1, 1, '2018-06-07 00:00:00', '2018-06-07 00:00:00', NULL),
(2086, 260, 23, 4, 1, 1, 1, '2018-06-07 00:00:00', '2018-06-07 00:00:00', NULL),
(2087, 260, 23, 5, 1, 1, 1, '2018-06-07 00:00:00', '2018-06-07 00:00:00', NULL),
(2088, 260, 23, 6, 1, 1, 1, '2018-06-07 00:00:00', '2018-06-07 00:00:00', NULL),
(2089, 325, 23, 1, 1, 1, 1, '2018-06-03 00:00:00', '2018-06-03 00:00:00', NULL),
(2090, 325, 23, 2, 1, 1, 1, '2018-06-03 00:00:00', '2018-06-03 00:00:00', NULL),
(2091, 325, 23, 3, 1, 1, 1, '2018-06-03 00:00:00', '2018-06-03 00:00:00', NULL),
(2092, 325, 23, 4, 1, 1, 1, '2018-06-03 00:00:00', '2018-06-03 00:00:00', NULL),
(2093, 325, 23, 5, 1, 1, 1, '2018-06-03 00:00:00', '2018-06-03 00:00:00', NULL),
(2094, 211, 25, 1, 1, 1, 1, '2018-05-31 00:00:00', '2018-05-31 00:00:00', NULL),
(2095, 211, 25, 2, 1, 1, 1, '2018-05-31 00:00:00', '2018-05-31 00:00:00', NULL),
(2096, 588, 22, 1, 1, 1, 1, '2018-05-31 00:00:00', '2018-05-31 00:00:00', NULL),
(2097, 588, 22, 2, 1, 1, 1, '2018-05-31 00:00:00', '2018-05-31 00:00:00', NULL),
(2098, 588, 22, 3, 1, 1, 1, '2018-05-31 00:00:00', '2018-05-31 00:00:00', NULL),
(2099, 588, 22, 4, 1, 1, 1, '2018-05-31 00:00:00', '2018-05-31 00:00:00', NULL),
(2100, 588, 22, 5, 1, 1, 1, '2018-05-31 00:00:00', '2018-05-31 00:00:00', NULL),
(2101, 425, 30, 1, 1, 1, 1, '2018-05-31 00:00:00', '2018-05-31 00:00:00', NULL),
(2102, 425, 30, 2, 1, 1, 1, '2018-05-31 00:00:00', '2018-05-31 00:00:00', NULL),
(2103, 425, 30, 3, 1, 1, 1, '2018-05-31 00:00:00', '2018-05-31 00:00:00', NULL),
(2104, 743, 31, 1, 1, 1, 1, '2018-06-02 00:00:00', '2018-06-02 00:00:00', NULL),
(2105, 743, 31, 2, 1, 1, 1, '2018-06-02 00:00:00', '2018-06-02 00:00:00', NULL),
(2106, 743, 31, 3, 1, 1, 1, '2018-06-02 00:00:00', '2018-06-02 00:00:00', NULL),
(2107, 743, 31, 4, 1, 1, 1, '2018-06-02 00:00:00', '2018-06-02 00:00:00', NULL),
(2108, 743, 31, 5, 1, 1, 1, '2018-06-02 00:00:00', '2018-06-02 00:00:00', NULL),
(2109, 743, 31, 6, 1, 1, 1, '2018-06-02 00:00:00', '2018-06-02 00:00:00', NULL),
(2110, 521, 29, 1, 1, 1, 1, '2018-06-02 00:00:00', '2018-06-02 00:00:00', NULL),
(2111, 277, 29, 1, 1, 1, 1, '2018-06-03 00:00:00', '2018-06-03 00:00:00', NULL),
(2112, 277, 29, 2, 1, 1, 1, '2018-06-03 00:00:00', '2018-06-03 00:00:00', NULL),
(2113, 585, 25, 1, 1, 1, 1, '2018-06-05 00:00:00', '2018-06-05 00:00:00', NULL),
(2114, 585, 25, 2, 1, 1, 1, '2018-06-05 00:00:00', '2018-06-05 00:00:00', NULL),
(2115, 585, 25, 3, 1, 1, 1, '2018-06-05 00:00:00', '2018-06-05 00:00:00', NULL),
(2116, 585, 25, 4, 1, 1, 1, '2018-06-05 00:00:00', '2018-06-05 00:00:00', NULL),
(2117, 585, 25, 5, 1, 1, 1, '2018-06-05 00:00:00', '2018-06-05 00:00:00', NULL),
(2118, 321, 22, 1, 1, 1, 1, '2018-06-04 00:00:00', '2018-06-04 00:00:00', NULL),
(2119, 321, 22, 2, 1, 1, 1, '2018-06-04 00:00:00', '2018-06-04 00:00:00', NULL),
(2120, 321, 22, 3, 1, 1, 1, '2018-06-04 00:00:00', '2018-06-04 00:00:00', NULL),
(2121, 321, 22, 4, 1, 1, 1, '2018-06-04 00:00:00', '2018-06-04 00:00:00', NULL),
(2122, 321, 22, 5, 1, 1, 1, '2018-06-04 00:00:00', '2018-06-04 00:00:00', NULL),
(2123, 321, 22, 6, 1, 1, 1, '2018-06-04 00:00:00', '2018-06-04 00:00:00', NULL),
(2124, 321, 22, 7, 1, 1, 1, '2018-06-04 00:00:00', '2018-06-04 00:00:00', NULL),
(2125, 321, 22, 8, 1, 1, 1, '2018-06-04 00:00:00', '2018-06-04 00:00:00', NULL),
(2126, 488, 1, 1, 1, 1, 1, '2018-06-02 00:00:00', '2018-06-02 00:00:00', NULL),
(2127, 527, 25, 1, 1, 1, 1, '2018-06-06 00:00:00', '2018-06-06 00:00:00', NULL),
(2128, 780, 31, 1, 1, 1, 1, '2018-06-04 00:00:00', '2018-06-04 00:00:00', NULL),
(2129, 780, 31, 2, 1, 1, 1, '2018-06-04 00:00:00', '2018-06-04 00:00:00', NULL),
(2130, 780, 31, 3, 1, 1, 1, '2018-06-04 00:00:00', '2018-06-04 00:00:00', NULL),
(2131, 780, 31, 4, 1, 1, 1, '2018-06-04 00:00:00', '2018-06-04 00:00:00', NULL),
(2132, 780, 31, 5, 1, 1, 1, '2018-06-04 00:00:00', '2018-06-04 00:00:00', NULL),
(2133, 780, 31, 6, 1, 1, 1, '2018-06-04 00:00:00', '2018-06-04 00:00:00', NULL),
(2134, 780, 31, 7, 1, 1, 1, '2018-06-04 00:00:00', '2018-06-04 00:00:00', NULL),
(2135, 64, 24, 1, 1, 1, 1, '2018-05-31 00:00:00', '2018-05-31 00:00:00', NULL),
(2136, 64, 24, 2, 1, 1, 1, '2018-05-31 00:00:00', '2018-05-31 00:00:00', NULL),
(2137, 64, 24, 3, 1, 1, 1, '2018-05-31 00:00:00', '2018-05-31 00:00:00', NULL),
(2138, 64, 24, 4, 1, 1, 1, '2018-05-31 00:00:00', '2018-05-31 00:00:00', NULL),
(2139, 407, 22, 1, 1, 1, 1, '2018-06-01 00:00:00', '2018-06-01 00:00:00', NULL),
(2140, 407, 22, 2, 1, 1, 1, '2018-06-01 00:00:00', '2018-06-01 00:00:00', NULL),
(2141, 407, 22, 3, 1, 1, 1, '2018-06-01 00:00:00', '2018-06-01 00:00:00', NULL),
(2142, 407, 22, 4, 1, 1, 1, '2018-06-01 00:00:00', '2018-06-01 00:00:00', NULL),
(2143, 371, 23, 1, 1, 1, 1, '2018-06-02 00:00:00', '2018-06-02 00:00:00', NULL),
(2144, 371, 23, 2, 1, 1, 1, '2018-06-02 00:00:00', '2018-06-02 00:00:00', NULL),
(2145, 371, 23, 3, 1, 1, 1, '2018-06-02 00:00:00', '2018-06-02 00:00:00', NULL),
(2146, 371, 23, 4, 1, 1, 1, '2018-06-02 00:00:00', '2018-06-02 00:00:00', NULL),
(2147, 371, 23, 5, 1, 1, 1, '2018-06-02 00:00:00', '2018-06-02 00:00:00', NULL),
(2148, 371, 23, 6, 1, 1, 1, '2018-06-02 00:00:00', '2018-06-02 00:00:00', NULL),
(2149, 2, 28, 1, 1, 1, 1, '2018-06-04 00:00:00', '2018-06-04 00:00:00', NULL),
(2150, 604, 28, 1, 1, 1, 1, '2018-06-04 00:00:00', '2018-06-04 00:00:00', NULL),
(2151, 604, 28, 2, 1, 1, 1, '2018-06-04 00:00:00', '2018-06-04 00:00:00', NULL),
(2152, 604, 28, 3, 1, 1, 1, '2018-06-04 00:00:00', '2018-06-04 00:00:00', NULL),
(2153, 604, 28, 4, 1, 1, 1, '2018-06-04 00:00:00', '2018-06-04 00:00:00', NULL),
(2154, 604, 28, 5, 1, 1, 1, '2018-06-04 00:00:00', '2018-06-04 00:00:00', NULL),
(2155, 659, 24, 1, 1, 1, 1, '2018-06-05 00:00:00', '2018-06-05 00:00:00', NULL),
(2156, 659, 24, 2, 1, 1, 1, '2018-06-05 00:00:00', '2018-06-05 00:00:00', NULL),
(2157, 659, 24, 3, 1, 1, 1, '2018-06-05 00:00:00', '2018-06-05 00:00:00', NULL),
(2158, 659, 24, 4, 1, 1, 1, '2018-06-05 00:00:00', '2018-06-05 00:00:00', NULL),
(2159, 659, 24, 5, 1, 1, 1, '2018-06-05 00:00:00', '2018-06-05 00:00:00', NULL),
(2160, 659, 24, 6, 1, 1, 1, '2018-06-05 00:00:00', '2018-06-05 00:00:00', NULL),
(2161, 659, 24, 7, 1, 1, 1, '2018-06-05 00:00:00', '2018-06-05 00:00:00', NULL),
(2162, 659, 24, 8, 1, 1, 1, '2018-06-05 00:00:00', '2018-06-05 00:00:00', NULL),
(2163, 152, 27, 1, 1, 1, 1, '2018-06-06 00:00:00', '2018-06-06 00:00:00', NULL),
(2164, 152, 27, 2, 1, 1, 1, '2018-06-06 00:00:00', '2018-06-06 00:00:00', NULL),
(2165, 152, 27, 3, 1, 1, 1, '2018-06-06 00:00:00', '2018-06-06 00:00:00', NULL),
(2166, 184, 25, 1, 1, 1, 1, '2018-06-05 00:00:00', '2018-06-05 00:00:00', NULL),
(2167, 184, 25, 2, 1, 1, 1, '2018-06-05 00:00:00', '2018-06-05 00:00:00', NULL),
(2168, 184, 25, 3, 1, 1, 1, '2018-06-05 00:00:00', '2018-06-05 00:00:00', NULL),
(2169, 184, 25, 4, 1, 1, 1, '2018-06-05 00:00:00', '2018-06-05 00:00:00', NULL),
(2170, 184, 25, 5, 1, 1, 1, '2018-06-05 00:00:00', '2018-06-05 00:00:00', NULL),
(2171, 184, 25, 6, 1, 1, 1, '2018-06-05 00:00:00', '2018-06-05 00:00:00', NULL),
(2172, 184, 25, 7, 1, 1, 1, '2018-06-05 00:00:00', '2018-06-05 00:00:00', NULL),
(2173, 184, 25, 8, 1, 1, 1, '2018-06-05 00:00:00', '2018-06-05 00:00:00', NULL),
(2174, 611, 23, 1, 1, 1, 1, '2018-06-04 00:00:00', '2018-06-04 00:00:00', NULL),
(2175, 611, 23, 2, 1, 1, 1, '2018-06-04 00:00:00', '2018-06-04 00:00:00', NULL),
(2176, 246, 28, 1, 1, 1, 1, '2018-06-03 00:00:00', '2018-06-03 00:00:00', NULL),
(2177, 246, 28, 2, 1, 1, 1, '2018-06-03 00:00:00', '2018-06-03 00:00:00', NULL),
(2178, 246, 28, 3, 1, 1, 1, '2018-06-03 00:00:00', '2018-06-03 00:00:00', NULL),
(2179, 246, 28, 4, 1, 1, 1, '2018-06-03 00:00:00', '2018-06-03 00:00:00', NULL),
(2180, 246, 28, 5, 1, 1, 1, '2018-06-03 00:00:00', '2018-06-03 00:00:00', NULL),
(2181, 246, 28, 6, 1, 1, 1, '2018-06-03 00:00:00', '2018-06-03 00:00:00', NULL),
(2182, 246, 28, 7, 1, 1, 1, '2018-06-03 00:00:00', '2018-06-03 00:00:00', NULL),
(2183, 319, 30, 1, 1, 1, 1, '2018-06-03 00:00:00', '2018-06-03 00:00:00', NULL),
(2184, 319, 30, 2, 1, 1, 1, '2018-06-03 00:00:00', '2018-06-03 00:00:00', NULL),
(2185, 319, 30, 3, 1, 1, 1, '2018-06-03 00:00:00', '2018-06-03 00:00:00', NULL),
(2186, 319, 30, 4, 1, 1, 1, '2018-06-03 00:00:00', '2018-06-03 00:00:00', NULL),
(2187, 319, 30, 5, 1, 1, 1, '2018-06-03 00:00:00', '2018-06-03 00:00:00', NULL),
(2188, 319, 30, 6, 1, 1, 1, '2018-06-03 00:00:00', '2018-06-03 00:00:00', NULL),
(2189, 744, 27, 1, 1, 1, 1, '2018-06-05 00:00:00', '2018-06-05 00:00:00', NULL),
(2190, 744, 27, 2, 1, 1, 1, '2018-06-05 00:00:00', '2018-06-05 00:00:00', NULL),
(2191, 744, 27, 3, 1, 1, 1, '2018-06-05 00:00:00', '2018-06-05 00:00:00', NULL),
(2192, 744, 27, 4, 1, 1, 1, '2018-06-05 00:00:00', '2018-06-05 00:00:00', NULL),
(2193, 744, 27, 5, 1, 1, 1, '2018-06-05 00:00:00', '2018-06-05 00:00:00', NULL),
(2194, 379, 29, 1, 1, 1, 1, '2018-06-01 00:00:00', '2018-06-01 00:00:00', NULL),
(2195, 482, 31, 1, 1, 1, 1, '2018-06-06 00:00:00', '2018-06-06 00:00:00', NULL),
(2196, 482, 31, 2, 1, 1, 1, '2018-06-06 00:00:00', '2018-06-06 00:00:00', NULL),
(2197, 482, 31, 3, 1, 1, 1, '2018-06-06 00:00:00', '2018-06-06 00:00:00', NULL),
(2198, 482, 31, 4, 1, 1, 1, '2018-06-06 00:00:00', '2018-06-06 00:00:00', NULL),
(2199, 482, 31, 5, 1, 1, 1, '2018-06-06 00:00:00', '2018-06-06 00:00:00', NULL),
(2200, 482, 31, 6, 1, 1, 1, '2018-06-06 00:00:00', '2018-06-06 00:00:00', NULL),
(2201, 482, 31, 7, 1, 1, 1, '2018-06-06 00:00:00', '2018-06-06 00:00:00', NULL),
(2202, 482, 31, 8, 1, 1, 1, '2018-06-06 00:00:00', '2018-06-06 00:00:00', NULL),
(2203, 400, 26, 1, 1, 1, 1, '2018-06-02 00:00:00', '2018-06-02 00:00:00', NULL),
(2204, 400, 26, 2, 1, 1, 1, '2018-06-02 00:00:00', '2018-06-02 00:00:00', NULL),
(2205, 400, 26, 3, 1, 1, 1, '2018-06-02 00:00:00', '2018-06-02 00:00:00', NULL),
(2206, 400, 26, 4, 1, 1, 1, '2018-06-02 00:00:00', '2018-06-02 00:00:00', NULL),
(2207, 400, 26, 5, 1, 1, 1, '2018-06-02 00:00:00', '2018-06-02 00:00:00', NULL),
(2208, 400, 26, 6, 1, 1, 1, '2018-06-02 00:00:00', '2018-06-02 00:00:00', NULL),
(2209, 400, 26, 7, 1, 1, 1, '2018-06-02 00:00:00', '2018-06-02 00:00:00', NULL),
(2210, 400, 26, 8, 1, 1, 1, '2018-06-02 00:00:00', '2018-06-02 00:00:00', NULL),
(2211, 50, 28, 1, 1, 1, 1, '2018-05-31 00:00:00', '2018-05-31 00:00:00', NULL),
(2212, 50, 28, 2, 1, 1, 1, '2018-05-31 00:00:00', '2018-05-31 00:00:00', NULL),
(2213, 50, 28, 3, 1, 1, 1, '2018-05-31 00:00:00', '2018-05-31 00:00:00', NULL),
(2214, 50, 28, 4, 1, 1, 1, '2018-05-31 00:00:00', '2018-05-31 00:00:00', NULL),
(2215, 50, 28, 5, 1, 1, 1, '2018-05-31 00:00:00', '2018-05-31 00:00:00', NULL),
(2216, 50, 28, 6, 1, 1, 1, '2018-05-31 00:00:00', '2018-05-31 00:00:00', NULL),
(2217, 50, 28, 7, 1, 1, 1, '2018-05-31 00:00:00', '2018-05-31 00:00:00', NULL),
(2218, 50, 28, 8, 1, 1, 1, '2018-05-31 00:00:00', '2018-05-31 00:00:00', NULL),
(2219, 156, 22, 1, 1, 1, 1, '2018-06-06 00:00:00', '2018-06-06 00:00:00', NULL),
(2220, 156, 22, 2, 1, 1, 1, '2018-06-06 00:00:00', '2018-06-06 00:00:00', NULL),
(2221, 156, 22, 3, 1, 1, 1, '2018-06-06 00:00:00', '2018-06-06 00:00:00', NULL),
(2222, 156, 22, 4, 1, 1, 1, '2018-06-06 00:00:00', '2018-06-06 00:00:00', NULL),
(2223, 156, 22, 5, 1, 1, 1, '2018-06-06 00:00:00', '2018-06-06 00:00:00', NULL),
(2224, 156, 22, 6, 1, 1, 1, '2018-06-06 00:00:00', '2018-06-06 00:00:00', NULL),
(2225, 156, 22, 7, 1, 1, 1, '2018-06-06 00:00:00', '2018-06-06 00:00:00', NULL),
(2226, 750, 28, 1, 1, 1, 1, '2018-06-07 00:00:00', '2018-06-07 00:00:00', NULL),
(2227, 677, 28, 1, 1, 1, 1, '2018-06-03 00:00:00', '2018-06-03 00:00:00', NULL),
(2228, 677, 28, 2, 1, 1, 1, '2018-06-03 00:00:00', '2018-06-03 00:00:00', NULL),
(2229, 535, 24, 1, 1, 1, 1, '2018-06-06 00:00:00', '2018-06-06 00:00:00', NULL),
(2230, 535, 24, 2, 1, 1, 1, '2018-06-06 00:00:00', '2018-06-06 00:00:00', NULL),
(2231, 535, 24, 3, 1, 1, 1, '2018-06-06 00:00:00', '2018-06-06 00:00:00', NULL),
(2232, 535, 24, 4, 1, 1, 1, '2018-06-06 00:00:00', '2018-06-06 00:00:00', NULL),
(2233, 535, 24, 5, 1, 1, 1, '2018-06-06 00:00:00', '2018-06-06 00:00:00', NULL),
(2234, 462, 30, 1, 1, 1, 1, '2018-06-03 00:00:00', '2018-06-03 00:00:00', NULL),
(2235, 462, 30, 2, 1, 1, 1, '2018-06-03 00:00:00', '2018-06-03 00:00:00', NULL),
(2236, 462, 30, 3, 1, 1, 1, '2018-06-03 00:00:00', '2018-06-03 00:00:00', NULL),
(2237, 462, 30, 4, 1, 1, 1, '2018-06-03 00:00:00', '2018-06-03 00:00:00', NULL),
(2238, 462, 30, 5, 1, 1, 1, '2018-06-03 00:00:00', '2018-06-03 00:00:00', NULL),
(2239, 462, 30, 6, 1, 1, 1, '2018-06-03 00:00:00', '2018-06-03 00:00:00', NULL),
(2240, 462, 30, 7, 1, 1, 1, '2018-06-03 00:00:00', '2018-06-03 00:00:00', NULL),
(2241, 462, 30, 8, 1, 1, 1, '2018-06-03 00:00:00', '2018-06-03 00:00:00', NULL),
(2242, 714, 25, 1, 1, 1, 1, '2018-06-03 00:00:00', '2018-06-03 00:00:00', NULL),
(2243, 714, 25, 2, 1, 1, 1, '2018-06-03 00:00:00', '2018-06-03 00:00:00', NULL),
(2244, 714, 25, 3, 1, 1, 1, '2018-06-03 00:00:00', '2018-06-03 00:00:00', NULL),
(2245, 714, 25, 4, 1, 1, 1, '2018-06-03 00:00:00', '2018-06-03 00:00:00', NULL),
(2246, 714, 25, 5, 1, 1, 1, '2018-06-03 00:00:00', '2018-06-03 00:00:00', NULL),
(2247, 315, 26, 1, 1, 1, 1, '2018-06-02 00:00:00', '2018-06-02 00:00:00', NULL),
(2248, 315, 26, 2, 1, 1, 1, '2018-06-02 00:00:00', '2018-06-02 00:00:00', NULL),
(2249, 315, 26, 3, 1, 1, 1, '2018-06-02 00:00:00', '2018-06-02 00:00:00', NULL),
(2250, 315, 26, 4, 1, 1, 1, '2018-06-02 00:00:00', '2018-06-02 00:00:00', NULL),
(2251, 315, 26, 5, 1, 1, 1, '2018-06-02 00:00:00', '2018-06-02 00:00:00', NULL),
(2252, 315, 26, 6, 1, 1, 1, '2018-06-02 00:00:00', '2018-06-02 00:00:00', NULL),
(2253, 315, 26, 7, 1, 1, 1, '2018-06-02 00:00:00', '2018-06-02 00:00:00', NULL),
(2254, 223, 1, 1, 1, 1, 1, '2018-05-31 00:00:00', '2018-05-31 00:00:00', NULL),
(2255, 223, 1, 2, 1, 1, 1, '2018-05-31 00:00:00', '2018-05-31 00:00:00', NULL),
(2256, 223, 1, 3, 1, 1, 1, '2018-05-31 00:00:00', '2018-05-31 00:00:00', NULL),
(2257, 223, 1, 4, 1, 1, 1, '2018-05-31 00:00:00', '2018-05-31 00:00:00', NULL),
(2258, 223, 1, 5, 1, 1, 1, '2018-05-31 00:00:00', '2018-05-31 00:00:00', NULL),
(2259, 556, 22, 1, 1, 1, 1, '2018-06-04 00:00:00', '2018-06-04 00:00:00', NULL),
(2260, 556, 22, 2, 1, 1, 1, '2018-06-04 00:00:00', '2018-06-04 00:00:00', NULL),
(2261, 556, 22, 3, 1, 1, 1, '2018-06-04 00:00:00', '2018-06-04 00:00:00', NULL),
(2262, 556, 22, 4, 1, 1, 1, '2018-06-04 00:00:00', '2018-06-04 00:00:00', NULL),
(2263, 556, 22, 5, 1, 1, 1, '2018-06-04 00:00:00', '2018-06-04 00:00:00', NULL),
(2264, 556, 22, 6, 1, 1, 1, '2018-06-04 00:00:00', '2018-06-04 00:00:00', NULL),
(2265, 556, 22, 7, 1, 1, 1, '2018-06-04 00:00:00', '2018-06-04 00:00:00', NULL),
(2266, 556, 22, 8, 1, 1, 1, '2018-06-04 00:00:00', '2018-06-04 00:00:00', NULL),
(2267, 202, 30, 1, 1, 1, 1, '2018-06-01 00:00:00', '2018-06-01 00:00:00', NULL),
(2268, 202, 30, 2, 1, 1, 1, '2018-06-01 00:00:00', '2018-06-01 00:00:00', NULL),
(2269, 202, 30, 3, 1, 1, 1, '2018-06-01 00:00:00', '2018-06-01 00:00:00', NULL),
(2270, 202, 30, 4, 1, 1, 1, '2018-06-01 00:00:00', '2018-06-01 00:00:00', NULL),
(2271, 202, 30, 5, 1, 1, 1, '2018-06-01 00:00:00', '2018-06-01 00:00:00', NULL),
(2272, 202, 30, 6, 1, 1, 1, '2018-06-01 00:00:00', '2018-06-01 00:00:00', NULL),
(2273, 381, 29, 1, 1, 1, 1, '2018-06-04 00:00:00', '2018-06-04 00:00:00', NULL),
(2274, 549, 23, 1, 1, 1, 1, '2018-06-04 00:00:00', '2018-06-04 00:00:00', NULL),
(2275, 549, 23, 2, 1, 1, 1, '2018-06-04 00:00:00', '2018-06-04 00:00:00', NULL),
(2276, 549, 23, 3, 1, 1, 1, '2018-06-04 00:00:00', '2018-06-04 00:00:00', NULL),
(2277, 549, 23, 4, 1, 1, 1, '2018-06-04 00:00:00', '2018-06-04 00:00:00', NULL),
(2278, 549, 23, 5, 1, 1, 1, '2018-06-04 00:00:00', '2018-06-04 00:00:00', NULL),
(2279, 549, 23, 6, 1, 1, 1, '2018-06-04 00:00:00', '2018-06-04 00:00:00', NULL),
(2280, 549, 23, 7, 1, 1, 1, '2018-06-04 00:00:00', '2018-06-04 00:00:00', NULL),
(2281, 141, 23, 1, 1, 1, 1, '2018-06-02 00:00:00', '2018-06-02 00:00:00', NULL),
(2282, 141, 23, 2, 1, 1, 1, '2018-06-02 00:00:00', '2018-06-02 00:00:00', NULL),
(2283, 141, 23, 3, 1, 1, 1, '2018-06-02 00:00:00', '2018-06-02 00:00:00', NULL),
(2284, 141, 23, 4, 1, 1, 1, '2018-06-02 00:00:00', '2018-06-02 00:00:00', NULL),
(2285, 141, 23, 5, 1, 1, 1, '2018-06-02 00:00:00', '2018-06-02 00:00:00', NULL),
(2286, 739, 27, 1, 1, 1, 1, '2018-06-05 00:00:00', '2018-06-05 00:00:00', NULL),
(2287, 739, 27, 2, 1, 1, 1, '2018-06-05 00:00:00', '2018-06-05 00:00:00', NULL),
(2288, 739, 27, 3, 1, 1, 1, '2018-06-05 00:00:00', '2018-06-05 00:00:00', NULL),
(2289, 739, 27, 4, 1, 1, 1, '2018-06-05 00:00:00', '2018-06-05 00:00:00', NULL),
(2290, 739, 27, 5, 1, 1, 1, '2018-06-05 00:00:00', '2018-06-05 00:00:00', NULL),
(2291, 501, 29, 1, 1, 1, 1, '2018-06-07 00:00:00', '2018-06-07 00:00:00', NULL),
(2292, 501, 29, 2, 1, 1, 1, '2018-06-07 00:00:00', '2018-06-07 00:00:00', NULL),
(2293, 501, 29, 3, 1, 1, 1, '2018-06-07 00:00:00', '2018-06-07 00:00:00', NULL),
(2294, 501, 29, 4, 1, 1, 1, '2018-06-07 00:00:00', '2018-06-07 00:00:00', NULL),
(2295, 501, 29, 5, 1, 1, 1, '2018-06-07 00:00:00', '2018-06-07 00:00:00', NULL),
(2296, 501, 29, 6, 1, 1, 1, '2018-06-07 00:00:00', '2018-06-07 00:00:00', NULL),
(2297, 350, 30, 1, 1, 1, 1, '2018-06-06 00:00:00', '2018-06-06 00:00:00', NULL),
(2298, 350, 30, 2, 1, 1, 1, '2018-06-06 00:00:00', '2018-06-06 00:00:00', NULL),
(2299, 350, 30, 3, 1, 1, 1, '2018-06-06 00:00:00', '2018-06-06 00:00:00', NULL),
(2300, 518, 31, 1, 1, 1, 1, '2018-06-01 00:00:00', '2018-06-01 00:00:00', NULL),
(2301, 572, 23, 1, 1, 1, 1, '2018-06-07 00:00:00', '2018-06-07 00:00:00', NULL),
(2302, 572, 23, 2, 1, 1, 1, '2018-06-07 00:00:00', '2018-06-07 00:00:00', NULL),
(2303, 572, 23, 3, 1, 1, 1, '2018-06-07 00:00:00', '2018-06-07 00:00:00', NULL),
(2304, 572, 23, 4, 1, 1, 1, '2018-06-07 00:00:00', '2018-06-07 00:00:00', NULL),
(2305, 572, 23, 5, 1, 1, 1, '2018-06-07 00:00:00', '2018-06-07 00:00:00', NULL),
(2306, 490, 23, 1, 1, 1, 1, '2018-06-07 00:00:00', '2018-06-07 00:00:00', NULL),
(2307, 490, 23, 2, 1, 1, 1, '2018-06-07 00:00:00', '2018-06-07 00:00:00', NULL),
(2308, 490, 23, 3, 1, 1, 1, '2018-06-07 00:00:00', '2018-06-07 00:00:00', NULL),
(2309, 490, 23, 4, 1, 1, 1, '2018-06-07 00:00:00', '2018-06-07 00:00:00', NULL),
(2310, 559, 23, 1, 1, 1, 1, '2018-06-04 00:00:00', '2018-06-04 00:00:00', NULL),
(2311, 559, 23, 2, 1, 1, 1, '2018-06-04 00:00:00', '2018-06-04 00:00:00', NULL),
(2312, 559, 23, 3, 1, 1, 1, '2018-06-04 00:00:00', '2018-06-04 00:00:00', NULL),
(2313, 740, 27, 1, 1, 1, 1, '2018-06-07 00:00:00', '2018-06-07 00:00:00', NULL),
(2314, 740, 27, 2, 1, 1, 1, '2018-06-07 00:00:00', '2018-06-07 00:00:00', NULL),
(2315, 740, 27, 3, 1, 1, 1, '2018-06-07 00:00:00', '2018-06-07 00:00:00', NULL),
(2316, 203, 28, 1, 1, 1, 1, '2018-06-06 00:00:00', '2018-06-06 00:00:00', NULL),
(2317, 203, 28, 2, 1, 1, 1, '2018-06-06 00:00:00', '2018-06-06 00:00:00', NULL),
(2318, 203, 28, 3, 1, 1, 1, '2018-06-06 00:00:00', '2018-06-06 00:00:00', NULL),
(2319, 203, 28, 4, 1, 1, 1, '2018-06-06 00:00:00', '2018-06-06 00:00:00', NULL),
(2320, 203, 28, 5, 1, 1, 1, '2018-06-06 00:00:00', '2018-06-06 00:00:00', NULL),
(2321, 466, 30, 1, 1, 1, 1, '2018-06-04 00:00:00', '2018-06-04 00:00:00', NULL),
(2322, 466, 30, 2, 1, 1, 1, '2018-06-04 00:00:00', '2018-06-04 00:00:00', NULL),
(2323, 466, 30, 3, 1, 1, 1, '2018-06-04 00:00:00', '2018-06-04 00:00:00', NULL),
(2324, 529, 22, 1, 1, 1, 1, '2018-06-01 00:00:00', '2018-06-01 00:00:00', NULL),
(2325, 19, 26, 1, 1, 1, 1, '2018-05-31 00:00:00', '2018-05-31 00:00:00', NULL),
(2326, 19, 26, 2, 1, 1, 1, '2018-05-31 00:00:00', '2018-05-31 00:00:00', NULL),
(2327, 19, 26, 3, 1, 1, 1, '2018-05-31 00:00:00', '2018-05-31 00:00:00', NULL),
(2328, 19, 26, 4, 1, 1, 1, '2018-05-31 00:00:00', '2018-05-31 00:00:00', NULL),
(2329, 19, 26, 5, 1, 1, 1, '2018-05-31 00:00:00', '2018-05-31 00:00:00', NULL),
(2330, 19, 26, 6, 1, 1, 1, '2018-05-31 00:00:00', '2018-05-31 00:00:00', NULL),
(2331, 19, 26, 7, 1, 1, 1, '2018-05-31 00:00:00', '2018-05-31 00:00:00', NULL),
(2332, 19, 26, 8, 1, 1, 1, '2018-05-31 00:00:00', '2018-05-31 00:00:00', NULL),
(2333, 722, 30, 1, 1, 1, 1, '2018-05-31 00:00:00', '2018-05-31 00:00:00', NULL),
(2334, 722, 30, 2, 1, 1, 1, '2018-05-31 00:00:00', '2018-05-31 00:00:00', NULL),
(2335, 722, 30, 3, 1, 1, 1, '2018-05-31 00:00:00', '2018-05-31 00:00:00', NULL),
(2336, 722, 30, 4, 1, 1, 1, '2018-05-31 00:00:00', '2018-05-31 00:00:00', NULL),
(2337, 438, 30, 1, 1, 1, 1, '2018-06-05 00:00:00', '2018-06-05 00:00:00', NULL),
(2338, 438, 30, 2, 1, 1, 1, '2018-06-05 00:00:00', '2018-06-05 00:00:00', NULL),
(2339, 155, 25, 1, 1, 1, 1, '2018-06-06 00:00:00', '2018-06-06 00:00:00', NULL),
(2340, 155, 25, 2, 1, 1, 1, '2018-06-06 00:00:00', '2018-06-06 00:00:00', NULL),
(2341, 155, 25, 3, 1, 1, 1, '2018-06-06 00:00:00', '2018-06-06 00:00:00', NULL),
(2342, 155, 25, 4, 1, 1, 1, '2018-06-06 00:00:00', '2018-06-06 00:00:00', NULL),
(2343, 155, 25, 5, 1, 1, 1, '2018-06-06 00:00:00', '2018-06-06 00:00:00', NULL),
(2344, 99, 28, 1, 1, 1, 1, '2018-06-06 00:00:00', '2018-06-06 00:00:00', NULL),
(2345, 99, 28, 2, 1, 1, 1, '2018-06-06 00:00:00', '2018-06-06 00:00:00', NULL),
(2346, 99, 28, 3, 1, 1, 1, '2018-06-06 00:00:00', '2018-06-06 00:00:00', NULL),
(2347, 126, 24, 1, 1, 1, 1, '2018-06-02 00:00:00', '2018-06-02 00:00:00', NULL),
(2348, 126, 24, 2, 1, 1, 1, '2018-06-02 00:00:00', '2018-06-02 00:00:00', NULL),
(2349, 126, 24, 3, 1, 1, 1, '2018-06-02 00:00:00', '2018-06-02 00:00:00', NULL),
(2350, 126, 24, 4, 1, 1, 1, '2018-06-02 00:00:00', '2018-06-02 00:00:00', NULL),
(2351, 126, 24, 5, 1, 1, 1, '2018-06-02 00:00:00', '2018-06-02 00:00:00', NULL),
(2352, 126, 24, 6, 1, 1, 1, '2018-06-02 00:00:00', '2018-06-02 00:00:00', NULL),
(2353, 126, 24, 7, 1, 1, 1, '2018-06-02 00:00:00', '2018-06-02 00:00:00', NULL),
(2354, 105, 22, 1, 1, 1, 1, '2018-06-01 00:00:00', '2018-06-01 00:00:00', NULL),
(2355, 105, 22, 2, 1, 1, 1, '2018-06-01 00:00:00', '2018-06-01 00:00:00', NULL),
(2356, 105, 22, 3, 1, 1, 1, '2018-06-01 00:00:00', '2018-06-01 00:00:00', NULL),
(2357, 105, 22, 4, 1, 1, 1, '2018-06-01 00:00:00', '2018-06-01 00:00:00', NULL),
(2358, 105, 22, 5, 1, 1, 1, '2018-06-01 00:00:00', '2018-06-01 00:00:00', NULL),
(2359, 599, 1, 1, 1, 1, 1, '2018-06-03 00:00:00', '2018-06-03 00:00:00', NULL),
(2360, 599, 1, 2, 1, 1, 1, '2018-06-03 00:00:00', '2018-06-03 00:00:00', NULL),
(2361, 599, 1, 3, 1, 1, 1, '2018-06-03 00:00:00', '2018-06-03 00:00:00', NULL),
(2362, 599, 1, 4, 1, 1, 1, '2018-06-03 00:00:00', '2018-06-03 00:00:00', NULL),
(2363, 613, 29, 1, 1, 1, 1, '2018-06-03 00:00:00', '2018-06-03 00:00:00', NULL),
(2364, 613, 29, 2, 1, 1, 1, '2018-06-03 00:00:00', '2018-06-03 00:00:00', NULL),
(2365, 613, 29, 3, 1, 1, 1, '2018-06-03 00:00:00', '2018-06-03 00:00:00', NULL),
(2366, 613, 29, 4, 1, 1, 1, '2018-06-03 00:00:00', '2018-06-03 00:00:00', NULL),
(2367, 613, 29, 5, 1, 1, 1, '2018-06-03 00:00:00', '2018-06-03 00:00:00', NULL),
(2368, 613, 29, 6, 1, 1, 1, '2018-06-03 00:00:00', '2018-06-03 00:00:00', NULL),
(2369, 554, 1, 1, 1, 1, 1, '2018-05-31 00:00:00', '2018-05-31 00:00:00', NULL),
(2370, 554, 1, 2, 1, 1, 1, '2018-05-31 00:00:00', '2018-05-31 00:00:00', NULL),
(2371, 554, 1, 3, 1, 1, 1, '2018-05-31 00:00:00', '2018-05-31 00:00:00', NULL),
(2372, 554, 1, 4, 1, 1, 1, '2018-05-31 00:00:00', '2018-05-31 00:00:00', NULL),
(2373, 554, 1, 5, 1, 1, 1, '2018-05-31 00:00:00', '2018-05-31 00:00:00', NULL),
(2374, 554, 1, 6, 1, 1, 1, '2018-05-31 00:00:00', '2018-05-31 00:00:00', NULL),
(2375, 48, 25, 1, 1, 1, 1, '2018-05-31 00:00:00', '2018-05-31 00:00:00', NULL),
(2376, 48, 25, 2, 1, 1, 1, '2018-05-31 00:00:00', '2018-05-31 00:00:00', NULL),
(2377, 48, 25, 3, 1, 1, 1, '2018-05-31 00:00:00', '2018-05-31 00:00:00', NULL),
(2378, 48, 25, 4, 1, 1, 1, '2018-05-31 00:00:00', '2018-05-31 00:00:00', NULL),
(2379, 48, 25, 5, 1, 1, 1, '2018-05-31 00:00:00', '2018-05-31 00:00:00', NULL),
(2380, 720, 29, 1, 1, 1, 1, '2018-06-04 00:00:00', '2018-06-04 00:00:00', NULL),
(2381, 720, 29, 2, 1, 1, 1, '2018-06-04 00:00:00', '2018-06-04 00:00:00', NULL),
(2382, 720, 29, 3, 1, 1, 1, '2018-06-04 00:00:00', '2018-06-04 00:00:00', NULL),
(2383, 720, 29, 4, 1, 1, 1, '2018-06-04 00:00:00', '2018-06-04 00:00:00', NULL),
(2384, 720, 29, 5, 1, 1, 1, '2018-06-04 00:00:00', '2018-06-04 00:00:00', NULL),
(2385, 720, 29, 6, 1, 1, 1, '2018-06-04 00:00:00', '2018-06-04 00:00:00', NULL),
(2386, 720, 29, 7, 1, 1, 1, '2018-06-04 00:00:00', '2018-06-04 00:00:00', NULL),
(2387, 720, 29, 8, 1, 1, 1, '2018-06-04 00:00:00', '2018-06-04 00:00:00', NULL),
(2388, 54, 31, 1, 1, 1, 1, '2018-05-31 00:00:00', '2018-05-31 00:00:00', NULL),
(2389, 54, 31, 2, 1, 1, 1, '2018-05-31 00:00:00', '2018-05-31 00:00:00', NULL),
(2390, 54, 31, 3, 1, 1, 1, '2018-05-31 00:00:00', '2018-05-31 00:00:00', NULL),
(2391, 672, 26, 1, 1, 1, 1, '2018-06-02 00:00:00', '2018-06-02 00:00:00', NULL),
(2392, 672, 26, 2, 1, 1, 1, '2018-06-02 00:00:00', '2018-06-02 00:00:00', NULL),
(2393, 672, 26, 3, 1, 1, 1, '2018-06-02 00:00:00', '2018-06-02 00:00:00', NULL),
(2394, 672, 26, 4, 1, 1, 1, '2018-06-02 00:00:00', '2018-06-02 00:00:00', NULL),
(2395, 672, 26, 5, 1, 1, 1, '2018-06-02 00:00:00', '2018-06-02 00:00:00', NULL),
(2396, 672, 26, 6, 1, 1, 1, '2018-06-02 00:00:00', '2018-06-02 00:00:00', NULL),
(2397, 672, 26, 7, 1, 1, 1, '2018-06-02 00:00:00', '2018-06-02 00:00:00', NULL),
(2398, 672, 26, 8, 1, 1, 1, '2018-06-02 00:00:00', '2018-06-02 00:00:00', NULL),
(2399, 171, 31, 1, 1, 1, 1, '2018-06-02 00:00:00', '2018-06-02 00:00:00', NULL),
(2400, 171, 31, 2, 1, 1, 1, '2018-06-02 00:00:00', '2018-06-02 00:00:00', NULL),
(2401, 171, 31, 3, 1, 1, 1, '2018-06-02 00:00:00', '2018-06-02 00:00:00', NULL),
(2402, 171, 31, 4, 1, 1, 1, '2018-06-02 00:00:00', '2018-06-02 00:00:00', NULL),
(2403, 171, 31, 5, 1, 1, 1, '2018-06-02 00:00:00', '2018-06-02 00:00:00', NULL),
(2404, 171, 31, 6, 1, 1, 1, '2018-06-02 00:00:00', '2018-06-02 00:00:00', NULL),
(2405, 631, 23, 1, 1, 1, 1, '2018-06-07 00:00:00', '2018-06-07 00:00:00', NULL),
(2406, 631, 23, 2, 1, 1, 1, '2018-06-07 00:00:00', '2018-06-07 00:00:00', NULL),
(2407, 631, 23, 3, 1, 1, 1, '2018-06-07 00:00:00', '2018-06-07 00:00:00', NULL),
(2408, 631, 23, 4, 1, 1, 1, '2018-06-07 00:00:00', '2018-06-07 00:00:00', NULL),
(2409, 122, 28, 1, 1, 1, 1, '2018-06-04 00:00:00', '2018-06-04 00:00:00', NULL),
(2410, 122, 28, 2, 1, 1, 1, '2018-06-04 00:00:00', '2018-06-04 00:00:00', NULL),
(2411, 122, 28, 3, 1, 1, 1, '2018-06-04 00:00:00', '2018-06-04 00:00:00', NULL),
(2412, 122, 28, 4, 1, 1, 1, '2018-06-04 00:00:00', '2018-06-04 00:00:00', NULL),
(2413, 394, 28, 1, 1, 1, 1, '2018-06-07 00:00:00', '2018-06-07 00:00:00', NULL),
(2414, 394, 28, 2, 1, 1, 1, '2018-06-07 00:00:00', '2018-06-07 00:00:00', NULL),
(2415, 394, 28, 3, 1, 1, 1, '2018-06-07 00:00:00', '2018-06-07 00:00:00', NULL),
(2416, 147, 24, 1, 1, 1, 1, '2018-06-04 00:00:00', '2018-06-04 00:00:00', NULL),
(2417, 147, 24, 2, 1, 1, 1, '2018-06-04 00:00:00', '2018-06-04 00:00:00', NULL),
(2418, 147, 24, 3, 1, 1, 1, '2018-06-04 00:00:00', '2018-06-04 00:00:00', NULL),
(2419, 147, 24, 4, 1, 1, 1, '2018-06-04 00:00:00', '2018-06-04 00:00:00', NULL),
(2420, 147, 24, 5, 1, 1, 1, '2018-06-04 00:00:00', '2018-06-04 00:00:00', NULL),
(2421, 147, 24, 6, 1, 1, 1, '2018-06-04 00:00:00', '2018-06-04 00:00:00', NULL),
(2422, 147, 24, 7, 1, 1, 1, '2018-06-04 00:00:00', '2018-06-04 00:00:00', NULL),
(2423, 35, 1, 1, 1, 1, 1, '2018-06-05 00:00:00', '2018-06-05 00:00:00', NULL),
(2424, 35, 1, 2, 1, 1, 1, '2018-06-05 00:00:00', '2018-06-05 00:00:00', NULL),
(2425, 35, 1, 3, 1, 1, 1, '2018-06-05 00:00:00', '2018-06-05 00:00:00', NULL),
(2426, 35, 1, 4, 1, 1, 1, '2018-06-05 00:00:00', '2018-06-05 00:00:00', NULL),
(2427, 35, 1, 5, 1, 1, 1, '2018-06-05 00:00:00', '2018-06-05 00:00:00', NULL),
(2428, 35, 1, 6, 1, 1, 1, '2018-06-05 00:00:00', '2018-06-05 00:00:00', NULL),
(2429, 35, 1, 7, 1, 1, 1, '2018-06-05 00:00:00', '2018-06-05 00:00:00', NULL),
(2430, 35, 1, 8, 1, 1, 1, '2018-06-05 00:00:00', '2018-06-05 00:00:00', NULL),
(2431, 331, 25, 1, 1, 1, 1, '2018-06-06 00:00:00', '2018-06-06 00:00:00', NULL),
(2432, 331, 25, 2, 1, 1, 1, '2018-06-06 00:00:00', '2018-06-06 00:00:00', NULL),
(2433, 331, 25, 3, 1, 1, 1, '2018-06-06 00:00:00', '2018-06-06 00:00:00', NULL),
(2434, 331, 25, 4, 1, 1, 1, '2018-06-06 00:00:00', '2018-06-06 00:00:00', NULL),
(2435, 329, 22, 1, 1, 1, 1, '2018-06-01 00:00:00', '2018-06-01 00:00:00', NULL),
(2436, 329, 22, 2, 1, 1, 1, '2018-06-01 00:00:00', '2018-06-01 00:00:00', NULL),
(2437, 329, 22, 3, 1, 1, 1, '2018-06-01 00:00:00', '2018-06-01 00:00:00', NULL),
(2438, 329, 22, 4, 1, 1, 1, '2018-06-01 00:00:00', '2018-06-01 00:00:00', NULL),
(2439, 329, 22, 5, 1, 1, 1, '2018-06-01 00:00:00', '2018-06-01 00:00:00', NULL),
(2440, 329, 22, 6, 1, 1, 1, '2018-06-01 00:00:00', '2018-06-01 00:00:00', NULL),
(2441, 329, 22, 7, 1, 1, 1, '2018-06-01 00:00:00', '2018-06-01 00:00:00', NULL),
(2442, 329, 22, 8, 1, 1, 1, '2018-06-01 00:00:00', '2018-06-01 00:00:00', NULL),
(2443, 483, 25, 1, 1, 1, 1, '2018-06-05 00:00:00', '2018-06-05 00:00:00', NULL),
(2444, 483, 25, 2, 1, 1, 1, '2018-06-05 00:00:00', '2018-06-05 00:00:00', NULL),
(2445, 483, 25, 3, 1, 1, 1, '2018-06-05 00:00:00', '2018-06-05 00:00:00', NULL),
(2446, 483, 25, 4, 1, 1, 1, '2018-06-05 00:00:00', '2018-06-05 00:00:00', NULL),
(2447, 483, 25, 5, 1, 1, 1, '2018-06-05 00:00:00', '2018-06-05 00:00:00', NULL),
(2448, 483, 25, 6, 1, 1, 1, '2018-06-05 00:00:00', '2018-06-05 00:00:00', NULL),
(2449, 104, 22, 1, 1, 1, 1, '2018-06-07 00:00:00', '2018-06-07 00:00:00', NULL),
(2450, 104, 22, 2, 1, 1, 1, '2018-06-07 00:00:00', '2018-06-07 00:00:00', NULL),
(2451, 104, 22, 3, 1, 1, 1, '2018-06-07 00:00:00', '2018-06-07 00:00:00', NULL),
(2452, 104, 22, 4, 1, 1, 1, '2018-06-07 00:00:00', '2018-06-07 00:00:00', NULL),
(2453, 104, 22, 5, 1, 1, 1, '2018-06-07 00:00:00', '2018-06-07 00:00:00', NULL),
(2454, 104, 22, 6, 1, 1, 1, '2018-06-07 00:00:00', '2018-06-07 00:00:00', NULL),
(2455, 283, 22, 1, 1, 1, 1, '2018-06-06 00:00:00', '2018-06-06 00:00:00', NULL),
(2456, 283, 22, 2, 1, 1, 1, '2018-06-06 00:00:00', '2018-06-06 00:00:00', NULL),
(2457, 283, 22, 3, 1, 1, 1, '2018-06-06 00:00:00', '2018-06-06 00:00:00', NULL),
(2458, 781, 23, 1, 1, 1, 1, '2018-06-03 00:00:00', '2018-06-03 00:00:00', NULL),
(2459, 781, 23, 2, 1, 1, 1, '2018-06-03 00:00:00', '2018-06-03 00:00:00', NULL),
(2460, 781, 23, 3, 1, 1, 1, '2018-06-03 00:00:00', '2018-06-03 00:00:00', NULL),
(2461, 781, 23, 4, 1, 1, 1, '2018-06-03 00:00:00', '2018-06-03 00:00:00', NULL),
(2462, 195, 28, 1, 1, 1, 1, '2018-06-04 00:00:00', '2018-06-04 00:00:00', NULL),
(2463, 195, 28, 2, 1, 1, 1, '2018-06-04 00:00:00', '2018-06-04 00:00:00', NULL),
(2464, 195, 28, 3, 1, 1, 1, '2018-06-04 00:00:00', '2018-06-04 00:00:00', NULL),
(2465, 195, 28, 4, 1, 1, 1, '2018-06-04 00:00:00', '2018-06-04 00:00:00', NULL),
(2466, 195, 28, 5, 1, 1, 1, '2018-06-04 00:00:00', '2018-06-04 00:00:00', NULL),
(2467, 195, 28, 6, 1, 1, 1, '2018-06-04 00:00:00', '2018-06-04 00:00:00', NULL),
(2468, 195, 28, 7, 1, 1, 1, '2018-06-04 00:00:00', '2018-06-04 00:00:00', NULL),
(2469, 713, 25, 1, 1, 1, 1, '2018-06-04 00:00:00', '2018-06-04 00:00:00', NULL),
(2470, 713, 25, 2, 1, 1, 1, '2018-06-04 00:00:00', '2018-06-04 00:00:00', NULL),
(2471, 713, 25, 3, 1, 1, 1, '2018-06-04 00:00:00', '2018-06-04 00:00:00', NULL),
(2472, 337, 29, 1, 1, 1, 1, '2018-05-31 00:00:00', '2018-05-31 00:00:00', NULL),
(2473, 337, 29, 2, 1, 1, 1, '2018-05-31 00:00:00', '2018-05-31 00:00:00', NULL),
(2474, 430, 27, 1, 1, 1, 1, '2018-06-06 00:00:00', '2018-06-06 00:00:00', NULL),
(2475, 293, 26, 1, 1, 1, 1, '2018-06-05 00:00:00', '2018-06-05 00:00:00', NULL),
(2476, 293, 26, 2, 1, 1, 1, '2018-06-05 00:00:00', '2018-06-05 00:00:00', NULL),
(2477, 293, 26, 3, 1, 1, 1, '2018-06-05 00:00:00', '2018-06-05 00:00:00', NULL),
(2478, 293, 26, 4, 1, 1, 1, '2018-06-05 00:00:00', '2018-06-05 00:00:00', NULL),
(2479, 293, 26, 5, 1, 1, 1, '2018-06-05 00:00:00', '2018-06-05 00:00:00', NULL),
(2480, 514, 24, 1, 1, 1, 1, '2018-06-06 00:00:00', '2018-06-06 00:00:00', NULL),
(2481, 514, 24, 2, 1, 1, 1, '2018-06-06 00:00:00', '2018-06-06 00:00:00', NULL),
(2482, 514, 24, 3, 1, 1, 1, '2018-06-06 00:00:00', '2018-06-06 00:00:00', NULL),
(2483, 514, 24, 4, 1, 1, 1, '2018-06-06 00:00:00', '2018-06-06 00:00:00', NULL),
(2484, 514, 24, 5, 1, 1, 1, '2018-06-06 00:00:00', '2018-06-06 00:00:00', NULL),
(2485, 514, 24, 6, 1, 1, 1, '2018-06-06 00:00:00', '2018-06-06 00:00:00', NULL),
(2486, 182, 23, 1, 1, 1, 1, '2018-06-02 00:00:00', '2018-06-02 00:00:00', NULL),
(2487, 182, 23, 2, 1, 1, 1, '2018-06-02 00:00:00', '2018-06-02 00:00:00', NULL),
(2488, 182, 23, 3, 1, 1, 1, '2018-06-02 00:00:00', '2018-06-02 00:00:00', NULL),
(2489, 182, 23, 4, 1, 1, 1, '2018-06-02 00:00:00', '2018-06-02 00:00:00', NULL),
(2490, 182, 23, 5, 1, 1, 1, '2018-06-02 00:00:00', '2018-06-02 00:00:00', NULL),
(2491, 182, 23, 6, 1, 1, 1, '2018-06-02 00:00:00', '2018-06-02 00:00:00', NULL),
(2492, 182, 23, 7, 1, 1, 1, '2018-06-02 00:00:00', '2018-06-02 00:00:00', NULL),
(2493, 364, 27, 1, 1, 1, 1, '2018-06-01 00:00:00', '2018-06-01 00:00:00', NULL),
(2494, 364, 27, 2, 1, 1, 1, '2018-06-01 00:00:00', '2018-06-01 00:00:00', NULL),
(2495, 248, 27, 1, 1, 1, 1, '2018-06-01 00:00:00', '2018-06-01 00:00:00', NULL),
(2496, 248, 27, 2, 1, 1, 1, '2018-06-01 00:00:00', '2018-06-01 00:00:00', NULL),
(2497, 248, 27, 3, 1, 1, 1, '2018-06-01 00:00:00', '2018-06-01 00:00:00', NULL),
(2498, 248, 27, 4, 1, 1, 1, '2018-06-01 00:00:00', '2018-06-01 00:00:00', NULL),
(2499, 342, 25, 1, 1, 1, 1, '2018-06-06 00:00:00', '2018-06-06 00:00:00', NULL),
(2500, 342, 25, 2, 1, 1, 1, '2018-06-06 00:00:00', '2018-06-06 00:00:00', NULL),
(2501, 342, 25, 3, 1, 1, 1, '2018-06-06 00:00:00', '2018-06-06 00:00:00', NULL),
(2502, 342, 25, 4, 1, 1, 1, '2018-06-06 00:00:00', '2018-06-06 00:00:00', NULL),
(2503, 342, 25, 5, 1, 1, 1, '2018-06-06 00:00:00', '2018-06-06 00:00:00', NULL),
(2504, 342, 25, 6, 1, 1, 1, '2018-06-06 00:00:00', '2018-06-06 00:00:00', NULL),
(2505, 342, 25, 7, 1, 1, 1, '2018-06-06 00:00:00', '2018-06-06 00:00:00', NULL),
(2506, 342, 25, 8, 1, 1, 1, '2018-06-06 00:00:00', '2018-06-06 00:00:00', NULL),
(2507, 725, 28, 1, 1, 1, 1, '2018-06-07 00:00:00', '2018-06-07 00:00:00', NULL),
(2508, 725, 28, 2, 1, 1, 1, '2018-06-07 00:00:00', '2018-06-07 00:00:00', NULL),
(2509, 725, 28, 3, 1, 1, 1, '2018-06-07 00:00:00', '2018-06-07 00:00:00', NULL),
(2510, 55, 24, 1, 1, 1, 1, '2018-06-06 00:00:00', '2018-06-06 00:00:00', NULL),
(2511, 55, 24, 2, 1, 1, 1, '2018-06-06 00:00:00', '2018-06-06 00:00:00', NULL),
(2512, 55, 24, 3, 1, 1, 1, '2018-06-06 00:00:00', '2018-06-06 00:00:00', NULL),
(2513, 55, 24, 4, 1, 1, 1, '2018-06-06 00:00:00', '2018-06-06 00:00:00', NULL),
(2514, 55, 24, 5, 1, 1, 1, '2018-06-06 00:00:00', '2018-06-06 00:00:00', NULL),
(2515, 55, 24, 6, 1, 1, 1, '2018-06-06 00:00:00', '2018-06-06 00:00:00', NULL),
(2516, 55, 24, 7, 1, 1, 1, '2018-06-06 00:00:00', '2018-06-06 00:00:00', NULL),
(2517, 511, 26, 1, 1, 1, 1, '2018-06-05 00:00:00', '2018-06-05 00:00:00', NULL),
(2518, 511, 26, 2, 1, 1, 1, '2018-06-05 00:00:00', '2018-06-05 00:00:00', NULL),
(2519, 511, 26, 3, 1, 1, 1, '2018-06-05 00:00:00', '2018-06-05 00:00:00', NULL),
(2520, 511, 26, 4, 1, 1, 1, '2018-06-05 00:00:00', '2018-06-05 00:00:00', NULL),
(2521, 11, 28, 1, 1, 1, 1, '2018-06-06 00:00:00', '2018-06-06 00:00:00', NULL),
(2522, 11, 28, 2, 1, 1, 1, '2018-06-06 00:00:00', '2018-06-06 00:00:00', NULL),
(2523, 11, 28, 3, 1, 1, 1, '2018-06-06 00:00:00', '2018-06-06 00:00:00', NULL),
(2524, 193, 29, 1, 1, 1, 1, '2018-06-05 00:00:00', '2018-06-05 00:00:00', NULL),
(2525, 193, 29, 2, 1, 1, 1, '2018-06-05 00:00:00', '2018-06-05 00:00:00', NULL),
(2526, 333, 31, 1, 1, 1, 1, '2018-06-05 00:00:00', '2018-06-05 00:00:00', NULL),
(2527, 333, 31, 2, 1, 1, 1, '2018-06-05 00:00:00', '2018-06-05 00:00:00', NULL),
(2528, 333, 31, 3, 1, 1, 1, '2018-06-05 00:00:00', '2018-06-05 00:00:00', NULL),
(2529, 101, 28, 1, 1, 1, 1, '2018-06-03 00:00:00', '2018-06-03 00:00:00', NULL),
(2530, 101, 28, 2, 1, 1, 1, '2018-06-03 00:00:00', '2018-06-03 00:00:00', NULL),
(2531, 101, 28, 3, 1, 1, 1, '2018-06-03 00:00:00', '2018-06-03 00:00:00', NULL),
(2532, 101, 28, 4, 1, 1, 1, '2018-06-03 00:00:00', '2018-06-03 00:00:00', NULL),
(2533, 457, 31, 1, 1, 1, 1, '2018-06-06 00:00:00', '2018-06-06 00:00:00', NULL),
(2534, 457, 31, 2, 1, 1, 1, '2018-06-06 00:00:00', '2018-06-06 00:00:00', NULL),
(2535, 457, 31, 3, 1, 1, 1, '2018-06-06 00:00:00', '2018-06-06 00:00:00', NULL),
(2536, 480, 31, 1, 1, 1, 1, '2018-05-31 00:00:00', '2018-05-31 00:00:00', NULL),
(2537, 480, 31, 2, 1, 1, 1, '2018-05-31 00:00:00', '2018-05-31 00:00:00', NULL),
(2538, 480, 31, 3, 1, 1, 1, '2018-05-31 00:00:00', '2018-05-31 00:00:00', NULL),
(2539, 480, 31, 4, 1, 1, 1, '2018-05-31 00:00:00', '2018-05-31 00:00:00', NULL),
(2540, 480, 31, 5, 1, 1, 1, '2018-05-31 00:00:00', '2018-05-31 00:00:00', NULL),
(2541, 480, 31, 6, 1, 1, 1, '2018-05-31 00:00:00', '2018-05-31 00:00:00', NULL);
INSERT INTO `call_history` (`id`, `contact_id`, `user_id`, `level_id`, `call_quality_level_id`, `status_service_id`, `status_call_id`, `created_at`, `updated_at`, `deleted_at`) VALUES
(2542, 480, 31, 7, 1, 1, 1, '2018-05-31 00:00:00', '2018-05-31 00:00:00', NULL),
(2543, 480, 31, 8, 1, 1, 1, '2018-05-31 00:00:00', '2018-05-31 00:00:00', NULL),
(2544, 526, 31, 1, 1, 1, 1, '2018-05-31 00:00:00', '2018-05-31 00:00:00', NULL),
(2545, 591, 31, 1, 1, 1, 1, '2018-06-04 00:00:00', '2018-06-04 00:00:00', NULL),
(2546, 591, 31, 2, 1, 1, 1, '2018-06-04 00:00:00', '2018-06-04 00:00:00', NULL),
(2547, 512, 26, 1, 1, 1, 1, '2018-06-02 00:00:00', '2018-06-02 00:00:00', NULL),
(2548, 512, 26, 2, 1, 1, 1, '2018-06-02 00:00:00', '2018-06-02 00:00:00', NULL),
(2549, 173, 27, 1, 1, 1, 1, '2018-06-05 00:00:00', '2018-06-05 00:00:00', NULL),
(2550, 406, 1, 1, 1, 1, 1, '2018-05-31 00:00:00', '2018-05-31 00:00:00', NULL),
(2551, 406, 1, 2, 1, 1, 1, '2018-05-31 00:00:00', '2018-05-31 00:00:00', NULL),
(2552, 406, 1, 3, 1, 1, 1, '2018-05-31 00:00:00', '2018-05-31 00:00:00', NULL),
(2553, 638, 29, 1, 1, 1, 1, '2018-05-31 00:00:00', '2018-05-31 00:00:00', NULL),
(2554, 638, 29, 2, 1, 1, 1, '2018-05-31 00:00:00', '2018-05-31 00:00:00', NULL),
(2555, 638, 29, 3, 1, 1, 1, '2018-05-31 00:00:00', '2018-05-31 00:00:00', NULL),
(2556, 638, 29, 4, 1, 1, 1, '2018-05-31 00:00:00', '2018-05-31 00:00:00', NULL),
(2557, 638, 29, 5, 1, 1, 1, '2018-05-31 00:00:00', '2018-05-31 00:00:00', NULL),
(2558, 638, 29, 6, 1, 1, 1, '2018-05-31 00:00:00', '2018-05-31 00:00:00', NULL),
(2559, 638, 29, 7, 1, 1, 1, '2018-05-31 00:00:00', '2018-05-31 00:00:00', NULL),
(2560, 638, 29, 8, 1, 1, 1, '2018-05-31 00:00:00', '2018-05-31 00:00:00', NULL),
(2561, 663, 28, 1, 1, 1, 1, '2018-06-02 00:00:00', '2018-06-02 00:00:00', NULL),
(2562, 663, 28, 2, 1, 1, 1, '2018-06-02 00:00:00', '2018-06-02 00:00:00', NULL),
(2563, 663, 28, 3, 1, 1, 1, '2018-06-02 00:00:00', '2018-06-02 00:00:00', NULL),
(2564, 663, 28, 4, 1, 1, 1, '2018-06-02 00:00:00', '2018-06-02 00:00:00', NULL),
(2565, 663, 28, 5, 1, 1, 1, '2018-06-02 00:00:00', '2018-06-02 00:00:00', NULL),
(2566, 696, 25, 1, 1, 1, 1, '2018-06-03 00:00:00', '2018-06-03 00:00:00', NULL),
(2567, 696, 25, 2, 1, 1, 1, '2018-06-03 00:00:00', '2018-06-03 00:00:00', NULL),
(2568, 696, 25, 3, 1, 1, 1, '2018-06-03 00:00:00', '2018-06-03 00:00:00', NULL),
(2569, 696, 25, 4, 1, 1, 1, '2018-06-03 00:00:00', '2018-06-03 00:00:00', NULL),
(2570, 696, 25, 5, 1, 1, 1, '2018-06-03 00:00:00', '2018-06-03 00:00:00', NULL),
(2571, 696, 25, 6, 1, 1, 1, '2018-06-03 00:00:00', '2018-06-03 00:00:00', NULL),
(2572, 355, 30, 1, 1, 1, 1, '2018-06-04 00:00:00', '2018-06-04 00:00:00', NULL),
(2573, 355, 30, 2, 1, 1, 1, '2018-06-04 00:00:00', '2018-06-04 00:00:00', NULL),
(2574, 355, 30, 3, 1, 1, 1, '2018-06-04 00:00:00', '2018-06-04 00:00:00', NULL),
(2575, 520, 27, 1, 1, 1, 1, '2018-06-04 00:00:00', '2018-06-04 00:00:00', NULL),
(2576, 520, 27, 2, 1, 1, 1, '2018-06-04 00:00:00', '2018-06-04 00:00:00', NULL),
(2577, 520, 27, 3, 1, 1, 1, '2018-06-04 00:00:00', '2018-06-04 00:00:00', NULL),
(2578, 520, 27, 4, 1, 1, 1, '2018-06-04 00:00:00', '2018-06-04 00:00:00', NULL),
(2579, 520, 27, 5, 1, 1, 1, '2018-06-04 00:00:00', '2018-06-04 00:00:00', NULL),
(2580, 520, 27, 6, 1, 1, 1, '2018-06-04 00:00:00', '2018-06-04 00:00:00', NULL),
(2581, 520, 27, 7, 1, 1, 1, '2018-06-04 00:00:00', '2018-06-04 00:00:00', NULL),
(2582, 240, 23, 1, 1, 1, 1, '2018-06-01 00:00:00', '2018-06-01 00:00:00', NULL),
(2583, 240, 23, 2, 1, 1, 1, '2018-06-01 00:00:00', '2018-06-01 00:00:00', NULL),
(2584, 505, 31, 1, 1, 1, 1, '2018-06-05 00:00:00', '2018-06-05 00:00:00', NULL),
(2585, 398, 29, 1, 1, 1, 1, '2018-06-07 00:00:00', '2018-06-07 00:00:00', NULL),
(2586, 398, 29, 2, 1, 1, 1, '2018-06-07 00:00:00', '2018-06-07 00:00:00', NULL),
(2587, 398, 29, 3, 1, 1, 1, '2018-06-07 00:00:00', '2018-06-07 00:00:00', NULL),
(2588, 398, 29, 4, 1, 1, 1, '2018-06-07 00:00:00', '2018-06-07 00:00:00', NULL),
(2589, 398, 29, 5, 1, 1, 1, '2018-06-07 00:00:00', '2018-06-07 00:00:00', NULL),
(2590, 398, 29, 6, 1, 1, 1, '2018-06-07 00:00:00', '2018-06-07 00:00:00', NULL),
(2591, 398, 29, 7, 1, 1, 1, '2018-06-07 00:00:00', '2018-06-07 00:00:00', NULL),
(2592, 398, 29, 8, 1, 1, 1, '2018-06-07 00:00:00', '2018-06-07 00:00:00', NULL),
(2593, 93, 28, 1, 1, 1, 1, '2018-05-31 00:00:00', '2018-05-31 00:00:00', NULL),
(2594, 93, 28, 2, 1, 1, 1, '2018-05-31 00:00:00', '2018-05-31 00:00:00', NULL),
(2595, 93, 28, 3, 1, 1, 1, '2018-05-31 00:00:00', '2018-05-31 00:00:00', NULL),
(2596, 93, 28, 4, 1, 1, 1, '2018-05-31 00:00:00', '2018-05-31 00:00:00', NULL),
(2597, 93, 28, 5, 1, 1, 1, '2018-05-31 00:00:00', '2018-05-31 00:00:00', NULL),
(2598, 93, 28, 6, 1, 1, 1, '2018-05-31 00:00:00', '2018-05-31 00:00:00', NULL),
(2599, 93, 28, 7, 1, 1, 1, '2018-05-31 00:00:00', '2018-05-31 00:00:00', NULL),
(2600, 93, 28, 8, 1, 1, 1, '2018-05-31 00:00:00', '2018-05-31 00:00:00', NULL),
(2601, 448, 1, 1, 1, 1, 1, '2018-06-01 00:00:00', '2018-06-01 00:00:00', NULL),
(2602, 448, 1, 2, 1, 1, 1, '2018-06-01 00:00:00', '2018-06-01 00:00:00', NULL),
(2603, 448, 1, 3, 1, 1, 1, '2018-06-01 00:00:00', '2018-06-01 00:00:00', NULL),
(2604, 448, 1, 4, 1, 1, 1, '2018-06-01 00:00:00', '2018-06-01 00:00:00', NULL),
(2605, 448, 1, 5, 1, 1, 1, '2018-06-01 00:00:00', '2018-06-01 00:00:00', NULL),
(2606, 448, 1, 6, 1, 1, 1, '2018-06-01 00:00:00', '2018-06-01 00:00:00', NULL),
(2607, 448, 1, 7, 1, 1, 1, '2018-06-01 00:00:00', '2018-06-01 00:00:00', NULL),
(2608, 448, 1, 8, 1, 1, 1, '2018-06-01 00:00:00', '2018-06-01 00:00:00', NULL),
(2609, 455, 22, 1, 1, 1, 1, '2018-06-07 00:00:00', '2018-06-07 00:00:00', NULL),
(2610, 455, 22, 2, 1, 1, 1, '2018-06-07 00:00:00', '2018-06-07 00:00:00', NULL),
(2611, 455, 22, 3, 1, 1, 1, '2018-06-07 00:00:00', '2018-06-07 00:00:00', NULL),
(2612, 455, 22, 4, 1, 1, 1, '2018-06-07 00:00:00', '2018-06-07 00:00:00', NULL),
(2613, 455, 22, 5, 1, 1, 1, '2018-06-07 00:00:00', '2018-06-07 00:00:00', NULL),
(2614, 455, 22, 6, 1, 1, 1, '2018-06-07 00:00:00', '2018-06-07 00:00:00', NULL),
(2615, 487, 23, 1, 1, 1, 1, '2018-06-03 00:00:00', '2018-06-03 00:00:00', NULL),
(2616, 487, 23, 2, 1, 1, 1, '2018-06-03 00:00:00', '2018-06-03 00:00:00', NULL),
(2617, 756, 27, 1, 1, 1, 1, '2018-06-02 00:00:00', '2018-06-02 00:00:00', NULL),
(2618, 756, 27, 2, 1, 1, 1, '2018-06-02 00:00:00', '2018-06-02 00:00:00', NULL),
(2619, 756, 27, 3, 1, 1, 1, '2018-06-02 00:00:00', '2018-06-02 00:00:00', NULL),
(2620, 756, 27, 4, 1, 1, 1, '2018-06-02 00:00:00', '2018-06-02 00:00:00', NULL),
(2621, 756, 27, 5, 1, 1, 1, '2018-06-02 00:00:00', '2018-06-02 00:00:00', NULL),
(2622, 737, 1, 1, 1, 1, 1, '2018-06-05 00:00:00', '2018-06-05 00:00:00', NULL),
(2623, 737, 1, 2, 1, 1, 1, '2018-06-05 00:00:00', '2018-06-05 00:00:00', NULL),
(2624, 737, 1, 3, 1, 1, 1, '2018-06-05 00:00:00', '2018-06-05 00:00:00', NULL),
(2625, 737, 1, 4, 1, 1, 1, '2018-06-05 00:00:00', '2018-06-05 00:00:00', NULL),
(2626, 737, 1, 5, 1, 1, 1, '2018-06-05 00:00:00', '2018-06-05 00:00:00', NULL),
(2627, 737, 1, 6, 1, 1, 1, '2018-06-05 00:00:00', '2018-06-05 00:00:00', NULL),
(2628, 737, 1, 7, 1, 1, 1, '2018-06-05 00:00:00', '2018-06-05 00:00:00', NULL),
(2629, 601, 30, 1, 1, 1, 1, '2018-06-05 00:00:00', '2018-06-05 00:00:00', NULL),
(2630, 601, 30, 2, 1, 1, 1, '2018-06-05 00:00:00', '2018-06-05 00:00:00', NULL),
(2631, 601, 30, 3, 1, 1, 1, '2018-06-05 00:00:00', '2018-06-05 00:00:00', NULL),
(2632, 601, 30, 4, 1, 1, 1, '2018-06-05 00:00:00', '2018-06-05 00:00:00', NULL),
(2633, 601, 30, 5, 1, 1, 1, '2018-06-05 00:00:00', '2018-06-05 00:00:00', NULL),
(2634, 601, 30, 6, 1, 1, 1, '2018-06-05 00:00:00', '2018-06-05 00:00:00', NULL),
(2635, 601, 30, 7, 1, 1, 1, '2018-06-05 00:00:00', '2018-06-05 00:00:00', NULL),
(2636, 601, 30, 8, 1, 1, 1, '2018-06-05 00:00:00', '2018-06-05 00:00:00', NULL),
(2637, 231, 30, 1, 1, 1, 1, '2018-06-05 00:00:00', '2018-06-05 00:00:00', NULL),
(2638, 231, 30, 2, 1, 1, 1, '2018-06-05 00:00:00', '2018-06-05 00:00:00', NULL),
(2639, 231, 30, 3, 1, 1, 1, '2018-06-05 00:00:00', '2018-06-05 00:00:00', NULL),
(2640, 231, 30, 4, 1, 1, 1, '2018-06-05 00:00:00', '2018-06-05 00:00:00', NULL),
(2641, 752, 31, 1, 1, 1, 1, '2018-06-01 00:00:00', '2018-06-01 00:00:00', NULL),
(2642, 752, 31, 2, 1, 1, 1, '2018-06-01 00:00:00', '2018-06-01 00:00:00', NULL),
(2643, 752, 31, 3, 1, 1, 1, '2018-06-01 00:00:00', '2018-06-01 00:00:00', NULL),
(2644, 752, 31, 4, 1, 1, 1, '2018-06-01 00:00:00', '2018-06-01 00:00:00', NULL),
(2645, 752, 31, 5, 1, 1, 1, '2018-06-01 00:00:00', '2018-06-01 00:00:00', NULL),
(2646, 752, 31, 6, 1, 1, 1, '2018-06-01 00:00:00', '2018-06-01 00:00:00', NULL),
(2647, 244, 1, 1, 1, 1, 1, '2018-05-31 00:00:00', '2018-05-31 00:00:00', NULL),
(2648, 244, 1, 2, 1, 1, 1, '2018-05-31 00:00:00', '2018-05-31 00:00:00', NULL),
(2649, 244, 1, 3, 1, 1, 1, '2018-05-31 00:00:00', '2018-05-31 00:00:00', NULL),
(2650, 353, 23, 1, 1, 1, 1, '2018-05-31 00:00:00', '2018-05-31 00:00:00', NULL),
(2651, 353, 23, 2, 1, 1, 1, '2018-05-31 00:00:00', '2018-05-31 00:00:00', NULL),
(2652, 353, 23, 3, 1, 1, 1, '2018-05-31 00:00:00', '2018-05-31 00:00:00', NULL),
(2653, 353, 23, 4, 1, 1, 1, '2018-05-31 00:00:00', '2018-05-31 00:00:00', NULL),
(2654, 353, 23, 5, 1, 1, 1, '2018-05-31 00:00:00', '2018-05-31 00:00:00', NULL),
(2655, 353, 23, 6, 1, 1, 1, '2018-05-31 00:00:00', '2018-05-31 00:00:00', NULL),
(2656, 353, 23, 7, 1, 1, 1, '2018-05-31 00:00:00', '2018-05-31 00:00:00', NULL),
(2657, 711, 24, 1, 1, 1, 1, '2018-05-31 00:00:00', '2018-05-31 00:00:00', NULL),
(2658, 711, 24, 2, 1, 1, 1, '2018-05-31 00:00:00', '2018-05-31 00:00:00', NULL),
(2659, 711, 24, 3, 1, 1, 1, '2018-05-31 00:00:00', '2018-05-31 00:00:00', NULL),
(2660, 711, 24, 4, 1, 1, 1, '2018-05-31 00:00:00', '2018-05-31 00:00:00', NULL),
(2661, 571, 25, 1, 1, 1, 1, '2018-06-04 00:00:00', '2018-06-04 00:00:00', NULL),
(2662, 377, 23, 1, 1, 1, 1, '2018-06-04 00:00:00', '2018-06-04 00:00:00', NULL),
(2663, 682, 30, 1, 1, 1, 1, '2018-06-02 00:00:00', '2018-06-02 00:00:00', NULL),
(2664, 682, 30, 2, 1, 1, 1, '2018-06-02 00:00:00', '2018-06-02 00:00:00', NULL),
(2665, 682, 30, 3, 1, 1, 1, '2018-06-02 00:00:00', '2018-06-02 00:00:00', NULL),
(2666, 682, 30, 4, 1, 1, 1, '2018-06-02 00:00:00', '2018-06-02 00:00:00', NULL),
(2667, 682, 30, 5, 1, 1, 1, '2018-06-02 00:00:00', '2018-06-02 00:00:00', NULL),
(2668, 682, 30, 6, 1, 1, 1, '2018-06-02 00:00:00', '2018-06-02 00:00:00', NULL),
(2669, 125, 30, 1, 1, 1, 1, '2018-05-31 00:00:00', '2018-05-31 00:00:00', NULL),
(2670, 125, 30, 2, 1, 1, 1, '2018-05-31 00:00:00', '2018-05-31 00:00:00', NULL),
(2671, 125, 30, 3, 1, 1, 1, '2018-05-31 00:00:00', '2018-05-31 00:00:00', NULL),
(2672, 125, 30, 4, 1, 1, 1, '2018-05-31 00:00:00', '2018-05-31 00:00:00', NULL),
(2673, 125, 30, 5, 1, 1, 1, '2018-05-31 00:00:00', '2018-05-31 00:00:00', NULL),
(2674, 125, 30, 6, 1, 1, 1, '2018-05-31 00:00:00', '2018-05-31 00:00:00', NULL),
(2675, 125, 30, 7, 1, 1, 1, '2018-05-31 00:00:00', '2018-05-31 00:00:00', NULL),
(2676, 237, 25, 1, 1, 1, 1, '2018-06-07 00:00:00', '2018-06-07 00:00:00', NULL),
(2677, 237, 25, 2, 1, 1, 1, '2018-06-07 00:00:00', '2018-06-07 00:00:00', NULL),
(2678, 237, 25, 3, 1, 1, 1, '2018-06-07 00:00:00', '2018-06-07 00:00:00', NULL),
(2679, 237, 25, 4, 1, 1, 1, '2018-06-07 00:00:00', '2018-06-07 00:00:00', NULL),
(2680, 237, 25, 5, 1, 1, 1, '2018-06-07 00:00:00', '2018-06-07 00:00:00', NULL),
(2681, 729, 28, 1, 1, 1, 1, '2018-06-06 00:00:00', '2018-06-06 00:00:00', NULL),
(2682, 729, 28, 2, 1, 1, 1, '2018-06-06 00:00:00', '2018-06-06 00:00:00', NULL),
(2683, 729, 28, 3, 1, 1, 1, '2018-06-06 00:00:00', '2018-06-06 00:00:00', NULL),
(2684, 729, 28, 4, 1, 1, 1, '2018-06-06 00:00:00', '2018-06-06 00:00:00', NULL),
(2685, 729, 28, 5, 1, 1, 1, '2018-06-06 00:00:00', '2018-06-06 00:00:00', NULL),
(2686, 729, 28, 6, 1, 1, 1, '2018-06-06 00:00:00', '2018-06-06 00:00:00', NULL),
(2687, 729, 28, 7, 1, 1, 1, '2018-06-06 00:00:00', '2018-06-06 00:00:00', NULL),
(2688, 47, 29, 1, 1, 1, 1, '2018-06-03 00:00:00', '2018-06-03 00:00:00', NULL),
(2689, 47, 29, 2, 1, 1, 1, '2018-06-03 00:00:00', '2018-06-03 00:00:00', NULL),
(2690, 679, 1, 1, 1, 1, 1, '2018-06-03 00:00:00', '2018-06-03 00:00:00', NULL),
(2691, 230, 24, 1, 1, 1, 1, '2018-06-01 00:00:00', '2018-06-01 00:00:00', NULL),
(2692, 684, 28, 1, 1, 1, 1, '2018-06-02 00:00:00', '2018-06-02 00:00:00', NULL),
(2693, 684, 28, 2, 1, 1, 1, '2018-06-02 00:00:00', '2018-06-02 00:00:00', NULL),
(2694, 684, 28, 3, 1, 1, 1, '2018-06-02 00:00:00', '2018-06-02 00:00:00', NULL),
(2695, 684, 28, 4, 1, 1, 1, '2018-06-02 00:00:00', '2018-06-02 00:00:00', NULL),
(2696, 684, 28, 5, 1, 1, 1, '2018-06-02 00:00:00', '2018-06-02 00:00:00', NULL),
(2697, 684, 28, 6, 1, 1, 1, '2018-06-02 00:00:00', '2018-06-02 00:00:00', NULL),
(2698, 684, 28, 7, 1, 1, 1, '2018-06-02 00:00:00', '2018-06-02 00:00:00', NULL),
(2699, 471, 31, 1, 1, 1, 1, '2018-06-05 00:00:00', '2018-06-05 00:00:00', NULL),
(2700, 471, 31, 2, 1, 1, 1, '2018-06-05 00:00:00', '2018-06-05 00:00:00', NULL),
(2701, 471, 31, 3, 1, 1, 1, '2018-06-05 00:00:00', '2018-06-05 00:00:00', NULL),
(2702, 471, 31, 4, 1, 1, 1, '2018-06-05 00:00:00', '2018-06-05 00:00:00', NULL),
(2703, 471, 31, 5, 1, 1, 1, '2018-06-05 00:00:00', '2018-06-05 00:00:00', NULL),
(2704, 311, 25, 1, 1, 1, 1, '2018-06-04 00:00:00', '2018-06-04 00:00:00', NULL),
(2705, 311, 25, 2, 1, 1, 1, '2018-06-04 00:00:00', '2018-06-04 00:00:00', NULL),
(2706, 311, 25, 3, 1, 1, 1, '2018-06-04 00:00:00', '2018-06-04 00:00:00', NULL),
(2707, 311, 25, 4, 1, 1, 1, '2018-06-04 00:00:00', '2018-06-04 00:00:00', NULL),
(2708, 311, 25, 5, 1, 1, 1, '2018-06-04 00:00:00', '2018-06-04 00:00:00', NULL),
(2709, 311, 25, 6, 1, 1, 1, '2018-06-04 00:00:00', '2018-06-04 00:00:00', NULL),
(2710, 311, 25, 7, 1, 1, 1, '2018-06-04 00:00:00', '2018-06-04 00:00:00', NULL),
(2711, 311, 25, 8, 1, 1, 1, '2018-06-04 00:00:00', '2018-06-04 00:00:00', NULL),
(2712, 6, 28, 1, 1, 1, 1, '2018-06-07 00:00:00', '2018-06-07 00:00:00', NULL),
(2713, 6, 28, 2, 1, 1, 1, '2018-06-07 00:00:00', '2018-06-07 00:00:00', NULL),
(2714, 6, 28, 3, 1, 1, 1, '2018-06-07 00:00:00', '2018-06-07 00:00:00', NULL),
(2715, 6, 28, 4, 1, 1, 1, '2018-06-07 00:00:00', '2018-06-07 00:00:00', NULL),
(2716, 587, 22, 1, 1, 1, 1, '2018-06-02 00:00:00', '2018-06-02 00:00:00', NULL),
(2717, 313, 28, 1, 1, 1, 1, '2018-06-04 00:00:00', '2018-06-04 00:00:00', NULL),
(2718, 645, 22, 1, 1, 1, 1, '2018-06-05 00:00:00', '2018-06-05 00:00:00', NULL),
(2719, 328, 26, 1, 1, 1, 1, '2018-06-07 00:00:00', '2018-06-07 00:00:00', NULL),
(2720, 328, 26, 2, 1, 1, 1, '2018-06-07 00:00:00', '2018-06-07 00:00:00', NULL),
(2721, 86, 1, 1, 1, 1, 1, '2018-06-06 00:00:00', '2018-06-06 00:00:00', NULL),
(2722, 86, 1, 2, 1, 1, 1, '2018-06-06 00:00:00', '2018-06-06 00:00:00', NULL),
(2723, 594, 30, 1, 1, 1, 1, '2018-06-03 00:00:00', '2018-06-03 00:00:00', NULL),
(2724, 594, 30, 2, 1, 1, 1, '2018-06-03 00:00:00', '2018-06-03 00:00:00', NULL),
(2725, 594, 30, 3, 1, 1, 1, '2018-06-03 00:00:00', '2018-06-03 00:00:00', NULL),
(2726, 594, 30, 4, 1, 1, 1, '2018-06-03 00:00:00', '2018-06-03 00:00:00', NULL),
(2727, 698, 24, 1, 1, 1, 1, '2018-06-07 00:00:00', '2018-06-07 00:00:00', NULL),
(2728, 698, 24, 2, 1, 1, 1, '2018-06-07 00:00:00', '2018-06-07 00:00:00', NULL),
(2729, 698, 24, 3, 1, 1, 1, '2018-06-07 00:00:00', '2018-06-07 00:00:00', NULL),
(2730, 698, 24, 4, 1, 1, 1, '2018-06-07 00:00:00', '2018-06-07 00:00:00', NULL),
(2731, 698, 24, 5, 1, 1, 1, '2018-06-07 00:00:00', '2018-06-07 00:00:00', NULL),
(2732, 698, 24, 6, 1, 1, 1, '2018-06-07 00:00:00', '2018-06-07 00:00:00', NULL),
(2733, 698, 24, 7, 1, 1, 1, '2018-06-07 00:00:00', '2018-06-07 00:00:00', NULL),
(2734, 698, 24, 8, 1, 1, 1, '2018-06-07 00:00:00', '2018-06-07 00:00:00', NULL),
(2735, 245, 23, 1, 1, 1, 1, '2018-06-01 00:00:00', '2018-06-01 00:00:00', NULL),
(2736, 245, 23, 2, 1, 1, 1, '2018-06-01 00:00:00', '2018-06-01 00:00:00', NULL),
(2737, 245, 23, 3, 1, 1, 1, '2018-06-01 00:00:00', '2018-06-01 00:00:00', NULL),
(2738, 245, 23, 4, 1, 1, 1, '2018-06-01 00:00:00', '2018-06-01 00:00:00', NULL),
(2739, 245, 23, 5, 1, 1, 1, '2018-06-01 00:00:00', '2018-06-01 00:00:00', NULL),
(2740, 245, 23, 6, 1, 1, 1, '2018-06-01 00:00:00', '2018-06-01 00:00:00', NULL),
(2741, 769, 28, 1, 1, 1, 1, '2018-06-02 00:00:00', '2018-06-02 00:00:00', NULL),
(2742, 769, 28, 2, 1, 1, 1, '2018-06-02 00:00:00', '2018-06-02 00:00:00', NULL),
(2743, 769, 28, 3, 1, 1, 1, '2018-06-02 00:00:00', '2018-06-02 00:00:00', NULL),
(2744, 769, 28, 4, 1, 1, 1, '2018-06-02 00:00:00', '2018-06-02 00:00:00', NULL),
(2745, 769, 28, 5, 1, 1, 1, '2018-06-02 00:00:00', '2018-06-02 00:00:00', NULL),
(2746, 769, 28, 6, 1, 1, 1, '2018-06-02 00:00:00', '2018-06-02 00:00:00', NULL),
(2747, 769, 28, 7, 1, 1, 1, '2018-06-02 00:00:00', '2018-06-02 00:00:00', NULL),
(2748, 769, 28, 8, 1, 1, 1, '2018-06-02 00:00:00', '2018-06-02 00:00:00', NULL),
(2749, 43, 30, 1, 1, 1, 1, '2018-06-01 00:00:00', '2018-06-01 00:00:00', NULL),
(2750, 43, 30, 2, 1, 1, 1, '2018-06-01 00:00:00', '2018-06-01 00:00:00', NULL),
(2751, 43, 30, 3, 1, 1, 1, '2018-06-01 00:00:00', '2018-06-01 00:00:00', NULL),
(2752, 269, 27, 1, 1, 1, 1, '2018-06-01 00:00:00', '2018-06-01 00:00:00', NULL),
(2753, 269, 27, 2, 1, 1, 1, '2018-06-01 00:00:00', '2018-06-01 00:00:00', NULL),
(2754, 269, 27, 3, 1, 1, 1, '2018-06-01 00:00:00', '2018-06-01 00:00:00', NULL),
(2755, 269, 27, 4, 1, 1, 1, '2018-06-01 00:00:00', '2018-06-01 00:00:00', NULL),
(2756, 269, 27, 5, 1, 1, 1, '2018-06-01 00:00:00', '2018-06-01 00:00:00', NULL),
(2757, 88, 28, 1, 1, 1, 1, '2018-06-07 00:00:00', '2018-06-07 00:00:00', NULL),
(2758, 88, 28, 2, 1, 1, 1, '2018-06-07 00:00:00', '2018-06-07 00:00:00', NULL),
(2759, 12, 23, 1, 1, 1, 1, '2018-06-02 00:00:00', '2018-06-02 00:00:00', NULL),
(2760, 12, 23, 2, 1, 1, 1, '2018-06-02 00:00:00', '2018-06-02 00:00:00', NULL),
(2761, 12, 23, 3, 1, 1, 1, '2018-06-02 00:00:00', '2018-06-02 00:00:00', NULL),
(2762, 114, 26, 1, 1, 1, 1, '2018-06-05 00:00:00', '2018-06-05 00:00:00', NULL),
(2763, 114, 26, 2, 1, 1, 1, '2018-06-05 00:00:00', '2018-06-05 00:00:00', NULL),
(2764, 114, 26, 3, 1, 1, 1, '2018-06-05 00:00:00', '2018-06-05 00:00:00', NULL),
(2765, 114, 26, 4, 1, 1, 1, '2018-06-05 00:00:00', '2018-06-05 00:00:00', NULL),
(2766, 114, 26, 5, 1, 1, 1, '2018-06-05 00:00:00', '2018-06-05 00:00:00', NULL),
(2767, 114, 26, 6, 1, 1, 1, '2018-06-05 00:00:00', '2018-06-05 00:00:00', NULL),
(2768, 114, 26, 7, 1, 1, 1, '2018-06-05 00:00:00', '2018-06-05 00:00:00', NULL),
(2769, 114, 26, 8, 1, 1, 1, '2018-06-05 00:00:00', '2018-06-05 00:00:00', NULL),
(2770, 710, 25, 1, 1, 1, 1, '2018-06-05 00:00:00', '2018-06-05 00:00:00', NULL),
(2771, 710, 25, 2, 1, 1, 1, '2018-06-05 00:00:00', '2018-06-05 00:00:00', NULL),
(2772, 710, 25, 3, 1, 1, 1, '2018-06-05 00:00:00', '2018-06-05 00:00:00', NULL),
(2773, 710, 25, 4, 1, 1, 1, '2018-06-05 00:00:00', '2018-06-05 00:00:00', NULL),
(2774, 710, 25, 5, 1, 1, 1, '2018-06-05 00:00:00', '2018-06-05 00:00:00', NULL),
(2775, 710, 25, 6, 1, 1, 1, '2018-06-05 00:00:00', '2018-06-05 00:00:00', NULL),
(2776, 710, 25, 7, 1, 1, 1, '2018-06-05 00:00:00', '2018-06-05 00:00:00', NULL),
(2777, 710, 25, 8, 1, 1, 1, '2018-06-05 00:00:00', '2018-06-05 00:00:00', NULL),
(2778, 146, 28, 1, 1, 1, 1, '2018-06-03 00:00:00', '2018-06-03 00:00:00', NULL),
(2779, 146, 28, 2, 1, 1, 1, '2018-06-03 00:00:00', '2018-06-03 00:00:00', NULL),
(2780, 146, 28, 3, 1, 1, 1, '2018-06-03 00:00:00', '2018-06-03 00:00:00', NULL),
(2781, 146, 28, 4, 1, 1, 1, '2018-06-03 00:00:00', '2018-06-03 00:00:00', NULL),
(2782, 146, 28, 5, 1, 1, 1, '2018-06-03 00:00:00', '2018-06-03 00:00:00', NULL),
(2783, 146, 28, 6, 1, 1, 1, '2018-06-03 00:00:00', '2018-06-03 00:00:00', NULL),
(2784, 146, 28, 7, 1, 1, 1, '2018-06-03 00:00:00', '2018-06-03 00:00:00', NULL),
(2785, 653, 1, 1, 1, 1, 1, '2018-06-02 00:00:00', '2018-06-02 00:00:00', NULL),
(2786, 653, 1, 2, 1, 1, 1, '2018-06-02 00:00:00', '2018-06-02 00:00:00', NULL),
(2787, 653, 1, 3, 1, 1, 1, '2018-06-02 00:00:00', '2018-06-02 00:00:00', NULL),
(2788, 653, 1, 4, 1, 1, 1, '2018-06-02 00:00:00', '2018-06-02 00:00:00', NULL),
(2789, 653, 1, 5, 1, 1, 1, '2018-06-02 00:00:00', '2018-06-02 00:00:00', NULL),
(2790, 653, 1, 6, 1, 1, 1, '2018-06-02 00:00:00', '2018-06-02 00:00:00', NULL),
(2791, 467, 27, 1, 1, 1, 1, '2018-06-05 00:00:00', '2018-06-05 00:00:00', NULL),
(2792, 467, 27, 2, 1, 1, 1, '2018-06-05 00:00:00', '2018-06-05 00:00:00', NULL),
(2793, 467, 27, 3, 1, 1, 1, '2018-06-05 00:00:00', '2018-06-05 00:00:00', NULL),
(2794, 467, 27, 4, 1, 1, 1, '2018-06-05 00:00:00', '2018-06-05 00:00:00', NULL),
(2795, 467, 27, 5, 1, 1, 1, '2018-06-05 00:00:00', '2018-06-05 00:00:00', NULL),
(2796, 467, 27, 6, 1, 1, 1, '2018-06-05 00:00:00', '2018-06-05 00:00:00', NULL),
(2797, 467, 27, 7, 1, 1, 1, '2018-06-05 00:00:00', '2018-06-05 00:00:00', NULL),
(2798, 467, 27, 8, 1, 1, 1, '2018-06-05 00:00:00', '2018-06-05 00:00:00', NULL),
(2799, 108, 1, 1, 1, 1, 1, '2018-06-03 00:00:00', '2018-06-03 00:00:00', NULL),
(2800, 108, 1, 2, 1, 1, 1, '2018-06-03 00:00:00', '2018-06-03 00:00:00', NULL),
(2801, 108, 1, 3, 1, 1, 1, '2018-06-03 00:00:00', '2018-06-03 00:00:00', NULL),
(2802, 108, 1, 4, 1, 1, 1, '2018-06-03 00:00:00', '2018-06-03 00:00:00', NULL),
(2803, 108, 1, 5, 1, 1, 1, '2018-06-03 00:00:00', '2018-06-03 00:00:00', NULL),
(2804, 108, 1, 6, 1, 1, 1, '2018-06-03 00:00:00', '2018-06-03 00:00:00', NULL),
(2805, 108, 1, 7, 1, 1, 1, '2018-06-03 00:00:00', '2018-06-03 00:00:00', NULL),
(2806, 108, 1, 8, 1, 1, 1, '2018-06-03 00:00:00', '2018-06-03 00:00:00', NULL),
(2807, 209, 26, 1, 1, 1, 1, '2018-06-07 00:00:00', '2018-06-07 00:00:00', NULL),
(2808, 209, 26, 2, 1, 1, 1, '2018-06-07 00:00:00', '2018-06-07 00:00:00', NULL),
(2809, 209, 26, 3, 1, 1, 1, '2018-06-07 00:00:00', '2018-06-07 00:00:00', NULL),
(2810, 209, 26, 4, 1, 1, 1, '2018-06-07 00:00:00', '2018-06-07 00:00:00', NULL),
(2811, 209, 26, 5, 1, 1, 1, '2018-06-07 00:00:00', '2018-06-07 00:00:00', NULL),
(2812, 209, 26, 6, 1, 1, 1, '2018-06-07 00:00:00', '2018-06-07 00:00:00', NULL),
(2813, 625, 30, 1, 1, 1, 1, '2018-06-07 00:00:00', '2018-06-07 00:00:00', NULL),
(2814, 388, 30, 1, 1, 1, 1, '2018-06-03 00:00:00', '2018-06-03 00:00:00', NULL),
(2815, 388, 30, 2, 1, 1, 1, '2018-06-03 00:00:00', '2018-06-03 00:00:00', NULL),
(2816, 388, 30, 3, 1, 1, 1, '2018-06-03 00:00:00', '2018-06-03 00:00:00', NULL),
(2817, 388, 30, 4, 1, 1, 1, '2018-06-03 00:00:00', '2018-06-03 00:00:00', NULL),
(2818, 388, 30, 5, 1, 1, 1, '2018-06-03 00:00:00', '2018-06-03 00:00:00', NULL),
(2819, 388, 30, 6, 1, 1, 1, '2018-06-03 00:00:00', '2018-06-03 00:00:00', NULL),
(2820, 388, 30, 7, 1, 1, 1, '2018-06-03 00:00:00', '2018-06-03 00:00:00', NULL),
(2821, 279, 26, 1, 1, 1, 1, '2018-06-02 00:00:00', '2018-06-02 00:00:00', NULL),
(2822, 279, 26, 2, 1, 1, 1, '2018-06-02 00:00:00', '2018-06-02 00:00:00', NULL),
(2823, 279, 26, 3, 1, 1, 1, '2018-06-02 00:00:00', '2018-06-02 00:00:00', NULL),
(2824, 279, 26, 4, 1, 1, 1, '2018-06-02 00:00:00', '2018-06-02 00:00:00', NULL),
(2825, 279, 26, 5, 1, 1, 1, '2018-06-02 00:00:00', '2018-06-02 00:00:00', NULL),
(2826, 727, 22, 1, 1, 1, 1, '2018-06-05 00:00:00', '2018-06-05 00:00:00', NULL),
(2827, 727, 22, 2, 1, 1, 1, '2018-06-05 00:00:00', '2018-06-05 00:00:00', NULL),
(2828, 727, 22, 3, 1, 1, 1, '2018-06-05 00:00:00', '2018-06-05 00:00:00', NULL),
(2829, 727, 22, 4, 1, 1, 1, '2018-06-05 00:00:00', '2018-06-05 00:00:00', NULL),
(2830, 168, 1, 1, 1, 1, 1, '2018-06-01 00:00:00', '2018-06-01 00:00:00', NULL),
(2831, 168, 1, 2, 1, 1, 1, '2018-06-01 00:00:00', '2018-06-01 00:00:00', NULL),
(2832, 168, 1, 3, 1, 1, 1, '2018-06-01 00:00:00', '2018-06-01 00:00:00', NULL),
(2833, 168, 1, 4, 1, 1, 1, '2018-06-01 00:00:00', '2018-06-01 00:00:00', NULL),
(2834, 168, 1, 5, 1, 1, 1, '2018-06-01 00:00:00', '2018-06-01 00:00:00', NULL),
(2835, 168, 1, 6, 1, 1, 1, '2018-06-01 00:00:00', '2018-06-01 00:00:00', NULL),
(2836, 323, 24, 1, 1, 1, 1, '2018-06-02 00:00:00', '2018-06-02 00:00:00', NULL),
(2837, 323, 24, 2, 1, 1, 1, '2018-06-02 00:00:00', '2018-06-02 00:00:00', NULL),
(2838, 323, 24, 3, 1, 1, 1, '2018-06-02 00:00:00', '2018-06-02 00:00:00', NULL),
(2839, 323, 24, 4, 1, 1, 1, '2018-06-02 00:00:00', '2018-06-02 00:00:00', NULL),
(2840, 323, 24, 5, 1, 1, 1, '2018-06-02 00:00:00', '2018-06-02 00:00:00', NULL),
(2841, 323, 24, 6, 1, 1, 1, '2018-06-02 00:00:00', '2018-06-02 00:00:00', NULL),
(2842, 323, 24, 7, 1, 1, 1, '2018-06-02 00:00:00', '2018-06-02 00:00:00', NULL),
(2843, 745, 22, 1, 1, 1, 1, '2018-06-01 00:00:00', '2018-06-01 00:00:00', NULL),
(2844, 745, 22, 2, 1, 1, 1, '2018-06-01 00:00:00', '2018-06-01 00:00:00', NULL),
(2845, 745, 22, 3, 1, 1, 1, '2018-06-01 00:00:00', '2018-06-01 00:00:00', NULL),
(2846, 745, 22, 4, 1, 1, 1, '2018-06-01 00:00:00', '2018-06-01 00:00:00', NULL),
(2847, 745, 22, 5, 1, 1, 1, '2018-06-01 00:00:00', '2018-06-01 00:00:00', NULL),
(2848, 745, 22, 6, 1, 1, 1, '2018-06-01 00:00:00', '2018-06-01 00:00:00', NULL),
(2849, 442, 26, 1, 1, 1, 1, '2018-06-05 00:00:00', '2018-06-05 00:00:00', NULL),
(2850, 16, 29, 1, 1, 1, 1, '2018-06-05 00:00:00', '2018-06-05 00:00:00', NULL),
(2851, 16, 29, 2, 1, 1, 1, '2018-06-05 00:00:00', '2018-06-05 00:00:00', NULL),
(2852, 16, 29, 3, 1, 1, 1, '2018-06-05 00:00:00', '2018-06-05 00:00:00', NULL),
(2853, 16, 29, 4, 1, 1, 1, '2018-06-05 00:00:00', '2018-06-05 00:00:00', NULL),
(2854, 539, 26, 1, 1, 1, 1, '2018-06-02 00:00:00', '2018-06-02 00:00:00', NULL),
(2855, 539, 26, 2, 1, 1, 1, '2018-06-02 00:00:00', '2018-06-02 00:00:00', NULL),
(2856, 539, 26, 3, 1, 1, 1, '2018-06-02 00:00:00', '2018-06-02 00:00:00', NULL),
(2857, 539, 26, 4, 1, 1, 1, '2018-06-02 00:00:00', '2018-06-02 00:00:00', NULL),
(2858, 539, 26, 5, 1, 1, 1, '2018-06-02 00:00:00', '2018-06-02 00:00:00', NULL),
(2859, 252, 22, 1, 1, 1, 1, '2018-06-07 00:00:00', '2018-06-07 00:00:00', NULL),
(2860, 252, 22, 2, 1, 1, 1, '2018-06-07 00:00:00', '2018-06-07 00:00:00', NULL),
(2861, 252, 22, 3, 1, 1, 1, '2018-06-07 00:00:00', '2018-06-07 00:00:00', NULL),
(2862, 252, 22, 4, 1, 1, 1, '2018-06-07 00:00:00', '2018-06-07 00:00:00', NULL),
(2863, 252, 22, 5, 1, 1, 1, '2018-06-07 00:00:00', '2018-06-07 00:00:00', NULL),
(2864, 566, 22, 1, 1, 1, 1, '2018-05-31 00:00:00', '2018-05-31 00:00:00', NULL),
(2865, 566, 22, 2, 1, 1, 1, '2018-05-31 00:00:00', '2018-05-31 00:00:00', NULL),
(2866, 258, 22, 1, 1, 1, 1, '2018-06-05 00:00:00', '2018-06-05 00:00:00', NULL),
(2867, 258, 22, 2, 1, 1, 1, '2018-06-05 00:00:00', '2018-06-05 00:00:00', NULL),
(2868, 775, 25, 1, 1, 1, 1, '2018-06-07 00:00:00', '2018-06-07 00:00:00', NULL),
(2869, 214, 29, 1, 1, 1, 1, '2018-06-05 00:00:00', '2018-06-05 00:00:00', NULL),
(2870, 214, 29, 2, 1, 1, 1, '2018-06-05 00:00:00', '2018-06-05 00:00:00', NULL),
(2871, 214, 29, 3, 1, 1, 1, '2018-06-05 00:00:00', '2018-06-05 00:00:00', NULL),
(2872, 214, 29, 4, 1, 1, 1, '2018-06-05 00:00:00', '2018-06-05 00:00:00', NULL),
(2873, 509, 23, 1, 1, 1, 1, '2018-06-01 00:00:00', '2018-06-01 00:00:00', NULL),
(2874, 509, 23, 2, 1, 1, 1, '2018-06-01 00:00:00', '2018-06-01 00:00:00', NULL),
(2875, 509, 23, 3, 1, 1, 1, '2018-06-01 00:00:00', '2018-06-01 00:00:00', NULL),
(2876, 509, 23, 4, 1, 1, 1, '2018-06-01 00:00:00', '2018-06-01 00:00:00', NULL),
(2877, 509, 23, 5, 1, 1, 1, '2018-06-01 00:00:00', '2018-06-01 00:00:00', NULL),
(2878, 509, 23, 6, 1, 1, 1, '2018-06-01 00:00:00', '2018-06-01 00:00:00', NULL),
(2879, 509, 23, 7, 1, 1, 1, '2018-06-01 00:00:00', '2018-06-01 00:00:00', NULL),
(2880, 509, 23, 8, 1, 1, 1, '2018-06-01 00:00:00', '2018-06-01 00:00:00', NULL),
(2881, 723, 31, 1, 1, 1, 1, '2018-06-06 00:00:00', '2018-06-06 00:00:00', NULL),
(2882, 723, 31, 2, 1, 1, 1, '2018-06-06 00:00:00', '2018-06-06 00:00:00', NULL),
(2883, 723, 31, 3, 1, 1, 1, '2018-06-06 00:00:00', '2018-06-06 00:00:00', NULL),
(2884, 568, 31, 1, 1, 1, 1, '2018-06-07 00:00:00', '2018-06-07 00:00:00', NULL),
(2885, 568, 31, 2, 1, 1, 1, '2018-06-07 00:00:00', '2018-06-07 00:00:00', NULL),
(2886, 568, 31, 3, 1, 1, 1, '2018-06-07 00:00:00', '2018-06-07 00:00:00', NULL),
(2887, 568, 31, 4, 1, 1, 1, '2018-06-07 00:00:00', '2018-06-07 00:00:00', NULL),
(2888, 568, 31, 5, 1, 1, 1, '2018-06-07 00:00:00', '2018-06-07 00:00:00', NULL),
(2889, 568, 31, 6, 1, 1, 1, '2018-06-07 00:00:00', '2018-06-07 00:00:00', NULL),
(2890, 568, 31, 7, 1, 1, 1, '2018-06-07 00:00:00', '2018-06-07 00:00:00', NULL),
(2891, 574, 29, 1, 1, 1, 1, '2018-06-07 00:00:00', '2018-06-07 00:00:00', NULL),
(2892, 574, 29, 2, 1, 1, 1, '2018-06-07 00:00:00', '2018-06-07 00:00:00', NULL),
(2893, 574, 29, 3, 1, 1, 1, '2018-06-07 00:00:00', '2018-06-07 00:00:00', NULL),
(2894, 574, 29, 4, 1, 1, 1, '2018-06-07 00:00:00', '2018-06-07 00:00:00', NULL),
(2895, 574, 29, 5, 1, 1, 1, '2018-06-07 00:00:00', '2018-06-07 00:00:00', NULL),
(2896, 574, 29, 6, 1, 1, 1, '2018-06-07 00:00:00', '2018-06-07 00:00:00', NULL),
(2897, 582, 1, 1, 1, 1, 1, '2018-06-01 00:00:00', '2018-06-01 00:00:00', NULL),
(2898, 582, 1, 2, 1, 1, 1, '2018-06-01 00:00:00', '2018-06-01 00:00:00', NULL),
(2899, 582, 1, 3, 1, 1, 1, '2018-06-01 00:00:00', '2018-06-01 00:00:00', NULL),
(2900, 582, 1, 4, 1, 1, 1, '2018-06-01 00:00:00', '2018-06-01 00:00:00', NULL),
(2901, 582, 1, 5, 1, 1, 1, '2018-06-01 00:00:00', '2018-06-01 00:00:00', NULL),
(2902, 582, 1, 6, 1, 1, 1, '2018-06-01 00:00:00', '2018-06-01 00:00:00', NULL),
(2903, 582, 1, 7, 1, 1, 1, '2018-06-01 00:00:00', '2018-06-01 00:00:00', NULL),
(2904, 582, 1, 8, 1, 1, 1, '2018-06-01 00:00:00', '2018-06-01 00:00:00', NULL),
(2905, 1, 30, 1, 1, 1, 1, '2018-06-06 00:00:00', '2018-06-06 00:00:00', NULL),
(2906, 1, 30, 2, 1, 1, 1, '2018-06-06 00:00:00', '2018-06-06 00:00:00', NULL),
(2907, 1, 30, 3, 1, 1, 1, '2018-06-06 00:00:00', '2018-06-06 00:00:00', NULL),
(2908, 1, 30, 4, 1, 1, 1, '2018-06-06 00:00:00', '2018-06-06 00:00:00', NULL),
(2909, 1, 30, 5, 1, 1, 1, '2018-06-06 00:00:00', '2018-06-06 00:00:00', NULL),
(2910, 1, 30, 6, 1, 1, 1, '2018-06-06 00:00:00', '2018-06-06 00:00:00', NULL),
(2911, 1, 30, 7, 1, 1, 1, '2018-06-06 00:00:00', '2018-06-06 00:00:00', NULL),
(2912, 1, 30, 8, 1, 1, 1, '2018-06-06 00:00:00', '2018-06-06 00:00:00', NULL),
(2913, 188, 28, 1, 1, 1, 1, '2018-06-04 00:00:00', '2018-06-04 00:00:00', NULL),
(2914, 188, 28, 2, 1, 1, 1, '2018-06-04 00:00:00', '2018-06-04 00:00:00', NULL),
(2915, 188, 28, 3, 1, 1, 1, '2018-06-04 00:00:00', '2018-06-04 00:00:00', NULL),
(2916, 188, 28, 4, 1, 1, 1, '2018-06-04 00:00:00', '2018-06-04 00:00:00', NULL),
(2917, 188, 28, 5, 1, 1, 1, '2018-06-04 00:00:00', '2018-06-04 00:00:00', NULL),
(2918, 188, 28, 6, 1, 1, 1, '2018-06-04 00:00:00', '2018-06-04 00:00:00', NULL),
(2919, 310, 27, 1, 1, 1, 1, '2018-06-01 00:00:00', '2018-06-01 00:00:00', NULL),
(2920, 310, 27, 2, 1, 1, 1, '2018-06-01 00:00:00', '2018-06-01 00:00:00', NULL),
(2921, 310, 27, 3, 1, 1, 1, '2018-06-01 00:00:00', '2018-06-01 00:00:00', NULL),
(2922, 310, 27, 4, 1, 1, 1, '2018-06-01 00:00:00', '2018-06-01 00:00:00', NULL),
(2923, 634, 24, 1, 1, 1, 1, '2018-06-05 00:00:00', '2018-06-05 00:00:00', NULL),
(2924, 634, 24, 2, 1, 1, 1, '2018-06-05 00:00:00', '2018-06-05 00:00:00', NULL),
(2925, 634, 24, 3, 1, 1, 1, '2018-06-05 00:00:00', '2018-06-05 00:00:00', NULL),
(2926, 634, 24, 4, 1, 1, 1, '2018-06-05 00:00:00', '2018-06-05 00:00:00', NULL),
(2927, 49, 24, 1, 1, 1, 1, '2018-06-01 00:00:00', '2018-06-01 00:00:00', NULL),
(2928, 49, 24, 2, 1, 1, 1, '2018-06-01 00:00:00', '2018-06-01 00:00:00', NULL),
(2929, 49, 24, 3, 1, 1, 1, '2018-06-01 00:00:00', '2018-06-01 00:00:00', NULL),
(2930, 49, 24, 4, 1, 1, 1, '2018-06-01 00:00:00', '2018-06-01 00:00:00', NULL),
(2931, 77, 23, 1, 1, 1, 1, '2018-06-02 00:00:00', '2018-06-02 00:00:00', NULL),
(2932, 77, 23, 2, 1, 1, 1, '2018-06-02 00:00:00', '2018-06-02 00:00:00', NULL),
(2933, 77, 23, 3, 1, 1, 1, '2018-06-02 00:00:00', '2018-06-02 00:00:00', NULL),
(2934, 77, 23, 4, 1, 1, 1, '2018-06-02 00:00:00', '2018-06-02 00:00:00', NULL),
(2935, 410, 24, 1, 1, 1, 1, '2018-06-03 00:00:00', '2018-06-03 00:00:00', NULL),
(2936, 410, 24, 2, 1, 1, 1, '2018-06-03 00:00:00', '2018-06-03 00:00:00', NULL),
(2937, 410, 24, 3, 1, 1, 1, '2018-06-03 00:00:00', '2018-06-03 00:00:00', NULL),
(2938, 410, 24, 4, 1, 1, 1, '2018-06-03 00:00:00', '2018-06-03 00:00:00', NULL),
(2939, 410, 24, 5, 1, 1, 1, '2018-06-03 00:00:00', '2018-06-03 00:00:00', NULL),
(2940, 270, 26, 1, 1, 1, 1, '2018-06-02 00:00:00', '2018-06-02 00:00:00', NULL),
(2941, 270, 26, 2, 1, 1, 1, '2018-06-02 00:00:00', '2018-06-02 00:00:00', NULL),
(2942, 493, 26, 1, 1, 1, 1, '2018-06-07 00:00:00', '2018-06-07 00:00:00', NULL),
(2943, 493, 26, 2, 1, 1, 1, '2018-06-07 00:00:00', '2018-06-07 00:00:00', NULL),
(2944, 360, 1, 1, 1, 1, 1, '2018-06-02 00:00:00', '2018-06-02 00:00:00', NULL),
(2945, 360, 1, 2, 1, 1, 1, '2018-06-02 00:00:00', '2018-06-02 00:00:00', NULL),
(2946, 360, 1, 3, 1, 1, 1, '2018-06-02 00:00:00', '2018-06-02 00:00:00', NULL),
(2947, 360, 1, 4, 1, 1, 1, '2018-06-02 00:00:00', '2018-06-02 00:00:00', NULL),
(2948, 360, 1, 5, 1, 1, 1, '2018-06-02 00:00:00', '2018-06-02 00:00:00', NULL),
(2949, 218, 22, 1, 1, 1, 1, '2018-06-03 00:00:00', '2018-06-03 00:00:00', NULL),
(2950, 218, 22, 2, 1, 1, 1, '2018-06-03 00:00:00', '2018-06-03 00:00:00', NULL),
(2951, 218, 22, 3, 1, 1, 1, '2018-06-03 00:00:00', '2018-06-03 00:00:00', NULL),
(2952, 218, 22, 4, 1, 1, 1, '2018-06-03 00:00:00', '2018-06-03 00:00:00', NULL),
(2953, 218, 22, 5, 1, 1, 1, '2018-06-03 00:00:00', '2018-06-03 00:00:00', NULL),
(2954, 619, 23, 1, 1, 1, 1, '2018-06-04 00:00:00', '2018-06-04 00:00:00', NULL),
(2955, 619, 23, 2, 1, 1, 1, '2018-06-04 00:00:00', '2018-06-04 00:00:00', NULL),
(2956, 619, 23, 3, 1, 1, 1, '2018-06-04 00:00:00', '2018-06-04 00:00:00', NULL),
(2957, 619, 23, 4, 1, 1, 1, '2018-06-04 00:00:00', '2018-06-04 00:00:00', NULL),
(2958, 619, 23, 5, 1, 1, 1, '2018-06-04 00:00:00', '2018-06-04 00:00:00', NULL),
(2959, 619, 23, 6, 1, 1, 1, '2018-06-04 00:00:00', '2018-06-04 00:00:00', NULL),
(2960, 619, 23, 7, 1, 1, 1, '2018-06-04 00:00:00', '2018-06-04 00:00:00', NULL),
(2961, 623, 30, 1, 1, 1, 1, '2018-05-31 00:00:00', '2018-05-31 00:00:00', NULL),
(2962, 623, 30, 2, 1, 1, 1, '2018-05-31 00:00:00', '2018-05-31 00:00:00', NULL),
(2963, 623, 30, 3, 1, 1, 1, '2018-05-31 00:00:00', '2018-05-31 00:00:00', NULL),
(2964, 706, 25, 1, 1, 1, 1, '2018-05-31 00:00:00', '2018-05-31 00:00:00', NULL),
(2965, 706, 25, 2, 1, 1, 1, '2018-05-31 00:00:00', '2018-05-31 00:00:00', NULL),
(2966, 706, 25, 3, 1, 1, 1, '2018-05-31 00:00:00', '2018-05-31 00:00:00', NULL),
(2967, 706, 25, 4, 1, 1, 1, '2018-05-31 00:00:00', '2018-05-31 00:00:00', NULL),
(2968, 384, 23, 1, 1, 1, 1, '2018-06-01 00:00:00', '2018-06-01 00:00:00', NULL),
(2969, 384, 23, 2, 1, 1, 1, '2018-06-01 00:00:00', '2018-06-01 00:00:00', NULL),
(2970, 256, 30, 1, 1, 1, 1, '2018-06-07 00:00:00', '2018-06-07 00:00:00', NULL),
(2971, 256, 30, 2, 1, 1, 1, '2018-06-07 00:00:00', '2018-06-07 00:00:00', NULL),
(2972, 256, 30, 3, 1, 1, 1, '2018-06-07 00:00:00', '2018-06-07 00:00:00', NULL),
(2973, 256, 30, 4, 1, 1, 1, '2018-06-07 00:00:00', '2018-06-07 00:00:00', NULL),
(2974, 256, 30, 5, 1, 1, 1, '2018-06-07 00:00:00', '2018-06-07 00:00:00', NULL),
(2975, 256, 30, 6, 1, 1, 1, '2018-06-07 00:00:00', '2018-06-07 00:00:00', NULL),
(2976, 256, 30, 7, 1, 1, 1, '2018-06-07 00:00:00', '2018-06-07 00:00:00', NULL),
(2977, 641, 27, 1, 1, 1, 1, '2018-06-03 00:00:00', '2018-06-03 00:00:00', NULL),
(2978, 641, 27, 2, 1, 1, 1, '2018-06-03 00:00:00', '2018-06-03 00:00:00', NULL),
(2979, 641, 27, 3, 1, 1, 1, '2018-06-03 00:00:00', '2018-06-03 00:00:00', NULL),
(2980, 641, 27, 4, 1, 1, 1, '2018-06-03 00:00:00', '2018-06-03 00:00:00', NULL),
(2981, 641, 27, 5, 1, 1, 1, '2018-06-03 00:00:00', '2018-06-03 00:00:00', NULL),
(2982, 344, 22, 1, 1, 1, 1, '2018-06-04 00:00:00', '2018-06-04 00:00:00', NULL),
(2983, 344, 22, 2, 1, 1, 1, '2018-06-04 00:00:00', '2018-06-04 00:00:00', NULL),
(2984, 344, 22, 3, 1, 1, 1, '2018-06-04 00:00:00', '2018-06-04 00:00:00', NULL),
(2985, 344, 22, 4, 1, 1, 1, '2018-06-04 00:00:00', '2018-06-04 00:00:00', NULL),
(2986, 241, 29, 1, 1, 1, 1, '2018-06-02 00:00:00', '2018-06-02 00:00:00', NULL),
(2987, 241, 29, 2, 1, 1, 1, '2018-06-02 00:00:00', '2018-06-02 00:00:00', NULL),
(2988, 241, 29, 3, 1, 1, 1, '2018-06-02 00:00:00', '2018-06-02 00:00:00', NULL),
(2989, 241, 29, 4, 1, 1, 1, '2018-06-02 00:00:00', '2018-06-02 00:00:00', NULL),
(2990, 241, 29, 5, 1, 1, 1, '2018-06-02 00:00:00', '2018-06-02 00:00:00', NULL),
(2991, 241, 29, 6, 1, 1, 1, '2018-06-02 00:00:00', '2018-06-02 00:00:00', NULL),
(2992, 562, 22, 1, 1, 1, 1, '2018-05-31 00:00:00', '2018-05-31 00:00:00', NULL),
(2993, 158, 29, 1, 1, 1, 1, '2018-06-04 00:00:00', '2018-06-04 00:00:00', NULL),
(2994, 222, 26, 1, 1, 1, 1, '2018-06-02 00:00:00', '2018-06-02 00:00:00', NULL),
(2995, 222, 26, 2, 1, 1, 1, '2018-06-02 00:00:00', '2018-06-02 00:00:00', NULL),
(2996, 494, 26, 1, 1, 1, 1, '2018-05-31 00:00:00', '2018-05-31 00:00:00', NULL),
(2997, 494, 26, 2, 1, 1, 1, '2018-05-31 00:00:00', '2018-05-31 00:00:00', NULL),
(2998, 494, 26, 3, 1, 1, 1, '2018-05-31 00:00:00', '2018-05-31 00:00:00', NULL),
(2999, 494, 26, 4, 1, 1, 1, '2018-05-31 00:00:00', '2018-05-31 00:00:00', NULL),
(3000, 494, 26, 5, 1, 1, 1, '2018-05-31 00:00:00', '2018-05-31 00:00:00', NULL),
(3001, 494, 26, 6, 1, 1, 1, '2018-05-31 00:00:00', '2018-05-31 00:00:00', NULL),
(3002, 494, 26, 7, 1, 1, 1, '2018-05-31 00:00:00', '2018-05-31 00:00:00', NULL),
(3003, 494, 26, 8, 1, 1, 1, '2018-05-31 00:00:00', '2018-05-31 00:00:00', NULL),
(3004, 347, 26, 1, 1, 1, 1, '2018-06-06 00:00:00', '2018-06-06 00:00:00', NULL),
(3005, 347, 26, 2, 1, 1, 1, '2018-06-06 00:00:00', '2018-06-06 00:00:00', NULL),
(3006, 347, 26, 3, 1, 1, 1, '2018-06-06 00:00:00', '2018-06-06 00:00:00', NULL),
(3007, 666, 25, 1, 1, 1, 1, '2018-06-07 00:00:00', '2018-06-07 00:00:00', NULL),
(3008, 666, 25, 2, 1, 1, 1, '2018-06-07 00:00:00', '2018-06-07 00:00:00', NULL),
(3009, 666, 25, 3, 1, 1, 1, '2018-06-07 00:00:00', '2018-06-07 00:00:00', NULL),
(3010, 688, 31, 1, 1, 1, 1, '2018-06-06 00:00:00', '2018-06-06 00:00:00', NULL),
(3011, 688, 31, 2, 1, 1, 1, '2018-06-06 00:00:00', '2018-06-06 00:00:00', NULL),
(3012, 688, 31, 3, 1, 1, 1, '2018-06-06 00:00:00', '2018-06-06 00:00:00', NULL),
(3013, 688, 31, 4, 1, 1, 1, '2018-06-06 00:00:00', '2018-06-06 00:00:00', NULL),
(3014, 688, 31, 5, 1, 1, 1, '2018-06-06 00:00:00', '2018-06-06 00:00:00', NULL),
(3015, 688, 31, 6, 1, 1, 1, '2018-06-06 00:00:00', '2018-06-06 00:00:00', NULL),
(3016, 688, 31, 7, 1, 1, 1, '2018-06-06 00:00:00', '2018-06-06 00:00:00', NULL),
(3017, 747, 26, 1, 1, 1, 1, '2018-06-01 00:00:00', '2018-06-01 00:00:00', NULL),
(3018, 747, 26, 2, 1, 1, 1, '2018-06-01 00:00:00', '2018-06-01 00:00:00', NULL),
(3019, 747, 26, 3, 1, 1, 1, '2018-06-01 00:00:00', '2018-06-01 00:00:00', NULL),
(3020, 747, 26, 4, 1, 1, 1, '2018-06-01 00:00:00', '2018-06-01 00:00:00', NULL),
(3021, 747, 26, 5, 1, 1, 1, '2018-06-01 00:00:00', '2018-06-01 00:00:00', NULL),
(3022, 747, 26, 6, 1, 1, 1, '2018-06-01 00:00:00', '2018-06-01 00:00:00', NULL),
(3023, 747, 26, 7, 1, 1, 1, '2018-06-01 00:00:00', '2018-06-01 00:00:00', NULL),
(3024, 747, 26, 8, 1, 1, 1, '2018-06-01 00:00:00', '2018-06-01 00:00:00', NULL),
(3025, 212, 25, 1, 1, 1, 1, '2018-06-03 00:00:00', '2018-06-03 00:00:00', NULL),
(3026, 89, 29, 1, 1, 1, 1, '2018-06-02 00:00:00', '2018-06-02 00:00:00', NULL),
(3027, 268, 27, 1, 1, 1, 1, '2018-05-31 00:00:00', '2018-05-31 00:00:00', NULL),
(3028, 161, 23, 1, 1, 1, 1, '2018-06-02 00:00:00', '2018-06-02 00:00:00', NULL),
(3029, 161, 23, 2, 1, 1, 1, '2018-06-02 00:00:00', '2018-06-02 00:00:00', NULL),
(3030, 359, 22, 1, 1, 1, 1, '2018-06-05 00:00:00', '2018-06-05 00:00:00', NULL),
(3031, 359, 22, 2, 1, 1, 1, '2018-06-05 00:00:00', '2018-06-05 00:00:00', NULL),
(3032, 359, 22, 3, 1, 1, 1, '2018-06-05 00:00:00', '2018-06-05 00:00:00', NULL),
(3033, 359, 22, 4, 1, 1, 1, '2018-06-05 00:00:00', '2018-06-05 00:00:00', NULL),
(3034, 359, 22, 5, 1, 1, 1, '2018-06-05 00:00:00', '2018-06-05 00:00:00', NULL),
(3035, 359, 22, 6, 1, 1, 1, '2018-06-05 00:00:00', '2018-06-05 00:00:00', NULL),
(3036, 143, 26, 1, 1, 1, 1, '2018-06-03 00:00:00', '2018-06-03 00:00:00', NULL),
(3037, 143, 26, 2, 1, 1, 1, '2018-06-03 00:00:00', '2018-06-03 00:00:00', NULL),
(3038, 143, 26, 3, 1, 1, 1, '2018-06-03 00:00:00', '2018-06-03 00:00:00', NULL),
(3039, 143, 26, 4, 1, 1, 1, '2018-06-03 00:00:00', '2018-06-03 00:00:00', NULL),
(3040, 187, 26, 1, 1, 1, 1, '2018-06-07 00:00:00', '2018-06-07 00:00:00', NULL),
(3041, 187, 26, 2, 1, 1, 1, '2018-06-07 00:00:00', '2018-06-07 00:00:00', NULL),
(3042, 187, 26, 3, 1, 1, 1, '2018-06-07 00:00:00', '2018-06-07 00:00:00', NULL),
(3043, 187, 26, 4, 1, 1, 1, '2018-06-07 00:00:00', '2018-06-07 00:00:00', NULL),
(3044, 187, 26, 5, 1, 1, 1, '2018-06-07 00:00:00', '2018-06-07 00:00:00', NULL),
(3045, 280, 27, 1, 1, 1, 1, '2018-06-03 00:00:00', '2018-06-03 00:00:00', NULL),
(3046, 280, 27, 2, 1, 1, 1, '2018-06-03 00:00:00', '2018-06-03 00:00:00', NULL),
(3047, 280, 27, 3, 1, 1, 1, '2018-06-03 00:00:00', '2018-06-03 00:00:00', NULL),
(3048, 280, 27, 4, 1, 1, 1, '2018-06-03 00:00:00', '2018-06-03 00:00:00', NULL),
(3049, 280, 27, 5, 1, 1, 1, '2018-06-03 00:00:00', '2018-06-03 00:00:00', NULL),
(3050, 280, 27, 6, 1, 1, 1, '2018-06-03 00:00:00', '2018-06-03 00:00:00', NULL),
(3051, 492, 1, 1, 1, 1, 1, '2018-06-07 00:00:00', '2018-06-07 00:00:00', NULL),
(3052, 492, 1, 2, 1, 1, 1, '2018-06-07 00:00:00', '2018-06-07 00:00:00', NULL),
(3053, 492, 1, 3, 1, 1, 1, '2018-06-07 00:00:00', '2018-06-07 00:00:00', NULL),
(3054, 492, 1, 4, 1, 1, 1, '2018-06-07 00:00:00', '2018-06-07 00:00:00', NULL),
(3055, 291, 27, 1, 1, 1, 1, '2018-06-02 00:00:00', '2018-06-02 00:00:00', NULL),
(3056, 291, 27, 2, 1, 1, 1, '2018-06-02 00:00:00', '2018-06-02 00:00:00', NULL),
(3057, 291, 27, 3, 1, 1, 1, '2018-06-02 00:00:00', '2018-06-02 00:00:00', NULL),
(3058, 291, 27, 4, 1, 1, 1, '2018-06-02 00:00:00', '2018-06-02 00:00:00', NULL),
(3059, 291, 27, 5, 1, 1, 1, '2018-06-02 00:00:00', '2018-06-02 00:00:00', NULL),
(3060, 291, 27, 6, 1, 1, 1, '2018-06-02 00:00:00', '2018-06-02 00:00:00', NULL),
(3061, 755, 27, 1, 1, 1, 1, '2018-06-06 00:00:00', '2018-06-06 00:00:00', NULL),
(3062, 755, 27, 2, 1, 1, 1, '2018-06-06 00:00:00', '2018-06-06 00:00:00', NULL),
(3063, 755, 27, 3, 1, 1, 1, '2018-06-06 00:00:00', '2018-06-06 00:00:00', NULL),
(3064, 755, 27, 4, 1, 1, 1, '2018-06-06 00:00:00', '2018-06-06 00:00:00', NULL),
(3065, 755, 27, 5, 1, 1, 1, '2018-06-06 00:00:00', '2018-06-06 00:00:00', NULL),
(3066, 755, 27, 6, 1, 1, 1, '2018-06-06 00:00:00', '2018-06-06 00:00:00', NULL),
(3067, 474, 31, 1, 1, 1, 1, '2018-05-31 00:00:00', '2018-05-31 00:00:00', NULL),
(3068, 272, 29, 1, 1, 1, 1, '2018-05-31 00:00:00', '2018-05-31 00:00:00', NULL),
(3069, 272, 29, 2, 1, 1, 1, '2018-05-31 00:00:00', '2018-05-31 00:00:00', NULL),
(3070, 272, 29, 3, 1, 1, 1, '2018-05-31 00:00:00', '2018-05-31 00:00:00', NULL),
(3071, 272, 29, 4, 1, 1, 1, '2018-05-31 00:00:00', '2018-05-31 00:00:00', NULL),
(3072, 272, 29, 5, 1, 1, 1, '2018-05-31 00:00:00', '2018-05-31 00:00:00', NULL),
(3073, 272, 29, 6, 1, 1, 1, '2018-05-31 00:00:00', '2018-05-31 00:00:00', NULL),
(3074, 272, 29, 7, 1, 1, 1, '2018-05-31 00:00:00', '2018-05-31 00:00:00', NULL),
(3075, 272, 29, 8, 1, 1, 1, '2018-05-31 00:00:00', '2018-05-31 00:00:00', NULL),
(3076, 506, 25, 1, 1, 1, 1, '2018-06-03 00:00:00', '2018-06-03 00:00:00', NULL),
(3077, 506, 25, 2, 1, 1, 1, '2018-06-03 00:00:00', '2018-06-03 00:00:00', NULL),
(3078, 506, 25, 3, 1, 1, 1, '2018-06-03 00:00:00', '2018-06-03 00:00:00', NULL),
(3079, 506, 25, 4, 1, 1, 1, '2018-06-03 00:00:00', '2018-06-03 00:00:00', NULL),
(3080, 552, 30, 1, 1, 1, 1, '2018-05-31 00:00:00', '2018-05-31 00:00:00', NULL),
(3081, 552, 30, 2, 1, 1, 1, '2018-05-31 00:00:00', '2018-05-31 00:00:00', NULL),
(3082, 552, 30, 3, 1, 1, 1, '2018-05-31 00:00:00', '2018-05-31 00:00:00', NULL),
(3083, 552, 30, 4, 1, 1, 1, '2018-05-31 00:00:00', '2018-05-31 00:00:00', NULL),
(3084, 552, 30, 5, 1, 1, 1, '2018-05-31 00:00:00', '2018-05-31 00:00:00', NULL),
(3085, 552, 30, 6, 1, 1, 1, '2018-05-31 00:00:00', '2018-05-31 00:00:00', NULL),
(3086, 552, 30, 7, 1, 1, 1, '2018-05-31 00:00:00', '2018-05-31 00:00:00', NULL),
(3087, 552, 30, 8, 1, 1, 1, '2018-05-31 00:00:00', '2018-05-31 00:00:00', NULL),
(3088, 416, 25, 1, 1, 1, 1, '2018-06-02 00:00:00', '2018-06-02 00:00:00', NULL),
(3089, 416, 25, 2, 1, 1, 1, '2018-06-02 00:00:00', '2018-06-02 00:00:00', NULL),
(3090, 416, 25, 3, 1, 1, 1, '2018-06-02 00:00:00', '2018-06-02 00:00:00', NULL),
(3091, 332, 31, 1, 1, 1, 1, '2018-06-02 00:00:00', '2018-06-02 00:00:00', NULL),
(3092, 332, 31, 2, 1, 1, 1, '2018-06-02 00:00:00', '2018-06-02 00:00:00', NULL),
(3093, 332, 31, 3, 1, 1, 1, '2018-06-02 00:00:00', '2018-06-02 00:00:00', NULL),
(3094, 332, 31, 4, 1, 1, 1, '2018-06-02 00:00:00', '2018-06-02 00:00:00', NULL),
(3095, 332, 31, 5, 1, 1, 1, '2018-06-02 00:00:00', '2018-06-02 00:00:00', NULL),
(3096, 332, 31, 6, 1, 1, 1, '2018-06-02 00:00:00', '2018-06-02 00:00:00', NULL),
(3097, 332, 31, 7, 1, 1, 1, '2018-06-02 00:00:00', '2018-06-02 00:00:00', NULL),
(3098, 332, 31, 8, 1, 1, 1, '2018-06-02 00:00:00', '2018-06-02 00:00:00', NULL),
(3099, 121, 25, 1, 1, 1, 1, '2018-06-07 00:00:00', '2018-06-07 00:00:00', NULL),
(3100, 121, 25, 2, 1, 1, 1, '2018-06-07 00:00:00', '2018-06-07 00:00:00', NULL),
(3101, 121, 25, 3, 1, 1, 1, '2018-06-07 00:00:00', '2018-06-07 00:00:00', NULL),
(3102, 121, 25, 4, 1, 1, 1, '2018-06-07 00:00:00', '2018-06-07 00:00:00', NULL),
(3103, 121, 25, 5, 1, 1, 1, '2018-06-07 00:00:00', '2018-06-07 00:00:00', NULL),
(3104, 121, 25, 6, 1, 1, 1, '2018-06-07 00:00:00', '2018-06-07 00:00:00', NULL),
(3105, 87, 22, 1, 1, 1, 1, '2018-06-04 00:00:00', '2018-06-04 00:00:00', NULL),
(3106, 87, 22, 2, 1, 1, 1, '2018-06-04 00:00:00', '2018-06-04 00:00:00', NULL),
(3107, 87, 22, 3, 1, 1, 1, '2018-06-04 00:00:00', '2018-06-04 00:00:00', NULL),
(3108, 87, 22, 4, 1, 1, 1, '2018-06-04 00:00:00', '2018-06-04 00:00:00', NULL),
(3109, 87, 22, 5, 1, 1, 1, '2018-06-04 00:00:00', '2018-06-04 00:00:00', NULL),
(3110, 87, 22, 6, 1, 1, 1, '2018-06-04 00:00:00', '2018-06-04 00:00:00', NULL),
(3111, 87, 22, 7, 1, 1, 1, '2018-06-04 00:00:00', '2018-06-04 00:00:00', NULL),
(3112, 600, 23, 1, 1, 1, 1, '2018-06-04 00:00:00', '2018-06-04 00:00:00', NULL),
(3113, 600, 23, 2, 1, 1, 1, '2018-06-04 00:00:00', '2018-06-04 00:00:00', NULL),
(3114, 600, 23, 3, 1, 1, 1, '2018-06-04 00:00:00', '2018-06-04 00:00:00', NULL),
(3115, 600, 23, 4, 1, 1, 1, '2018-06-04 00:00:00', '2018-06-04 00:00:00', NULL),
(3116, 247, 22, 1, 1, 1, 1, '2018-06-05 00:00:00', '2018-06-05 00:00:00', NULL),
(3117, 558, 31, 1, 1, 1, 1, '2018-06-07 00:00:00', '2018-06-07 00:00:00', NULL),
(3118, 558, 31, 2, 1, 1, 1, '2018-06-07 00:00:00', '2018-06-07 00:00:00', NULL),
(3119, 301, 30, 1, 1, 1, 1, '2018-06-03 00:00:00', '2018-06-03 00:00:00', NULL),
(3120, 301, 30, 2, 1, 1, 1, '2018-06-03 00:00:00', '2018-06-03 00:00:00', NULL),
(3121, 690, 29, 1, 1, 1, 1, '2018-06-02 00:00:00', '2018-06-02 00:00:00', NULL),
(3122, 690, 29, 2, 1, 1, 1, '2018-06-02 00:00:00', '2018-06-02 00:00:00', NULL),
(3123, 690, 29, 3, 1, 1, 1, '2018-06-02 00:00:00', '2018-06-02 00:00:00', NULL),
(3124, 690, 29, 4, 1, 1, 1, '2018-06-02 00:00:00', '2018-06-02 00:00:00', NULL),
(3125, 690, 29, 5, 1, 1, 1, '2018-06-02 00:00:00', '2018-06-02 00:00:00', NULL),
(3126, 690, 29, 6, 1, 1, 1, '2018-06-02 00:00:00', '2018-06-02 00:00:00', NULL),
(3127, 632, 22, 1, 1, 1, 1, '2018-06-05 00:00:00', '2018-06-05 00:00:00', NULL),
(3128, 632, 22, 2, 1, 1, 1, '2018-06-05 00:00:00', '2018-06-05 00:00:00', NULL),
(3129, 632, 22, 3, 1, 1, 1, '2018-06-05 00:00:00', '2018-06-05 00:00:00', NULL),
(3130, 632, 22, 4, 1, 1, 1, '2018-06-05 00:00:00', '2018-06-05 00:00:00', NULL),
(3131, 632, 22, 5, 1, 1, 1, '2018-06-05 00:00:00', '2018-06-05 00:00:00', NULL),
(3132, 632, 22, 6, 1, 1, 1, '2018-06-05 00:00:00', '2018-06-05 00:00:00', NULL),
(3133, 179, 29, 1, 1, 1, 1, '2018-06-06 00:00:00', '2018-06-06 00:00:00', NULL),
(3134, 179, 29, 2, 1, 1, 1, '2018-06-06 00:00:00', '2018-06-06 00:00:00', NULL),
(3135, 179, 29, 3, 1, 1, 1, '2018-06-06 00:00:00', '2018-06-06 00:00:00', NULL),
(3136, 179, 29, 4, 1, 1, 1, '2018-06-06 00:00:00', '2018-06-06 00:00:00', NULL),
(3137, 179, 29, 5, 1, 1, 1, '2018-06-06 00:00:00', '2018-06-06 00:00:00', NULL),
(3138, 179, 29, 6, 1, 1, 1, '2018-06-06 00:00:00', '2018-06-06 00:00:00', NULL),
(3139, 179, 29, 7, 1, 1, 1, '2018-06-06 00:00:00', '2018-06-06 00:00:00', NULL),
(3140, 179, 29, 8, 1, 1, 1, '2018-06-06 00:00:00', '2018-06-06 00:00:00', NULL),
(3141, 543, 25, 1, 1, 1, 1, '2018-05-31 00:00:00', '2018-05-31 00:00:00', NULL),
(3142, 543, 25, 2, 1, 1, 1, '2018-05-31 00:00:00', '2018-05-31 00:00:00', NULL),
(3143, 543, 25, 3, 1, 1, 1, '2018-05-31 00:00:00', '2018-05-31 00:00:00', NULL),
(3144, 543, 25, 4, 1, 1, 1, '2018-05-31 00:00:00', '2018-05-31 00:00:00', NULL),
(3145, 543, 25, 5, 1, 1, 1, '2018-05-31 00:00:00', '2018-05-31 00:00:00', NULL),
(3146, 543, 25, 6, 1, 1, 1, '2018-05-31 00:00:00', '2018-05-31 00:00:00', NULL),
(3147, 543, 25, 7, 1, 1, 1, '2018-05-31 00:00:00', '2018-05-31 00:00:00', NULL),
(3148, 124, 29, 1, 1, 1, 1, '2018-06-06 00:00:00', '2018-06-06 00:00:00', NULL),
(3149, 124, 29, 2, 1, 1, 1, '2018-06-06 00:00:00', '2018-06-06 00:00:00', NULL),
(3150, 124, 29, 3, 1, 1, 1, '2018-06-06 00:00:00', '2018-06-06 00:00:00', NULL),
(3151, 699, 1, 1, 1, 1, 1, '2018-06-03 00:00:00', '2018-06-03 00:00:00', NULL),
(3152, 699, 1, 2, 1, 1, 1, '2018-06-03 00:00:00', '2018-06-03 00:00:00', NULL),
(3153, 699, 1, 3, 1, 1, 1, '2018-06-03 00:00:00', '2018-06-03 00:00:00', NULL),
(3154, 699, 1, 4, 1, 1, 1, '2018-06-03 00:00:00', '2018-06-03 00:00:00', NULL),
(3155, 699, 1, 5, 1, 1, 1, '2018-06-03 00:00:00', '2018-06-03 00:00:00', NULL),
(3156, 699, 1, 6, 1, 1, 1, '2018-06-03 00:00:00', '2018-06-03 00:00:00', NULL),
(3157, 699, 1, 7, 1, 1, 1, '2018-06-03 00:00:00', '2018-06-03 00:00:00', NULL),
(3158, 699, 1, 8, 1, 1, 1, '2018-06-03 00:00:00', '2018-06-03 00:00:00', NULL),
(3159, 233, 29, 1, 1, 1, 1, '2018-06-02 00:00:00', '2018-06-02 00:00:00', NULL),
(3160, 233, 29, 2, 1, 1, 1, '2018-06-02 00:00:00', '2018-06-02 00:00:00', NULL),
(3161, 233, 29, 3, 1, 1, 1, '2018-06-02 00:00:00', '2018-06-02 00:00:00', NULL),
(3162, 233, 29, 4, 1, 1, 1, '2018-06-02 00:00:00', '2018-06-02 00:00:00', NULL),
(3163, 233, 29, 5, 1, 1, 1, '2018-06-02 00:00:00', '2018-06-02 00:00:00', NULL),
(3164, 233, 29, 6, 1, 1, 1, '2018-06-02 00:00:00', '2018-06-02 00:00:00', NULL),
(3165, 166, 26, 1, 1, 1, 1, '2018-06-02 00:00:00', '2018-06-02 00:00:00', NULL),
(3166, 183, 28, 1, 1, 1, 1, '2018-06-06 00:00:00', '2018-06-06 00:00:00', NULL),
(3167, 183, 28, 2, 1, 1, 1, '2018-06-06 00:00:00', '2018-06-06 00:00:00', NULL),
(3168, 183, 28, 3, 1, 1, 1, '2018-06-06 00:00:00', '2018-06-06 00:00:00', NULL),
(3169, 183, 28, 4, 1, 1, 1, '2018-06-06 00:00:00', '2018-06-06 00:00:00', NULL),
(3170, 183, 28, 5, 1, 1, 1, '2018-06-06 00:00:00', '2018-06-06 00:00:00', NULL),
(3171, 183, 28, 6, 1, 1, 1, '2018-06-06 00:00:00', '2018-06-06 00:00:00', NULL),
(3172, 777, 1, 1, 1, 1, 1, '2018-06-02 00:00:00', '2018-06-02 00:00:00', NULL),
(3173, 777, 1, 2, 1, 1, 1, '2018-06-02 00:00:00', '2018-06-02 00:00:00', NULL);
INSERT INTO `call_history` (`id`, `contact_id`, `user_id`, `level_id`, `call_quality_level_id`, `status_service_id`, `status_call_id`, `created_at`, `updated_at`, `deleted_at`) VALUES
(3174, 777, 1, 3, 1, 1, 1, '2018-06-02 00:00:00', '2018-06-02 00:00:00', NULL),
(3175, 540, 28, 1, 1, 1, 1, '2018-06-05 00:00:00', '2018-06-05 00:00:00', NULL),
(3176, 540, 28, 2, 1, 1, 1, '2018-06-05 00:00:00', '2018-06-05 00:00:00', NULL),
(3177, 540, 28, 3, 1, 1, 1, '2018-06-05 00:00:00', '2018-06-05 00:00:00', NULL),
(3178, 540, 28, 4, 1, 1, 1, '2018-06-05 00:00:00', '2018-06-05 00:00:00', NULL),
(3179, 540, 28, 5, 1, 1, 1, '2018-06-05 00:00:00', '2018-06-05 00:00:00', NULL),
(3180, 540, 28, 6, 1, 1, 1, '2018-06-05 00:00:00', '2018-06-05 00:00:00', NULL),
(3181, 540, 28, 7, 1, 1, 1, '2018-06-05 00:00:00', '2018-06-05 00:00:00', NULL),
(3182, 109, 27, 1, 1, 1, 1, '2018-06-07 00:00:00', '2018-06-07 00:00:00', NULL),
(3183, 109, 27, 2, 1, 1, 1, '2018-06-07 00:00:00', '2018-06-07 00:00:00', NULL),
(3184, 626, 22, 1, 1, 1, 1, '2018-06-07 00:00:00', '2018-06-07 00:00:00', NULL),
(3185, 626, 22, 2, 1, 1, 1, '2018-06-07 00:00:00', '2018-06-07 00:00:00', NULL),
(3186, 626, 22, 3, 1, 1, 1, '2018-06-07 00:00:00', '2018-06-07 00:00:00', NULL),
(3187, 261, 26, 1, 1, 1, 1, '2018-06-02 00:00:00', '2018-06-02 00:00:00', NULL),
(3188, 261, 26, 2, 1, 1, 1, '2018-06-02 00:00:00', '2018-06-02 00:00:00', NULL),
(3189, 107, 23, 1, 1, 1, 1, '2018-06-05 00:00:00', '2018-06-05 00:00:00', NULL),
(3190, 107, 23, 2, 1, 1, 1, '2018-06-05 00:00:00', '2018-06-05 00:00:00', NULL),
(3191, 107, 23, 3, 1, 1, 1, '2018-06-05 00:00:00', '2018-06-05 00:00:00', NULL),
(3192, 107, 23, 4, 1, 1, 1, '2018-06-05 00:00:00', '2018-06-05 00:00:00', NULL),
(3193, 107, 23, 5, 1, 1, 1, '2018-06-05 00:00:00', '2018-06-05 00:00:00', NULL),
(3194, 107, 23, 6, 1, 1, 1, '2018-06-05 00:00:00', '2018-06-05 00:00:00', NULL),
(3195, 107, 23, 7, 1, 1, 1, '2018-06-05 00:00:00', '2018-06-05 00:00:00', NULL),
(3196, 454, 1, 1, 1, 1, 1, '2018-06-07 00:00:00', '2018-06-07 00:00:00', NULL),
(3197, 454, 1, 2, 1, 1, 1, '2018-06-07 00:00:00', '2018-06-07 00:00:00', NULL),
(3198, 454, 1, 3, 1, 1, 1, '2018-06-07 00:00:00', '2018-06-07 00:00:00', NULL),
(3199, 454, 1, 4, 1, 1, 1, '2018-06-07 00:00:00', '2018-06-07 00:00:00', NULL),
(3200, 454, 1, 5, 1, 1, 1, '2018-06-07 00:00:00', '2018-06-07 00:00:00', NULL),
(3201, 133, 30, 1, 1, 1, 1, '2018-06-05 00:00:00', '2018-06-05 00:00:00', NULL),
(3202, 133, 30, 2, 1, 1, 1, '2018-06-05 00:00:00', '2018-06-05 00:00:00', NULL),
(3203, 133, 30, 3, 1, 1, 1, '2018-06-05 00:00:00', '2018-06-05 00:00:00', NULL),
(3204, 133, 30, 4, 1, 1, 1, '2018-06-05 00:00:00', '2018-06-05 00:00:00', NULL),
(3205, 133, 30, 5, 1, 1, 1, '2018-06-05 00:00:00', '2018-06-05 00:00:00', NULL),
(3206, 133, 30, 6, 1, 1, 1, '2018-06-05 00:00:00', '2018-06-05 00:00:00', NULL),
(3207, 399, 28, 1, 1, 1, 1, '2018-06-01 00:00:00', '2018-06-01 00:00:00', NULL),
(3208, 399, 28, 2, 1, 1, 1, '2018-06-01 00:00:00', '2018-06-01 00:00:00', NULL),
(3209, 399, 28, 3, 1, 1, 1, '2018-06-01 00:00:00', '2018-06-01 00:00:00', NULL),
(3210, 399, 28, 4, 1, 1, 1, '2018-06-01 00:00:00', '2018-06-01 00:00:00', NULL),
(3211, 397, 28, 1, 1, 1, 1, '2018-05-31 00:00:00', '2018-05-31 00:00:00', NULL),
(3212, 397, 28, 2, 1, 1, 1, '2018-05-31 00:00:00', '2018-05-31 00:00:00', NULL),
(3213, 397, 28, 3, 1, 1, 1, '2018-05-31 00:00:00', '2018-05-31 00:00:00', NULL),
(3214, 397, 28, 4, 1, 1, 1, '2018-05-31 00:00:00', '2018-05-31 00:00:00', NULL),
(3215, 38, 25, 1, 1, 1, 1, '2018-06-03 00:00:00', '2018-06-03 00:00:00', NULL),
(3216, 38, 25, 2, 1, 1, 1, '2018-06-03 00:00:00', '2018-06-03 00:00:00', NULL),
(3217, 38, 25, 3, 1, 1, 1, '2018-06-03 00:00:00', '2018-06-03 00:00:00', NULL),
(3218, 38, 25, 4, 1, 1, 1, '2018-06-03 00:00:00', '2018-06-03 00:00:00', NULL),
(3219, 38, 25, 5, 1, 1, 1, '2018-06-03 00:00:00', '2018-06-03 00:00:00', NULL),
(3220, 38, 25, 6, 1, 1, 1, '2018-06-03 00:00:00', '2018-06-03 00:00:00', NULL),
(3221, 38, 25, 7, 1, 1, 1, '2018-06-03 00:00:00', '2018-06-03 00:00:00', NULL),
(3222, 38, 25, 8, 1, 1, 1, '2018-06-03 00:00:00', '2018-06-03 00:00:00', NULL),
(3223, 636, 22, 1, 1, 1, 1, '2018-05-31 00:00:00', '2018-05-31 00:00:00', NULL),
(3224, 636, 22, 2, 1, 1, 1, '2018-05-31 00:00:00', '2018-05-31 00:00:00', NULL),
(3225, 385, 29, 1, 1, 1, 1, '2018-06-01 00:00:00', '2018-06-01 00:00:00', NULL),
(3226, 385, 29, 2, 1, 1, 1, '2018-06-01 00:00:00', '2018-06-01 00:00:00', NULL),
(3227, 385, 29, 3, 1, 1, 1, '2018-06-01 00:00:00', '2018-06-01 00:00:00', NULL),
(3228, 385, 29, 4, 1, 1, 1, '2018-06-01 00:00:00', '2018-06-01 00:00:00', NULL),
(3229, 385, 29, 5, 1, 1, 1, '2018-06-01 00:00:00', '2018-06-01 00:00:00', NULL),
(3230, 385, 29, 6, 1, 1, 1, '2018-06-01 00:00:00', '2018-06-01 00:00:00', NULL),
(3231, 629, 29, 1, 1, 1, 1, '2018-06-05 00:00:00', '2018-06-05 00:00:00', NULL),
(3232, 629, 29, 2, 1, 1, 1, '2018-06-05 00:00:00', '2018-06-05 00:00:00', NULL),
(3233, 629, 29, 3, 1, 1, 1, '2018-06-05 00:00:00', '2018-06-05 00:00:00', NULL),
(3234, 629, 29, 4, 1, 1, 1, '2018-06-05 00:00:00', '2018-06-05 00:00:00', NULL),
(3235, 629, 29, 5, 1, 1, 1, '2018-06-05 00:00:00', '2018-06-05 00:00:00', NULL),
(3236, 629, 29, 6, 1, 1, 1, '2018-06-05 00:00:00', '2018-06-05 00:00:00', NULL),
(3237, 157, 1, 1, 1, 1, 1, '2018-06-01 00:00:00', '2018-06-01 00:00:00', NULL),
(3238, 157, 1, 2, 1, 1, 1, '2018-06-01 00:00:00', '2018-06-01 00:00:00', NULL),
(3239, 157, 1, 3, 1, 1, 1, '2018-06-01 00:00:00', '2018-06-01 00:00:00', NULL),
(3240, 157, 1, 4, 1, 1, 1, '2018-06-01 00:00:00', '2018-06-01 00:00:00', NULL),
(3241, 157, 1, 5, 1, 1, 1, '2018-06-01 00:00:00', '2018-06-01 00:00:00', NULL),
(3242, 453, 28, 1, 1, 1, 1, '2018-06-06 00:00:00', '2018-06-06 00:00:00', NULL),
(3243, 453, 28, 2, 1, 1, 1, '2018-06-06 00:00:00', '2018-06-06 00:00:00', NULL),
(3244, 453, 28, 3, 1, 1, 1, '2018-06-06 00:00:00', '2018-06-06 00:00:00', NULL),
(3245, 691, 22, 1, 1, 1, 1, '2018-06-04 00:00:00', '2018-06-04 00:00:00', NULL),
(3246, 691, 22, 2, 1, 1, 1, '2018-06-04 00:00:00', '2018-06-04 00:00:00', NULL),
(3247, 691, 22, 3, 1, 1, 1, '2018-06-04 00:00:00', '2018-06-04 00:00:00', NULL),
(3248, 132, 29, 1, 1, 1, 1, '2018-06-05 00:00:00', '2018-06-05 00:00:00', NULL),
(3249, 132, 29, 2, 1, 1, 1, '2018-06-05 00:00:00', '2018-06-05 00:00:00', NULL),
(3250, 148, 24, 1, 1, 1, 1, '2018-06-02 00:00:00', '2018-06-02 00:00:00', NULL),
(3251, 148, 24, 2, 1, 1, 1, '2018-06-02 00:00:00', '2018-06-02 00:00:00', NULL),
(3252, 148, 24, 3, 1, 1, 1, '2018-06-02 00:00:00', '2018-06-02 00:00:00', NULL),
(3253, 148, 24, 4, 1, 1, 1, '2018-06-02 00:00:00', '2018-06-02 00:00:00', NULL),
(3254, 148, 24, 5, 1, 1, 1, '2018-06-02 00:00:00', '2018-06-02 00:00:00', NULL),
(3255, 391, 26, 1, 1, 1, 1, '2018-06-06 00:00:00', '2018-06-06 00:00:00', NULL),
(3256, 358, 26, 1, 1, 1, 1, '2018-06-01 00:00:00', '2018-06-01 00:00:00', NULL),
(3257, 358, 26, 2, 1, 1, 1, '2018-06-01 00:00:00', '2018-06-01 00:00:00', NULL),
(3258, 576, 24, 1, 1, 1, 1, '2018-06-07 00:00:00', '2018-06-07 00:00:00', NULL),
(3259, 576, 24, 2, 1, 1, 1, '2018-06-07 00:00:00', '2018-06-07 00:00:00', NULL),
(3260, 576, 24, 3, 1, 1, 1, '2018-06-07 00:00:00', '2018-06-07 00:00:00', NULL),
(3261, 576, 24, 4, 1, 1, 1, '2018-06-07 00:00:00', '2018-06-07 00:00:00', NULL),
(3262, 576, 24, 5, 1, 1, 1, '2018-06-07 00:00:00', '2018-06-07 00:00:00', NULL),
(3263, 576, 24, 6, 1, 1, 1, '2018-06-07 00:00:00', '2018-06-07 00:00:00', NULL),
(3264, 45, 28, 1, 1, 1, 1, '2018-06-03 00:00:00', '2018-06-03 00:00:00', NULL),
(3265, 45, 28, 2, 1, 1, 1, '2018-06-03 00:00:00', '2018-06-03 00:00:00', NULL),
(3266, 477, 26, 1, 1, 1, 1, '2018-06-06 00:00:00', '2018-06-06 00:00:00', NULL),
(3267, 477, 26, 2, 1, 1, 1, '2018-06-06 00:00:00', '2018-06-06 00:00:00', NULL),
(3268, 477, 26, 3, 1, 1, 1, '2018-06-06 00:00:00', '2018-06-06 00:00:00', NULL),
(3269, 83, 31, 1, 1, 1, 1, '2018-06-05 00:00:00', '2018-06-05 00:00:00', NULL),
(3270, 83, 31, 2, 1, 1, 1, '2018-06-05 00:00:00', '2018-06-05 00:00:00', NULL),
(3271, 83, 31, 3, 1, 1, 1, '2018-06-05 00:00:00', '2018-06-05 00:00:00', NULL),
(3272, 83, 31, 4, 1, 1, 1, '2018-06-05 00:00:00', '2018-06-05 00:00:00', NULL),
(3273, 83, 31, 5, 1, 1, 1, '2018-06-05 00:00:00', '2018-06-05 00:00:00', NULL),
(3274, 411, 22, 1, 1, 1, 1, '2018-06-06 00:00:00', '2018-06-06 00:00:00', NULL),
(3275, 411, 22, 2, 1, 1, 1, '2018-06-06 00:00:00', '2018-06-06 00:00:00', NULL),
(3276, 85, 23, 1, 1, 1, 1, '2018-06-04 00:00:00', '2018-06-04 00:00:00', NULL),
(3277, 85, 23, 2, 1, 1, 1, '2018-06-04 00:00:00', '2018-06-04 00:00:00', NULL),
(3278, 85, 23, 3, 1, 1, 1, '2018-06-04 00:00:00', '2018-06-04 00:00:00', NULL),
(3279, 85, 23, 4, 1, 1, 1, '2018-06-04 00:00:00', '2018-06-04 00:00:00', NULL),
(3280, 85, 23, 5, 1, 1, 1, '2018-06-04 00:00:00', '2018-06-04 00:00:00', NULL),
(3281, 85, 23, 6, 1, 1, 1, '2018-06-04 00:00:00', '2018-06-04 00:00:00', NULL),
(3282, 85, 23, 7, 1, 1, 1, '2018-06-04 00:00:00', '2018-06-04 00:00:00', NULL),
(3283, 485, 23, 1, 1, 1, 1, '2018-06-03 00:00:00', '2018-06-03 00:00:00', NULL),
(3284, 485, 23, 2, 1, 1, 1, '2018-06-03 00:00:00', '2018-06-03 00:00:00', NULL),
(3285, 485, 23, 3, 1, 1, 1, '2018-06-03 00:00:00', '2018-06-03 00:00:00', NULL),
(3286, 485, 23, 4, 1, 1, 1, '2018-06-03 00:00:00', '2018-06-03 00:00:00', NULL),
(3287, 669, 27, 1, 1, 1, 1, '2018-06-04 00:00:00', '2018-06-04 00:00:00', NULL),
(3288, 387, 25, 1, 1, 1, 1, '2018-06-04 00:00:00', '2018-06-04 00:00:00', NULL),
(3289, 387, 25, 2, 1, 1, 1, '2018-06-04 00:00:00', '2018-06-04 00:00:00', NULL),
(3290, 387, 25, 3, 1, 1, 1, '2018-06-04 00:00:00', '2018-06-04 00:00:00', NULL),
(3291, 387, 25, 4, 1, 1, 1, '2018-06-04 00:00:00', '2018-06-04 00:00:00', NULL),
(3292, 652, 27, 1, 1, 1, 1, '2018-06-03 00:00:00', '2018-06-03 00:00:00', NULL),
(3293, 652, 27, 2, 1, 1, 1, '2018-06-03 00:00:00', '2018-06-03 00:00:00', NULL),
(3294, 652, 27, 3, 1, 1, 1, '2018-06-03 00:00:00', '2018-06-03 00:00:00', NULL),
(3295, 652, 27, 4, 1, 1, 1, '2018-06-03 00:00:00', '2018-06-03 00:00:00', NULL),
(3296, 652, 27, 5, 1, 1, 1, '2018-06-03 00:00:00', '2018-06-03 00:00:00', NULL),
(3297, 652, 27, 6, 1, 1, 1, '2018-06-03 00:00:00', '2018-06-03 00:00:00', NULL),
(3298, 717, 25, 1, 1, 1, 1, '2018-05-31 00:00:00', '2018-05-31 00:00:00', NULL),
(3299, 717, 25, 2, 1, 1, 1, '2018-05-31 00:00:00', '2018-05-31 00:00:00', NULL),
(3300, 717, 25, 3, 1, 1, 1, '2018-05-31 00:00:00', '2018-05-31 00:00:00', NULL),
(3301, 717, 25, 4, 1, 1, 1, '2018-05-31 00:00:00', '2018-05-31 00:00:00', NULL),
(3302, 717, 25, 5, 1, 1, 1, '2018-05-31 00:00:00', '2018-05-31 00:00:00', NULL),
(3303, 717, 25, 6, 1, 1, 1, '2018-05-31 00:00:00', '2018-05-31 00:00:00', NULL),
(3304, 717, 25, 7, 1, 1, 1, '2018-05-31 00:00:00', '2018-05-31 00:00:00', NULL),
(3305, 640, 25, 1, 1, 1, 1, '2018-05-31 00:00:00', '2018-05-31 00:00:00', NULL),
(3306, 640, 25, 2, 1, 1, 1, '2018-05-31 00:00:00', '2018-05-31 00:00:00', NULL),
(3307, 640, 25, 3, 1, 1, 1, '2018-05-31 00:00:00', '2018-05-31 00:00:00', NULL),
(3308, 640, 25, 4, 1, 1, 1, '2018-05-31 00:00:00', '2018-05-31 00:00:00', NULL),
(3309, 640, 25, 5, 1, 1, 1, '2018-05-31 00:00:00', '2018-05-31 00:00:00', NULL),
(3310, 335, 26, 1, 1, 1, 1, '2018-06-06 00:00:00', '2018-06-06 00:00:00', NULL),
(3311, 772, 26, 1, 1, 1, 1, '2018-06-05 00:00:00', '2018-06-05 00:00:00', NULL),
(3312, 772, 26, 2, 1, 1, 1, '2018-06-05 00:00:00', '2018-06-05 00:00:00', NULL),
(3313, 772, 26, 3, 1, 1, 1, '2018-06-05 00:00:00', '2018-06-05 00:00:00', NULL),
(3314, 772, 26, 4, 1, 1, 1, '2018-06-05 00:00:00', '2018-06-05 00:00:00', NULL),
(3315, 290, 26, 1, 1, 1, 1, '2018-06-07 00:00:00', '2018-06-07 00:00:00', NULL),
(3316, 290, 26, 2, 1, 1, 1, '2018-06-07 00:00:00', '2018-06-07 00:00:00', NULL),
(3317, 290, 26, 3, 1, 1, 1, '2018-06-07 00:00:00', '2018-06-07 00:00:00', NULL),
(3318, 290, 26, 4, 1, 1, 1, '2018-06-07 00:00:00', '2018-06-07 00:00:00', NULL),
(3319, 290, 26, 5, 1, 1, 1, '2018-06-07 00:00:00', '2018-06-07 00:00:00', NULL),
(3320, 290, 26, 6, 1, 1, 1, '2018-06-07 00:00:00', '2018-06-07 00:00:00', NULL),
(3321, 290, 26, 7, 1, 1, 1, '2018-06-07 00:00:00', '2018-06-07 00:00:00', NULL),
(3322, 290, 26, 8, 1, 1, 1, '2018-06-07 00:00:00', '2018-06-07 00:00:00', NULL),
(3323, 177, 24, 1, 1, 1, 1, '2018-06-02 00:00:00', '2018-06-02 00:00:00', NULL),
(3324, 37, 29, 1, 1, 1, 1, '2018-06-01 00:00:00', '2018-06-01 00:00:00', NULL),
(3325, 650, 29, 1, 1, 1, 1, '2018-06-06 00:00:00', '2018-06-06 00:00:00', NULL),
(3326, 650, 29, 2, 1, 1, 1, '2018-06-06 00:00:00', '2018-06-06 00:00:00', NULL),
(3327, 650, 29, 3, 1, 1, 1, '2018-06-06 00:00:00', '2018-06-06 00:00:00', NULL),
(3328, 650, 29, 4, 1, 1, 1, '2018-06-06 00:00:00', '2018-06-06 00:00:00', NULL),
(3329, 650, 29, 5, 1, 1, 1, '2018-06-06 00:00:00', '2018-06-06 00:00:00', NULL),
(3330, 650, 29, 6, 1, 1, 1, '2018-06-06 00:00:00', '2018-06-06 00:00:00', NULL),
(3331, 581, 24, 1, 1, 1, 1, '2018-06-02 00:00:00', '2018-06-02 00:00:00', NULL),
(3332, 581, 24, 2, 1, 1, 1, '2018-06-02 00:00:00', '2018-06-02 00:00:00', NULL),
(3333, 581, 24, 3, 1, 1, 1, '2018-06-02 00:00:00', '2018-06-02 00:00:00', NULL),
(3334, 581, 24, 4, 1, 1, 1, '2018-06-02 00:00:00', '2018-06-02 00:00:00', NULL),
(3335, 581, 24, 5, 1, 1, 1, '2018-06-02 00:00:00', '2018-06-02 00:00:00', NULL),
(3336, 349, 31, 1, 1, 1, 1, '2018-06-06 00:00:00', '2018-06-06 00:00:00', NULL),
(3337, 349, 31, 2, 1, 1, 1, '2018-06-06 00:00:00', '2018-06-06 00:00:00', NULL),
(3338, 349, 31, 3, 1, 1, 1, '2018-06-06 00:00:00', '2018-06-06 00:00:00', NULL),
(3339, 349, 31, 4, 1, 1, 1, '2018-06-06 00:00:00', '2018-06-06 00:00:00', NULL),
(3340, 71, 25, 1, 1, 1, 1, '2018-06-01 00:00:00', '2018-06-01 00:00:00', NULL),
(3341, 71, 25, 2, 1, 1, 1, '2018-06-01 00:00:00', '2018-06-01 00:00:00', NULL),
(3342, 71, 25, 3, 1, 1, 1, '2018-06-01 00:00:00', '2018-06-01 00:00:00', NULL),
(3343, 71, 25, 4, 1, 1, 1, '2018-06-01 00:00:00', '2018-06-01 00:00:00', NULL),
(3344, 71, 25, 5, 1, 1, 1, '2018-06-01 00:00:00', '2018-06-01 00:00:00', NULL),
(3345, 71, 25, 6, 1, 1, 1, '2018-06-01 00:00:00', '2018-06-01 00:00:00', NULL),
(3346, 597, 30, 1, 1, 1, 1, '2018-06-01 00:00:00', '2018-06-01 00:00:00', NULL),
(3347, 597, 30, 2, 1, 1, 1, '2018-06-01 00:00:00', '2018-06-01 00:00:00', NULL),
(3348, 597, 30, 3, 1, 1, 1, '2018-06-01 00:00:00', '2018-06-01 00:00:00', NULL),
(3349, 597, 30, 4, 1, 1, 1, '2018-06-01 00:00:00', '2018-06-01 00:00:00', NULL),
(3350, 597, 30, 5, 1, 1, 1, '2018-06-01 00:00:00', '2018-06-01 00:00:00', NULL),
(3351, 461, 23, 1, 1, 1, 1, '2018-06-04 00:00:00', '2018-06-04 00:00:00', NULL),
(3352, 461, 23, 2, 1, 1, 1, '2018-06-04 00:00:00', '2018-06-04 00:00:00', NULL),
(3353, 461, 23, 3, 1, 1, 1, '2018-06-04 00:00:00', '2018-06-04 00:00:00', NULL),
(3354, 461, 23, 4, 1, 1, 1, '2018-06-04 00:00:00', '2018-06-04 00:00:00', NULL),
(3355, 461, 23, 5, 1, 1, 1, '2018-06-04 00:00:00', '2018-06-04 00:00:00', NULL),
(3356, 81, 22, 1, 1, 1, 1, '2018-05-31 00:00:00', '2018-05-31 00:00:00', NULL),
(3357, 81, 22, 2, 1, 1, 1, '2018-05-31 00:00:00', '2018-05-31 00:00:00', NULL),
(3358, 81, 22, 3, 1, 1, 1, '2018-05-31 00:00:00', '2018-05-31 00:00:00', NULL),
(3359, 81, 22, 4, 1, 1, 1, '2018-05-31 00:00:00', '2018-05-31 00:00:00', NULL),
(3360, 432, 1, 1, 1, 1, 1, '2018-06-05 00:00:00', '2018-06-05 00:00:00', NULL),
(3361, 432, 1, 2, 1, 1, 1, '2018-06-05 00:00:00', '2018-06-05 00:00:00', NULL),
(3362, 432, 1, 3, 1, 1, 1, '2018-06-05 00:00:00', '2018-06-05 00:00:00', NULL),
(3363, 432, 1, 4, 1, 1, 1, '2018-06-05 00:00:00', '2018-06-05 00:00:00', NULL),
(3364, 519, 29, 1, 1, 1, 1, '2018-06-03 00:00:00', '2018-06-03 00:00:00', NULL),
(3365, 519, 29, 2, 1, 1, 1, '2018-06-03 00:00:00', '2018-06-03 00:00:00', NULL),
(3366, 519, 29, 3, 1, 1, 1, '2018-06-03 00:00:00', '2018-06-03 00:00:00', NULL),
(3367, 423, 29, 1, 1, 1, 1, '2018-06-04 00:00:00', '2018-06-04 00:00:00', NULL),
(3368, 423, 29, 2, 1, 1, 1, '2018-06-04 00:00:00', '2018-06-04 00:00:00', NULL),
(3369, 734, 25, 1, 1, 1, 1, '2018-06-06 00:00:00', '2018-06-06 00:00:00', NULL),
(3370, 553, 25, 1, 1, 1, 1, '2018-06-01 00:00:00', '2018-06-01 00:00:00', NULL),
(3371, 553, 25, 2, 1, 1, 1, '2018-06-01 00:00:00', '2018-06-01 00:00:00', NULL),
(3372, 553, 25, 3, 1, 1, 1, '2018-06-01 00:00:00', '2018-06-01 00:00:00', NULL),
(3373, 553, 25, 4, 1, 1, 1, '2018-06-01 00:00:00', '2018-06-01 00:00:00', NULL),
(3374, 553, 25, 5, 1, 1, 1, '2018-06-01 00:00:00', '2018-06-01 00:00:00', NULL),
(3375, 553, 25, 6, 1, 1, 1, '2018-06-01 00:00:00', '2018-06-01 00:00:00', NULL),
(3376, 553, 25, 7, 1, 1, 1, '2018-06-01 00:00:00', '2018-06-01 00:00:00', NULL),
(3377, 553, 25, 8, 1, 1, 1, '2018-06-01 00:00:00', '2018-06-01 00:00:00', NULL),
(3378, 401, 31, 1, 1, 1, 1, '2018-05-31 00:00:00', '2018-05-31 00:00:00', NULL),
(3379, 401, 31, 2, 1, 1, 1, '2018-05-31 00:00:00', '2018-05-31 00:00:00', NULL),
(3380, 401, 31, 3, 1, 1, 1, '2018-05-31 00:00:00', '2018-05-31 00:00:00', NULL),
(3381, 401, 31, 4, 1, 1, 1, '2018-05-31 00:00:00', '2018-05-31 00:00:00', NULL),
(3382, 401, 31, 5, 1, 1, 1, '2018-05-31 00:00:00', '2018-05-31 00:00:00', NULL),
(3383, 259, 31, 1, 1, 1, 1, '2018-06-04 00:00:00', '2018-06-04 00:00:00', NULL),
(3384, 784, 25, 1, 1, 1, 1, '2018-06-02 00:00:00', '2018-06-02 00:00:00', NULL),
(3385, 784, 25, 2, 1, 1, 1, '2018-06-02 00:00:00', '2018-06-02 00:00:00', NULL),
(3386, 784, 25, 3, 1, 1, 1, '2018-06-02 00:00:00', '2018-06-02 00:00:00', NULL),
(3387, 784, 25, 4, 1, 1, 1, '2018-06-02 00:00:00', '2018-06-02 00:00:00', NULL),
(3388, 784, 25, 5, 1, 1, 1, '2018-06-02 00:00:00', '2018-06-02 00:00:00', NULL),
(3389, 784, 25, 6, 1, 1, 1, '2018-06-02 00:00:00', '2018-06-02 00:00:00', NULL),
(3390, 299, 28, 1, 1, 1, 1, '2018-06-06 00:00:00', '2018-06-06 00:00:00', NULL),
(3391, 299, 28, 2, 1, 1, 1, '2018-06-06 00:00:00', '2018-06-06 00:00:00', NULL),
(3392, 299, 28, 3, 1, 1, 1, '2018-06-06 00:00:00', '2018-06-06 00:00:00', NULL),
(3393, 299, 28, 4, 1, 1, 1, '2018-06-06 00:00:00', '2018-06-06 00:00:00', NULL),
(3394, 299, 28, 5, 1, 1, 1, '2018-06-06 00:00:00', '2018-06-06 00:00:00', NULL),
(3395, 299, 28, 6, 1, 1, 1, '2018-06-06 00:00:00', '2018-06-06 00:00:00', NULL),
(3396, 383, 26, 1, 1, 1, 1, '2018-06-02 00:00:00', '2018-06-02 00:00:00', NULL),
(3397, 383, 26, 2, 1, 1, 1, '2018-06-02 00:00:00', '2018-06-02 00:00:00', NULL),
(3398, 383, 26, 3, 1, 1, 1, '2018-06-02 00:00:00', '2018-06-02 00:00:00', NULL),
(3399, 383, 26, 4, 1, 1, 1, '2018-06-02 00:00:00', '2018-06-02 00:00:00', NULL),
(3400, 383, 26, 5, 1, 1, 1, '2018-06-02 00:00:00', '2018-06-02 00:00:00', NULL),
(3401, 383, 26, 6, 1, 1, 1, '2018-06-02 00:00:00', '2018-06-02 00:00:00', NULL),
(3402, 383, 26, 7, 1, 1, 1, '2018-06-02 00:00:00', '2018-06-02 00:00:00', NULL),
(3403, 383, 26, 8, 1, 1, 1, '2018-06-02 00:00:00', '2018-06-02 00:00:00', NULL),
(3404, 305, 29, 1, 1, 1, 1, '2018-06-02 00:00:00', '2018-06-02 00:00:00', NULL),
(3405, 232, 30, 1, 1, 1, 1, '2018-05-31 00:00:00', '2018-05-31 00:00:00', NULL),
(3406, 232, 30, 2, 1, 1, 1, '2018-05-31 00:00:00', '2018-05-31 00:00:00', NULL),
(3407, 232, 30, 3, 1, 1, 1, '2018-05-31 00:00:00', '2018-05-31 00:00:00', NULL),
(3408, 232, 30, 4, 1, 1, 1, '2018-05-31 00:00:00', '2018-05-31 00:00:00', NULL),
(3409, 111, 23, 1, 1, 1, 1, '2018-06-06 00:00:00', '2018-06-06 00:00:00', NULL),
(3410, 111, 23, 2, 1, 1, 1, '2018-06-06 00:00:00', '2018-06-06 00:00:00', NULL),
(3411, 111, 23, 3, 1, 1, 1, '2018-06-06 00:00:00', '2018-06-06 00:00:00', NULL),
(3412, 111, 23, 4, 1, 1, 1, '2018-06-06 00:00:00', '2018-06-06 00:00:00', NULL),
(3413, 169, 1, 1, 1, 1, 1, '2018-05-31 00:00:00', '2018-05-31 00:00:00', NULL),
(3414, 169, 1, 2, 1, 1, 1, '2018-05-31 00:00:00', '2018-05-31 00:00:00', NULL),
(3415, 169, 1, 3, 1, 1, 1, '2018-05-31 00:00:00', '2018-05-31 00:00:00', NULL),
(3416, 169, 1, 4, 1, 1, 1, '2018-05-31 00:00:00', '2018-05-31 00:00:00', NULL),
(3417, 169, 1, 5, 1, 1, 1, '2018-05-31 00:00:00', '2018-05-31 00:00:00', NULL),
(3418, 169, 1, 6, 1, 1, 1, '2018-05-31 00:00:00', '2018-05-31 00:00:00', NULL),
(3419, 169, 1, 7, 1, 1, 1, '2018-05-31 00:00:00', '2018-05-31 00:00:00', NULL),
(3420, 664, 26, 1, 1, 1, 1, '2018-05-31 00:00:00', '2018-05-31 00:00:00', NULL),
(3421, 664, 26, 2, 1, 1, 1, '2018-05-31 00:00:00', '2018-05-31 00:00:00', NULL),
(3422, 664, 26, 3, 1, 1, 1, '2018-05-31 00:00:00', '2018-05-31 00:00:00', NULL),
(3423, 664, 26, 4, 1, 1, 1, '2018-05-31 00:00:00', '2018-05-31 00:00:00', NULL),
(3424, 664, 26, 5, 1, 1, 1, '2018-05-31 00:00:00', '2018-05-31 00:00:00', NULL),
(3425, 25, 27, 1, 1, 1, 1, '2018-06-02 00:00:00', '2018-06-02 00:00:00', NULL),
(3426, 25, 27, 2, 1, 1, 1, '2018-06-02 00:00:00', '2018-06-02 00:00:00', NULL),
(3427, 25, 27, 3, 1, 1, 1, '2018-06-02 00:00:00', '2018-06-02 00:00:00', NULL),
(3428, 25, 27, 4, 1, 1, 1, '2018-06-02 00:00:00', '2018-06-02 00:00:00', NULL),
(3429, 178, 22, 1, 1, 1, 1, '2018-06-04 00:00:00', '2018-06-04 00:00:00', NULL),
(3430, 178, 22, 2, 1, 1, 1, '2018-06-04 00:00:00', '2018-06-04 00:00:00', NULL),
(3431, 178, 22, 3, 1, 1, 1, '2018-06-04 00:00:00', '2018-06-04 00:00:00', NULL),
(3432, 178, 22, 4, 1, 1, 1, '2018-06-04 00:00:00', '2018-06-04 00:00:00', NULL),
(3433, 178, 22, 5, 1, 1, 1, '2018-06-04 00:00:00', '2018-06-04 00:00:00', NULL),
(3434, 178, 22, 6, 1, 1, 1, '2018-06-04 00:00:00', '2018-06-04 00:00:00', NULL),
(3435, 275, 22, 1, 1, 1, 1, '2018-06-03 00:00:00', '2018-06-03 00:00:00', NULL),
(3436, 275, 22, 2, 1, 1, 1, '2018-06-03 00:00:00', '2018-06-03 00:00:00', NULL),
(3437, 275, 22, 3, 1, 1, 1, '2018-06-03 00:00:00', '2018-06-03 00:00:00', NULL),
(3438, 275, 22, 4, 1, 1, 1, '2018-06-03 00:00:00', '2018-06-03 00:00:00', NULL),
(3439, 275, 22, 5, 1, 1, 1, '2018-06-03 00:00:00', '2018-06-03 00:00:00', NULL),
(3440, 275, 22, 6, 1, 1, 1, '2018-06-03 00:00:00', '2018-06-03 00:00:00', NULL),
(3441, 275, 22, 7, 1, 1, 1, '2018-06-03 00:00:00', '2018-06-03 00:00:00', NULL),
(3442, 369, 27, 1, 1, 1, 1, '2018-06-04 00:00:00', '2018-06-04 00:00:00', NULL),
(3443, 369, 27, 2, 1, 1, 1, '2018-06-04 00:00:00', '2018-06-04 00:00:00', NULL),
(3444, 369, 27, 3, 1, 1, 1, '2018-06-04 00:00:00', '2018-06-04 00:00:00', NULL),
(3445, 369, 27, 4, 1, 1, 1, '2018-06-04 00:00:00', '2018-06-04 00:00:00', NULL),
(3446, 369, 27, 5, 1, 1, 1, '2018-06-04 00:00:00', '2018-06-04 00:00:00', NULL),
(3447, 369, 27, 6, 1, 1, 1, '2018-06-04 00:00:00', '2018-06-04 00:00:00', NULL),
(3448, 510, 24, 1, 1, 1, 1, '2018-06-05 00:00:00', '2018-06-05 00:00:00', NULL),
(3449, 510, 24, 2, 1, 1, 1, '2018-06-05 00:00:00', '2018-06-05 00:00:00', NULL),
(3450, 510, 24, 3, 1, 1, 1, '2018-06-05 00:00:00', '2018-06-05 00:00:00', NULL),
(3451, 510, 24, 4, 1, 1, 1, '2018-06-05 00:00:00', '2018-06-05 00:00:00', NULL),
(3452, 435, 28, 1, 1, 1, 1, '2018-06-03 00:00:00', '2018-06-03 00:00:00', NULL),
(3453, 435, 28, 2, 1, 1, 1, '2018-06-03 00:00:00', '2018-06-03 00:00:00', NULL),
(3454, 404, 29, 1, 1, 1, 1, '2018-06-03 00:00:00', '2018-06-03 00:00:00', NULL),
(3455, 404, 29, 2, 1, 1, 1, '2018-06-03 00:00:00', '2018-06-03 00:00:00', NULL),
(3456, 404, 29, 3, 1, 1, 1, '2018-06-03 00:00:00', '2018-06-03 00:00:00', NULL),
(3457, 404, 29, 4, 1, 1, 1, '2018-06-03 00:00:00', '2018-06-03 00:00:00', NULL),
(3458, 404, 29, 5, 1, 1, 1, '2018-06-03 00:00:00', '2018-06-03 00:00:00', NULL),
(3459, 404, 29, 6, 1, 1, 1, '2018-06-03 00:00:00', '2018-06-03 00:00:00', NULL),
(3460, 404, 29, 7, 1, 1, 1, '2018-06-03 00:00:00', '2018-06-03 00:00:00', NULL),
(3461, 404, 29, 8, 1, 1, 1, '2018-06-03 00:00:00', '2018-06-03 00:00:00', NULL),
(3462, 704, 23, 1, 1, 1, 1, '2018-06-02 00:00:00', '2018-06-02 00:00:00', NULL),
(3463, 704, 23, 2, 1, 1, 1, '2018-06-02 00:00:00', '2018-06-02 00:00:00', NULL),
(3464, 704, 23, 3, 1, 1, 1, '2018-06-02 00:00:00', '2018-06-02 00:00:00', NULL),
(3465, 285, 24, 1, 1, 1, 1, '2018-06-02 00:00:00', '2018-06-02 00:00:00', NULL),
(3466, 285, 24, 2, 1, 1, 1, '2018-06-02 00:00:00', '2018-06-02 00:00:00', NULL),
(3467, 285, 24, 3, 1, 1, 1, '2018-06-02 00:00:00', '2018-06-02 00:00:00', NULL),
(3468, 285, 24, 4, 1, 1, 1, '2018-06-02 00:00:00', '2018-06-02 00:00:00', NULL),
(3469, 285, 24, 5, 1, 1, 1, '2018-06-02 00:00:00', '2018-06-02 00:00:00', NULL),
(3470, 106, 24, 1, 1, 1, 1, '2018-06-07 00:00:00', '2018-06-07 00:00:00', NULL),
(3471, 106, 24, 2, 1, 1, 1, '2018-06-07 00:00:00', '2018-06-07 00:00:00', NULL),
(3472, 106, 24, 3, 1, 1, 1, '2018-06-07 00:00:00', '2018-06-07 00:00:00', NULL),
(3473, 106, 24, 4, 1, 1, 1, '2018-06-07 00:00:00', '2018-06-07 00:00:00', NULL),
(3474, 106, 24, 5, 1, 1, 1, '2018-06-07 00:00:00', '2018-06-07 00:00:00', NULL),
(3475, 106, 24, 6, 1, 1, 1, '2018-06-07 00:00:00', '2018-06-07 00:00:00', NULL),
(3476, 281, 26, 1, 1, 1, 1, '2018-06-02 00:00:00', '2018-06-02 00:00:00', NULL),
(3477, 281, 26, 2, 1, 1, 1, '2018-06-02 00:00:00', '2018-06-02 00:00:00', NULL),
(3478, 705, 23, 1, 1, 1, 1, '2018-06-05 00:00:00', '2018-06-05 00:00:00', NULL),
(3479, 705, 23, 2, 1, 1, 1, '2018-06-05 00:00:00', '2018-06-05 00:00:00', NULL),
(3480, 705, 23, 3, 1, 1, 1, '2018-06-05 00:00:00', '2018-06-05 00:00:00', NULL),
(3481, 705, 23, 4, 1, 1, 1, '2018-06-05 00:00:00', '2018-06-05 00:00:00', NULL),
(3482, 705, 23, 5, 1, 1, 1, '2018-06-05 00:00:00', '2018-06-05 00:00:00', NULL),
(3483, 705, 23, 6, 1, 1, 1, '2018-06-05 00:00:00', '2018-06-05 00:00:00', NULL),
(3484, 705, 23, 7, 1, 1, 1, '2018-06-05 00:00:00', '2018-06-05 00:00:00', NULL),
(3485, 380, 1, 1, 1, 1, 1, '2018-06-01 00:00:00', '2018-06-01 00:00:00', NULL),
(3486, 380, 1, 2, 1, 1, 1, '2018-06-01 00:00:00', '2018-06-01 00:00:00', NULL),
(3487, 605, 23, 1, 1, 1, 1, '2018-06-06 00:00:00', '2018-06-06 00:00:00', NULL),
(3488, 605, 23, 2, 1, 1, 1, '2018-06-06 00:00:00', '2018-06-06 00:00:00', NULL),
(3489, 605, 23, 3, 1, 1, 1, '2018-06-06 00:00:00', '2018-06-06 00:00:00', NULL),
(3490, 605, 23, 4, 1, 1, 1, '2018-06-06 00:00:00', '2018-06-06 00:00:00', NULL),
(3491, 605, 23, 5, 1, 1, 1, '2018-06-06 00:00:00', '2018-06-06 00:00:00', NULL),
(3492, 605, 23, 6, 1, 1, 1, '2018-06-06 00:00:00', '2018-06-06 00:00:00', NULL),
(3493, 605, 23, 7, 1, 1, 1, '2018-06-06 00:00:00', '2018-06-06 00:00:00', NULL),
(3494, 516, 31, 1, 1, 1, 1, '2018-06-01 00:00:00', '2018-06-01 00:00:00', NULL),
(3495, 516, 31, 2, 1, 1, 1, '2018-06-01 00:00:00', '2018-06-01 00:00:00', NULL),
(3496, 516, 31, 3, 1, 1, 1, '2018-06-01 00:00:00', '2018-06-01 00:00:00', NULL),
(3497, 516, 31, 4, 1, 1, 1, '2018-06-01 00:00:00', '2018-06-01 00:00:00', NULL),
(3498, 516, 31, 5, 1, 1, 1, '2018-06-01 00:00:00', '2018-06-01 00:00:00', NULL),
(3499, 516, 31, 6, 1, 1, 1, '2018-06-01 00:00:00', '2018-06-01 00:00:00', NULL),
(3500, 516, 31, 7, 1, 1, 1, '2018-06-01 00:00:00', '2018-06-01 00:00:00', NULL),
(3501, 516, 31, 8, 1, 1, 1, '2018-06-01 00:00:00', '2018-06-01 00:00:00', NULL),
(3502, 70, 29, 1, 1, 1, 1, '2018-06-02 00:00:00', '2018-06-02 00:00:00', NULL),
(3503, 70, 29, 2, 1, 1, 1, '2018-06-02 00:00:00', '2018-06-02 00:00:00', NULL),
(3504, 70, 29, 3, 1, 1, 1, '2018-06-02 00:00:00', '2018-06-02 00:00:00', NULL),
(3505, 70, 29, 4, 1, 1, 1, '2018-06-02 00:00:00', '2018-06-02 00:00:00', NULL),
(3506, 70, 29, 5, 1, 1, 1, '2018-06-02 00:00:00', '2018-06-02 00:00:00', NULL),
(3507, 70, 29, 6, 1, 1, 1, '2018-06-02 00:00:00', '2018-06-02 00:00:00', NULL),
(3508, 70, 29, 7, 1, 1, 1, '2018-06-02 00:00:00', '2018-06-02 00:00:00', NULL),
(3509, 681, 28, 1, 1, 1, 1, '2018-06-07 00:00:00', '2018-06-07 00:00:00', NULL),
(3510, 681, 28, 2, 1, 1, 1, '2018-06-07 00:00:00', '2018-06-07 00:00:00', NULL),
(3511, 681, 28, 3, 1, 1, 1, '2018-06-07 00:00:00', '2018-06-07 00:00:00', NULL),
(3512, 681, 28, 4, 1, 1, 1, '2018-06-07 00:00:00', '2018-06-07 00:00:00', NULL),
(3513, 681, 28, 5, 1, 1, 1, '2018-06-07 00:00:00', '2018-06-07 00:00:00', NULL),
(3514, 681, 28, 6, 1, 1, 1, '2018-06-07 00:00:00', '2018-06-07 00:00:00', NULL),
(3515, 681, 28, 7, 1, 1, 1, '2018-06-07 00:00:00', '2018-06-07 00:00:00', NULL),
(3516, 681, 28, 8, 1, 1, 1, '2018-06-07 00:00:00', '2018-06-07 00:00:00', NULL),
(3517, 667, 25, 1, 1, 1, 1, '2018-06-06 00:00:00', '2018-06-06 00:00:00', NULL),
(3518, 732, 29, 1, 1, 1, 1, '2018-06-06 00:00:00', '2018-06-06 00:00:00', NULL),
(3519, 302, 1, 1, 1, 1, 1, '2018-06-03 00:00:00', '2018-06-03 00:00:00', NULL),
(3520, 302, 1, 2, 1, 1, 1, '2018-06-03 00:00:00', '2018-06-03 00:00:00', NULL);

-- --------------------------------------------------------

--
-- Table structure for table `call_history_comment`
--

CREATE TABLE `call_history_comment` (
  `id` int(11) NOT NULL,
  `call_history_id` int(11) NOT NULL,
  `type` varchar(50) NOT NULL,
  `text` text NOT NULL,
  `created_at` datetime DEFAULT NULL,
  `updated_at` datetime DEFAULT NULL,
  `deleted_at` datetime DEFAULT NULL
) ENGINE=InnoDB DEFAULT CHARSET=utf8;

-- --------------------------------------------------------

--
-- Table structure for table `call_history_status_comment`
--

CREATE TABLE `call_history_status_comment` (
  `id` int(11) NOT NULL,
  `call_history_id` int(11) NOT NULL,
  `call_status_comment` varchar(255) NOT NULL,
  `service_status_comment` varchar(255) NOT NULL,
  `created_at` datetime DEFAULT NULL,
  `updated_at` datetime DEFAULT NULL,
  `deleted_at` datetime DEFAULT NULL
) ENGINE=InnoDB DEFAULT CHARSET=utf8;

-- --------------------------------------------------------

--
-- Table structure for table `call_quality`
--

CREATE TABLE `call_quality` (
  `id` int(11) NOT NULL,
  `name` varchar(45) DEFAULT NULL,
  `description` varchar(255) DEFAULT NULL,
  `created_at` datetime DEFAULT NULL,
  `updated_at` datetime DEFAULT NULL,
  `deleted_at` datetime DEFAULT NULL
) ENGINE=InnoDB DEFAULT CHARSET=utf8;

--
-- Dumping data for table `call_quality`
--

INSERT INTO `call_quality` (`id`, `name`, `description`, `created_at`, `updated_at`, `deleted_at`) VALUES
(1, 'Call Quality 1', 'Call Quality 1', '2018-05-28 00:00:00', '2018-05-28 00:00:00', NULL),
(2, 'Call Quality 2', 'Call Quality 2', '2018-05-28 00:00:00', '2018-05-28 00:00:00', NULL);

-- --------------------------------------------------------

--
-- Table structure for table `call_quality_level`
--

CREATE TABLE `call_quality_level` (
  `id` int(11) NOT NULL,
  `call_quality_id` int(11) NOT NULL,
  `level_id` int(11) NOT NULL,
  `created_at` datetime DEFAULT NULL,
  `updated_at` datetime DEFAULT NULL,
  `deleted_at` datetime DEFAULT NULL
) ENGINE=InnoDB DEFAULT CHARSET=utf8;

--
-- Dumping data for table `call_quality_level`
--

INSERT INTO `call_quality_level` (`id`, `call_quality_id`, `level_id`, `created_at`, `updated_at`, `deleted_at`) VALUES
(1, 1, 1, '2018-05-29 00:00:00', '2018-05-29 00:00:00', NULL),
(2, 1, 2, '2018-05-29 00:00:00', '2018-05-29 00:00:00', NULL),
(3, 2, 2, '2018-05-29 00:00:00', '2018-05-29 00:00:00', NULL),
(4, 1, 3, '2018-05-29 00:00:00', '2018-05-29 00:00:00', NULL);

-- --------------------------------------------------------

--
-- Table structure for table `channel`
--

CREATE TABLE `channel` (
  `id` int(11) NOT NULL,
  `name` varchar(100) DEFAULT NULL,
  `created_at` datetime DEFAULT NULL,
  `updated_at` datetime DEFAULT NULL,
  `deleted_at` datetime DEFAULT NULL
) ENGINE=InnoDB DEFAULT CHARSET=utf8;

--
-- Dumping data for table `channel`
--

INSERT INTO `channel` (`id`, `name`, `created_at`, `updated_at`, `deleted_at`) VALUES
(1, 'Channel A', '2018-05-21 00:00:00', '2018-05-21 00:00:00', NULL),
(2, 'Channel B', '2018-05-21 00:00:00', '2018-05-21 00:00:00', NULL),
(3, 'NTL_FA video_102', '2018-05-24 12:13:35', '2018-05-24 12:13:35', NULL),
(4, 'FA TET 03', '2018-05-24 12:13:35', '2018-05-24 12:13:35', NULL),
(5, 'FA TET 05', '2018-05-24 12:13:35', '2018-05-24 12:13:35', NULL),
(6, 'topicanative_asia', '2018-05-24 12:13:35', '2018-05-24 12:13:35', NULL),
(7, 'LINE- TL', '2018-05-24 12:13:35', '2018-05-24 12:13:35', NULL),
(8, 'NTL_FABR_04', '2018-05-31 09:46:29', '2018-05-31 09:46:29', NULL),
(9, 'NTL_FABR_03', '2018-05-31 09:46:29', '2018-05-31 09:46:29', NULL),
(10, 'NTL_FABR_07', '2018-05-31 09:46:29', '2018-05-31 09:46:29', NULL),
(11, 'FA TET BR16', '2018-05-31 09:46:29', '2018-05-31 09:46:29', NULL),
(12, 'FA TET 06', '2018-05-31 09:46:29', '2018-05-31 09:46:29', NULL),
(13, 'FA TET 04', '2018-05-31 09:46:29', '2018-05-31 09:46:29', NULL),
(14, 'Branding_FA', '2018-05-31 09:46:29', '2018-05-31 09:46:29', NULL),
(15, 'NTL_FABR_06', '2018-05-31 09:46:29', '2018-05-31 09:46:29', NULL),
(16, 'NTL_FABR_01', '2018-05-31 09:46:29', '2018-05-31 09:46:29', NULL),
(17, 'NTL_TK900', '2018-05-31 09:46:29', '2018-05-31 09:46:29', NULL),
(18, 'NTL_TK800', '2018-05-31 09:46:29', '2018-05-31 09:46:29', NULL),
(19, 'NTL_FABR_08', '2018-05-31 09:46:29', '2018-05-31 09:46:29', NULL),
(20, 'TK200_Video Marketing', '2018-05-31 09:46:29', '2018-05-31 09:46:29', NULL),
(21, 'NTL_FABR_02', '2018-05-31 09:46:30', '2018-05-31 09:46:30', NULL),
(22, 'NTL_FABR_09', '2018-05-31 09:46:30', '2018-05-31 09:46:30', NULL),
(23, 'NTL_FABR_05', '2018-05-31 09:46:31', '2018-05-31 09:46:31', NULL),
(24, 'english.topicanative.asia', '2018-05-31 09:46:34', '2018-05-31 09:46:34', NULL),
(25, 'Fanpage Facebook', '2018-05-31 09:46:34', '2018-05-31 09:46:34', NULL),
(26, 'Không xác định', '2018-05-31 09:46:34', '2018-05-31 09:46:34', NULL),
(27, 'Sub fanpage', '2018-05-31 09:46:34', '2018-05-31 09:46:34', NULL);

-- --------------------------------------------------------

--
-- Table structure for table `contact`
--

CREATE TABLE `contact` (
  `id` int(11) NOT NULL,
  `firstname` varchar(100) DEFAULT NULL,
  `lastname` varchar(100) DEFAULT NULL,
  `email` varchar(100) DEFAULT NULL,
  `telephone` int(20) DEFAULT NULL,
  `registration_date` datetime NOT NULL,
  `is_owned` int(1) NOT NULL DEFAULT 0,
  `source_id` int(11) NOT NULL,
  `channel_id` int(11) NOT NULL,
  `created_at` datetime DEFAULT NULL,
  `updated_at` datetime DEFAULT NULL,
  `deleted_at` datetime DEFAULT NULL
) ENGINE=InnoDB DEFAULT CHARSET=utf8;

--
-- Dumping data for table `contact`
--

INSERT INTO `contact` (`id`, `firstname`, `lastname`, `email`, `telephone`, `registration_date`, `is_owned`, `source_id`, `channel_id`, `created_at`, `updated_at`, `deleted_at`) VALUES
(1, 'จิ๊บ', '', 'jib2@hotmail.com', NULL, '2018-03-30 18:12:32', 0, 1, 3, '2018-06-27 10:19:15', '2018-06-27 10:19:15', NULL),
(2, 'ทรงพล', '', 'songphon2226@gmail.com', NULL, '2018-03-30 18:12:32', 0, 1, 4, '2018-06-27 10:19:15', '2018-06-27 10:19:15', NULL),
(3, 'Laksnara', '', 'kunlasatee1992@hotmail.com', NULL, '2018-03-30 18:12:32', 0, 1, 5, '2018-06-27 10:19:15', '2018-06-27 10:19:15', NULL),
(4, 'Kaewta', '', 'kaewta13184.kaew@gmail.com', NULL, '2018-03-30 18:12:32', 0, 1, 3, '2018-06-27 10:19:15', '2018-06-27 10:19:15', NULL),
(5, 'ภัณฑิรา', '', 'Natpantira41@gmail.com', NULL, '2018-03-30 18:12:32', 0, 1, 4, '2018-06-27 10:19:15', '2018-06-27 10:19:15', NULL),
(6, 'พิชญา', 'อินต๊ะสอน', 'inthv-pichaya@hotmail.com', NULL, '2018-03-30 18:12:32', 0, 1, 3, '2018-06-27 10:19:15', '2018-06-27 10:19:15', NULL),
(7, 'Saichon', '', 'ning10jitklang@gmail.com', NULL, '2018-03-30 18:12:32', 0, 1, 8, '2018-06-27 10:19:15', '2018-06-27 10:19:15', NULL),
(8, 'ศัลธยา', '', 'pookachamp2013@hotmail.com', NULL, '2018-03-30 18:12:32', 0, 1, 5, '2018-06-27 10:19:15', '2018-06-27 10:19:15', NULL),
(9, 'นส.ญาณัชชา', 'โยงยศ', 'supitchaya.3112@gmail.com', NULL, '2018-03-30 18:12:32', 0, 1, 3, '2018-06-27 10:19:15', '2018-06-27 10:19:15', NULL),
(10, 'อนิรุตร์', 'ชาญสิทธิ', 'chansit1@hotmail.com', NULL, '2018-03-30 18:12:32', 0, 1, 8, '2018-06-27 10:19:15', '2018-06-27 10:19:15', NULL),
(11, 'สมร', '', 'yave0409@gmail.com', NULL, '2018-03-30 18:12:32', 0, 1, 3, '2018-06-27 10:19:15', '2018-06-27 10:19:15', NULL),
(12, 'petch', '', 'usinsawatpetch@gmail.com', NULL, '2018-03-30 18:12:32', 0, 1, 3, '2018-06-27 10:19:15', '2018-06-27 10:19:15', NULL),
(13, 'Surainee', 'silae', 'suraineesilae0@gmail.com', NULL, '2018-03-30 18:12:32', 0, 1, 3, '2018-06-27 10:19:15', '2018-06-27 10:19:15', NULL),
(14, 'วรรณภา', 'เนตรสายคงคา', 'baitoey55555@hotmail.com', NULL, '2018-03-30 18:12:32', 0, 1, 9, '2018-06-27 10:19:15', '2018-06-27 10:19:15', NULL),
(15, 'อาซียะห์', '', 'aseeyah222.2558@gmail.com', NULL, '2018-03-30 18:12:32', 0, 1, 3, '2018-06-27 10:19:15', '2018-06-27 10:19:15', NULL),
(16, 'กรรนิกร', 'สิงห์ทอน', 'kannigons@gmail.com', NULL, '2018-03-30 18:12:32', 0, 1, 10, '2018-06-27 10:19:15', '2018-06-27 10:19:15', NULL),
(17, 'จิราทราย', 'วิรุฬรัตน์', 'meilyly1992@gmail.com', NULL, '2018-03-30 18:12:32', 0, 1, 8, '2018-06-27 10:19:15', '2018-06-27 10:19:15', NULL),
(18, 'อารียา', '', 'areeya.a789@gmail.com', NULL, '2018-03-30 18:12:32', 0, 1, 8, '2018-06-27 10:19:15', '2018-06-27 10:19:15', NULL),
(19, 'สูเอียน', 'แซ่เติ๋น', 'suaian.comnam@gmail.com', NULL, '2018-03-30 18:12:32', 0, 1, 11, '2018-06-27 10:19:15', '2018-06-27 10:19:15', NULL),
(20, 'อินทัช', 'ฉาบกลิ่นหอม', 'schabklinhxm@hotmail.com', NULL, '2018-03-30 18:12:32', 0, 1, 11, '2018-06-27 10:19:15', '2018-06-27 10:19:15', NULL),
(21, 'ดนุสรณ์', '', 'danusorn9088@hotmail.com', NULL, '2018-03-30 18:12:32', 0, 1, 8, '2018-06-27 10:19:15', '2018-06-27 10:19:15', NULL),
(22, 'Kanyalak', '', 'kanyalakmumint18@gmail.com', NULL, '2018-03-30 18:12:32', 0, 1, 3, '2018-06-27 10:19:15', '2018-06-27 10:19:15', NULL),
(23, 'Wittaya', 'chanpraprai', 'bansaw291@hotmail.com', NULL, '2018-03-30 18:12:32', 0, 1, 8, '2018-06-27 10:19:15', '2018-06-27 10:19:15', NULL),
(24, 'กันตยา', '', 'Gantaya.2540@gmail.com', NULL, '2018-03-30 18:12:32', 0, 1, 3, '2018-06-27 10:19:15', '2018-06-27 10:19:15', NULL),
(25, 'เพชร', '', 'petcasanove@hitmail.com', NULL, '2018-03-30 18:12:32', 0, 1, 12, '2018-06-27 10:19:15', '2018-06-27 10:19:15', NULL),
(26, 'ณัฐวุฒิ', '', 'bluesword25@gmail.com', NULL, '2018-03-30 18:12:32', 0, 1, 3, '2018-06-27 10:19:15', '2018-06-27 10:19:15', NULL),
(27, 'กรชนก', '', 'p_ric3_p_ris4@hotmail.com', NULL, '2018-03-30 18:12:32', 0, 1, 3, '2018-06-27 10:19:15', '2018-06-27 10:19:15', NULL),
(28, 'ศิริดวง', '', 'siriduang604@hotmail.com', NULL, '2018-03-30 18:12:32', 0, 1, 13, '2018-06-27 10:19:15', '2018-06-27 10:19:15', NULL),
(29, 'sasipimol', '', 'ying.adn@gmail.com', NULL, '2018-03-30 18:12:32', 0, 1, 3, '2018-06-27 10:19:15', '2018-06-27 10:19:15', NULL),
(30, 'วารัตดา', 'เพชรรักษ์', 'bbilebell@hotmail.com', NULL, '2018-03-30 18:12:32', 0, 1, 14, '2018-06-27 10:19:15', '2018-06-27 10:19:15', NULL),
(31, 'ภัสรา', 'คล้ายคลัง', 'in_mam1111@hotmail.com', NULL, '2018-03-30 18:12:32', 0, 1, 15, '2018-06-27 10:19:15', '2018-06-27 10:19:15', NULL),
(32, 'ราสน', '', 'hcvhff@gmail.com', NULL, '2018-03-30 18:12:32', 0, 1, 8, '2018-06-27 10:19:15', '2018-06-27 10:19:15', NULL),
(33, 'ศิริวิทย์', 'สังขพันธ์', 'siriwit.sungkhaphan@th.tesco.com', NULL, '2018-03-30 18:12:32', 0, 1, 8, '2018-06-27 10:19:15', '2018-06-27 10:19:15', NULL),
(34, 'วทันยา', '', 'soloday@gmail.com', NULL, '2018-03-30 18:12:32', 0, 1, 8, '2018-06-27 10:19:15', '2018-06-27 10:19:15', NULL),
(35, 'สิริปุณณ์', 'ยิ้มถนอม', 'sanarmeiei@hotmail.com', NULL, '2018-03-30 18:12:32', 0, 1, 3, '2018-06-27 10:19:15', '2018-06-27 10:19:15', NULL),
(36, 'วัชรชัย', '', 'w.meesaeng@gmail.com', NULL, '2018-03-30 18:12:32', 0, 1, 8, '2018-06-27 10:19:15', '2018-06-27 10:19:15', NULL),
(37, 'ต่อ', '', 'toa_nongbie@hotmail.com', NULL, '2018-03-30 18:12:32', 0, 1, 8, '2018-06-27 10:19:15', '2018-06-27 10:19:15', NULL),
(38, 'มุก', '', 'phatcharee.kmj11@hotmail.com', NULL, '2018-03-30 18:12:32', 0, 1, 16, '2018-06-27 10:19:15', '2018-06-27 10:19:15', NULL),
(39, 'อภิวิชญ์', 'นุราช', 'apiwish251038@gmail.com', NULL, '2018-03-30 18:12:32', 0, 1, 12, '2018-06-27 10:19:15', '2018-06-27 10:19:15', NULL),
(40, 'กมลเนตร', '', 'Kamonnetnook@hotmail.com', NULL, '2018-03-30 18:12:32', 0, 1, 8, '2018-06-27 10:19:15', '2018-06-27 10:19:15', NULL),
(41, 'กัลยารัตน์', 'กองพล', 'ann_black934@hotmail.com', NULL, '2018-03-30 18:12:32', 0, 1, 17, '2018-06-27 10:19:15', '2018-06-27 10:19:15', NULL),
(42, 'Kanjanut', '', 'tuk-ka-tik@msn.com', NULL, '2018-03-30 18:12:32', 0, 1, 3, '2018-06-27 10:19:15', '2018-06-27 10:19:15', NULL),
(43, 'คิม', '', 'lovely@gmail.com', NULL, '2018-03-30 18:12:32', 0, 1, 14, '2018-06-27 10:19:15', '2018-06-27 10:19:15', NULL),
(44, 'บุษญาภรณ์', '', 'the_dreammee@hotmail.com', NULL, '2018-03-30 18:12:32', 0, 1, 11, '2018-06-27 10:19:15', '2018-06-27 10:19:15', NULL),
(45, 'Aekachai', '', 'aekchai-21-09-37@hotmail.com', NULL, '2018-03-30 18:12:32', 0, 1, 11, '2018-06-27 10:19:15', '2018-06-27 10:19:15', NULL),
(46, 'ดด', '', 'tumoau@hotmail.com', NULL, '2018-03-30 18:12:32', 0, 1, 15, '2018-06-27 10:19:15', '2018-06-27 10:19:15', NULL),
(47, 'Supreeya', '', 'themoonfirthesun@gmail.com', NULL, '2018-03-30 18:12:32', 0, 1, 17, '2018-06-27 10:19:15', '2018-06-27 10:19:15', NULL),
(48, 'จินตหลา', '', 'poonlab@hotmail.com', NULL, '2018-03-30 18:12:32', 0, 1, 8, '2018-06-27 10:19:15', '2018-06-27 10:19:15', NULL),
(49, 'นว้องงงโมววว', '', 'shiroyasha@hotmail.co.th', NULL, '2018-03-30 18:12:32', 0, 1, 8, '2018-06-27 10:19:15', '2018-06-27 10:19:15', NULL),
(50, 'นิดา', 'คเชนทร', 'dada.nida96@gmail.com', NULL, '2018-03-30 18:12:32', 0, 1, 18, '2018-06-27 10:19:15', '2018-06-27 10:19:15', NULL),
(51, 'ทิต', '', 'norsang.ly@gmail.com', NULL, '2018-03-30 18:12:32', 0, 1, 15, '2018-06-27 10:19:15', '2018-06-27 10:19:15', NULL),
(52, 'มะยม', '', 'jeab_jada@hotmail.com', NULL, '2018-03-30 18:12:32', 0, 1, 3, '2018-06-27 10:19:15', '2018-06-27 10:19:15', NULL),
(53, 'จุฑามาศ', '', 'tuesday-aprul@hotmail.com', NULL, '2018-03-30 18:12:32', 0, 1, 17, '2018-06-27 10:19:15', '2018-06-27 10:19:15', NULL),
(54, '์Natthakarn', 'Chobsieng', 'nuttiikarn@gmail.com', NULL, '2018-03-30 18:12:32', 0, 1, 14, '2018-06-27 10:19:15', '2018-06-27 10:19:15', NULL),
(55, 'สส', '', 'nine.c@hotmail.com', NULL, '2018-03-30 18:12:32', 0, 1, 14, '2018-06-27 10:19:15', '2018-06-27 10:19:15', NULL),
(56, 'patcharapon', '', 'pa_ploy27343@hotmail.com', NULL, '2018-03-30 18:12:32', 0, 1, 3, '2018-06-27 10:19:15', '2018-06-27 10:19:15', NULL),
(57, 'อนงค์', 'ไชยวิเศษ', 'r.chaiwisate@gmail.com', NULL, '2018-03-30 18:12:32', 0, 1, 11, '2018-06-27 10:19:15', '2018-06-27 10:19:15', NULL),
(58, 'phavinee', 'teangyoo', 'pamja280@gmail.com', NULL, '2018-03-30 18:12:32', 0, 1, 4, '2018-06-27 10:19:15', '2018-06-27 10:19:15', NULL),
(59, 'Jiraporn', '', 'Jane77hunhan@gmail.com', NULL, '2018-03-30 18:12:32', 0, 1, 19, '2018-06-27 10:19:15', '2018-06-27 10:19:15', NULL),
(60, 'พัชราภา', '', 'patcharapa19955@gmail.com', NULL, '2018-03-30 18:12:32', 0, 1, 3, '2018-06-27 10:19:15', '2018-06-27 10:19:15', NULL),
(61, 'Patiparn', '', 'koa2540@gmail.com', NULL, '2018-03-30 18:12:32', 0, 1, 8, '2018-06-27 10:19:15', '2018-06-27 10:19:15', NULL),
(62, 'อัมรัตน์', '', 'ammarat.iat@hotmail.com', NULL, '2018-03-30 18:12:32', 0, 1, 3, '2018-06-27 10:19:15', '2018-06-27 10:19:15', NULL),
(63, 'อมรรัตน์', 'สาธร', 'amonrat.sathorn19@gmail.com', NULL, '2018-03-30 18:12:32', 0, 1, 11, '2018-06-27 10:19:15', '2018-06-27 10:19:15', NULL),
(64, 'นางสาว', 'นภาพร', 'Napopharn@hotmail.com', NULL, '2018-03-30 18:12:32', 0, 1, 4, '2018-06-27 10:19:15', '2018-06-27 10:19:15', NULL),
(65, 'เจณิตา', '', 'jcjny22@gmail.com', NULL, '2018-03-30 18:12:32', 0, 1, 9, '2018-06-27 10:19:15', '2018-06-27 10:19:15', NULL),
(66, 'ธันยา', '', 'vickymayer@ymail.com', NULL, '2018-03-30 18:12:32', 0, 1, 3, '2018-06-27 10:19:15', '2018-06-27 10:19:15', NULL),
(67, 'Sutthada', '', 'earn.sutthada@hotmail.com', NULL, '2018-03-30 18:12:32', 0, 1, 3, '2018-06-27 10:19:15', '2018-06-27 10:19:15', NULL),
(68, 'ธนวัฒน์', '', 'teotletan@gmail.com', NULL, '2018-03-30 18:12:32', 0, 1, 4, '2018-06-27 10:19:15', '2018-06-27 10:19:15', NULL),
(69, 'เลิศลักษณ์', 'สุบุญสันติ', 'ga_2501@yahoo.com', NULL, '2018-03-30 18:12:32', 0, 1, 3, '2018-06-27 10:19:15', '2018-06-27 10:19:15', NULL),
(70, 'Aof', '', 'asyo_aof7@hotmail.com', NULL, '2018-03-30 18:12:32', 0, 1, 8, '2018-06-27 10:19:16', '2018-06-27 10:19:16', NULL),
(71, 'ศุภกิตติ์', 'ชาง', 'supakitchang@gmail.com', NULL, '2018-03-30 18:12:32', 0, 1, 8, '2018-06-27 10:19:16', '2018-06-27 10:19:16', NULL),
(72, 'มด', '', 'mod123@hotmail.com', NULL, '2018-03-30 18:12:32', 0, 1, 8, '2018-06-27 10:19:16', '2018-06-27 10:19:16', NULL),
(73, 'Chanwaraphorn', '', 'baaitoei@hotmail.com', NULL, '2018-03-30 18:12:32', 0, 1, 8, '2018-06-27 10:19:16', '2018-06-27 10:19:16', NULL),
(74, 'ดนุสรณ์', '', 'toeysamut@gmail.com', NULL, '2018-03-30 18:12:32', 0, 1, 11, '2018-06-27 10:19:16', '2018-06-27 10:19:16', NULL),
(75, 'Nueng', '', 'nuengpm1@gmail.com', NULL, '2018-03-30 18:12:32', 0, 1, 3, '2018-06-27 10:19:16', '2018-06-27 10:19:16', NULL),
(76, 'Inruthai', '', 'inruthai22@gmail.com', NULL, '2018-03-30 18:12:32', 0, 1, 3, '2018-06-27 10:19:16', '2018-06-27 10:19:16', NULL),
(77, 'พลอย', '', 'ployprakay@hotmail.com', NULL, '2018-03-30 18:12:32', 0, 1, 8, '2018-06-27 10:19:16', '2018-06-27 10:19:16', NULL),
(78, 'Payupak', '', 'payupak3734@gmail.com', NULL, '2018-03-30 18:12:32', 0, 1, 3, '2018-06-27 10:19:16', '2018-06-27 10:19:16', NULL),
(79, 'สุรีย์รัตน์', '', 'aa0939480517@gmail.com', NULL, '2018-03-30 18:12:32', 0, 1, 16, '2018-06-27 10:19:16', '2018-06-27 10:19:16', NULL),
(80, 'บูรพา', '', 'malasoburapha@gmail.com', NULL, '2018-03-30 18:12:32', 0, 1, 11, '2018-06-27 10:19:16', '2018-06-27 10:19:16', NULL),
(81, 'ปิยะนุช', 'บ้างตำรวจ', 'ironman0233@gmail.com', NULL, '2018-03-30 18:12:32', 0, 1, 8, '2018-06-27 10:19:16', '2018-06-27 10:19:16', NULL),
(82, 'Jau', '', 'nut_cryy@hotmail.com', NULL, '2018-03-30 18:12:32', 0, 1, 8, '2018-06-27 10:19:16', '2018-06-27 10:19:16', NULL),
(83, 'Nattida', '', 'hanahana_naa@hotmail.com', NULL, '2018-03-30 18:12:32', 0, 1, 3, '2018-06-27 10:19:16', '2018-06-27 10:19:16', NULL),
(84, 'Atiwit', '', 'atiwitbb@gmail.com', NULL, '2018-03-30 18:12:32', 0, 1, 19, '2018-06-27 10:19:16', '2018-06-27 10:19:16', NULL),
(85, 'A', '', 'a_@hotmail.com', NULL, '2018-03-30 18:12:32', 0, 1, 8, '2018-06-27 10:19:16', '2018-06-27 10:19:16', NULL),
(86, 'เต้ย', '', 'rungtay@hotmail.com', NULL, '2018-03-30 18:12:32', 0, 1, 8, '2018-06-27 10:19:16', '2018-06-27 10:19:16', NULL),
(87, 'บุหงา', 'สีหะจิตต์', 'bunga2538@gmail.com', NULL, '2018-03-30 18:12:32', 0, 1, 19, '2018-06-27 10:19:16', '2018-06-27 10:19:16', NULL),
(88, 'วรนันท์', '', 'vetbeau@hotmail.com', NULL, '2018-03-30 18:12:32', 0, 1, 3, '2018-06-27 10:19:16', '2018-06-27 10:19:16', NULL),
(89, 'Tan', '', 'pompom_tan@hotmail.com', NULL, '2018-03-30 18:12:32', 0, 1, 11, '2018-06-27 10:19:16', '2018-06-27 10:19:16', NULL),
(90, 'patinya', '', 'patinya633@gmail.com', NULL, '2018-03-30 18:12:32', 0, 1, 3, '2018-06-27 10:19:16', '2018-06-27 10:19:16', NULL),
(91, 'กัลยาณี', 'สวัสดิ์', 'zimmy49476@gmail.com', NULL, '2018-03-30 18:12:32', 0, 1, 8, '2018-06-27 10:19:16', '2018-06-27 10:19:16', NULL),
(92, 'Ja', '', 'hhhg5465@hotmail.com', NULL, '2018-03-30 18:12:32', 0, 1, 20, '2018-06-27 10:19:16', '2018-06-27 10:19:16', NULL),
(93, 'ปิยธิดา', '', 'noii14112541@gmail.com', NULL, '2018-03-30 18:12:32', 0, 1, 17, '2018-06-27 10:19:16', '2018-06-27 10:19:16', NULL),
(94, 'Ruttana', '', 'laila-6337@hotmail.com', NULL, '2018-03-30 18:12:32', 0, 1, 11, '2018-06-27 10:19:16', '2018-06-27 10:19:16', NULL),
(95, 'pimwipa', 'wiriyawong', 'pimwipa44@hotmail.co.th', NULL, '2018-03-30 18:12:32', 0, 1, 15, '2018-06-27 10:19:16', '2018-06-27 10:19:16', NULL),
(96, 'ดลกมล', '', 'aey08@hotmail.com', NULL, '2018-03-30 18:12:32', 0, 1, 17, '2018-06-27 10:19:16', '2018-06-27 10:19:16', NULL),
(97, 'วรวิทย์', 'วิริยา', 'worawitwiriya@gmail.com', NULL, '2018-03-30 18:12:32', 0, 1, 8, '2018-06-27 10:19:16', '2018-06-27 10:19:16', NULL),
(98, 'Pui', '', 'pt_sirinapa@hotmail.com', NULL, '2018-03-30 18:12:32', 0, 1, 9, '2018-06-27 10:19:16', '2018-06-27 10:19:16', NULL),
(99, 'ชนกานต์', 'เสรีอำนวย', 'apchinjang@gmail.com', NULL, '2018-03-30 18:12:32', 0, 1, 11, '2018-06-27 10:19:16', '2018-06-27 10:19:16', NULL),
(100, 'Nanat', '', 'caesah30@gmail.com', NULL, '2018-03-30 18:12:32', 0, 1, 19, '2018-06-27 10:19:16', '2018-06-27 10:19:16', NULL),
(101, 'Natty', '', 'natty_jappy@hotmail.com', NULL, '2018-03-30 18:12:32', 0, 1, 3, '2018-06-27 10:19:16', '2018-06-27 10:19:16', NULL),
(102, 'โสภิดา', 'สะใบทอง', 'tour_best2009@hotmail.com', NULL, '2018-03-30 18:12:32', 0, 1, 11, '2018-06-27 10:19:16', '2018-06-27 10:19:16', NULL),
(103, 'Kanjana', 'Boonwang', 'BKanjana1996@gmail.com', NULL, '2018-03-30 18:12:32', 0, 1, 14, '2018-06-27 10:19:16', '2018-06-27 10:19:16', NULL),
(104, 'Rakkana', '', 'j_minai@hotmail.com', NULL, '2018-03-30 18:12:32', 0, 1, 3, '2018-06-27 10:19:16', '2018-06-27 10:19:16', NULL),
(105, 'พีระพรรณ', '', 'kantapon_43@gmail.com', NULL, '2018-03-30 18:12:32', 0, 1, 3, '2018-06-27 10:19:16', '2018-06-27 10:19:16', NULL),
(106, 'สุนิดา', 'โรจนบุรานนท์', 'sahakit@hotmail.co.th', NULL, '2018-03-30 18:12:32', 0, 1, 9, '2018-06-27 10:19:16', '2018-06-27 10:19:16', NULL),
(107, 'ณเดช', '', 'bananabarry@hotmail.com', NULL, '2018-03-30 18:12:32', 0, 1, 8, '2018-06-27 10:19:16', '2018-06-27 10:19:16', NULL),
(108, 'Pawinee', '', 'Pawinee06105@gmail.com', NULL, '2018-03-30 18:12:32', 0, 1, 3, '2018-06-27 10:19:16', '2018-06-27 10:19:16', NULL),
(109, 'Anchalee', '', 'anchaleenawanma@gmail.com', NULL, '2018-03-30 18:12:32', 0, 1, 3, '2018-06-27 10:19:16', '2018-06-27 10:19:16', NULL),
(110, 'เรณา', '', 'renasripirom@gmail.com', NULL, '2018-03-30 18:12:32', 0, 1, 21, '2018-06-27 10:19:16', '2018-06-27 10:19:16', NULL),
(111, 'กรรณิชา', 'ภาคสาลี', 'npaksalee@gmail.com', NULL, '2018-03-30 18:12:32', 0, 1, 3, '2018-06-27 10:19:16', '2018-06-27 10:19:16', NULL),
(112, 'parker', '', 'bussagron3011@gmail.com', NULL, '2018-03-30 18:12:32', 0, 1, 4, '2018-06-27 10:19:16', '2018-06-27 10:19:16', NULL),
(113, 'พรปวี', '', 'cosmetic_sale@hotmail.com', NULL, '2018-03-30 18:12:32', 0, 1, 5, '2018-06-27 10:19:16', '2018-06-27 10:19:16', NULL),
(114, 'ดวงฤทัย', 'ทะอินตา', 'toon275@gmail.com', NULL, '2018-03-30 18:12:32', 0, 1, 19, '2018-06-27 10:19:16', '2018-06-27 10:19:16', NULL),
(115, 'รัตนาวดี', 'หมื่นศรีภูมิ', 'kaewok@gmail.com', NULL, '2018-03-30 18:12:32', 0, 1, 17, '2018-06-27 10:19:16', '2018-06-27 10:19:16', NULL),
(116, 'ปาริฉัตร', 'ทับทิมหอม', 'winaum@hotmail.com', NULL, '2018-03-30 18:12:32', 0, 1, 3, '2018-06-27 10:19:16', '2018-06-27 10:19:16', NULL),
(117, 'วรรธนา', 'ธ.เชียงทอง', 'avarnz@gmail.com', NULL, '2018-03-30 18:12:32', 0, 1, 3, '2018-06-27 10:19:16', '2018-06-27 10:19:16', NULL),
(118, 'เฟิส', '', 'zearmoo_lm@hotmail.com', NULL, '2018-03-30 18:12:32', 0, 1, 8, '2018-06-27 10:19:16', '2018-06-27 10:19:16', NULL),
(119, 'ศิริดา', 'มากสิน', 'sirida.nattamon@gmail.com', NULL, '2018-03-30 18:12:32', 0, 1, 17, '2018-06-27 10:19:16', '2018-06-27 10:19:16', NULL),
(120, 'แยม', '', 'ii.yamstrawberry@hotmail.com', NULL, '2018-03-30 18:12:32', 0, 1, 15, '2018-06-27 10:19:16', '2018-06-27 10:19:16', NULL),
(121, 'วรรษมน', '', 'watsamon.pen@gmail.com', NULL, '2018-03-30 18:12:32', 0, 1, 3, '2018-06-27 10:19:16', '2018-06-27 10:19:16', NULL),
(122, 'มะลิวรรณ', 'จันตะเภา', 'fon390945@gmail.com', NULL, '2018-03-30 18:12:32', 0, 1, 18, '2018-06-27 10:19:16', '2018-06-27 10:19:16', NULL),
(123, 'ณิชารีย์', 'เจริญศิริมณี', 'eif.ncr@hotmail.com', NULL, '2018-03-30 18:12:32', 0, 1, 3, '2018-06-27 10:19:16', '2018-06-27 10:19:16', NULL),
(124, 'Goffy', '', 'GJ911@hotmail.co.th', NULL, '2018-03-30 18:12:32', 0, 1, 3, '2018-06-27 10:19:16', '2018-06-27 10:19:16', NULL),
(125, 'Narinnattamon', '', 'mint_11325@hotmail.com', NULL, '2018-03-30 18:12:32', 0, 1, 22, '2018-06-27 10:19:16', '2018-06-27 10:19:16', NULL),
(126, 'วาริน', 'ประทุมเม', 'Warinprathummea.1999@gmail.com', NULL, '2018-03-30 18:12:32', 0, 1, 3, '2018-06-27 10:19:16', '2018-06-27 10:19:16', NULL),
(127, 'ภูเมธ', 'ศรีสมปอง', 'bookok692@hotmail.com', NULL, '2018-03-30 18:12:32', 0, 1, 8, '2018-06-27 10:19:16', '2018-06-27 10:19:16', NULL),
(128, 'แหม่ม', '', 'puskul.lim@gmail.com', NULL, '2018-03-30 18:12:32', 0, 1, 3, '2018-06-27 10:19:16', '2018-06-27 10:19:16', NULL),
(129, 'fon', '', 'nipha.kcp@gmail.com', NULL, '2018-03-30 18:12:32', 0, 1, 21, '2018-06-27 10:19:16', '2018-06-27 10:19:16', NULL),
(130, 'Mod', '', 'thitima_0903@hotmail.com', NULL, '2018-03-30 18:12:32', 0, 1, 3, '2018-06-27 10:19:16', '2018-06-27 10:19:16', NULL),
(131, 'สาธุการณ์', 'พรเพชรัตน์', 'bowba253636@gmail.com', NULL, '2018-03-30 18:12:32', 0, 1, 11, '2018-06-27 10:19:16', '2018-06-27 10:19:16', NULL),
(132, 'Natpattee', '', 'pairoma2541@gmail.com', NULL, '2018-03-30 18:12:32', 0, 1, 3, '2018-06-27 10:19:16', '2018-06-27 10:19:16', NULL),
(133, 'วนิดา', '', 'bee.tonnam2011@gmail.com', NULL, '2018-03-30 18:12:32', 0, 1, 9, '2018-06-27 10:19:16', '2018-06-27 10:19:16', NULL),
(134, 'ภัทรพิมล', 'ทองทิพย์', 'phattharaphimont@gmail.com', NULL, '2018-03-30 18:12:32', 0, 1, 16, '2018-06-27 10:19:16', '2018-06-27 10:19:16', NULL),
(135, 'PALOY', '', 'siriruk_2@phaipit.ac.th', NULL, '2018-03-30 18:12:32', 0, 1, 16, '2018-06-27 10:19:16', '2018-06-27 10:19:16', NULL),
(136, 'หญิง', '', 'suchada.kes@gmail.com', NULL, '2018-03-30 18:12:32', 0, 1, 11, '2018-06-27 10:19:16', '2018-06-27 10:19:16', NULL),
(137, 'K', '', 'kao_fany@hotmail.com', NULL, '2018-03-30 18:12:32', 0, 1, 5, '2018-06-27 10:19:16', '2018-06-27 10:19:16', NULL),
(138, 'ณัฐกานต์', 'นานะตะ', 'nattakarnna.22@gmail.com', NULL, '2018-03-30 18:12:32', 0, 1, 10, '2018-06-27 10:19:16', '2018-06-27 10:19:16', NULL),
(139, 'ฐิสานันทน์', 'มาธวีชัยกุล', 'nunan_banana@hotmail.com', NULL, '2018-03-30 18:12:32', 0, 1, 3, '2018-06-27 10:19:16', '2018-06-27 10:19:16', NULL),
(140, 'พิริยาพร', '', 'piriyaporn2517@gmail.com', NULL, '2018-03-30 18:12:32', 0, 1, 3, '2018-06-27 10:19:16', '2018-06-27 10:19:16', NULL),
(141, 'ปัททุมมา', 'ผลเจริญ', 'tooklovel.1992@gmail.com', NULL, '2018-03-30 18:12:32', 0, 1, 4, '2018-06-27 10:19:16', '2018-06-27 10:19:16', NULL),
(142, 'ปริญญ์', '', 'parin_tid@hotmail.com', NULL, '2018-03-30 18:12:32', 0, 1, 3, '2018-06-27 10:19:16', '2018-06-27 10:19:16', NULL),
(143, 'Phattra', '', 'phattra.12318@gmail.com', NULL, '2018-03-30 18:12:32', 0, 1, 3, '2018-06-27 10:19:16', '2018-06-27 10:19:16', NULL),
(144, 'แสงชัย', '', 'worktime2528@gmail.com', NULL, '2018-03-30 18:12:32', 0, 1, 8, '2018-06-27 10:19:16', '2018-06-27 10:19:16', NULL),
(145, 'Nan', '', 'nancy@gmail.com', NULL, '2018-03-30 18:12:32', 0, 1, 3, '2018-06-27 10:19:16', '2018-06-27 10:19:16', NULL),
(146, 'patpong', 'manadee', 'patpongmanadee0@gmail.com', NULL, '2018-03-30 18:12:32', 0, 1, 4, '2018-06-27 10:19:16', '2018-06-27 10:19:16', NULL),
(147, 'เจริญศรี', 'สวรรค์ดอน', 'charoensi9278@gmail.com', NULL, '2018-03-30 18:12:32', 0, 1, 4, '2018-06-27 10:19:16', '2018-06-27 10:19:16', NULL),
(148, 'ศิริพร', 'แซ่อึ้ง', 'sae.ung.ram@gmail.com', NULL, '2018-03-30 18:12:32', 0, 1, 11, '2018-06-27 10:19:16', '2018-06-27 10:19:16', NULL),
(149, 'Mah', '', 'huzaimah.cs@gmail.com', NULL, '2018-03-30 18:12:32', 0, 1, 3, '2018-06-27 10:19:16', '2018-06-27 10:19:16', NULL),
(150, 'นายสมชายกันจันทึก', '', 'somchai.kuemchantuek@gmail.com', NULL, '2018-03-30 18:12:32', 0, 1, 5, '2018-06-27 10:19:16', '2018-06-27 10:19:16', NULL),
(151, 'ร.ต.ต.', 'อานนท์', 'gamexonfire843@gmail.com', NULL, '2018-03-30 18:12:32', 0, 1, 19, '2018-06-27 10:19:16', '2018-06-27 10:19:16', NULL),
(152, 'พีรพัฒน์', 'ชินวัฒนา', 'armsliferskn@hotmail.com', NULL, '2018-03-30 18:12:32', 0, 1, 20, '2018-06-27 10:19:16', '2018-06-27 10:19:16', NULL),
(153, 'นิภาพร', '', 'Nipaporn_090234@gmail.com', NULL, '2018-03-30 18:12:32', 0, 1, 18, '2018-06-27 10:19:16', '2018-06-27 10:19:16', NULL),
(154, 'Nadetchai', '', 'calmcell@outlook.com', NULL, '2018-03-30 18:12:32', 0, 1, 11, '2018-06-27 10:19:16', '2018-06-27 10:19:16', NULL),
(155, 'ปกาสัย', '', 'instep.alone@gmail.com', NULL, '2018-03-30 18:12:32', 0, 1, 8, '2018-06-27 10:19:16', '2018-06-27 10:19:16', NULL),
(156, 'suwikrom', 'juntrabha', 'suwikromtni@gmail.com', NULL, '2018-03-30 18:12:32', 0, 1, 8, '2018-06-27 10:19:16', '2018-06-27 10:19:16', NULL),
(157, 'หทัยรัทยา', 'ศรีภา', 'lovely_tai1994@hotmail.com', NULL, '2018-03-30 18:12:32', 0, 1, 17, '2018-06-27 10:19:16', '2018-06-27 10:19:16', NULL),
(158, 'chalida', '', 'chalida1965@gmail.com', NULL, '2018-03-30 18:12:32', 0, 1, 3, '2018-06-27 10:19:16', '2018-06-27 10:19:16', NULL),
(159, 'Si', '', 'jorjo6899@gmail.com', NULL, '2018-03-30 18:12:32', 0, 1, 3, '2018-06-27 10:19:16', '2018-06-27 10:19:16', NULL),
(160, 'วิภาไล', '', 'wipalaik@gmail.com', NULL, '2018-03-30 18:12:32', 0, 1, 3, '2018-06-27 10:19:16', '2018-06-27 10:19:16', NULL),
(161, 'Suchada', '', 'suchada212541@hotmail.com', NULL, '2018-03-30 18:12:32', 0, 1, 3, '2018-06-27 10:19:16', '2018-06-27 10:19:16', NULL),
(162, 'ออย', '', 'cheewaluk8@hotmail.com', NULL, '2018-03-30 18:12:32', 0, 1, 3, '2018-06-27 10:19:16', '2018-06-27 10:19:16', NULL),
(163, 'ศศิวิมล', '', 'Ploy.kayaak@gmail.com', NULL, '2018-03-30 18:12:32', 0, 1, 3, '2018-06-27 10:19:16', '2018-06-27 10:19:16', NULL),
(164, 'VA', '', 'saowakon50@hotmail.com', NULL, '2018-03-30 18:12:32', 0, 1, 3, '2018-06-27 10:19:16', '2018-06-27 10:19:16', NULL),
(165, 'shiriwann', '', 'shiriwann.wann@gmail.com', NULL, '2018-03-30 18:12:32', 0, 1, 21, '2018-06-27 10:19:16', '2018-06-27 10:19:16', NULL),
(166, 'การะเกด', '', '036548795@homeil.com', NULL, '2018-03-30 18:12:32', 0, 1, 3, '2018-06-27 10:19:16', '2018-06-27 10:19:16', NULL),
(167, 'วริษา', 'สิงหพันธุ์', 'paidoy555@hotmail.com', NULL, '2018-03-30 18:12:32', 0, 1, 3, '2018-06-27 10:19:16', '2018-06-27 10:19:16', NULL),
(168, 'AM', '', 'liviathan.ryu@hotmail.com', NULL, '2018-03-30 18:12:32', 0, 1, 3, '2018-06-27 10:19:16', '2018-06-27 10:19:16', NULL),
(169, 'วาสนา', 'หอมชิต', 'wasana32506@gmail.com', NULL, '2018-03-30 18:12:32', 0, 1, 3, '2018-06-27 10:19:16', '2018-06-27 10:19:16', NULL),
(170, 'ศิริรักษ์', 'ธรรมทอง', 'supisarapp27@gmail.com', NULL, '2018-03-30 18:12:32', 0, 1, 3, '2018-06-27 10:19:16', '2018-06-27 10:19:16', NULL),
(171, 'wassana', 'somjit', 'panimwassana@gmail.com', NULL, '2018-03-30 18:12:32', 0, 1, 3, '2018-06-27 10:19:16', '2018-06-27 10:19:16', NULL),
(172, 'ปานชีวิน', 'อยู่อย่างไท', 'duan.naruk@gmail.com', NULL, '2018-03-30 18:12:32', 0, 1, 3, '2018-06-27 10:19:16', '2018-06-27 10:19:16', NULL),
(173, 'ภาวัช', '', 'offy63@yahoo.com', NULL, '2018-03-30 18:12:32', 0, 1, 9, '2018-06-27 10:19:16', '2018-06-27 10:19:16', NULL),
(174, 'โน', '', 'gunthon007@hotmail.com', NULL, '2018-03-30 18:12:32', 0, 1, 21, '2018-06-27 10:19:16', '2018-06-27 10:19:16', NULL),
(175, 'กรรนิการ์', '', 'kannika.muham@gmail.com', NULL, '2018-03-30 18:12:32', 0, 1, 3, '2018-06-27 10:19:16', '2018-06-27 10:19:16', NULL),
(176, 'Kkkkk', '', 'k@gmail.com', NULL, '2018-03-30 18:12:32', 0, 1, 3, '2018-06-27 10:19:16', '2018-06-27 10:19:16', NULL),
(177, 'ภัควิภา', 'จิระนคร', 'pojikojang@gmail.com', NULL, '2018-03-30 18:12:32', 0, 1, 3, '2018-06-27 10:19:16', '2018-06-27 10:19:16', NULL),
(178, 'Sujitra', 'Phomkhaew', 'Fluk070542@gmail.com', NULL, '2018-03-30 18:12:32', 0, 1, 4, '2018-06-27 10:19:16', '2018-06-27 10:19:16', NULL),
(179, 'Nareert', '', 'nareeratbam@gmail.com', NULL, '2018-03-30 18:12:32', 0, 1, 8, '2018-06-27 10:19:16', '2018-06-27 10:19:16', NULL),
(180, 'นวัช', '', 'wut1114@hotmail.com', NULL, '2018-03-30 18:12:32', 0, 1, 5, '2018-06-27 10:19:16', '2018-06-27 10:19:16', NULL),
(181, 'อารีน่า', '', 'konaqueen18@gmail.com', NULL, '2018-03-30 18:12:32', 0, 1, 5, '2018-06-27 10:19:16', '2018-06-27 10:19:16', NULL),
(182, 'เสฏฐนันท์', 'ช่อฟ้า', 'dakdom@hotmail.com', NULL, '2018-03-30 18:12:32', 0, 1, 5, '2018-06-27 10:19:16', '2018-06-27 10:19:16', NULL),
(183, 'กนกวรรณ', '', 'yoyoza746@gmail.com', NULL, '2018-03-30 18:12:32', 0, 1, 4, '2018-06-27 10:19:16', '2018-06-27 10:19:16', NULL),
(184, 'Sasinipa', '', 'sasinipa.thao@bumail.net', NULL, '2018-03-30 18:12:32', 0, 1, 15, '2018-06-27 10:19:16', '2018-06-27 10:19:16', NULL),
(185, 'Supinya', '', 'own_owl@hotmail.com', NULL, '2018-03-30 18:12:32', 0, 1, 8, '2018-06-27 10:19:16', '2018-06-27 10:19:16', NULL),
(186, 'เสมอใจ', '', 'moslove1972@gmail.com', NULL, '2018-03-30 18:12:32', 0, 1, 3, '2018-06-27 10:19:16', '2018-06-27 10:19:16', NULL),
(187, 'Kat', '', 'sirikanyasrimanta@gmail.com', NULL, '2018-03-30 18:12:32', 0, 1, 15, '2018-06-27 10:19:16', '2018-06-27 10:19:16', NULL),
(188, 'ศิริยากร', 'ชาวประสันต์', 'siriyakron2543siriyakron@gmail.com', NULL, '2018-03-30 18:12:32', 0, 1, 4, '2018-06-27 10:19:16', '2018-06-27 10:19:16', NULL),
(189, 'นันท์นภัส', 'สุขประดับ', 'ppor1507@gmail.com', NULL, '2018-03-30 18:12:32', 0, 1, 3, '2018-06-27 10:19:16', '2018-06-27 10:19:16', NULL),
(190, 'บุษยา', '', 'bus2518@hotmail.com', NULL, '2018-03-30 18:12:32', 0, 1, 15, '2018-06-27 10:19:16', '2018-06-27 10:19:16', NULL),
(191, 'ีืunyarat', '', 'aomlove008.ab@gmail.com', NULL, '2018-03-30 18:12:32', 0, 1, 11, '2018-06-27 10:19:16', '2018-06-27 10:19:16', NULL),
(192, 'สุวิจักขณ์', '', 'suvijak1727@hotmail.com', NULL, '2018-03-30 18:12:32', 0, 1, 8, '2018-06-27 10:19:16', '2018-06-27 10:19:16', NULL),
(193, 'Paiya', 'yoobaisee', 'paiya3068@gmail.com', NULL, '2018-03-30 18:12:32', 0, 1, 5, '2018-06-27 10:19:16', '2018-06-27 10:19:16', NULL),
(194, 'Keeya', '', 'keeyapat.porry@gmail.com', NULL, '2018-03-30 18:12:32', 0, 1, 14, '2018-06-27 10:19:16', '2018-06-27 10:19:16', NULL),
(195, 'พิมพ์รดา', 'สีหานาม', '25560pimrada@gmail.com', NULL, '2018-03-30 18:12:32', 0, 1, 3, '2018-06-27 10:19:17', '2018-06-27 10:19:17', NULL),
(196, 'นะคะ', '', 'champkung81@gmail.com', NULL, '2018-03-30 18:12:32', 0, 1, 8, '2018-06-27 10:19:17', '2018-06-27 10:19:17', NULL),
(197, 'Chokchai', '', 'happylove12396@gmail.com', NULL, '2018-03-30 18:12:32', 0, 1, 17, '2018-06-27 10:19:17', '2018-06-27 10:19:17', NULL),
(198, 'Warot', '', 'varotseayang7@gmail.com', NULL, '2018-03-30 18:12:32', 0, 1, 21, '2018-06-27 10:19:17', '2018-06-27 10:19:17', NULL),
(199, 'Tanyarat', 'Rattana', 'www_doraemon_com@hotmail.com', NULL, '2018-03-30 18:12:32', 0, 1, 17, '2018-06-27 10:19:17', '2018-06-27 10:19:17', NULL),
(200, 'ณัฐธิดา', '', 'pladup_compoy@hotmail.com', NULL, '2018-03-30 18:12:32', 0, 1, 3, '2018-06-27 10:19:17', '2018-06-27 10:19:17', NULL),
(201, 'นก', '', 'namo_meanok@hotmail.com', NULL, '2018-03-30 18:12:32', 0, 1, 18, '2018-06-27 10:19:17', '2018-06-27 10:19:17', NULL),
(202, 'อัชรา', '', 'uschara.cpn@hotmail.com', NULL, '2018-03-30 18:12:32', 0, 1, 3, '2018-06-27 10:19:17', '2018-06-27 10:19:17', NULL),
(203, 'Wanthipa', 'Baiyoke', 'anett.adisuan@gmail.com', NULL, '2018-03-30 18:12:32', 0, 1, 8, '2018-06-27 10:19:17', '2018-06-27 10:19:17', NULL),
(204, 'Prapa', '', 'melody-of-life8380@msn.com', NULL, '2018-03-30 18:12:32', 0, 1, 8, '2018-06-27 10:19:17', '2018-06-27 10:19:17', NULL),
(205, 'สมใจ', '', 'jaijai197326@gmail.com', NULL, '2018-03-30 18:12:32', 0, 1, 9, '2018-06-27 10:19:17', '2018-06-27 10:19:17', NULL),
(206, 'Putticha', '', 'aom17492@gmail.com', NULL, '2018-03-30 18:12:32', 0, 1, 3, '2018-06-27 10:19:17', '2018-06-27 10:19:17', NULL),
(207, 'ภีรดลย์', 'ทองทะไว', 'peeradol.pmp@gmail.com', NULL, '2018-03-30 18:12:32', 0, 1, 16, '2018-06-27 10:19:17', '2018-06-27 10:19:17', NULL),
(208, 'ไอรดา', '', 'punim_15@hotmail.com', NULL, '2018-03-30 18:12:32', 0, 1, 3, '2018-06-27 10:19:17', '2018-06-27 10:19:17', NULL),
(209, 'กก', '', 'earth_korrapob@hotmail.com', NULL, '2018-03-30 18:12:32', 0, 1, 8, '2018-06-27 10:19:17', '2018-06-27 10:19:17', NULL),
(210, 'Últ', '', 'pondmadee@gmail.com', NULL, '2018-03-30 18:12:32', 0, 1, 8, '2018-06-27 10:19:17', '2018-06-27 10:19:17', NULL),
(211, '๋ส่เเ่าาสรี', '', 'fhhfyhji@gmail.com', NULL, '2018-03-30 18:12:32', 0, 1, 11, '2018-06-27 10:19:17', '2018-06-27 10:19:17', NULL),
(212, 'Max', '', 'munin_max@hotmail.com', NULL, '2018-03-30 18:12:32', 0, 1, 8, '2018-06-27 10:19:17', '2018-06-27 10:19:17', NULL),
(213, 'wongsathon', '', 'ohwongsathon@hotmail.com', NULL, '2018-03-30 18:12:32', 0, 1, 21, '2018-06-27 10:19:17', '2018-06-27 10:19:17', NULL),
(214, 'เนตรดาว', '', 'lovehairbysom@hotmail.com', NULL, '2018-03-30 18:12:32', 0, 1, 3, '2018-06-27 10:19:17', '2018-06-27 10:19:17', NULL),
(215, 'Wirada', '', 'doorbell.kook@gmail.com', NULL, '2018-03-30 18:12:32', 0, 1, 20, '2018-06-27 10:19:17', '2018-06-27 10:19:17', NULL),
(216, 'รัฐพล', 'กล่อมพงษ์', 'rklompong@gmail.com', NULL, '2018-03-30 18:12:32', 0, 1, 11, '2018-06-27 10:19:17', '2018-06-27 10:19:17', NULL),
(217, 'Weerada', 'Neeraphot', 'weerada1106@gmail.com', NULL, '2018-03-30 18:12:32', 0, 1, 11, '2018-06-27 10:19:17', '2018-06-27 10:19:17', NULL),
(218, 'วรพิชชา', 'พลสุวรรณ', 'nuchworapitcha@gmail.com', NULL, '2018-03-30 18:12:32', 0, 1, 17, '2018-06-27 10:19:17', '2018-06-27 10:19:17', NULL),
(219, 'Asma', '', 'mamaacuppp@gmail.com', NULL, '2018-03-30 18:12:32', 0, 1, 8, '2018-06-27 10:19:17', '2018-06-27 10:19:17', NULL),
(220, 'วสุนธรา', 'ช่วยอักษร', 'poogun1993@gmail.com', NULL, '2018-03-30 18:12:32', 0, 1, 3, '2018-06-27 10:19:17', '2018-06-27 10:19:17', NULL),
(221, 'นิว', '', 'new.nithinan@gmail.com', NULL, '2018-03-30 18:12:32', 0, 1, 18, '2018-06-27 10:19:17', '2018-06-27 10:19:17', NULL),
(222, 'รัสรินทร์', '', 'numnimrassarin@gmail.com', NULL, '2018-03-30 18:12:32', 0, 1, 3, '2018-06-27 10:19:17', '2018-06-27 10:19:17', NULL),
(223, 'ศรัณยธร', 'รัตน์ธนเกียรติ', 'happykajib16@gmail.com', NULL, '2018-03-30 18:12:32', 0, 1, 11, '2018-06-27 10:19:17', '2018-06-27 10:19:17', NULL),
(224, 'พิราวรรณ', 'บรูคส์', 'beeaomam@hotmail.com', NULL, '2018-03-30 18:12:32', 0, 1, 3, '2018-06-27 10:19:17', '2018-06-27 10:19:17', NULL),
(225, 'Wichanet', '', 'antivity1555@gmail.com', NULL, '2018-03-30 18:12:32', 0, 1, 21, '2018-06-27 10:19:17', '2018-06-27 10:19:17', NULL),
(226, 'Hansen', '', 'phunsak13@hotmail.co.uk', NULL, '2018-03-30 18:12:32', 0, 1, 8, '2018-06-27 10:19:17', '2018-06-27 10:19:17', NULL),
(227, 'Kim', '', 'peckim.l@gmail.com', NULL, '2018-03-30 18:12:32', 0, 1, 3, '2018-06-27 10:19:17', '2018-06-27 10:19:17', NULL),
(228, 'ธีวินท์', '', 'note.kantararom@gmail.com', NULL, '2018-03-30 18:12:32', 0, 1, 11, '2018-06-27 10:19:17', '2018-06-27 10:19:17', NULL),
(229, 'พิกุล', 'อุบลสวัสดิ์', 'krukul@hotmail.com', NULL, '2018-03-30 18:12:32', 0, 1, 3, '2018-06-27 10:19:17', '2018-06-27 10:19:17', NULL),
(230, 'กรกนก', '', 'noo_nanlovelove@hotmail.com', NULL, '2018-03-30 18:12:32', 0, 1, 8, '2018-06-27 10:19:17', '2018-06-27 10:19:17', NULL),
(231, 'วนิดา', 'แก้วมณี', 'wanida5462@gmail.com', NULL, '2018-03-30 18:12:32', 0, 1, 3, '2018-06-27 10:19:17', '2018-06-27 10:19:17', NULL),
(232, 'พีรพล', '', 'peeraponthamee@gmail.com', NULL, '2018-03-30 18:12:32', 0, 1, 8, '2018-06-27 10:19:17', '2018-06-27 10:19:17', NULL),
(233, 'ดอกไม้', '', 'Dokmaivolleyball@gmail.com', NULL, '2018-03-30 18:12:32', 0, 1, 4, '2018-06-27 10:19:17', '2018-06-27 10:19:17', NULL),
(234, 'Sutat', '', '-@hotmail.com', NULL, '2018-03-30 18:12:32', 0, 1, 3, '2018-06-27 10:19:17', '2018-06-27 10:19:17', NULL),
(235, 'koollavanee', 'ploykhaw', 'zeema_tm@hotmail.com', NULL, '2018-03-30 18:12:32', 0, 1, 15, '2018-06-27 10:19:17', '2018-06-27 10:19:17', NULL),
(236, 'Nataima', 'Sa-ard', 'nataima_neemls07@hotmail.com', NULL, '2018-03-30 18:12:32', 0, 1, 17, '2018-06-27 10:19:17', '2018-06-27 10:19:17', NULL),
(237, 'หิ้นดน', 'ยะระ', 'hindon68081@gmail.com', NULL, '2018-03-30 18:12:32', 0, 1, 3, '2018-06-27 10:19:17', '2018-06-27 10:19:17', NULL),
(238, 'โอ๋', '', 'ohh.ouyporn@gmail.com', NULL, '2018-03-30 18:12:32', 0, 1, 19, '2018-06-27 10:19:17', '2018-06-27 10:19:17', NULL),
(239, 'อวยพร', '', 'yingauymai@gmail.com', NULL, '2018-03-30 18:12:32', 0, 1, 17, '2018-06-27 10:19:17', '2018-06-27 10:19:17', NULL),
(240, 'กอฟ', '', 'tgopgap@gmail.com', NULL, '2018-03-30 18:12:32', 0, 1, 8, '2018-06-27 10:19:17', '2018-06-27 10:19:17', NULL),
(241, 'Kanchaya', '', 'kanchaya.nathong@ktb.co.th', NULL, '2018-03-30 18:12:32', 0, 1, 4, '2018-06-27 10:19:17', '2018-06-27 10:19:17', NULL),
(242, 'เยาวลักษณ์', 'จินดาชัย', 'koy236@gmail.com', NULL, '2018-03-30 18:12:32', 0, 1, 8, '2018-06-27 10:19:17', '2018-06-27 10:19:17', NULL),
(243, 'khatereh', '', 'travel_kh82@yahoo.com', NULL, '2018-03-30 18:12:32', 0, 1, 11, '2018-06-27 10:19:17', '2018-06-27 10:19:17', NULL),
(244, 'จตุพร', '', 'pinjaroenporn14@gmail.com', NULL, '2018-03-30 18:12:32', 0, 1, 5, '2018-06-27 10:19:17', '2018-06-27 10:19:17', NULL),
(245, 'กรนิภา', '', 'konnipar@gmail.com', NULL, '2018-03-30 18:12:32', 0, 1, 3, '2018-06-27 10:19:17', '2018-06-27 10:19:17', NULL),
(246, 'สำอางค์', '', 'Ang100228@gmail.com', NULL, '2018-03-30 18:12:32', 0, 1, 3, '2018-06-27 10:19:17', '2018-06-27 10:19:17', NULL),
(247, 'มโน', '', 'momotarolove97@gmail.com', NULL, '2018-03-30 18:12:32', 0, 1, 3, '2018-06-27 10:19:17', '2018-06-27 10:19:17', NULL),
(248, 'mild', '', 'mild_d300898@hotmail.com', NULL, '2018-03-30 18:12:32', 0, 1, 4, '2018-06-27 10:19:17', '2018-06-27 10:19:17', NULL),
(249, 'Ampon', 'Meewong', 'nsw_055@nsw2.go.th', NULL, '2018-03-30 18:12:32', 0, 1, 3, '2018-06-27 10:19:17', '2018-06-27 10:19:17', NULL),
(250, 'Iyada', '', 'iyadaphach@gmail.com', NULL, '2018-03-30 18:12:32', 0, 1, 4, '2018-06-27 10:19:17', '2018-06-27 10:19:17', NULL),
(251, 'นิตยา', 'ภิญโญ', 'nittayaphinyo715@gmail.com', NULL, '2018-03-30 18:12:32', 0, 1, 15, '2018-06-27 10:19:17', '2018-06-27 10:19:17', NULL),
(252, 'ยศกร', 'เทพบุตร', 'fusefamephone@gmail.com', NULL, '2018-03-30 18:12:32', 0, 1, 14, '2018-06-27 10:19:17', '2018-06-27 10:19:17', NULL),
(253, 'แก้วตา', '', 'kaewtakhe@gmail.com', NULL, '2018-03-30 18:12:32', 0, 1, 20, '2018-06-27 10:19:17', '2018-06-27 10:19:17', NULL),
(254, 'ชนิตา.', 'ศรีธรรมภาณ', 'mylove19121@gmail.com', NULL, '2018-03-30 18:12:32', 0, 1, 20, '2018-06-27 10:19:17', '2018-06-27 10:19:17', NULL),
(255, 'Ttttffh', '', 'hfdfhb@hotmail.com', NULL, '2018-03-30 18:12:32', 0, 1, 8, '2018-06-27 10:19:17', '2018-06-27 10:19:17', NULL),
(256, 'อภิชาติ', '', 'chart1972@hotmail.com', NULL, '2018-03-30 18:12:32', 0, 1, 8, '2018-06-27 10:19:17', '2018-06-27 10:19:17', NULL),
(257, 'Wunnisa', '', 'Yadam2540@gmail.com', NULL, '2018-03-30 18:12:32', 0, 1, 3, '2018-06-27 10:19:17', '2018-06-27 10:19:17', NULL),
(258, 'Kat', '', 'katt.katty@hotmail.com', NULL, '2018-03-30 18:12:32', 0, 1, 8, '2018-06-27 10:19:17', '2018-06-27 10:19:17', NULL),
(259, 'พีท', '', 'thanphisit4492@gmail.com', NULL, '2018-03-30 18:12:32', 0, 1, 8, '2018-06-27 10:19:17', '2018-06-27 10:19:17', NULL),
(260, 'โรสลีนา', '', 'rosleena_32@hotmail.co.th', NULL, '2018-03-30 18:12:32', 0, 1, 8, '2018-06-27 10:19:17', '2018-06-27 10:19:17', NULL),
(261, 'สิราวรรณ', 'อุดทา', 'sirawan7765ssd@gmail.com', NULL, '2018-03-30 18:12:32', 0, 1, 11, '2018-06-27 10:19:17', '2018-06-27 10:19:17', NULL),
(262, 'นนธิชา', 'ภูมิดอนเนาว์', 'pumdonnaotivha@gmail.com', NULL, '2018-03-30 18:12:32', 0, 1, 15, '2018-06-27 10:19:17', '2018-06-27 10:19:17', NULL),
(263, 'โบนัส', '', 'bonus_610YJ@hotmail.com', NULL, '2018-03-30 18:12:32', 0, 1, 19, '2018-06-27 10:19:17', '2018-06-27 10:19:17', NULL),
(264, 'มนีวรรณ', 'สว่างสุข', 'salinee@hotmail.com', NULL, '2018-03-30 18:12:32', 0, 1, 21, '2018-06-27 10:19:17', '2018-06-27 10:19:17', NULL),
(265, 'Chutima', '', 'a.am_smile@hotmail.com', NULL, '2018-03-30 18:12:32', 0, 1, 8, '2018-06-27 10:19:17', '2018-06-27 10:19:17', NULL),
(266, 'บังอร', '', 'bangonitcity@gmail.com', NULL, '2018-03-30 18:12:32', 0, 1, 11, '2018-06-27 10:19:17', '2018-06-27 10:19:17', NULL),
(267, 'อรทัย', 'มีใจดี', 'orathai_2912@hotmail.com', NULL, '2018-03-30 18:12:32', 0, 1, 3, '2018-06-27 10:19:17', '2018-06-27 10:19:17', NULL),
(268, 'ร่มฉัตร', 'ศรีพุทธชาติ', 'romchatkaiza939@gmail.com', NULL, '2018-03-30 18:12:32', 0, 1, 8, '2018-06-27 10:19:17', '2018-06-27 10:19:17', NULL),
(269, 'นครินทร์', '', 'nakarin_ck@hotmail.com', NULL, '2018-03-30 18:12:32', 0, 1, 8, '2018-06-27 10:19:17', '2018-06-27 10:19:17', NULL),
(270, 'สุริยา', 'รักษาเดช', 'zaminnie@gmail.com', NULL, '2018-03-30 18:12:32', 0, 1, 3, '2018-06-27 10:19:17', '2018-06-27 10:19:17', NULL),
(271, 'ปราณี', '', 'pranimongkol2557@gmil.com', NULL, '2018-03-30 18:12:32', 0, 1, 11, '2018-06-27 10:19:17', '2018-06-27 10:19:17', NULL),
(272, 'ศศิเขมณัฐ', '', 'intharasorn2020@hotmail.com', NULL, '2018-03-30 18:12:32', 0, 1, 3, '2018-06-27 10:19:17', '2018-06-27 10:19:17', NULL),
(273, 'Kwang', '', 'thanisa_nisa@hotmail.com', NULL, '2018-03-30 18:12:32', 0, 1, 17, '2018-06-27 10:19:17', '2018-06-27 10:19:17', NULL),
(274, 'ศิริพร', '', 'kaew_lovelove555@hotmail.com', NULL, '2018-03-30 18:12:32', 0, 1, 11, '2018-06-27 10:19:17', '2018-06-27 10:19:17', NULL),
(275, 'สมฤดี', '', 'nubeernaka585321@gmail.com', NULL, '2018-03-30 18:12:32', 0, 1, 3, '2018-06-27 10:19:17', '2018-06-27 10:19:17', NULL),
(276, 'จิตราภรณ์', 'ลิอ่อนรัมย์', 'rotee2012@hotmail.co.th', NULL, '2018-03-30 18:12:32', 0, 1, 16, '2018-06-27 10:19:17', '2018-06-27 10:19:17', NULL),
(277, 'Pan', '', 'weirdthepan@gmail.com', NULL, '2018-03-30 18:12:32', 0, 1, 8, '2018-06-27 10:19:17', '2018-06-27 10:19:17', NULL),
(278, 'ชัยพิสิฐ', 'นิธิชยานันต์', 'chaip.niti@gmail.com', NULL, '2018-03-30 18:12:32', 0, 1, 8, '2018-06-27 10:19:17', '2018-06-27 10:19:17', NULL),
(279, 'Cherry', '', 'apissara.chai@gmail.com', NULL, '2018-03-30 18:12:32', 0, 1, 8, '2018-06-27 10:19:17', '2018-06-27 10:19:17', NULL),
(280, 'Patchareeporn', '', 'viiewvy@hotmail.com', NULL, '2018-03-30 18:12:32', 0, 1, 11, '2018-06-27 10:19:17', '2018-06-27 10:19:17', NULL),
(281, 'ปฐมพงษ์', 'สังข์ทอง', 'zimmamueter@gmail.com', NULL, '2018-03-30 18:12:32', 0, 1, 23, '2018-06-27 10:19:17', '2018-06-27 10:19:17', NULL),
(282, 'พัชริศา', 'สันนิธี', 'Pangaeksook@mail.com', NULL, '2018-03-30 18:12:32', 0, 1, 3, '2018-06-27 10:19:17', '2018-06-27 10:19:17', NULL),
(283, 'ภาณุพงศ์', 'อัศวเผ่าพงศ์', 'Chevary.chew@gmail.com', NULL, '2018-03-30 18:12:32', 0, 1, 11, '2018-06-27 10:19:17', '2018-06-27 10:19:17', NULL),
(284, 'บีน', 'บีน', 'kitupha1428@gmail.com', NULL, '2018-03-30 18:12:32', 0, 1, 3, '2018-06-27 10:19:17', '2018-06-27 10:19:17', NULL),
(285, 'น้อย', '', 'Nongnoy1678@hotmail.com', NULL, '2018-03-30 18:12:32', 0, 1, 3, '2018-06-27 10:19:17', '2018-06-27 10:19:17', NULL),
(286, 'อัจฉรา', '', 'Ajchara2542@gmail.com', NULL, '2018-03-30 18:12:32', 0, 1, 3, '2018-06-27 10:19:17', '2018-06-27 10:19:17', NULL),
(287, 'รัชนีฉาย', 'ศรีลา', 'ratchanee-chai@hotmail.com', NULL, '2018-03-30 18:12:32', 0, 1, 14, '2018-06-27 10:19:17', '2018-06-27 10:19:17', NULL),
(288, 'SMK', '', 'dtsumet@hotmail.com', NULL, '2018-03-30 18:12:32', 0, 1, 11, '2018-06-27 10:19:17', '2018-06-27 10:19:17', NULL),
(289, 'ฉัตรกมล', '', 'chatkamol005@hotmail.com', NULL, '2018-03-30 18:12:32', 0, 1, 3, '2018-06-27 10:19:17', '2018-06-27 10:19:17', NULL),
(290, 'พัฒนาพร', 'ศรีโปฎก', 'Noi34007@gmail.com', NULL, '2018-03-30 18:12:32', 0, 1, 5, '2018-06-27 10:19:17', '2018-06-27 10:19:17', NULL),
(291, 'Pimnada', '', 'pimnadatan@hotmail.com', NULL, '2018-03-30 18:12:32', 0, 1, 3, '2018-06-27 10:19:17', '2018-06-27 10:19:17', NULL),
(292, 'ทัศวรรณ', 'แสนศรี', 'sanesri.tasawan@gmail.com', NULL, '2018-03-30 18:12:32', 0, 1, 5, '2018-06-27 10:19:17', '2018-06-27 10:19:17', NULL),
(293, 'สมรักษ์', 'แดงชำรัมย์', 'somraklovelove@gmail.com', NULL, '2018-03-30 18:12:32', 0, 1, 17, '2018-06-27 10:19:17', '2018-06-27 10:19:17', NULL),
(294, 'Wipa', '', 'nem_naji@hotmail.com', NULL, '2018-03-30 18:12:32', 0, 1, 19, '2018-06-27 10:19:17', '2018-06-27 10:19:17', NULL),
(295, 'Pinbut', '', 'pinbut.cdd@gmail.com', NULL, '2018-03-30 18:12:32', 0, 1, 3, '2018-06-27 10:19:17', '2018-06-27 10:19:17', NULL),
(296, 'Wansiri', '', 'Wansiri_waen@hotmail.com', NULL, '2018-03-30 18:12:32', 0, 1, 3, '2018-06-27 10:19:17', '2018-06-27 10:19:17', NULL),
(297, 'ธมลวรรณ', 'ศศิรัตนนิกุล', 'hibari_conan@hotmail.com', NULL, '2018-03-30 18:12:32', 0, 1, 3, '2018-06-27 10:19:17', '2018-06-27 10:19:17', NULL),
(298, 'ศิริประภา', '', 'angelkwan9876@gmail.com', NULL, '2018-03-30 18:12:32', 0, 1, 3, '2018-06-27 10:19:17', '2018-06-27 10:19:17', NULL),
(299, 'ปุ๊ก', '', 'puk2550@gmakl.com', NULL, '2018-03-30 18:12:32', 0, 1, 3, '2018-06-27 10:19:17', '2018-06-27 10:19:17', NULL),
(300, 'Fueangfa', '', 'exo.lfueangfa2544@gmail.com', NULL, '2018-03-30 18:12:32', 0, 1, 11, '2018-06-27 10:19:17', '2018-06-27 10:19:17', NULL),
(301, 'จิราพร', '', 'jiraporn.srioon14@gmail.com', NULL, '2018-03-30 18:12:32', 0, 1, 3, '2018-06-27 10:19:17', '2018-06-27 10:19:17', NULL),
(302, 'ไกรลาศ', '', 'profess79@hotmail.com', NULL, '2018-03-30 18:12:32', 0, 1, 11, '2018-06-27 10:19:17', '2018-06-27 10:19:17', NULL),
(303, 'นาซีบะห์', 'บือราเฮง', 'Naseegiving@gmail.com', NULL, '2018-03-30 18:12:32', 0, 1, 3, '2018-06-27 10:19:17', '2018-06-27 10:19:17', NULL),
(304, 'พัชรี', '', 'iammewkyway@gmail.com', NULL, '2018-03-30 18:12:32', 0, 1, 3, '2018-06-27 10:19:17', '2018-06-27 10:19:17', NULL),
(305, 'กนิษฐา', 'อินธิแสง', 'kanittha.ainthisang@icloud.com', NULL, '2018-03-30 18:12:32', 0, 1, 8, '2018-06-27 10:19:17', '2018-06-27 10:19:17', NULL),
(306, 'ssdss', '', 'dkwlrkelwr_@hotmail.com', NULL, '2018-03-30 18:12:32', 0, 1, 3, '2018-06-27 10:19:17', '2018-06-27 10:19:17', NULL),
(307, 'Arichah', '', 'arichahtwin0968720977@gmail.come', NULL, '2018-03-30 18:12:32', 0, 1, 17, '2018-06-27 10:19:17', '2018-06-27 10:19:17', NULL),
(308, 'พัชรี', '', 'pacharee.s@smebank.co.th', NULL, '2018-03-30 18:12:32', 0, 1, 3, '2018-06-27 10:19:17', '2018-06-27 10:19:17', NULL),
(309, 'Rapeepan', '', 'Rsamakkhatkit@gmail.com', NULL, '2018-03-30 18:12:32', 0, 1, 3, '2018-06-27 10:19:17', '2018-06-27 10:19:17', NULL),
(310, 'Pisan.', 'Putpeungsub', 'pisan.may425@gmail.com', NULL, '2018-03-30 18:12:32', 0, 1, 11, '2018-06-27 10:19:17', '2018-06-27 10:19:17', NULL),
(311, 'กาญจนา', '', 'does-_-@hotmail.com', NULL, '2018-03-30 18:12:32', 0, 1, 11, '2018-06-27 10:19:17', '2018-06-27 10:19:17', NULL),
(312, 'สาวิตรี', '', 'sweet.b555@gmail.com', NULL, '2018-03-30 18:12:32', 0, 1, 18, '2018-06-27 10:19:17', '2018-06-27 10:19:17', NULL),
(313, 'RAIN', '', 'ratty.ty@hotmail.com', NULL, '2018-03-30 18:12:32', 0, 1, 8, '2018-06-27 10:19:17', '2018-06-27 10:19:17', NULL),
(314, 'กัญญารัตน์', '', 'teiy_ty@hotmail.com', NULL, '2018-03-30 18:12:32', 0, 1, 3, '2018-06-27 10:19:17', '2018-06-27 10:19:17', NULL),
(315, 'เเก้มแก้ม', '', 'Rungtip.chun2542@gmail.com', NULL, '2018-03-30 18:12:32', 0, 1, 3, '2018-06-27 10:19:17', '2018-06-27 10:19:17', NULL),
(316, 'Kwanrudee', '', 'annyza.onelove@gmail.com', NULL, '2018-03-30 18:12:32', 0, 1, 4, '2018-06-27 10:19:17', '2018-06-27 10:19:17', NULL),
(317, 'โชติรส', 'นคะรังสุ', 'piya_eng@hotmail.com', NULL, '2018-03-30 18:12:32', 0, 1, 8, '2018-06-27 10:19:17', '2018-06-27 10:19:17', NULL),
(318, 'Prompong', 'Sukjam', 'ntlc.prompong@gmail.com', NULL, '2018-03-30 18:12:32', 0, 1, 8, '2018-06-27 10:19:17', '2018-06-27 10:19:17', NULL),
(319, 'เม', '', 'ale15xm@gmail.com', NULL, '2018-03-30 18:12:32', 0, 1, 3, '2018-06-27 10:19:17', '2018-06-27 10:19:17', NULL),
(320, 'saytip', '', 'saytip511@gmail.com', NULL, '2018-03-30 18:12:32', 0, 1, 3, '2018-06-27 10:19:17', '2018-06-27 10:19:17', NULL),
(321, 'อพัชนิภา', 'มะตารี', 'apatchanipamataree@gmail.com', NULL, '2018-03-30 18:12:32', 0, 1, 22, '2018-06-27 10:19:17', '2018-06-27 10:19:17', NULL),
(322, 'พิเชษฐ', 'หงษ์ทอง', 'phicherhongthong@gmail.com', NULL, '2018-03-30 18:12:32', 0, 1, 18, '2018-06-27 10:19:18', '2018-06-27 10:19:18', NULL),
(323, 'นันทพัชร', '', 'petch-pol@hotmail.com', NULL, '2018-03-30 18:12:32', 0, 1, 3, '2018-06-27 10:19:18', '2018-06-27 10:19:18', NULL),
(324, 'นาดีเจ', '', 'paskorn.cc@gmail.com', NULL, '2018-03-30 18:12:32', 0, 1, 8, '2018-06-27 10:19:18', '2018-06-27 10:19:18', NULL),
(325, 'ณัฐพร', '', 'vun39000@gmail.com', NULL, '2018-03-30 18:12:32', 0, 1, 3, '2018-06-27 10:19:18', '2018-06-27 10:19:18', NULL),
(326, 'Aor', '', 'wijitra_kaka@hotmsil.com', NULL, '2018-03-30 18:12:32', 0, 1, 3, '2018-06-27 10:19:18', '2018-06-27 10:19:18', NULL),
(327, 'Kanyanat', '', 'kanyanat.v57@rsu.ac.th', NULL, '2018-03-30 18:12:32', 0, 1, 9, '2018-06-27 10:19:18', '2018-06-27 10:19:18', NULL),
(328, 'ชลณี', '', 'bkbesthi@gmail.com', NULL, '2018-03-30 18:12:32', 0, 1, 17, '2018-06-27 10:19:18', '2018-06-27 10:19:18', NULL),
(329, 'Peeratouch', '', 'peepp.prt@gmail.com', NULL, '2018-03-30 18:12:32', 0, 1, 8, '2018-06-27 10:19:18', '2018-06-27 10:19:18', NULL),
(330, 'ภูวนาถ', 'ชูเงิน', 'FOFO0948371335@Gmail.com', NULL, '2018-03-30 18:12:32', 0, 1, 11, '2018-06-27 10:19:18', '2018-06-27 10:19:18', NULL),
(331, 'Sofia', '', 'sofiamama2525@gmail.com', NULL, '2018-03-30 18:12:32', 0, 1, 3, '2018-06-27 10:19:18', '2018-06-27 10:19:18', NULL),
(332, 'โบว์', '', 'adooaey@hotmail.com', NULL, '2018-03-30 18:12:32', 0, 1, 14, '2018-06-27 10:19:18', '2018-06-27 10:19:18', NULL),
(333, 'จิตรจำนงค์', '', 'jidjumnongkhumsan@gmail.com', NULL, '2018-03-30 18:12:32', 0, 1, 3, '2018-06-27 10:19:18', '2018-06-27 10:19:18', NULL),
(334, 'คมเพชร', '', 'riangsena_17@hotmail.com', NULL, '2018-03-30 18:12:32', 0, 1, 15, '2018-06-27 10:19:18', '2018-06-27 10:19:18', NULL),
(335, 'มิ้น', '', 'mint-.-mint@hotmail.co.th', NULL, '2018-03-30 18:12:32', 0, 1, 4, '2018-06-27 10:19:18', '2018-06-27 10:19:18', NULL),
(336, 'Jidapa', '', 'jeeffy96@gmail.com', NULL, '2018-03-30 18:12:32', 0, 1, 3, '2018-06-27 10:19:18', '2018-06-27 10:19:18', NULL),
(337, 'ศันศนีย์', '', 'poosansanee@hotmail.com', NULL, '2018-03-30 18:12:32', 0, 1, 14, '2018-06-27 10:19:18', '2018-06-27 10:19:18', NULL),
(338, 'สาสา', '', 'pang_pon_1241@hotmail.com', NULL, '2018-03-30 18:12:32', 0, 1, 3, '2018-06-27 10:19:18', '2018-06-27 10:19:18', NULL),
(339, 'กิตติพิชญ์', '', 'kittipich.hp@gmail.com', NULL, '2018-03-30 18:12:32', 0, 1, 15, '2018-06-27 10:19:18', '2018-06-27 10:19:18', NULL),
(340, 'Ping', '', 'b@hotmail.com', NULL, '2018-03-30 18:12:32', 0, 1, 8, '2018-06-27 10:19:18', '2018-06-27 10:19:18', NULL),
(341, 'Anantaya', '', 'sinsixga@gmail.com', NULL, '2018-03-30 18:12:32', 0, 1, 3, '2018-06-27 10:19:18', '2018-06-27 10:19:18', NULL),
(342, 'มณัญญา', '', 'mungming1617@gmail.com', NULL, '2018-03-30 18:12:32', 0, 1, 11, '2018-06-27 10:19:18', '2018-06-27 10:19:18', NULL),
(343, 'Salindar', '', 'salindar.ph@gmail.com', NULL, '2018-03-30 18:12:32', 0, 1, 3, '2018-06-27 10:19:18', '2018-06-27 10:19:18', NULL),
(344, 'Ben', '', 'benjawan9335@gmail.com', NULL, '2018-03-30 18:12:32', 0, 1, 15, '2018-06-27 10:19:18', '2018-06-27 10:19:18', NULL),
(345, 'Wes', '', 'wes.7893@hotmail.com', NULL, '2018-03-30 18:12:32', 0, 1, 3, '2018-06-27 10:19:18', '2018-06-27 10:19:18', NULL),
(346, 'ภพภณ', 'กมลกรวรรณ', 'pk1lawyer@hotmail.com', NULL, '2018-03-30 18:12:32', 0, 1, 8, '2018-06-27 10:19:18', '2018-06-27 10:19:18', NULL),
(347, 'รัชรินทร์', 'มั่งมี', 'visabe_meto@hotmail.com', NULL, '2018-03-30 18:12:32', 0, 1, 3, '2018-06-27 10:19:18', '2018-06-27 10:19:18', NULL),
(348, 'ปวีณา', 'ทาขาว', 'natsha1989@hotmail.com', NULL, '2018-03-30 18:12:32', 0, 1, 3, '2018-06-27 10:19:18', '2018-06-27 10:19:18', NULL),
(349, 'รา', '', 'fiks@gmail.com', NULL, '2018-03-30 18:12:32', 0, 1, 8, '2018-06-27 10:19:18', '2018-06-27 10:19:18', NULL),
(350, 'tracy', '', 'tracycrafts88@gmail.com', NULL, '2018-03-30 18:12:32', 0, 1, 5, '2018-06-27 10:19:18', '2018-06-27 10:19:18', NULL),
(351, 'มะขิ่น', '', 'thanny.ap001@hotmail.com', NULL, '2018-03-30 18:12:32', 0, 1, 3, '2018-06-27 10:19:18', '2018-06-27 10:19:18', NULL),
(352, 'Khwan', '', 'kasikam1990@gmail.com', NULL, '2018-03-30 18:12:32', 0, 1, 8, '2018-06-27 10:19:18', '2018-06-27 10:19:18', NULL),
(353, 'อารีย์', '', 'siaree@cpn.co.com', NULL, '2018-03-30 18:12:32', 0, 1, 11, '2018-06-27 10:19:18', '2018-06-27 10:19:18', NULL),
(354, 'ณัฐธยาน?', '', 'plum_555@hotmail.com', NULL, '2018-03-30 18:12:32', 0, 1, 18, '2018-06-27 10:19:18', '2018-06-27 10:19:18', NULL),
(355, 'Hxs', '', 'bJIo@gmail.com', NULL, '2018-03-30 18:12:32', 0, 1, 8, '2018-06-27 10:19:18', '2018-06-27 10:19:18', NULL),
(356, 'สมชาย', '', 'the_ladysrin@hotmail.com', NULL, '2018-03-30 18:12:32', 0, 1, 20, '2018-06-27 10:19:18', '2018-06-27 10:19:18', NULL),
(357, 'สมัชญา', '', 'emmiesmchy@hotmail.com', NULL, '2018-03-30 18:12:32', 0, 1, 3, '2018-06-27 10:19:18', '2018-06-27 10:19:18', NULL),
(358, 'วีณา', '', 'kikzee789@hotmail.com', NULL, '2018-03-30 18:12:32', 0, 1, 3, '2018-06-27 10:19:18', '2018-06-27 10:19:18', NULL),
(359, 'ชนาธิป', '', 'thipph6666@gmail.com', NULL, '2018-03-30 18:12:32', 0, 1, 3, '2018-06-27 10:19:18', '2018-06-27 10:19:18', NULL),
(360, 'จิตปฏิพัทธ์', 'เมืองศิริ', 'kingpai530@gmail.com', NULL, '2018-03-30 18:12:32', 0, 1, 20, '2018-06-27 10:19:18', '2018-06-27 10:19:18', NULL),
(361, 'กิตติศักดิ์', '', 'majarun@hotmail.com', NULL, '2018-03-30 18:12:32', 0, 1, 3, '2018-06-27 10:19:18', '2018-06-27 10:19:18', NULL);
INSERT INTO `contact` (`id`, `firstname`, `lastname`, `email`, `telephone`, `registration_date`, `is_owned`, `source_id`, `channel_id`, `created_at`, `updated_at`, `deleted_at`) VALUES
(362, 'จุฬารัตน์', 'ลิ้มโอชากุล', 'nongyok@mail.com', NULL, '2018-03-30 18:12:32', 0, 1, 3, '2018-06-27 10:19:18', '2018-06-27 10:19:18', NULL),
(363, 'ปวริศา', 'ฐานิกรวรภา', 'pawarisa_zoda@hotmail.co.th', NULL, '2018-03-30 18:12:32', 0, 1, 8, '2018-06-27 10:19:18', '2018-06-27 10:19:18', NULL),
(364, 'ขวัญตา', '', 'yung@gmail.com', NULL, '2018-03-30 18:12:32', 0, 1, 3, '2018-06-27 10:19:18', '2018-06-27 10:19:18', NULL),
(365, 'กานจนา', '', 'zaaaew12345@gmail.com', NULL, '2018-03-30 18:12:32', 0, 1, 3, '2018-06-27 10:19:18', '2018-06-27 10:19:18', NULL),
(366, 'เก๋', '', 'orawan9526@gmail.com', NULL, '2018-03-30 18:12:32', 0, 1, 3, '2018-06-27 10:19:18', '2018-06-27 10:19:18', NULL),
(367, 'แป้ง', '', '005_pang@hotmail.com', NULL, '2018-03-30 18:12:32', 0, 1, 11, '2018-06-27 10:19:18', '2018-06-27 10:19:18', NULL),
(368, 'Onuma', '', 'onuma_tonoa@icloud.com', NULL, '2018-03-30 18:12:32', 0, 1, 11, '2018-06-27 10:19:18', '2018-06-27 10:19:18', NULL),
(369, 'Chiyakam', '', 'chiyakan@hotmail.com', NULL, '2018-03-30 18:12:32', 0, 1, 11, '2018-06-27 10:19:18', '2018-06-27 10:19:18', NULL),
(370, 'จันทิมา', '', 'jathima@kjst.ac.th', NULL, '2018-03-30 18:12:32', 0, 1, 4, '2018-06-27 10:19:18', '2018-06-27 10:19:18', NULL),
(371, 'Nutnicha', '', 'db19588@deebuk.ac.th', NULL, '2018-03-30 18:12:32', 0, 1, 20, '2018-06-27 10:19:18', '2018-06-27 10:19:18', NULL),
(372, 'ณัฐรดา', '', 'ping_ru@hotmail.com', NULL, '2018-03-30 18:12:32', 0, 1, 5, '2018-06-27 10:19:18', '2018-06-27 10:19:18', NULL),
(373, 'จันทร์จิรา', '', 'kru.janji@hotmail.com', NULL, '2018-03-30 18:12:32', 0, 1, 3, '2018-06-27 10:19:18', '2018-06-27 10:19:18', NULL),
(374, 'รัตนา', '', 'rattana_kala@hotmaol.com', NULL, '2018-03-30 18:12:32', 0, 1, 18, '2018-06-27 10:19:18', '2018-06-27 10:19:18', NULL),
(375, 'พัชรพร', 'ณรงค์หนู', 'praew_20544@hotmail.com', NULL, '2018-03-30 18:12:32', 0, 1, 3, '2018-06-27 10:19:18', '2018-06-27 10:19:18', NULL),
(376, 'ธีดา', 'ประมวลกิจจา', 'teeda119@gmail.com', NULL, '2018-03-30 18:12:32', 0, 1, 15, '2018-06-27 10:19:18', '2018-06-27 10:19:18', NULL),
(377, 'Montana', '', 'mruchirasak@gmail.com', NULL, '2018-03-30 18:12:32', 0, 1, 3, '2018-06-27 10:19:18', '2018-06-27 10:19:18', NULL),
(378, 'สุพัตรา', 'ซันประสิทธิ์', 'Supattarsunpasit@gmail.com', NULL, '2018-03-30 18:12:32', 0, 1, 3, '2018-06-27 10:19:18', '2018-06-27 10:19:18', NULL),
(379, 'ปรีดา', '', 'super_leam@hotmail.com', NULL, '2018-03-30 18:12:32', 0, 1, 3, '2018-06-27 10:19:18', '2018-06-27 10:19:18', NULL),
(380, 'อนัญชนา', '', 'j_ananchana@hotmail.com', NULL, '2018-03-30 18:12:32', 0, 1, 3, '2018-06-27 10:19:18', '2018-06-27 10:19:18', NULL),
(381, 'mod', '', 'extranurse21@gmail.com', NULL, '2018-03-30 18:12:32', 0, 1, 3, '2018-06-27 10:19:18', '2018-06-27 10:19:18', NULL),
(382, 'อินทิรา', '', 'sean.janein@gmail.com', NULL, '2018-03-30 18:12:32', 0, 1, 11, '2018-06-27 10:19:18', '2018-06-27 10:19:18', NULL),
(383, 'ลัลน์รดา', 'พิชยไวยากุล', 'nuntaporn.vaiyakorn@gmail.com', NULL, '2018-03-30 18:12:32', 0, 1, 3, '2018-06-27 10:19:18', '2018-06-27 10:19:18', NULL),
(384, 'parinya', '', 'ohonaya@hotmail.com', NULL, '2018-03-30 18:12:32', 0, 1, 11, '2018-06-27 10:19:18', '2018-06-27 10:19:18', NULL),
(385, 'Pathomporn', '', 'dapkool.lol@gmail.com', NULL, '2018-03-30 18:12:32', 0, 1, 5, '2018-06-27 10:19:18', '2018-06-27 10:19:18', NULL),
(386, 'นารีสา', '', 'malai.kakpah@hotmail.com', NULL, '2018-03-30 18:12:32', 0, 1, 3, '2018-06-27 10:19:18', '2018-06-27 10:19:18', NULL),
(387, 'ณัฐชานันท์', 'วรรณภิละ', 'krunatchanan@gmail.com', NULL, '2018-03-30 18:12:32', 0, 1, 11, '2018-06-27 10:19:18', '2018-06-27 10:19:18', NULL),
(388, 'Afandy', '', 'afandy2114@gmail.com', NULL, '2018-03-30 18:12:32', 0, 1, 5, '2018-06-27 10:19:18', '2018-06-27 10:19:18', NULL),
(389, 'Sutita', 'Sukying', 'sutita.sukying@gmail.com', NULL, '2018-03-30 18:12:32', 0, 1, 4, '2018-06-27 10:19:18', '2018-06-27 10:19:18', NULL),
(390, 'ทองใบ', 'แต้มทอง', 'tonglai250@gmail.com', NULL, '2018-03-30 18:12:32', 0, 1, 11, '2018-06-27 10:19:18', '2018-06-27 10:19:18', NULL),
(391, 'นัยนันทน์', 'นวลโกฏ', 'naiya.tsd@gmail.com', NULL, '2018-03-30 18:12:32', 0, 1, 11, '2018-06-27 10:19:18', '2018-06-27 10:19:18', NULL),
(392, 'Lalabelle', '', 'ebellelue61@gmail.com', NULL, '2018-03-30 18:12:32', 0, 1, 11, '2018-06-27 10:19:18', '2018-06-27 10:19:18', NULL),
(393, 'Sawita', 'Rungsuk', 'sawita.rianny@gmail.com', NULL, '2018-03-30 18:12:32', 0, 1, 3, '2018-06-27 10:19:18', '2018-06-27 10:19:18', NULL),
(394, 'Nanpa-on', '', 'nanpa-on81@hotmail.com', NULL, '2018-03-30 18:12:32', 0, 1, 3, '2018-06-27 10:19:18', '2018-06-27 10:19:18', NULL),
(395, 'ธันยา', '', 'yapk192@gmail.com', NULL, '2018-03-30 18:12:32', 0, 1, 11, '2018-06-27 10:19:18', '2018-06-27 10:19:18', NULL),
(396, 'ชุติกาญจน์', '', '1809gif@gmail.com', NULL, '2018-03-30 18:12:32', 0, 1, 4, '2018-06-27 10:19:18', '2018-06-27 10:19:18', NULL),
(397, 'จรัสพร', '', 'baifern230539@gmail.com', NULL, '2018-03-30 18:12:32', 0, 1, 9, '2018-06-27 10:19:18', '2018-06-27 10:19:18', NULL),
(398, 'Panita', '', 'kwan_pani@hotmail.com', NULL, '2018-03-30 18:12:32', 0, 1, 8, '2018-06-27 10:19:18', '2018-06-27 10:19:18', NULL),
(399, 'ฟ้า', '', 'hifar814@hotmail.ci.th', NULL, '2018-03-30 18:12:32', 0, 1, 17, '2018-06-27 10:19:18', '2018-06-27 10:19:18', NULL),
(400, 'Teerpong', '', 'New000name@hotmail.com', NULL, '2018-03-30 18:12:32', 0, 1, 3, '2018-06-27 10:19:18', '2018-06-27 10:19:18', NULL),
(401, 'Pimavach', '', 'pimacoff@gmail.com', NULL, '2018-03-30 18:12:32', 0, 1, 8, '2018-06-27 10:19:18', '2018-06-27 10:19:18', NULL),
(402, 'อิสระ', '', 'isarax@yahoo.com', NULL, '2018-03-30 18:12:32', 0, 1, 3, '2018-06-27 10:19:18', '2018-06-27 10:19:18', NULL),
(403, 'บุญฑิกา', 'ลัดลอย', 'boontika55@hotmail.com', NULL, '2018-03-30 18:12:32', 0, 1, 11, '2018-06-27 10:19:18', '2018-06-27 10:19:18', NULL),
(404, 'กิ่งกาญจน์', 'ชัยสวัสดิ์', 'kingpechkp252628@hotmail.co.th', NULL, '2018-03-30 18:12:32', 0, 1, 3, '2018-06-27 10:19:18', '2018-06-27 10:19:18', NULL),
(405, 'พินิต', '', 'pinit0874830541@gmail.com', NULL, '2018-03-30 18:12:32', 0, 1, 4, '2018-06-27 10:19:18', '2018-06-27 10:19:18', NULL),
(406, 'วิรุฬห์', '', 'Koreakaanzijile@gmail.com', NULL, '2018-03-30 18:12:32', 0, 1, 3, '2018-06-27 10:19:18', '2018-06-27 10:19:18', NULL),
(407, 'Kamonkarn', 'sattayachai', 'kamonarn@gmail.com', NULL, '2018-03-30 18:12:32', 0, 1, 8, '2018-06-27 10:19:18', '2018-06-27 10:19:18', NULL),
(408, 'มุก', '', 'fatymook@outlook.co.th', NULL, '2018-03-30 18:12:32', 0, 1, 9, '2018-06-27 10:19:18', '2018-06-27 10:19:18', NULL),
(409, 'Phunbenyada', '', 'nok_icu@hotmail.com', NULL, '2018-03-30 18:12:32', 0, 1, 3, '2018-06-27 10:19:18', '2018-06-27 10:19:18', NULL),
(410, 'เบญ', '', 'ben63645@gmail.com', NULL, '2018-03-30 18:12:32', 0, 1, 3, '2018-06-27 10:19:18', '2018-06-27 10:19:18', NULL),
(411, 'ทิพ', '', 'sdwdd@hotmail.com', NULL, '2018-03-30 18:12:32', 0, 1, 3, '2018-06-27 10:19:18', '2018-06-27 10:19:18', NULL),
(412, 'เอ๋', '', 'pornnapa_i@yahoo.com', NULL, '2018-03-30 18:12:32', 0, 1, 3, '2018-06-27 10:19:18', '2018-06-27 10:19:18', NULL),
(413, 'Kamonchanok', '', 'junhsqx@gmail.com', NULL, '2018-03-30 18:12:32', 0, 1, 3, '2018-06-27 10:19:18', '2018-06-27 10:19:18', NULL),
(414, 'สุพรรษา', '', 'appleapple771@hotmail.com', NULL, '2018-03-30 18:12:32', 0, 1, 3, '2018-06-27 10:19:18', '2018-06-27 10:19:18', NULL),
(415, 'pp', '', 'plai_pha@hotmail.com', NULL, '2018-03-30 18:12:32', 0, 1, 11, '2018-06-27 10:19:18', '2018-06-27 10:19:18', NULL),
(416, 'Phitinan', '', 'malaleen@hotmail.com', NULL, '2018-03-30 18:12:32', 0, 1, 3, '2018-06-27 10:19:18', '2018-06-27 10:19:18', NULL),
(417, 'ปทิตตา', '', 'wormfrog19@gmail.com', NULL, '2018-03-30 18:12:32', 0, 1, 5, '2018-06-27 10:19:18', '2018-06-27 10:19:18', NULL),
(418, 'Terafay', '', 'vijitsri.y@gmail.com', NULL, '2018-03-30 18:12:32', 0, 1, 3, '2018-06-27 10:19:18', '2018-06-27 10:19:18', NULL),
(419, 'O', '', 'noppawan307@gmail.com', NULL, '2018-03-30 18:12:32', 0, 1, 8, '2018-06-27 10:19:18', '2018-06-27 10:19:18', NULL),
(420, 'เติมรัตน์', '', 'noutem@hotmail.com', NULL, '2018-03-30 18:12:32', 0, 1, 3, '2018-06-27 10:19:18', '2018-06-27 10:19:18', NULL),
(421, 'รีาา', '', 'vhukkxxs@hotmail.com', NULL, '2018-03-30 18:12:32', 0, 1, 15, '2018-06-27 10:19:18', '2018-06-27 10:19:18', NULL),
(422, 'สวรินทร์', '', 'sawarinyaklein@gmail.com', NULL, '2018-03-30 18:12:32', 0, 1, 3, '2018-06-27 10:19:18', '2018-06-27 10:19:18', NULL),
(423, 'Mint', '', 'uptome.mintty@gmail.com', NULL, '2018-03-30 18:12:32', 0, 1, 8, '2018-06-27 10:19:18', '2018-06-27 10:19:18', NULL),
(424, 'พิไลวรรณ', 'รักษ์ณรงค์', 'ploy2011033@gmail.com', NULL, '2018-03-30 18:12:32', 0, 1, 3, '2018-06-27 10:19:18', '2018-06-27 10:19:18', NULL),
(425, 'นิภา', 'มีท่า', 'nuniandsunny@gmail.com', NULL, '2018-03-30 18:12:32', 0, 1, 5, '2018-06-27 10:19:18', '2018-06-27 10:19:18', NULL),
(426, 'Siri', '', 'siriwaan@hotmail.com', NULL, '2018-03-30 18:12:32', 0, 1, 3, '2018-06-27 10:19:18', '2018-06-27 10:19:18', NULL),
(427, 'Ayisha', '', 'Oomzaa9@gmail.com', NULL, '2018-03-30 18:12:32', 0, 1, 3, '2018-06-27 10:19:18', '2018-06-27 10:19:18', NULL),
(428, 'Sausan', 'hayeedolah', 'sausan_dorni@yahoo.com', NULL, '2018-03-30 18:12:32', 0, 1, 11, '2018-06-27 10:19:18', '2018-06-27 10:19:18', NULL),
(429, 'สาธิกา', 'เดชศรี', 'aeszxc17@gmail.com', NULL, '2018-03-30 18:12:32', 0, 1, 11, '2018-06-27 10:19:18', '2018-06-27 10:19:18', NULL),
(430, 'ณัฐวดี', '', 'Mankarin4@gmail.com', NULL, '2018-03-30 18:12:32', 0, 1, 11, '2018-06-27 10:19:18', '2018-06-27 10:19:18', NULL),
(431, 'วรรณภา', '', 'wannapa.xx@gmail.com', NULL, '2018-03-30 18:12:32', 0, 1, 3, '2018-06-27 10:19:18', '2018-06-27 10:19:18', NULL),
(432, 'พี', '', 'pukchunya@gmail.com', NULL, '2018-03-30 18:12:32', 0, 1, 8, '2018-06-27 10:19:18', '2018-06-27 10:19:18', NULL),
(433, 'นพมาศ', '', 'amthongnobpamat@gmail.com', NULL, '2018-03-30 18:12:32', 0, 1, 3, '2018-06-27 10:19:18', '2018-06-27 10:19:18', NULL),
(434, 'นาริซา', 'กาหลี', 'ohmkhanet29052543@gmail.com', NULL, '2018-03-30 18:12:32', 0, 1, 11, '2018-06-27 10:19:18', '2018-06-27 10:19:18', NULL),
(435, 'นาริฐา', '', 'sesitive_k_k194@hotmail.com', NULL, '2018-03-30 18:12:32', 0, 1, 3, '2018-06-27 10:19:18', '2018-06-27 10:19:18', NULL),
(436, 'Amaraporn', '', 'kamara_charoensuk@outlook.com', NULL, '2018-03-30 18:12:32', 0, 1, 3, '2018-06-27 10:19:18', '2018-06-27 10:19:18', NULL),
(437, 'ศศิภา', 'บุญยืน', 'sasipha1010@gmail.com', NULL, '2018-03-30 18:12:32', 0, 1, 11, '2018-06-27 10:19:18', '2018-06-27 10:19:18', NULL),
(438, 'Thanutcha', '', 'Mint__mink@hotmail.com', NULL, '2018-03-30 18:12:32', 0, 1, 3, '2018-06-27 10:19:18', '2018-06-27 10:19:18', NULL),
(439, 'ลลิตา', 'มานพ', 'meen_air@hotmail.com', NULL, '2018-03-30 18:12:32', 0, 1, 11, '2018-06-27 10:19:18', '2018-06-27 10:19:18', NULL),
(440, 'นายณรงฤทธิ์', 'เพชร', 'n20205@hotmail.com', NULL, '2018-03-30 18:12:32', 0, 1, 11, '2018-06-27 10:19:18', '2018-06-27 10:19:18', NULL),
(441, 'ธาริณี', '', 'izandy1991@gmail.com', NULL, '2018-03-30 18:12:32', 0, 1, 3, '2018-06-27 10:19:18', '2018-06-27 10:19:18', NULL),
(442, 'พิมพ์นารา', '', 'pimnara.k@bemplc.co.th', NULL, '2018-03-30 18:12:32', 0, 1, 3, '2018-06-27 10:19:18', '2018-06-27 10:19:18', NULL),
(443, 'Sine', '', 'littledeer_@hotmail.com', NULL, '2018-03-30 18:12:32', 0, 1, 11, '2018-06-27 10:19:18', '2018-06-27 10:19:18', NULL),
(444, 'ณัฐนันท์', 'จิระประดิษฐา', 'nattanun_ji@hotmail.com', NULL, '2018-03-30 18:12:32', 0, 1, 5, '2018-06-27 10:19:18', '2018-06-27 10:19:18', NULL),
(445, 'fernht', '', 'ponmaneec07@gmail.com', NULL, '2018-03-30 18:12:32', 0, 1, 3, '2018-06-27 10:19:18', '2018-06-27 10:19:18', NULL),
(446, 'Sirinart', '', 'ssodaa.p@hotmail.com', NULL, '2018-03-30 18:12:32', 0, 1, 3, '2018-06-27 10:19:19', '2018-06-27 10:19:19', NULL),
(447, 'หยาดฟ้า', 'วิชาพร', 'yadphawcp@gmail.com', NULL, '2018-03-30 18:12:32', 0, 1, 3, '2018-06-27 10:19:19', '2018-06-27 10:19:19', NULL),
(448, 'Supranee', 'Khumsiwai', 'obsupranee.602@gmail.com', NULL, '2018-03-30 18:12:32', 0, 1, 4, '2018-06-27 10:19:19', '2018-06-27 10:19:19', NULL),
(449, 'นา', '', 'na_orlandoblum@hotmail.com', NULL, '2018-03-30 18:12:32', 0, 1, 5, '2018-06-27 10:19:19', '2018-06-27 10:19:19', NULL),
(450, 'นงค์ลักษณ์', '', 'njandee1985@gmail.com', NULL, '2018-03-30 18:12:32', 0, 1, 8, '2018-06-27 10:19:19', '2018-06-27 10:19:19', NULL),
(451, 'Min', '', 'minmin_1996@hotmail.com', NULL, '2018-03-30 18:12:32', 0, 1, 11, '2018-06-27 10:19:19', '2018-06-27 10:19:19', NULL),
(452, 'Ammy', '', 'ammybmwe34@hotmail.co.th', NULL, '2018-03-30 18:12:32', 0, 1, 3, '2018-06-27 10:19:19', '2018-06-27 10:19:19', NULL),
(453, 'Manisorn', '', 'tiina.giggew@outlook.com', NULL, '2018-03-30 18:12:32', 0, 1, 22, '2018-06-27 10:19:19', '2018-06-27 10:19:19', NULL),
(454, 'PASAN', 'SAENGSRI', 'pa_san2505@hotmail.com', NULL, '2018-03-30 18:12:32', 0, 1, 11, '2018-06-27 10:19:19', '2018-06-27 10:19:19', NULL),
(455, 'sunisa', 'yooprasert', 'noonniis@hotmail.com', NULL, '2018-03-30 18:12:32', 0, 1, 3, '2018-06-27 10:19:19', '2018-06-27 10:19:19', NULL),
(456, 'Ketsaranan', '', 'ketsaranan.su@gmail.com', NULL, '2018-03-30 18:12:32', 0, 1, 19, '2018-06-27 10:19:19', '2018-06-27 10:19:19', NULL),
(457, 'วิรัญชนา', 'คติพงศานุวัตร', 'giftfy.th.eng@gmail.com', NULL, '2018-03-30 18:12:32', 0, 1, 5, '2018-06-27 10:19:19', '2018-06-27 10:19:19', NULL),
(458, 'littichai', 'kammee', 'kammeelittichai@gmail.com', NULL, '2018-03-30 18:12:32', 0, 1, 16, '2018-06-27 10:19:19', '2018-06-27 10:19:19', NULL),
(459, 'รอมซี', 'แวกะจิ', 'romsee5847@gmail.com', NULL, '2018-03-30 18:12:32', 0, 1, 3, '2018-06-27 10:19:19', '2018-06-27 10:19:19', NULL),
(460, 'สุวรรณา', '', 'Suvanna142533@gmail.com', NULL, '2018-03-30 18:12:32', 0, 1, 3, '2018-06-27 10:19:19', '2018-06-27 10:19:19', NULL),
(461, 'Wannadee', '', 'wdkit@hotmail.com', NULL, '2018-03-30 18:12:32', 0, 1, 11, '2018-06-27 10:19:19', '2018-06-27 10:19:19', NULL),
(462, 'Jirapohn', '', 'jira-manee@hotmail.conm', NULL, '2018-03-30 18:12:32', 0, 1, 3, '2018-06-27 10:19:19', '2018-06-27 10:19:19', NULL),
(463, 'Anny', '', 'anny_td@hotmail.com', NULL, '2018-03-30 18:12:32', 0, 1, 3, '2018-06-27 10:19:19', '2018-06-27 10:19:19', NULL),
(464, 'ลลิตา', '', 'lalitakeeprawat@gmail.com', NULL, '2018-03-30 18:12:32', 0, 1, 3, '2018-06-27 10:19:19', '2018-06-27 10:19:19', NULL),
(465, 'กชพร', 'ดวงมณี', 'kachaporn.d@ku.th', NULL, '2018-03-30 18:12:32', 0, 1, 4, '2018-06-27 10:19:19', '2018-06-27 10:19:19', NULL),
(466, 'นิรชา', '', 'nik.sara1825@gmail.com', NULL, '2018-03-30 18:12:32', 0, 1, 11, '2018-06-27 10:19:19', '2018-06-27 10:19:19', NULL),
(467, 'ศิริรัตน์', '', 'sirilat_@hotmail.com', NULL, '2018-03-30 18:12:32', 0, 1, 3, '2018-06-27 10:19:19', '2018-06-27 10:19:19', NULL),
(468, 'สุปราณี', 'ขวัญพงษ์', 'manewnew@gmail.com', NULL, '2018-03-30 18:12:32', 0, 1, 21, '2018-06-27 10:19:19', '2018-06-27 10:19:19', NULL),
(469, 'นุช', '', 'nuch_jungko@hotmail.com', NULL, '2018-03-30 18:12:32', 0, 1, 3, '2018-06-27 10:19:19', '2018-06-27 10:19:19', NULL),
(470, 'สุวลักษณ์', '', 'jar2540.sa@gmail.com', NULL, '2018-03-30 18:12:32', 0, 1, 11, '2018-06-27 10:19:19', '2018-06-27 10:19:19', NULL),
(471, 'มุกข์จรินทร์', 'กุลนะ', 'mook_m11@hotmail.com', NULL, '2018-03-30 18:12:32', 0, 1, 4, '2018-06-27 10:19:19', '2018-06-27 10:19:19', NULL),
(472, 'อนุศร', 'ชื่นจำปา', 'nsvD3568@gmail.com', NULL, '2018-03-30 18:12:32', 0, 1, 3, '2018-06-27 10:19:19', '2018-06-27 10:19:19', NULL),
(473, 'Orapan', 'oudkom', 'orapanoudkom@hotmai.com', NULL, '2018-03-30 18:12:32', 0, 1, 11, '2018-06-27 10:19:19', '2018-06-27 10:19:19', NULL),
(474, 'ผกาวัลย์', '', 'pakawan.komna0950@gmail.com', NULL, '2018-03-30 18:12:32', 0, 1, 3, '2018-06-27 10:19:19', '2018-06-27 10:19:19', NULL),
(475, 'วิภา', '', 'vipajitpophet@gmail.com', NULL, '2018-03-30 18:12:32', 0, 1, 11, '2018-06-27 10:19:19', '2018-06-27 10:19:19', NULL),
(476, 'Nuttika', '', 's.nuttika@hotmail.com', NULL, '2018-03-30 18:12:32', 0, 1, 4, '2018-06-27 10:19:19', '2018-06-27 10:19:19', NULL),
(477, 'Sakdanai', '', 'sakdanai7@gmail.com', NULL, '2018-03-30 18:12:32', 0, 1, 8, '2018-06-27 10:19:19', '2018-06-27 10:19:19', NULL),
(478, 'นิพล', 'ปิ่นหอม', 'niponolee@gmail.com', NULL, '2018-03-30 18:12:32', 0, 1, 11, '2018-06-27 10:19:19', '2018-06-27 10:19:19', NULL),
(479, 'ปิยะ', 'กิตติภาดากุล', 'kittipadakul@yahoo.com', NULL, '2018-03-30 18:12:32', 0, 1, 8, '2018-06-27 10:19:19', '2018-06-27 10:19:19', NULL),
(480, 'เครือวัลย์', 'ยอดวงค์ษา', 'koilovefanclubbie@gmail.com', NULL, '2018-03-30 18:12:32', 0, 1, 11, '2018-06-27 10:19:19', '2018-06-27 10:19:19', NULL),
(481, 'Muk', '', 'muk170838@gmail.com', NULL, '2018-03-30 18:12:32', 0, 1, 9, '2018-06-27 10:19:19', '2018-06-27 10:19:19', NULL),
(482, 'Rinporn', '', 'chor_rin333@hotmail.com', NULL, '2018-03-30 18:12:32', 0, 1, 3, '2018-06-27 10:19:19', '2018-06-27 10:19:19', NULL),
(483, 'บีม', '', 'beam_taestop@hotmail.com', NULL, '2018-03-30 18:12:32', 0, 1, 3, '2018-06-27 10:19:19', '2018-06-27 10:19:19', NULL),
(484, 'Somkid', '', 'karlenclan@gmail.com', NULL, '2018-03-30 18:12:32', 0, 1, 11, '2018-06-27 10:19:19', '2018-06-27 10:19:19', NULL),
(485, 'ฐานิสา', '', 'fahfarfromhere@gmail.com', NULL, '2018-03-30 18:12:32', 0, 1, 3, '2018-06-27 10:19:19', '2018-06-27 10:19:19', NULL),
(486, 'Pack', '', 'pack_genie@hotmail.com', NULL, '2018-03-30 18:12:32', 0, 1, 11, '2018-06-27 10:19:19', '2018-06-27 10:19:19', NULL),
(487, 'กล็อฟ', '', 'golfzabaparung@fmail.com', NULL, '2018-03-30 18:12:32', 0, 1, 11, '2018-06-27 10:19:19', '2018-06-27 10:19:19', NULL),
(488, 'กรองกาญจน์', 'ฉลาดแย้ม', 'pskapat39@gmail.com', NULL, '2018-03-30 18:12:32', 0, 1, 3, '2018-06-27 10:19:19', '2018-06-27 10:19:19', NULL),
(489, 'ขวัญ', '', 'heluxmrung@gmail.com', NULL, '2018-03-30 18:12:32', 0, 1, 3, '2018-06-27 10:19:19', '2018-06-27 10:19:19', NULL),
(490, 'ศิวาพร', 'ไชยดำรงค์', 'tomzee55@gmail.com', NULL, '2018-03-30 18:12:32', 0, 1, 11, '2018-06-27 10:19:19', '2018-06-27 10:19:19', NULL),
(491, 'เอกพจน์', '', 'aekkpoj556@gmail.com', NULL, '2018-03-30 18:12:32', 0, 1, 3, '2018-06-27 10:19:19', '2018-06-27 10:19:19', NULL),
(492, 'อรรถพล', '', 'babyloveaud001@gmail.com', NULL, '2018-03-30 18:12:32', 0, 1, 11, '2018-06-27 10:19:19', '2018-06-27 10:19:19', NULL),
(493, 'ฐิตาภา', 'เวียงธรรม', 'tita.meaw1993@hotmail.ocm', NULL, '2018-03-30 18:12:32', 0, 1, 9, '2018-06-27 10:19:19', '2018-06-27 10:19:19', NULL),
(494, 'ธนทัต', '', 'tong.thanathat78@gmail.com', NULL, '2018-03-30 18:12:32', 0, 1, 4, '2018-06-27 10:19:19', '2018-06-27 10:19:19', NULL),
(495, 'นางสาวพิชามญชุ์', 'บ่างวิรุฬห์รักษ์', 'supanna1980@gmail.com', NULL, '2018-03-30 18:12:32', 0, 1, 9, '2018-06-27 10:19:19', '2018-06-27 10:19:19', NULL),
(496, 'max', '', 'oil-0003@hotmail.com', NULL, '2018-03-30 18:12:32', 0, 1, 4, '2018-06-27 10:19:19', '2018-06-27 10:19:19', NULL),
(497, 'Prianjit', '', 'prianjit7179@gmill.com', NULL, '2018-03-30 18:12:32', 0, 1, 3, '2018-06-27 10:19:19', '2018-06-27 10:19:19', NULL),
(498, 'อุดมพร', '', 'babylovenong9@gmail.com', NULL, '2018-03-30 18:12:32', 0, 1, 11, '2018-06-27 10:19:19', '2018-06-27 10:19:19', NULL),
(499, 'Ponwipat', 'nitipongjitti', 'ponwipat@gmail.com', NULL, '2018-03-30 18:12:32', 0, 1, 3, '2018-06-27 10:19:19', '2018-06-27 10:19:19', NULL),
(500, 'นันทิชา', 'นิสัน', 'sknanticha123@gmail.com', NULL, '2018-03-30 18:12:32', 0, 1, 4, '2018-06-27 10:19:19', '2018-06-27 10:19:19', NULL),
(501, 'Nee', '', 'aaareya.nnn@hotmail.com', NULL, '2018-03-30 18:12:32', 0, 1, 3, '2018-06-27 10:19:19', '2018-06-27 10:19:19', NULL),
(502, 'พลอย', '', 'passorn-ploy@hotmail.com', NULL, '2018-03-30 18:12:32', 0, 1, 20, '2018-06-27 10:19:19', '2018-06-27 10:19:19', NULL),
(503, 'อรกัญญา', '', 'unchareemoo1983@gmail.com', NULL, '2018-03-30 18:12:32', 0, 1, 11, '2018-06-27 10:19:19', '2018-06-27 10:19:19', NULL),
(504, 'ดุษฏี', 'ชารี', 'dutdee5432@gmail.com', NULL, '2018-03-30 18:12:32', 0, 1, 11, '2018-06-27 10:19:19', '2018-06-27 10:19:19', NULL),
(505, 'นิติรัฐ', 'มูลมณี', 'tengneung7933@gmail.com', NULL, '2018-03-30 18:12:32', 0, 1, 14, '2018-06-27 10:19:19', '2018-06-27 10:19:19', NULL),
(506, 'ชณัณพัชร์', 'วรรณรัชตะพัชร์', 'netnaphachaiwut0309@gmail.com', NULL, '2018-03-30 18:12:32', 0, 1, 8, '2018-06-27 10:19:19', '2018-06-27 10:19:19', NULL),
(507, 'Thanawan', 'Piyasing', 'thanawanpiyasing@gmail.com', NULL, '2018-03-30 18:12:32', 0, 1, 3, '2018-06-27 10:19:19', '2018-06-27 10:19:19', NULL),
(508, 'สนัญชญา', 'โสภา', 'manoprom_bge@hotmail.com', NULL, '2018-03-30 18:12:32', 0, 1, 3, '2018-06-27 10:19:19', '2018-06-27 10:19:19', NULL),
(509, 'ณัฐพล', 'พ่วงพันธ์', 'nuttapon555@windowslive.com', NULL, '2018-03-30 18:12:32', 0, 1, 3, '2018-06-27 10:19:19', '2018-06-27 10:19:19', NULL),
(510, 'วาสนา', '', 'katai_hooyao@hotmail.com', NULL, '2018-03-30 18:12:32', 0, 1, 11, '2018-06-27 10:19:19', '2018-06-27 10:19:19', NULL),
(511, 'ณัฐพล', 'ประทุมมัง', 'pausemar2@gmail.com', NULL, '2018-03-30 18:12:32', 0, 1, 4, '2018-06-27 10:19:19', '2018-06-27 10:19:19', NULL),
(512, 'Saruth', '', 'saruth789@gmail.com', NULL, '2018-03-30 18:12:32', 0, 1, 9, '2018-06-27 10:19:19', '2018-06-27 10:19:19', NULL),
(513, 'ปอปลา', '', 'lookplachansot@gmail.com', NULL, '2018-03-30 18:12:32', 0, 1, 11, '2018-06-27 10:19:19', '2018-06-27 10:19:19', NULL),
(514, 'กวิสรา', 'ศรีสุพพัตพงษ์', 'kwiss_s@hotmail.com', NULL, '2018-03-30 18:12:32', 0, 1, 17, '2018-06-27 10:19:19', '2018-06-27 10:19:19', NULL),
(515, 'นันทนัส', '', 'aurasa696@gmail.com', NULL, '2018-03-30 18:12:32', 0, 1, 3, '2018-06-27 10:19:19', '2018-06-27 10:19:19', NULL),
(516, 'Korngamol', '', 'nookniklovetar@gmail.com', NULL, '2018-03-30 18:12:32', 0, 1, 11, '2018-06-27 10:19:19', '2018-06-27 10:19:19', NULL),
(517, 'ณิชชารีย์', '', 'noi_pct@hotmail.com', NULL, '2018-03-30 18:12:32', 0, 1, 11, '2018-06-27 10:19:19', '2018-06-27 10:19:19', NULL),
(518, 'ศิริยา', '', 'mindsiriya@gmail.com', NULL, '2018-03-30 18:12:32', 0, 1, 3, '2018-06-27 10:19:19', '2018-06-27 10:19:19', NULL),
(519, 'ประณาลี', '', 'coach.pranalee36@gmail.com', NULL, '2018-03-30 18:12:32', 0, 1, 11, '2018-06-27 10:19:19', '2018-06-27 10:19:19', NULL),
(520, 'ยวิษฐา', 'โสมะมี', 'nidlove1997@gmail.com', NULL, '2018-03-30 18:12:32', 0, 1, 4, '2018-06-27 10:19:19', '2018-06-27 10:19:19', NULL),
(521, 'Nursanita', '', 'nursanita69@gmail.com', NULL, '2018-03-30 18:12:32', 0, 1, 11, '2018-06-27 10:19:19', '2018-06-27 10:19:19', NULL),
(522, 'ฐิติมา', 'เพียรผล', 'thitima4399@gmail.com', NULL, '2018-03-30 18:12:32', 0, 1, 3, '2018-06-27 10:19:19', '2018-06-27 10:19:19', NULL),
(523, 'ศิริรสนา', '', 'siriros-aia@hotmail.com', NULL, '2018-03-30 18:12:32', 0, 1, 3, '2018-06-27 10:19:19', '2018-06-27 10:19:19', NULL),
(524, 'น้อง', '', 'nok5868@hotmail.com', NULL, '2018-03-30 18:12:32', 0, 1, 3, '2018-06-27 10:19:19', '2018-06-27 10:19:19', NULL),
(525, 'กษิรา', '', 'toeykasira@gmail.com', NULL, '2018-03-30 18:12:32', 0, 1, 3, '2018-06-27 10:19:19', '2018-06-27 10:19:19', NULL),
(526, 'นส.อารียา', 'ชูเลิศ', 'chuleart@hotmail.com', NULL, '2018-03-30 18:12:32', 0, 1, 3, '2018-06-27 10:19:19', '2018-06-27 10:19:19', NULL),
(527, 'Ploynapat', '', 'tonlhiww@gmail.com', NULL, '2018-03-30 18:12:32', 0, 1, 22, '2018-06-27 10:19:19', '2018-06-27 10:19:19', NULL),
(528, 'น.ส.อาชียา', 'มะโนเที่ยง', 'bowey.maccy@gmail.com', NULL, '2018-03-30 18:12:32', 0, 1, 11, '2018-06-27 10:19:19', '2018-06-27 10:19:19', NULL),
(529, 'ชนกานต์', '', 'minchanakan@hotmail.com', NULL, '2018-03-30 18:12:32', 0, 1, 4, '2018-06-27 10:19:19', '2018-06-27 10:19:19', NULL),
(530, 'กรดนัย', '', 'korn_danai@hotmail.com', NULL, '2018-03-30 18:12:32', 0, 1, 3, '2018-06-27 10:19:19', '2018-06-27 10:19:19', NULL),
(531, 'สุดารัตน์', '', 'sudarat.wannasilapin@dhl.com', NULL, '2018-03-30 18:12:32', 0, 1, 3, '2018-06-27 10:19:19', '2018-06-27 10:19:19', NULL),
(532, 'หทัยชนก', '', 'hataichanok_mm@hotmail.com', NULL, '2018-03-30 18:12:32', 0, 1, 11, '2018-06-27 10:19:19', '2018-06-27 10:19:19', NULL),
(533, 'กบ', '', 'kereojung29@gmail.com', NULL, '2018-03-30 18:12:32', 0, 1, 5, '2018-06-27 10:19:19', '2018-06-27 10:19:19', NULL),
(534, 'กุลวีณ์', '', 'jungjing@msn.com', NULL, '2018-03-30 18:12:32', 0, 1, 3, '2018-06-27 10:19:19', '2018-06-27 10:19:19', NULL),
(535, 'วนิดา', '', 'yada2527.p@gmail.com', NULL, '2018-03-30 18:12:32', 0, 1, 3, '2018-06-27 10:19:19', '2018-06-27 10:19:19', NULL),
(536, 'พัชราพร', '', 'den_2534@hotmail.com', NULL, '2018-03-30 18:12:32', 0, 1, 3, '2018-06-27 10:19:19', '2018-06-27 10:19:19', NULL),
(537, 'Na', '', 'nangnakra97@gmail.com', NULL, '2018-03-30 18:12:32', 0, 1, 11, '2018-06-27 10:19:19', '2018-06-27 10:19:19', NULL),
(538, 'Pornphum', 'S.', 'parita2518@gmail.com', NULL, '2018-03-30 18:12:32', 0, 1, 11, '2018-06-27 10:19:19', '2018-06-27 10:19:19', NULL),
(539, 'Nialamiftah', '', 'AchnonDaoh_@hotmail.com', NULL, '2018-03-30 18:12:32', 0, 1, 11, '2018-06-27 10:19:19', '2018-06-27 10:19:19', NULL),
(540, 'ชวัลภร', 'ทิพยสาร', 'thippayasarn_cha@hotmail.com', NULL, '2018-03-30 18:12:32', 0, 1, 3, '2018-06-27 10:19:19', '2018-06-27 10:19:19', NULL),
(541, 'สุภัทรา', '', 'piggy_2010_8@hotmail.com', NULL, '2018-03-30 18:12:32', 0, 1, 3, '2018-06-27 10:19:19', '2018-06-27 10:19:19', NULL),
(542, 'Somnuk', 'สมนึก', 'sylvania_supervisor_sn@hotmail.co.th', NULL, '2018-03-30 18:12:32', 0, 1, 11, '2018-06-27 10:19:19', '2018-06-27 10:19:19', NULL),
(543, 'Wasan', '', 'comgod02@gmail.com', NULL, '2018-03-30 18:12:32', 0, 1, 8, '2018-06-27 10:19:19', '2018-06-27 10:19:19', NULL),
(544, 'Kanjana', '', 'doremon_sm@hotmail.com', NULL, '2018-03-30 18:12:32', 0, 1, 3, '2018-06-27 10:19:19', '2018-06-27 10:19:19', NULL),
(545, 'พร', 'เหลางาม', 'poam2523@gmail.com', NULL, '2018-03-30 18:12:32', 0, 1, 3, '2018-06-27 10:19:19', '2018-06-27 10:19:19', NULL),
(546, 'โรส', '', 'anne.love0872031225@gmail.com', NULL, '2018-03-30 18:12:32', 0, 1, 11, '2018-06-27 10:19:19', '2018-06-27 10:19:19', NULL),
(547, 'banyen', '', 'bee_bie@hotmail.com', NULL, '2018-03-30 18:12:32', 0, 1, 3, '2018-06-27 10:19:19', '2018-06-27 10:19:19', NULL),
(548, 'napasorn', '', 'napasorn24012537@gmail.com', NULL, '2018-03-30 18:12:32', 0, 1, 11, '2018-06-27 10:19:19', '2018-06-27 10:19:19', NULL),
(549, 'แพรว', '', 'pawlpawl17123@gamil.com', NULL, '2018-03-30 18:12:32', 0, 1, 11, '2018-06-27 10:19:19', '2018-06-27 10:19:19', NULL),
(550, 'พรรณนิภา', '', 'mintmailmate@gmail.com', NULL, '2018-03-30 18:12:32', 0, 1, 3, '2018-06-27 10:19:19', '2018-06-27 10:19:19', NULL),
(551, 'นางสาว', 'วิวัชรา', 'www.wiwatchara_555@hotmail.com', NULL, '2018-03-30 18:12:32', 0, 1, 3, '2018-06-27 10:19:19', '2018-06-27 10:19:19', NULL),
(552, 'นายศุภชัย', 'ทองเงิน', 'babybay_116@hotmail.com', NULL, '2018-03-30 18:12:32', 0, 1, 4, '2018-06-27 10:19:19', '2018-06-27 10:19:19', NULL),
(553, 'Thattirap', 'Hanmanop', 'poom_bboy@hotmail.com', NULL, '2018-03-30 18:12:32', 0, 1, 15, '2018-06-27 10:19:19', '2018-06-27 10:19:19', NULL),
(554, 'ณรงค์ศักดิ์', 'สืบสาย', 'flouk.pharmacist01@gmail.com', NULL, '2018-03-30 18:12:32', 0, 1, 11, '2018-06-27 10:19:19', '2018-06-27 10:19:19', NULL),
(555, 'ณัฐพร', 'แก้วเจริญ', 'katelove1235@gmail.com', NULL, '2018-03-30 18:12:32', 0, 1, 15, '2018-06-27 10:19:19', '2018-06-27 10:19:19', NULL),
(556, 'นิรมล', 'วรุณานนท์', 'niramol_may@hotmail.com', NULL, '2018-03-30 18:12:32', 0, 1, 3, '2018-06-27 10:19:19', '2018-06-27 10:19:19', NULL),
(557, 'นางสาวสุดาพร', 'กสิพันธุ์', 'june.sudaporn1994@gmail.com', NULL, '2018-03-30 18:12:32', 0, 1, 11, '2018-06-27 10:19:19', '2018-06-27 10:19:19', NULL),
(558, 'Kwanchanok', 'Gaines', 'chanokpm@gmail.com', NULL, '2018-03-30 18:12:32', 0, 1, 11, '2018-06-27 10:19:19', '2018-06-27 10:19:19', NULL),
(559, 'สุธิดา', '', 'luektan062503@gmail.com', NULL, '2018-03-30 18:12:32', 0, 1, 11, '2018-06-27 10:19:19', '2018-06-27 10:19:19', NULL),
(560, 'วาว', '', 'nutchawow9@gmail.com', NULL, '2018-03-30 18:12:32', 0, 1, 3, '2018-06-27 10:19:19', '2018-06-27 10:19:19', NULL),
(561, 'Aphinya', 'Mayothi', 'aphinya.pompam@gmail.com', NULL, '2018-03-30 18:12:32', 0, 1, 3, '2018-06-27 10:19:19', '2018-06-27 10:19:19', NULL),
(562, 'นัท', '', 'nutty.nutty1532@gmail.com', NULL, '2018-03-30 18:12:32', 0, 1, 20, '2018-06-27 10:19:19', '2018-06-27 10:19:19', NULL),
(563, 'สุมิตรา', '', 'honey_r_deary@hotmail.com', NULL, '2018-03-30 18:12:32', 0, 1, 3, '2018-06-27 10:19:19', '2018-06-27 10:19:19', NULL),
(564, 'Anantiya', '', 'aonbi_20@hotmail.com', NULL, '2018-03-30 18:12:32', 0, 1, 3, '2018-06-27 10:19:19', '2018-06-27 10:19:19', NULL),
(565, 'ปิยะพิชญตร์', 'ประวิตรกูล', 'fish_aipink@hotmail.com', NULL, '2018-03-30 18:12:32', 0, 1, 3, '2018-06-27 10:19:19', '2018-06-27 10:19:19', NULL),
(566, 'ศิรินันต์', '', 'nattawat5312@hotmail.co.th', NULL, '2018-03-30 18:12:32', 0, 1, 11, '2018-06-27 10:19:19', '2018-06-27 10:19:19', NULL),
(567, 'มะลิวัลย์', 'ปิติถาโน', 'aeymaliwan@gmail.com', NULL, '2018-03-30 18:12:32', 0, 1, 15, '2018-06-27 10:19:19', '2018-06-27 10:19:19', NULL),
(568, 'Salisa', 'seemunta', 'salisa.0165@gmail.com', NULL, '2018-03-30 18:12:32', 0, 1, 3, '2018-06-27 10:19:19', '2018-06-27 10:19:19', NULL),
(569, 'มาลินี', '', 'malinee2200@gmail.com', NULL, '2018-03-30 18:12:32', 0, 1, 3, '2018-06-27 10:19:19', '2018-06-27 10:19:19', NULL),
(570, 'อนัญญา', 'มาศทอง', 'da.25082515@gmail.com', NULL, '2018-03-30 18:12:32', 0, 1, 3, '2018-06-27 10:19:20', '2018-06-27 10:19:20', NULL),
(571, 'Thidarat', '', 'thidarat-ning@hotmail.com', NULL, '2018-03-30 18:12:32', 0, 1, 3, '2018-06-27 10:19:20', '2018-06-27 10:19:20', NULL),
(572, 'วิษณุ', 'ดิษยนาม', 'vitsanu@gmav.com', NULL, '2018-03-30 18:12:32', 0, 1, 11, '2018-06-27 10:19:20', '2018-06-27 10:19:20', NULL),
(573, 'ยุ้ย', '', 'puppydoglovelove@gmail.com', NULL, '2018-03-30 18:12:32', 0, 1, 3, '2018-06-27 10:19:20', '2018-06-27 10:19:20', NULL),
(574, 'Pongsakorn', '', 'pongsakorn@hotmail.com', NULL, '2018-03-30 18:12:32', 0, 1, 15, '2018-06-27 10:19:20', '2018-06-27 10:19:20', NULL),
(575, 'Duanghathai', 'Maneechai', 'fluke2503@hotmail.com', NULL, '2018-03-30 18:12:32', 0, 1, 3, '2018-06-27 10:19:20', '2018-06-27 10:19:20', NULL),
(576, 'ชาลิสา', '', 'chalisa.ployja@hotmail.com', NULL, '2018-03-30 18:12:32', 0, 1, 3, '2018-06-27 10:19:20', '2018-06-27 10:19:20', NULL),
(577, 'รสิกา', 'เทียรประโยชน์', 'faiirasika2560@gmail.com', NULL, '2018-03-30 18:12:32', 0, 1, 4, '2018-06-27 10:19:20', '2018-06-27 10:19:20', NULL),
(578, 'กิ๊บเก๋', '', 'gipghe@gmail.com', NULL, '2018-03-30 18:12:32', 0, 1, 3, '2018-06-27 10:19:20', '2018-06-27 10:19:20', NULL),
(579, 'kawisara', 'makul', 'kapombuff@gmail.com', NULL, '2018-03-30 18:12:32', 0, 1, 9, '2018-06-27 10:19:20', '2018-06-27 10:19:20', NULL),
(580, 'สุนิดา', '', 'sunida.siz@gmail.com', NULL, '2018-03-30 18:12:32', 0, 1, 3, '2018-06-27 10:19:20', '2018-06-27 10:19:20', NULL),
(581, 'Napaporn', '', 'pai_desibg@hotmail.com', NULL, '2018-03-30 18:12:32', 0, 1, 3, '2018-06-27 10:19:20', '2018-06-27 10:19:20', NULL),
(582, 'นิค', '', 'waredsawawa@gmail.com', NULL, '2018-03-30 18:12:32', 0, 1, 11, '2018-06-27 10:19:20', '2018-06-27 10:19:20', NULL),
(583, 'Kulchaya', '', 'pukky1980@Hotmail.com', NULL, '2018-03-30 18:12:32', 0, 1, 11, '2018-06-27 10:19:20', '2018-06-27 10:19:20', NULL),
(584, 'Mymolly', '', 'jeenbust@jmail.con', NULL, '2018-03-30 18:12:32', 0, 1, 3, '2018-06-27 10:19:20', '2018-06-27 10:19:20', NULL),
(585, 'ออฟ', '', 'dddee@gdh.com', NULL, '2018-03-30 18:12:32', 0, 1, 8, '2018-06-27 10:19:20', '2018-06-27 10:19:20', NULL),
(586, 'ศิริพร', '', 'dd_deah@hotmail.com', NULL, '2018-03-30 18:12:32', 0, 1, 14, '2018-06-27 10:19:20', '2018-06-27 10:19:20', NULL),
(587, 'พัชรินทร์', 'อิทรชื่น', 'patch3011@gmail.com', NULL, '2018-03-30 18:12:32', 0, 1, 3, '2018-06-27 10:19:20', '2018-06-27 10:19:20', NULL),
(588, 'ภัทรวดี', '', 'napatt089@gmail.com', NULL, '2018-03-30 18:12:32', 0, 1, 3, '2018-06-27 10:19:20', '2018-06-27 10:19:20', NULL),
(589, 'ทักศิณา', 'มิ่งคำเลิศ', 'we.za.ro000@gmail.com', NULL, '2018-03-30 18:12:32', 0, 1, 3, '2018-06-27 10:19:20', '2018-06-27 10:19:20', NULL),
(590, 'มัทติกา', 'วิเศษสุข', 'mudtiga26@gmail.com', NULL, '2018-03-30 18:12:32', 0, 1, 3, '2018-06-27 10:19:20', '2018-06-27 10:19:20', NULL),
(591, 'คุณากร', 'วิริยะโชติ', 'mityymo@gmail.com', NULL, '2018-03-30 18:12:32', 0, 1, 11, '2018-06-27 10:19:20', '2018-06-27 10:19:20', NULL),
(592, 'ไไห', '', 'jjjss@hotmail.com', NULL, '2018-03-30 18:12:32', 0, 1, 8, '2018-06-27 10:19:20', '2018-06-27 10:19:20', NULL),
(593, 'Thanomsri', 'Ketsuk', 'thanomsri.ket@mahidol.ac.th', NULL, '2018-03-30 18:12:32', 0, 1, 3, '2018-06-27 10:19:20', '2018-06-27 10:19:20', NULL),
(594, 'วรัญญาภรณ์', '', 'nomneoy@hotmail.com', NULL, '2018-03-30 18:12:32', 0, 1, 8, '2018-06-27 10:19:20', '2018-06-27 10:19:20', NULL),
(595, 'ีีUMARIN', '', 'umarin.zom@gmail.com', NULL, '2018-03-30 18:12:32', 0, 1, 11, '2018-06-27 10:19:20', '2018-06-27 10:19:20', NULL),
(596, 'นายวิริยะ', 'งามสาย', 'toey_wiriya@hotmail.com', NULL, '2018-03-30 18:12:32', 0, 1, 19, '2018-06-27 10:19:20', '2018-06-27 10:19:20', NULL),
(597, 'ธนวัฒน์', 'นางสวย', 'jathanawat@gmail.com', NULL, '2018-03-30 18:12:32', 0, 1, 11, '2018-06-27 10:19:20', '2018-06-27 10:19:20', NULL),
(598, 'ปุ๊บแบ', '', 'piyawad5@hotmail.com', NULL, '2018-03-30 18:12:32', 0, 1, 10, '2018-06-27 10:19:20', '2018-06-27 10:19:20', NULL),
(599, 'gas', '', 'gyter_1234@hotmail.com', NULL, '2018-03-30 18:12:32', 0, 1, 8, '2018-06-27 10:19:20', '2018-06-27 10:19:20', NULL),
(600, 'Benjaporn', 'Sanguanprasit', 'm_e_w_b@hotmail.com', NULL, '2018-03-30 18:12:32', 0, 1, 11, '2018-06-27 10:19:20', '2018-06-27 10:19:20', NULL),
(601, 'Chattraporn', '', 'ffah_44@hotmail.com', NULL, '2018-03-30 18:12:32', 0, 1, 8, '2018-06-27 10:19:20', '2018-06-27 10:19:20', NULL),
(602, 'ชลิดา', '', 'bam_boo_nuy@hotmail.com', NULL, '2018-03-30 18:12:32', 0, 1, 3, '2018-06-27 10:19:20', '2018-06-27 10:19:20', NULL),
(603, 'ชิน', '', 'cpromsenwong@gmail.com', NULL, '2018-03-30 18:12:32', 0, 1, 8, '2018-06-27 10:19:20', '2018-06-27 10:19:20', NULL),
(604, 'อังคณา', '', 'airrybom@gmail.com', NULL, '2018-03-30 18:12:32', 0, 1, 3, '2018-06-27 10:19:20', '2018-06-27 10:19:20', NULL),
(605, 'ณัฐกาญจน์', 'บาหลา', 'Natthakanbala06@gmail.com', NULL, '2018-03-30 18:12:32', 0, 1, 3, '2018-06-27 10:19:20', '2018-06-27 10:19:20', NULL),
(606, 'วรุต', '', 'hero_abu@hotmail.com', NULL, '2018-03-30 18:12:32', 0, 1, 14, '2018-06-27 10:19:20', '2018-06-27 10:19:20', NULL),
(607, 'กรรณิการ์', '', 'kunkpru51@hotmail.com', NULL, '2018-03-30 18:12:32', 0, 1, 3, '2018-06-27 10:19:20', '2018-06-27 10:19:20', NULL),
(608, 'อุบลรัตน์', '', 'pinky.rilakkumaeye@gmail.com', NULL, '2018-03-30 18:12:32', 0, 1, 5, '2018-06-27 10:19:20', '2018-06-27 10:19:20', NULL),
(609, 'Phakadao', '', 'phakadao.dao@gmail.com', NULL, '2018-03-30 18:12:32', 0, 1, 11, '2018-06-27 10:19:20', '2018-06-27 10:19:20', NULL),
(610, 'Chomdo', '', 'nu_yingbz@hotmail.com', NULL, '2018-03-30 18:12:32', 0, 1, 8, '2018-06-27 10:19:20', '2018-06-27 10:19:20', NULL),
(611, 'Preaw', '', 'pruwpreaw@gmail.com', NULL, '2018-03-30 18:12:32', 0, 1, 14, '2018-06-27 10:19:20', '2018-06-27 10:19:20', NULL),
(612, 'แนน', '', 'finyoulive@gmail.com', NULL, '2018-03-30 18:12:32', 0, 1, 19, '2018-06-27 10:19:20', '2018-06-27 10:19:20', NULL),
(613, 'ทัช', '', 'sunthiput@gmail.com', NULL, '2018-03-30 18:12:32', 0, 1, 8, '2018-06-27 10:19:20', '2018-06-27 10:19:20', NULL),
(614, 'ศรินทิพย์', '', 'sarinthip.elidefire@hotmail.com', NULL, '2018-03-30 18:12:32', 0, 1, 5, '2018-06-27 10:19:20', '2018-06-27 10:19:20', NULL),
(615, 'กาว', '', 'phair@gmail.com', NULL, '2018-03-30 18:12:32', 0, 1, 21, '2018-06-27 10:19:20', '2018-06-27 10:19:20', NULL),
(616, 'อาย', '', 'nitiporn8242@gmail.com', NULL, '2018-03-30 18:12:32', 0, 1, 17, '2018-06-27 10:19:20', '2018-06-27 10:19:20', NULL),
(617, 'Me', '', 'zomzomsrp@gmail.com', NULL, '2018-03-30 18:12:32', 0, 1, 8, '2018-06-27 10:19:20', '2018-06-27 10:19:20', NULL),
(618, 'นวรัตน์', '', 'nawarat.ssb@gmail.com', NULL, '2018-03-30 18:12:32', 0, 1, 5, '2018-06-27 10:19:20', '2018-06-27 10:19:20', NULL),
(619, 'ภูษิต', 'อมรศักดิ์', 'fang@hotmail.com', NULL, '2018-03-30 18:12:32', 0, 1, 8, '2018-06-27 10:19:20', '2018-06-27 10:19:20', NULL),
(620, 'Dew', '', 'akkarapong1995@gmail.com', NULL, '2018-03-30 18:12:32', 0, 1, 8, '2018-06-27 10:19:20', '2018-06-27 10:19:20', NULL),
(621, 'Almond', '', 'almondchoc@hotmail.com', NULL, '2018-03-30 18:12:32', 0, 1, 3, '2018-06-27 10:19:20', '2018-06-27 10:19:20', NULL),
(622, 'ณุฐานันท์', '', 'kor-nutanan@hotmsil.com', NULL, '2018-03-30 18:12:32', 0, 1, 3, '2018-06-27 10:19:20', '2018-06-27 10:19:20', NULL),
(623, 'ธัญสินี', '', 'tansineechunnaul@gmail.com', NULL, '2018-03-30 18:12:32', 0, 1, 3, '2018-06-27 10:19:20', '2018-06-27 10:19:20', NULL),
(624, 'Besos', '', 'tbl_rissing@hotmail.com', NULL, '2018-03-30 18:12:32', 0, 1, 8, '2018-06-27 10:19:20', '2018-06-27 10:19:20', NULL),
(625, 'Thanatcha', '', 'beamzuza@hotmail.com', NULL, '2018-03-30 18:12:32', 0, 1, 3, '2018-06-27 10:19:20', '2018-06-27 10:19:20', NULL),
(626, 'ชนิสรา', '', 'chani1990aumim@gmail.com', NULL, '2018-03-30 18:12:32', 0, 1, 3, '2018-06-27 10:19:20', '2018-06-27 10:19:20', NULL),
(627, 'Try', '', 'nongnang_changklan@hotmail.com', NULL, '2018-03-30 18:12:32', 0, 1, 3, '2018-06-27 10:19:20', '2018-06-27 10:19:20', NULL),
(628, 'นริศรา', 'ราชติง', 'toeytie.tt@gmail.com', NULL, '2018-03-30 18:12:32', 0, 1, 11, '2018-06-27 10:19:20', '2018-06-27 10:19:20', NULL),
(629, 'Laddawan', '', 'laddawanboonpeng133@gmail.com', NULL, '2018-03-30 18:12:32', 0, 1, 17, '2018-06-27 10:19:20', '2018-06-27 10:19:20', NULL),
(630, 'Pang', '', 'nomail@hotmail.com', NULL, '2018-03-30 18:12:32', 0, 1, 8, '2018-06-27 10:19:20', '2018-06-27 10:19:20', NULL),
(631, 'ณัฐชาต', 'ศักดา', 'cobalt470@gmail.com', NULL, '2018-03-30 18:12:32', 0, 1, 8, '2018-06-27 10:19:20', '2018-06-27 10:19:20', NULL),
(632, 'Tavin', '', 'tavinguy@hotmail.com', NULL, '2018-03-30 18:12:32', 0, 1, 8, '2018-06-27 10:19:20', '2018-06-27 10:19:20', NULL),
(633, 'wijittra', '', 'wijittrakha1@gmail.com', NULL, '2018-03-30 18:12:32', 0, 1, 3, '2018-06-27 10:19:20', '2018-06-27 10:19:20', NULL),
(634, 'Punchy', '', 'p.kaekla@gmail.com', NULL, '2018-03-30 18:12:32', 0, 1, 8, '2018-06-27 10:19:20', '2018-06-27 10:19:20', NULL),
(635, 'บุษบง', '', 'Butsabong031054170433@Hotmail.com', NULL, '2018-03-30 18:12:32', 0, 1, 11, '2018-06-27 10:19:20', '2018-06-27 10:19:20', NULL),
(636, 'อารียา', 'เซ่งแตง', 'myymmine@gmail.com', NULL, '2018-03-30 18:12:32', 0, 1, 20, '2018-06-27 10:19:20', '2018-06-27 10:19:20', NULL),
(637, 'Pc', '', 't-pancake@hotmail.com', NULL, '2018-03-30 18:12:32', 0, 1, 17, '2018-06-27 10:19:20', '2018-06-27 10:19:20', NULL),
(638, 'ดคน', '', 'kanbanya@hotmail.com', NULL, '2018-03-30 18:12:32', 0, 1, 17, '2018-06-27 10:19:20', '2018-06-27 10:19:20', NULL),
(639, 'Sukaya', '', 'wonderland.a24@gmail.com', NULL, '2018-03-30 18:12:32', 0, 1, 3, '2018-06-27 10:19:20', '2018-06-27 10:19:20', NULL),
(640, 'ทิพ', '', 'thipyapa4989@gmail.com', NULL, '2018-03-30 18:12:32', 0, 1, 3, '2018-06-27 10:19:20', '2018-06-27 10:19:20', NULL),
(641, 'บุส', '', 'boot1005@gmail.com', NULL, '2018-03-30 18:12:32', 0, 1, 14, '2018-06-27 10:19:20', '2018-06-27 10:19:20', NULL),
(642, 'Siri', '', 'siri-korn13@hotmail.com', NULL, '2018-03-30 18:12:32', 0, 1, 3, '2018-06-27 10:19:20', '2018-06-27 10:19:20', NULL),
(643, 'Nan', '', 'nannywayshop@gmail.com', NULL, '2018-03-30 18:12:32', 0, 1, 3, '2018-06-27 10:19:20', '2018-06-27 10:19:20', NULL),
(644, 'นาย', 'สิริพงศ์', 'teazer1991@hotmail.com', NULL, '2018-03-30 18:12:32', 0, 1, 17, '2018-06-27 10:19:20', '2018-06-27 10:19:20', NULL),
(645, 'POy', '', 'supansa9988@gmail.com', NULL, '2018-03-30 18:12:32', 0, 1, 14, '2018-06-27 10:19:20', '2018-06-27 10:19:20', NULL),
(646, 'ศศิวรรณ', '', 'dog-fern@hotmail.com', NULL, '2018-03-30 18:12:32', 0, 1, 17, '2018-06-27 10:19:20', '2018-06-27 10:19:20', NULL),
(647, 'ดวงกมล', '', 'tanapolgob@hotmail.com', NULL, '2018-03-30 18:12:32', 0, 1, 3, '2018-06-27 10:19:20', '2018-06-27 10:19:20', NULL),
(648, 'ศรัณย์', '', 'ruslan.chi@hotmail.com', NULL, '2018-03-30 18:12:32', 0, 1, 8, '2018-06-27 10:19:20', '2018-06-27 10:19:20', NULL),
(649, 'Popcr', '', 'pop_pzz@hotmail.com', NULL, '2018-03-30 18:12:32', 0, 1, 3, '2018-06-27 10:19:20', '2018-06-27 10:19:20', NULL),
(650, 'ณัฐชฎา', '', 'nut-nut.kik@hotmail.com', NULL, '2018-03-30 18:12:32', 0, 1, 8, '2018-06-27 10:19:20', '2018-06-27 10:19:20', NULL),
(651, 'มิรันตรี', '', 'mirantree705@gmail.com', NULL, '2018-03-30 18:12:32', 0, 1, 4, '2018-06-27 10:19:20', '2018-06-27 10:19:20', NULL),
(652, 'Jariya', '', 'Jariya2829@gmail.com', NULL, '2018-03-30 18:12:32', 0, 1, 5, '2018-06-27 10:19:20', '2018-06-27 10:19:20', NULL),
(653, 'Sasikarn', '', 'momay1812@gmail.com', NULL, '2018-03-30 18:12:32', 0, 1, 3, '2018-06-27 10:19:20', '2018-06-27 10:19:20', NULL),
(654, 'เตชิตา', '', 'teachita99@gmail.com', NULL, '2018-03-30 18:12:32', 0, 1, 11, '2018-06-27 10:19:20', '2018-06-27 10:19:20', NULL),
(655, 'Meena', '', 'meenakwang@gmail.com', NULL, '2018-03-30 18:12:32', 0, 1, 11, '2018-06-27 10:19:20', '2018-06-27 10:19:20', NULL),
(656, 'ดวงใจ', 'ดวงแก้ว', 'new_am_new@hotmail.co.th', NULL, '2018-03-30 18:12:32', 0, 1, 3, '2018-06-27 10:19:20', '2018-06-27 10:19:20', NULL),
(657, 'SAranya', '', 'saranya2535@hotmail.com', NULL, '2018-03-30 18:12:32', 0, 1, 5, '2018-06-27 10:19:20', '2018-06-27 10:19:20', NULL),
(658, 'ศิวนาฎ', '', 'maprang13640@hotmail.co.th', NULL, '2018-03-30 18:12:32', 0, 1, 3, '2018-06-27 10:19:20', '2018-06-27 10:19:20', NULL),
(659, 'Natthaphol', 'Uthumphirat', 'nattapoln02354@gmail.com', NULL, '2018-03-30 18:12:32', 0, 1, 8, '2018-06-27 10:19:20', '2018-06-27 10:19:20', NULL),
(660, 'ชยันต์', '', 'franksmd5@gmail.com', NULL, '2018-03-30 18:12:32', 0, 1, 8, '2018-06-27 10:19:20', '2018-06-27 10:19:20', NULL),
(661, 'Supassara', '', 'supassara.jan@gmail.com', NULL, '2018-03-30 18:12:32', 0, 1, 8, '2018-06-27 10:19:20', '2018-06-27 10:19:20', NULL),
(662, 'ปาล์มมี่', '', 'bamboo1523@gmail.com', NULL, '2018-03-30 18:12:32', 0, 1, 3, '2018-06-27 10:19:20', '2018-06-27 10:19:20', NULL),
(663, 'มนตรี', '', 'tochiro_bom@windowslive.com', NULL, '2018-03-30 18:12:32', 0, 1, 11, '2018-06-27 10:19:20', '2018-06-27 10:19:20', NULL),
(664, 'นิรดา', 'นารนาท', 'mayudaa@hotmail.com', NULL, '2018-03-30 18:12:32', 0, 1, 16, '2018-06-27 10:19:20', '2018-06-27 10:19:20', NULL),
(665, 'Nink', '', 'ningswn@hotmail.com', NULL, '2018-03-30 18:12:32', 0, 1, 3, '2018-06-27 10:19:20', '2018-06-27 10:19:20', NULL),
(666, 'ธนัชพร', '', 'ttongsem@gmeil.com', NULL, '2018-03-30 18:12:32', 0, 1, 11, '2018-06-27 10:19:20', '2018-06-27 10:19:20', NULL),
(667, 'กัลยกร', '', 'kanyakorn.office@gmail.com', NULL, '2018-03-30 18:12:32', 0, 1, 3, '2018-06-27 10:19:20', '2018-06-27 10:19:20', NULL),
(668, 'ภคกุล', 'วงษ์แก้ว', 'pakakuleing@gmail.com', NULL, '2018-03-30 18:12:32', 0, 1, 8, '2018-06-27 10:19:20', '2018-06-27 10:19:20', NULL),
(669, 'เบญญาภา', '', 'bell_rakung@hotmail.com', NULL, '2018-03-30 18:12:32', 0, 1, 8, '2018-06-27 10:19:20', '2018-06-27 10:19:20', NULL),
(670, 'Ploy', '', 'ploy@hotmail.com', NULL, '2018-03-30 18:12:32', 0, 1, 20, '2018-06-27 10:19:20', '2018-06-27 10:19:20', NULL),
(671, 'หยก', '', 'baiyok.baiyok79@gmail.com', NULL, '2018-03-30 18:12:32', 0, 1, 3, '2018-06-27 10:19:20', '2018-06-27 10:19:20', NULL),
(672, 'ปวีณา', '', 'jimmy_bline@hotmail.com', NULL, '2018-03-30 18:12:32', 0, 1, 11, '2018-06-27 10:19:20', '2018-06-27 10:19:20', NULL),
(673, 'P', '', 'kop@hotmail.com', NULL, '2018-03-30 18:12:32', 0, 1, 20, '2018-06-27 10:19:20', '2018-06-27 10:19:20', NULL),
(674, 'สุนันทา', '', 'sntatnan1234@gmail.com', NULL, '2018-03-30 18:12:32', 0, 1, 4, '2018-06-27 10:19:20', '2018-06-27 10:19:20', NULL),
(675, 'ภคนันท์', 'ริยะวงค์', 'htfkfkk122@gmail.com', NULL, '2018-03-30 18:12:32', 0, 1, 8, '2018-06-27 10:19:20', '2018-06-27 10:19:20', NULL),
(676, 'Uuu', '', 'jarensak156@gmail.com', NULL, '2018-03-30 18:12:32', 0, 1, 15, '2018-06-27 10:19:20', '2018-06-27 10:19:20', NULL),
(677, 'wantana', '', 'mintmartedi1@gmail.com', NULL, '2018-03-30 18:12:32', 0, 1, 8, '2018-06-27 10:19:20', '2018-06-27 10:19:20', NULL),
(678, 'ณัฐชา', '', 'eyezza2541@outlook.com', NULL, '2018-03-30 18:12:32', 0, 1, 15, '2018-06-27 10:19:20', '2018-06-27 10:19:20', NULL),
(679, 'Charm', '', 'cham_tm@hotmail.com', NULL, '2018-03-30 18:12:32', 0, 1, 11, '2018-06-27 10:19:20', '2018-06-27 10:19:20', NULL),
(680, 'ซารีนา', 'มูเก็ม', 'sareena608@gmail.com', NULL, '2018-03-30 18:12:32', 0, 1, 4, '2018-06-27 10:19:20', '2018-06-27 10:19:20', NULL),
(681, 'samart', '', 'samart.wiriya@gmail.com', NULL, '2018-03-30 18:12:32', 0, 1, 11, '2018-06-27 10:19:20', '2018-06-27 10:19:20', NULL),
(682, 'น้องกร', '', 'patakornyim@gmail.com', NULL, '2018-03-30 18:12:32', 0, 1, 11, '2018-06-27 10:19:20', '2018-06-27 10:19:20', NULL),
(683, 'เมย์', '', 'Banana.2540tan@gmail.com', NULL, '2018-03-30 18:12:32', 0, 1, 3, '2018-06-27 10:19:20', '2018-06-27 10:19:20', NULL),
(684, 'Chadarat', '', 'Chadarat1989@hotmail.com', NULL, '2018-03-30 18:12:32', 0, 1, 18, '2018-06-27 10:19:20', '2018-06-27 10:19:20', NULL),
(685, 'Patt', '', 'p_t@yahoo.com', NULL, '2018-03-30 18:12:32', 0, 1, 15, '2018-06-27 10:19:20', '2018-06-27 10:19:20', NULL),
(686, 'Bright', '', 'bright.kamonporn@gmail.com', NULL, '2018-03-30 18:12:32', 0, 1, 8, '2018-06-27 10:19:20', '2018-06-27 10:19:20', NULL),
(687, 'Wongwaran', '', 'p.kant_liverpool@hotmail.co.th', NULL, '2018-03-30 18:12:32', 0, 1, 11, '2018-06-27 10:19:20', '2018-06-27 10:19:20', NULL),
(688, 'ภานุวัฒน์', '', 'perfectgod@hotmail.co.th', NULL, '2018-03-30 18:12:32', 0, 1, 11, '2018-06-27 10:19:20', '2018-06-27 10:19:20', NULL),
(689, 'Kanyanat', '', 'phomjad@gmail.com', NULL, '2018-03-30 18:12:32', 0, 1, 3, '2018-06-27 10:19:20', '2018-06-27 10:19:20', NULL),
(690, 'สุ', 'ณีย์', 'wi_-fz@hotmail.com', NULL, '2018-03-30 18:12:32', 0, 1, 3, '2018-06-27 10:19:20', '2018-06-27 10:19:20', NULL),
(691, 'ภัคจิรา', '', 'cream.ice@hotmail.com', NULL, '2018-03-30 18:12:32', 0, 1, 3, '2018-06-27 10:19:21', '2018-06-27 10:19:21', NULL),
(692, 'บานา', 'ลียา', 'romikey_blackhole@hotmail.com', NULL, '2018-03-30 18:12:32', 0, 1, 11, '2018-06-27 10:19:21', '2018-06-27 10:19:21', NULL),
(693, 'วราภรณ์', 'จายไธสงค์', 'Chaithaisong1818@gmail.com', NULL, '2018-03-30 18:12:32', 0, 1, 4, '2018-06-27 10:19:21', '2018-06-27 10:19:21', NULL),
(694, 'ชญาณิน', 'ปะทิ', 'chayanin-38@outlook.co.th', NULL, '2018-03-30 18:12:32', 0, 1, 3, '2018-06-27 10:19:21', '2018-06-27 10:19:21', NULL),
(695, 'napat', '', 'wonder-nukkhun@hotmail.com', NULL, '2018-03-30 18:12:32', 0, 1, 11, '2018-06-27 10:19:21', '2018-06-27 10:19:21', NULL),
(696, 'วิรินภรณ์', '', 'raisin.grace1112@gmail.com', NULL, '2018-03-30 18:12:32', 0, 1, 8, '2018-06-27 10:19:21', '2018-06-27 10:19:21', NULL),
(697, 'เมษา', '', 'mangehuy_@hotmail.com', NULL, '2018-03-30 18:12:32', 0, 1, 5, '2018-06-27 10:19:21', '2018-06-27 10:19:21', NULL),
(698, 'กัมพล', '', 'kumphol.ph@gmail.com', NULL, '2018-03-30 18:12:32', 0, 1, 8, '2018-06-27 10:19:21', '2018-06-27 10:19:21', NULL),
(699, 'ชลธิชา', '', 'Chonticha38742@gmail.com', NULL, '2018-03-30 18:12:32', 0, 1, 3, '2018-06-27 10:19:21', '2018-06-27 10:19:21', NULL),
(700, 'เนตรนภา', '', 'sorry_lovelyblue@hotmail.com', NULL, '2018-03-30 18:12:32', 0, 1, 17, '2018-06-27 10:19:21', '2018-06-27 10:19:21', NULL),
(701, 'วรรณภา', '', 'japanzabra@gmail.com', NULL, '2018-03-30 18:12:32', 0, 1, 11, '2018-06-27 10:19:21', '2018-06-27 10:19:21', NULL),
(702, 'วรวรรณ', '', 'worawan591@gmail.com', NULL, '2018-03-30 18:12:32', 0, 1, 22, '2018-06-27 10:19:21', '2018-06-27 10:19:21', NULL),
(703, 'Aratee', '', 'lovekai35@hotmail.com', NULL, '2018-03-30 18:12:32', 0, 1, 19, '2018-06-27 10:19:21', '2018-06-27 10:19:21', NULL),
(704, 'tonkhao', '', 'catty.tktk@gmail.com', NULL, '2018-03-30 18:12:32', 0, 1, 9, '2018-06-27 10:19:21', '2018-06-27 10:19:21', NULL),
(705, 'กี้', '', 'nootjareepookky@gmail.com', NULL, '2018-03-30 18:12:32', 0, 1, 4, '2018-06-27 10:19:21', '2018-06-27 10:19:21', NULL),
(706, 'นายณัฐวุฒิ', 'พลอยศรี', 'Natthawutp.1989@gmail.com', NULL, '2018-03-30 18:12:32', 0, 1, 3, '2018-06-27 10:19:21', '2018-06-27 10:19:21', NULL),
(707, 'Panithi', 'Aiamsamang', 'panithi.aiam3@gmail.com', NULL, '2018-03-30 18:12:32', 0, 1, 15, '2018-06-27 10:19:21', '2018-06-27 10:19:21', NULL),
(708, 'จรัญ', 'สายแวว', 'jaran.ndd@gmail.com', NULL, '2018-03-30 18:12:32', 0, 1, 11, '2018-06-27 10:19:21', '2018-06-27 10:19:21', NULL),
(709, 'Kan', '', 'ruecha_gun@hotmail.com', NULL, '2018-03-30 18:12:32', 0, 1, 11, '2018-06-27 10:19:21', '2018-06-27 10:19:21', NULL),
(710, 'สุทิวัส', 'โพธิ์ประสาท', 'osaka_best@hotmail.com', NULL, '2018-03-30 18:12:32', 0, 1, 15, '2018-06-27 10:19:21', '2018-06-27 10:19:21', NULL),
(711, 'Saisawan', 'bunsomchit', 'saisawan.b@gmail.com', NULL, '2018-03-30 18:12:32', 0, 1, 9, '2018-06-27 10:19:21', '2018-06-27 10:19:21', NULL),
(712, 'มลิวัลย์', 'ไพบูลย์', 'maliwanpaiboon@gmail.com', NULL, '2018-03-30 18:12:32', 0, 1, 3, '2018-06-27 10:19:21', '2018-06-27 10:19:21', NULL),
(713, 'นิตยา', '', 'nuimuk.7@ail.com', NULL, '2018-03-30 18:12:32', 0, 1, 14, '2018-06-27 10:19:21', '2018-06-27 10:19:21', NULL),
(714, 'Utsana', '', 'ooy_utsana@hotmail.com', NULL, '2018-03-30 18:12:32', 0, 1, 11, '2018-06-27 10:19:21', '2018-06-27 10:19:21', NULL),
(715, 'พิมพ์ลภัส', 'ลายปักษี', 'kafe-21@hotmail.com', NULL, '2018-03-30 18:12:32', 0, 1, 3, '2018-06-27 10:19:21', '2018-06-27 10:19:21', NULL),
(716, 'Mitchai', 'pinnoi', 'mitchai.pinnoi@gmail.com', NULL, '2018-03-30 18:12:32', 0, 1, 3, '2018-06-27 10:19:21', '2018-06-27 10:19:21', NULL),
(717, 'Saankao', '', 'oomam_lovely@hotmail.com', NULL, '2018-03-30 18:12:32', 0, 1, 4, '2018-06-27 10:19:21', '2018-06-27 10:19:21', NULL),
(718, 'จารุณีย์', 'เสาเวียง', '570105020009@dpu.ac.th', NULL, '2018-03-30 18:12:32', 0, 1, 11, '2018-06-27 10:19:21', '2018-06-27 10:19:21', NULL),
(719, 'สำริด', '', 'sanidmwngwasdi@gmail.com', NULL, '2018-03-30 18:12:32', 0, 1, 3, '2018-06-27 10:19:21', '2018-06-27 10:19:21', NULL),
(720, 'suchada', 'mo5abun', 'wuchada0108@hotmail.com', NULL, '2018-03-30 18:12:32', 0, 1, 8, '2018-06-27 10:19:21', '2018-06-27 10:19:21', NULL),
(721, 'สุภานันท์', '', 'kaofang0987@gmail.com', NULL, '2018-03-30 18:12:32', 0, 1, 14, '2018-06-27 10:19:21', '2018-06-27 10:19:21', NULL),
(722, 'พัชราภรณ์', '', 'earnpinta000@gmail.com', NULL, '2018-03-30 18:12:32', 0, 1, 3, '2018-06-27 10:19:21', '2018-06-27 10:19:21', NULL);
INSERT INTO `contact` (`id`, `firstname`, `lastname`, `email`, `telephone`, `registration_date`, `is_owned`, `source_id`, `channel_id`, `created_at`, `updated_at`, `deleted_at`) VALUES
(723, 'ยวิษฐา', '', 'wineyavitthars@gmail.com', NULL, '2018-03-30 18:12:32', 0, 1, 9, '2018-06-27 10:19:21', '2018-06-27 10:19:21', NULL),
(724, 'จิรวรรณ', '', 'mai.haadyaicity@gmail.com', NULL, '2018-03-30 18:12:32', 0, 1, 3, '2018-06-27 10:19:21', '2018-06-27 10:19:21', NULL),
(725, 'อำนวย', '', 'tanatorn_qq@hotmail.com', NULL, '2018-03-30 18:12:32', 0, 1, 17, '2018-06-27 10:19:21', '2018-06-27 10:19:21', NULL),
(726, 'ยายเต๊าะ', '', 'tohjira@hotmail.com', NULL, '2018-03-30 18:12:32', 0, 1, 3, '2018-06-27 10:19:21', '2018-06-27 10:19:21', NULL),
(727, 'น้อย', '', 'noynoy2219@gmil.com', NULL, '2018-03-30 18:12:32', 0, 1, 3, '2018-06-27 10:19:21', '2018-06-27 10:19:21', NULL),
(728, 'จุฑามาศ', '', 'auijuthamas@gmail.com', NULL, '2018-03-30 18:12:32', 0, 1, 3, '2018-06-27 10:19:21', '2018-06-27 10:19:21', NULL),
(729, 'รัชนี', 'รักษ์ศรีทอง', 'rat-rak@hotmail.com', NULL, '2018-03-30 18:12:32', 0, 1, 3, '2018-06-27 10:19:21', '2018-06-27 10:19:21', NULL),
(730, 'อรกมล', 'แซ่เลียว', 'oocreamoo24@hotmail.com', NULL, '2018-03-30 18:12:32', 0, 1, 17, '2018-06-27 10:19:21', '2018-06-27 10:19:21', NULL),
(731, 'บริหาร', '', 'jengcrub@hotmail.com', NULL, '2018-03-30 18:12:32', 0, 1, 11, '2018-06-27 10:19:21', '2018-06-27 10:19:21', NULL),
(732, 'phet', '', 'kim_mymelody@hotmail.com', NULL, '2018-03-30 18:12:32', 0, 1, 8, '2018-06-27 10:19:21', '2018-06-27 10:19:21', NULL),
(733, 'วิลา', 'สิ้นยาน', 'mook_mk_2009@hotmail.com', NULL, '2018-03-30 18:12:32', 0, 1, 8, '2018-06-27 10:19:21', '2018-06-27 10:19:21', NULL),
(734, 'โอมศิลา', '', 'Aomsila_555@hotmail.com', NULL, '2018-03-30 18:12:32', 0, 1, 11, '2018-06-27 10:19:21', '2018-06-27 10:19:21', NULL),
(735, 'วรรณา', '', 'wa_nap@hotmail.com', NULL, '2018-03-30 18:12:32', 0, 1, 11, '2018-06-27 10:19:21', '2018-06-27 10:19:21', NULL),
(736, 'ศุกภกร', '', 'nana-air@hotmail.com', NULL, '2018-03-30 18:12:32', 0, 1, 5, '2018-06-27 10:19:21', '2018-06-27 10:19:21', NULL),
(737, 'นางสาวอาภรณ์', '', 'aewdonkhoi.07062540@gmail.com', NULL, '2018-03-30 18:12:32', 0, 1, 11, '2018-06-27 10:19:21', '2018-06-27 10:19:21', NULL),
(738, 'นินูรูลนันท์', 'เสมอภพ', 'ni_nann@hotmail.co.th', NULL, '2018-03-30 18:12:32', 0, 1, 8, '2018-06-27 10:19:21', '2018-06-27 10:19:21', NULL),
(739, 'อมรลดา', '', 'toeyboywy2530@gmail.com', NULL, '2018-03-30 18:12:32', 0, 1, 3, '2018-06-27 10:19:21', '2018-06-27 10:19:21', NULL),
(740, 'พิมพ์', '', 'pimsaimailovemom@gmail.com', NULL, '2018-03-30 18:12:32', 0, 1, 11, '2018-06-27 10:19:21', '2018-06-27 10:19:21', NULL),
(741, 'Ploy', '', 'pailin.ploy011@gmail.com', NULL, '2018-03-30 18:12:32', 0, 1, 3, '2018-06-27 10:19:21', '2018-06-27 10:19:21', NULL),
(742, 'ทัศณี', '', 'tassanee123noi@gmail.com', NULL, '2018-03-30 18:12:32', 0, 1, 3, '2018-06-27 10:19:21', '2018-06-27 10:19:21', NULL),
(743, 'วรรณภา', '', 'rumjaiwannapa@gmail.com', NULL, '2018-03-30 18:12:32', 0, 1, 3, '2018-06-27 10:19:21', '2018-06-27 10:19:21', NULL),
(744, 'พัชรพร', 'คันยานุสิทธิ์', 'mimeat2931@gmail.com', NULL, '2018-03-30 18:12:32', 0, 1, 11, '2018-06-27 10:19:21', '2018-06-27 10:19:21', NULL),
(745, 'Pornpawee', '', 'ph.pornpawee@gmail.com', NULL, '2018-03-30 18:12:32', 0, 1, 19, '2018-06-27 10:19:21', '2018-06-27 10:19:21', NULL),
(746, 'Sirakrit', '', 'sirakrit@hotmail.com', NULL, '2018-03-30 18:12:32', 0, 1, 8, '2018-06-27 10:19:21', '2018-06-27 10:19:21', NULL),
(747, 'อั๋น', '', 'undaloveyou@hotmail.com', NULL, '2018-03-30 18:12:32', 0, 1, 11, '2018-06-27 10:19:21', '2018-06-27 10:19:21', NULL),
(748, 'กวิตา', '', 'lamin.kawita@gmail.com', NULL, '2018-03-30 18:12:32', 0, 1, 18, '2018-06-27 10:19:21', '2018-06-27 10:19:21', NULL),
(749, 'สุชาครีย์', 'ประกอบเพียร', 'suchakeee@gmail.com', NULL, '2018-03-30 18:12:32', 0, 1, 19, '2018-06-27 10:19:21', '2018-06-27 10:19:21', NULL),
(750, 'dada', '', 'phatsada2011@gmail.com', NULL, '2018-03-30 18:12:32', 0, 1, 3, '2018-06-27 10:19:21', '2018-06-27 10:19:21', NULL),
(751, 'ภัคจิรา', '', 'pakjira.3711@gmail.com', NULL, '2018-03-30 18:12:32', 0, 1, 5, '2018-06-27 10:19:21', '2018-06-27 10:19:21', NULL),
(752, 'ราตรี', '', 'hxjfjhfjdjbxh@gmail.com', NULL, '2018-03-30 18:12:32', 0, 1, 11, '2018-06-27 10:19:21', '2018-06-27 10:19:21', NULL),
(753, 'Auamduan', '', 'auamduan2012@hotmail.com', NULL, '2018-03-30 18:12:32', 0, 1, 3, '2018-06-27 10:19:21', '2018-06-27 10:19:21', NULL),
(754, 'Natthawimon', 'seesuk', 'honghongmommom1993@gmail.com', NULL, '2018-03-30 18:12:32', 0, 1, 9, '2018-06-27 10:19:21', '2018-06-27 10:19:21', NULL),
(755, 'Natthapol', '', 'nutpol.san@gmail.com', NULL, '2018-03-30 18:12:32', 0, 1, 3, '2018-06-27 10:19:21', '2018-06-27 10:19:21', NULL),
(756, 'เมธพล', 'สวนวงษ์', 'bus55210@gmail.com', NULL, '2018-03-30 18:12:32', 0, 1, 11, '2018-06-27 10:19:21', '2018-06-27 10:19:21', NULL),
(757, 'Nisakorn', '', 'passornnama@yahoo.com', NULL, '2018-03-30 18:12:32', 0, 1, 11, '2018-06-27 10:19:21', '2018-06-27 10:19:21', NULL),
(758, 'ณฐรัช', 'กิตติสุนทรากุล', 'newzisogood@gmail.com', NULL, '2018-03-30 18:12:32', 0, 1, 17, '2018-06-27 10:19:21', '2018-06-27 10:19:21', NULL),
(759, 'นิธินันท์', 'กาศโอสถ', 'game064096@gmail.com', NULL, '2018-03-30 18:12:32', 0, 1, 11, '2018-06-27 10:19:21', '2018-06-27 10:19:21', NULL),
(760, 'นิ้ง', '', 'ningnong26@gmail.com', NULL, '2018-03-30 18:12:32', 0, 1, 3, '2018-06-27 10:19:21', '2018-06-27 10:19:21', NULL),
(761, 'สุนิสา', '', 'wongpilansunisa9957@gmail.com', NULL, '2018-03-30 18:12:32', 0, 1, 4, '2018-06-27 10:19:21', '2018-06-27 10:19:21', NULL),
(762, 'มาลัย', '', 'mama_6559@hotmail.com', NULL, '2018-03-30 18:12:32', 0, 1, 11, '2018-06-27 10:19:21', '2018-06-27 10:19:21', NULL),
(763, 'เชน', '', 'you_and_me121@hotmail.com', NULL, '2018-03-30 18:12:32', 0, 1, 3, '2018-06-27 10:19:21', '2018-06-27 10:19:21', NULL),
(764, 'Sai', '', 'sai_1166@hotmail.com', NULL, '2018-03-30 18:12:32', 0, 1, 3, '2018-06-27 10:19:21', '2018-06-27 10:19:21', NULL),
(765, 'พิมพ์ชญา', 'ก้อนทอง', 'dowta2020@hotmaio.com', NULL, '2018-03-31 01:48:43', 0, 3, 24, '2018-06-27 10:19:21', '2018-06-27 10:19:21', NULL),
(766, 'จีราพร', 'ทองคำ', 'chiraphon-noo@hotmail.co.th', NULL, '2018-03-31 01:48:43', 0, 3, 6, '2018-06-27 10:19:21', '2018-06-27 10:19:21', NULL),
(767, 'กิตติภัทร', 'โลหิตไทย', 'kittipat.lohitthai@gmail.com', NULL, '2018-03-30 18:37:27', 0, 6, 7, '2018-06-27 10:19:21', '2018-06-27 10:19:21', NULL),
(768, 'Pawadee', '', 'yuiziiz_yuiziiz@hotmail.com', NULL, '2018-03-30 18:37:27', 0, 6, 7, '2018-06-27 10:19:21', '2018-06-27 10:19:21', NULL),
(769, 'สุจีภา', '', 'sujeepa7711@gmail.com', NULL, '2018-03-30 18:37:27', 0, 6, 7, '2018-06-27 10:19:21', '2018-06-27 10:19:21', NULL),
(770, 'มารียัม', '', 'mariyamdolee611@gmail.com', NULL, '2018-03-30 18:37:27', 0, 6, 7, '2018-06-27 10:19:21', '2018-06-27 10:19:21', NULL),
(771, 'นันทลักษณ์', 'สุขวิชัยมณี', 'pinkii.phung@hotmail.com', NULL, '2018-03-30 18:37:27', 0, 6, 7, '2018-06-27 10:19:21', '2018-06-27 10:19:21', NULL),
(772, 'ปิยทัศน์', '', 'champ_sae@hotmail.com', NULL, '2018-03-30 18:37:27', 0, 6, 7, '2018-06-27 10:19:21', '2018-06-27 10:19:21', NULL),
(773, 'แก้ม', '', 'sasima.doa@gmail.com', NULL, '2018-03-30 18:37:27', 0, 6, 7, '2018-06-27 10:19:21', '2018-06-27 10:19:21', NULL),
(774, 'Nuntaphorn', '', 'ningnuntaphorn@gmail.com', NULL, '2018-03-30 18:37:27', 0, 6, 25, '2018-06-27 10:19:21', '2018-06-27 10:19:21', NULL),
(775, 'Somchai', '', 'e20dzh@gmail.com', NULL, '2018-03-30 18:37:27', 0, 6, 7, '2018-06-27 10:19:21', '2018-06-27 10:19:21', NULL),
(776, 'Ngampit', '', 'nglaw_1@yahoo.com', NULL, '2018-03-30 18:37:27', 0, 6, 7, '2018-06-27 10:19:21', '2018-06-27 10:19:21', NULL),
(777, 'ชาลิดา', 'มิสอิ๊ด', 'chalida.nda@gmail.cpm', NULL, '2018-03-30 18:37:27', 0, 6, 7, '2018-06-27 10:19:21', '2018-06-27 10:19:21', NULL),
(778, 'Kanokon', '', 'pooky_love555@hotmail.com', NULL, '2018-03-30 18:37:27', 0, 6, 7, '2018-06-27 10:19:21', '2018-06-27 10:19:21', NULL),
(779, 'Primarry', '', 'primarry@outlook.com', NULL, '2018-03-30 18:37:27', 0, 6, 26, '2018-06-27 10:19:21', '2018-06-27 10:19:21', NULL),
(780, 'ศิริรัตน์', '', 'sirirat1998@gmail.com', NULL, '2018-03-30 18:37:27', 0, 6, 27, '2018-06-27 10:19:21', '2018-06-27 10:19:21', NULL),
(781, 'Nova', '', 'w.senapak@hotmail.com', NULL, '2018-03-30 18:37:27', 0, 6, 26, '2018-06-27 10:19:21', '2018-06-27 10:19:21', NULL),
(782, 'ณัฐธัญรดา', 'บาระมี', 'ddt_baramee@hotmail.com', NULL, '2018-03-30 18:37:27', 0, 6, 25, '2018-06-27 10:19:21', '2018-06-27 10:19:21', NULL),
(783, 'Sasisom', '', 'sasisom.m@gmail.com', NULL, '2018-03-30 18:37:27', 0, 6, 25, '2018-06-27 10:19:21', '2018-06-27 10:19:21', NULL),
(784, 'ราตรี', '', 'subkongsang@gmail.com', NULL, '2018-03-30 18:37:27', 0, 6, 7, '2018-06-27 10:19:21', '2018-06-27 10:19:21', NULL);

-- --------------------------------------------------------

--
-- Table structure for table `contact_course`
--

CREATE TABLE `contact_course` (
  `id` int(11) NOT NULL,
  `contact_id` int(11) NOT NULL,
  `user_id` int(11) NOT NULL,
  `course_id` int(11) NOT NULL,
  `is_half_paid` int(1) NOT NULL DEFAULT 0,
  `is_paid` tinyint(1) NOT NULL DEFAULT 0,
  `course_price` int(11) NOT NULL,
  `level_id` int(11) NOT NULL,
  `created_at` datetime DEFAULT NULL,
  `updated_at` datetime DEFAULT NULL,
  `deleted_at` datetime DEFAULT NULL
) ENGINE=InnoDB DEFAULT CHARSET=utf8;

--
-- Dumping data for table `contact_course`
--

INSERT INTO `contact_course` (`id`, `contact_id`, `user_id`, `course_id`, `is_half_paid`, `is_paid`, `course_price`, `level_id`, `created_at`, `updated_at`, `deleted_at`) VALUES
(1, 278, 30, 1, 0, 0, 10000, 6, '2018-06-02 00:00:00', '2018-06-02 00:00:00', NULL),
(2, 502, 22, 1, 0, 0, 10000, 6, '2018-06-03 00:00:00', '2018-06-03 00:00:00', NULL),
(3, 144, 22, 1, 0, 1, 10000, 6, '2018-06-03 00:00:00', '2018-06-27 10:13:41', NULL),
(4, 341, 27, 1, 1, 0, 10000, 6, '2018-06-02 00:00:00', '2018-06-27 10:13:41', NULL),
(5, 226, 23, 2, 1, 0, 20000, 6, '2018-06-07 00:00:00', '2018-06-27 10:13:41', NULL),
(6, 362, 26, 1, 0, 0, 10000, 6, '2018-06-03 00:00:00', '2018-06-03 00:00:00', NULL),
(7, 334, 27, 2, 1, 0, 20000, 6, '2018-05-31 00:00:00', '2018-06-27 10:13:41', NULL),
(8, 615, 26, 1, 0, 0, 10000, 6, '2018-06-01 00:00:00', '2018-06-01 00:00:00', NULL),
(9, 354, 1, 2, 1, 0, 20000, 6, '2018-05-31 00:00:00', '2018-06-27 10:13:41', NULL),
(10, 395, 23, 2, 0, 1, 20000, 6, '2018-06-01 00:00:00', '2018-06-27 10:13:41', NULL),
(11, 80, 24, 2, 1, 0, 20000, 6, '2018-06-05 00:00:00', '2018-06-27 10:13:41', NULL),
(12, 473, 31, 1, 0, 1, 10000, 6, '2018-06-07 00:00:00', '2018-06-27 10:13:41', NULL),
(13, 522, 22, 2, 0, 1, 20000, 6, '2018-06-03 00:00:00', '2018-06-27 10:13:41', NULL),
(14, 420, 26, 2, 1, 0, 20000, 6, '2018-06-02 00:00:00', '2018-06-27 10:13:42', NULL),
(15, 306, 28, 2, 0, 0, 20000, 6, '2018-06-04 00:00:00', '2018-06-04 00:00:00', NULL),
(16, 550, 1, 2, 0, 0, 20000, 6, '2018-06-03 00:00:00', '2018-06-03 00:00:00', NULL),
(17, 427, 27, 1, 1, 0, 10000, 6, '2018-06-02 00:00:00', '2018-06-27 10:13:42', NULL),
(18, 622, 27, 1, 0, 0, 10000, 6, '2018-06-06 00:00:00', '2018-06-06 00:00:00', NULL),
(19, 503, 30, 2, 1, 0, 20000, 6, '2018-06-05 00:00:00', '2018-06-27 10:13:42', NULL),
(20, 162, 22, 2, 0, 1, 20000, 6, '2018-06-06 00:00:00', '2018-06-27 10:13:42', NULL),
(21, 658, 29, 2, 0, 1, 20000, 6, '2018-05-31 00:00:00', '2018-06-27 10:13:42', NULL),
(22, 515, 30, 1, 1, 0, 10000, 6, '2018-06-05 00:00:00', '2018-06-27 10:13:42', NULL),
(23, 129, 1, 1, 0, 0, 10000, 6, '2018-06-02 00:00:00', '2018-06-02 00:00:00', NULL),
(24, 74, 24, 2, 1, 0, 20000, 6, '2018-06-04 00:00:00', '2018-06-27 10:13:42', NULL),
(25, 618, 23, 1, 0, 0, 10000, 6, '2018-06-02 00:00:00', '2018-06-02 00:00:00', NULL),
(26, 67, 22, 2, 0, 0, 20000, 6, '2018-06-06 00:00:00', '2018-06-06 00:00:00', NULL),
(27, 149, 28, 1, 1, 0, 10000, 6, '2018-06-07 00:00:00', '2018-06-27 10:13:42', NULL),
(28, 274, 30, 1, 0, 1, 10000, 6, '2018-06-02 00:00:00', '2018-06-27 10:13:42', NULL),
(29, 339, 28, 1, 0, 1, 10000, 6, '2018-06-04 00:00:00', '2018-06-27 10:13:42', NULL),
(30, 207, 28, 2, 1, 0, 20000, 6, '2018-06-02 00:00:00', '2018-06-27 10:13:42', NULL),
(31, 481, 30, 2, 0, 1, 20000, 6, '2018-06-05 00:00:00', '2018-06-27 10:13:42', NULL),
(32, 532, 24, 1, 1, 0, 10000, 6, '2018-06-01 00:00:00', '2018-06-27 10:13:42', NULL),
(33, 761, 30, 1, 0, 0, 10000, 6, '2018-06-04 00:00:00', '2018-06-04 00:00:00', NULL),
(34, 284, 26, 2, 0, 1, 20000, 6, '2018-06-02 00:00:00', '2018-06-27 10:13:42', NULL),
(35, 428, 26, 1, 0, 0, 10000, 6, '2018-06-03 00:00:00', '2018-06-03 00:00:00', NULL),
(36, 28, 27, 2, 0, 0, 20000, 6, '2018-06-06 00:00:00', '2018-06-06 00:00:00', NULL),
(37, 700, 26, 1, 1, 0, 10000, 6, '2018-06-06 00:00:00', '2018-06-27 10:13:42', NULL),
(38, 340, 22, 1, 0, 0, 10000, 6, '2018-06-05 00:00:00', '2018-06-05 00:00:00', NULL),
(39, 343, 26, 2, 0, 1, 20000, 6, '2018-05-31 00:00:00', '2018-06-27 10:13:42', NULL),
(40, 120, 31, 1, 1, 0, 10000, 6, '2018-06-03 00:00:00', '2018-06-27 10:13:42', NULL),
(41, 236, 22, 1, 0, 0, 10000, 6, '2018-06-05 00:00:00', '2018-06-05 00:00:00', NULL),
(42, 372, 27, 2, 0, 1, 20000, 6, '2018-06-06 00:00:00', '2018-06-27 10:13:42', NULL),
(43, 264, 27, 2, 0, 1, 20000, 6, '2018-06-06 00:00:00', '2018-06-27 10:13:42', NULL),
(44, 216, 24, 2, 1, 0, 20000, 6, '2018-06-05 00:00:00', '2018-06-27 10:13:42', NULL),
(45, 3, 29, 1, 0, 1, 10000, 6, '2018-06-03 00:00:00', '2018-06-27 10:13:42', NULL),
(46, 61, 28, 1, 1, 0, 10000, 6, '2018-06-04 00:00:00', '2018-06-27 10:13:43', NULL),
(47, 21, 24, 1, 1, 0, 10000, 6, '2018-06-07 00:00:00', '2018-06-27 10:13:43', NULL),
(48, 312, 29, 1, 0, 0, 10000, 6, '2018-06-06 00:00:00', '2018-06-06 00:00:00', NULL),
(49, 773, 23, 2, 0, 0, 20000, 6, '2018-06-05 00:00:00', '2018-06-05 00:00:00', NULL),
(50, 345, 25, 1, 1, 0, 10000, 6, '2018-06-06 00:00:00', '2018-06-27 10:13:43', NULL),
(51, 607, 27, 1, 0, 1, 10000, 6, '2018-06-06 00:00:00', '2018-06-27 10:13:43', NULL),
(52, 84, 26, 2, 1, 0, 20000, 6, '2018-06-02 00:00:00', '2018-06-27 10:13:43', NULL),
(53, 635, 28, 2, 1, 0, 20000, 6, '2018-06-01 00:00:00', '2018-06-27 10:13:43', NULL),
(54, 463, 1, 2, 0, 0, 20000, 6, '2018-06-05 00:00:00', '2018-06-05 00:00:00', NULL),
(55, 118, 24, 2, 0, 1, 20000, 6, '2018-06-02 00:00:00', '2018-06-27 10:13:43', NULL),
(56, 617, 22, 2, 0, 0, 20000, 6, '2018-06-04 00:00:00', '2018-06-04 00:00:00', NULL),
(57, 779, 29, 2, 0, 0, 20000, 6, '2018-06-02 00:00:00', '2018-06-02 00:00:00', NULL),
(58, 749, 31, 1, 0, 0, 10000, 6, '2018-06-06 00:00:00', '2018-06-06 00:00:00', NULL),
(59, 382, 24, 2, 0, 1, 20000, 6, '2018-06-06 00:00:00', '2018-06-27 10:13:43', NULL),
(60, 712, 27, 1, 1, 0, 10000, 6, '2018-05-31 00:00:00', '2018-06-27 10:13:43', NULL),
(61, 257, 22, 2, 0, 1, 20000, 6, '2018-06-02 00:00:00', '2018-06-27 10:13:43', NULL),
(62, 499, 26, 2, 0, 1, 20000, 6, '2018-06-06 00:00:00', '2018-06-27 10:13:43', NULL),
(63, 621, 31, 2, 0, 1, 20000, 6, '2018-05-31 00:00:00', '2018-06-27 10:13:43', NULL),
(64, 524, 31, 2, 0, 0, 20000, 6, '2018-06-04 00:00:00', '2018-06-04 00:00:00', NULL),
(65, 229, 25, 1, 1, 0, 10000, 6, '2018-06-07 00:00:00', '2018-06-27 10:13:43', NULL),
(66, 289, 22, 2, 0, 0, 20000, 6, '2018-06-04 00:00:00', '2018-06-04 00:00:00', NULL),
(67, 286, 25, 1, 0, 1, 10000, 6, '2018-06-04 00:00:00', '2018-06-27 10:13:44', NULL),
(68, 165, 1, 2, 1, 0, 20000, 6, '2018-06-06 00:00:00', '2018-06-27 10:13:44', NULL),
(69, 389, 30, 1, 1, 0, 10000, 6, '2018-06-04 00:00:00', '2018-06-27 10:13:44', NULL),
(70, 537, 29, 2, 0, 1, 20000, 6, '2018-06-02 00:00:00', '2018-06-27 10:13:44', NULL),
(71, 642, 27, 1, 0, 1, 10000, 6, '2018-06-05 00:00:00', '2018-06-27 10:13:44', NULL),
(72, 500, 23, 2, 0, 1, 20000, 6, '2018-06-01 00:00:00', '2018-06-27 10:13:44', NULL),
(73, 697, 25, 1, 0, 0, 10000, 6, '2018-06-06 00:00:00', '2018-06-06 00:00:00', NULL),
(74, 538, 24, 2, 0, 1, 20000, 6, '2018-06-05 00:00:00', '2018-06-27 10:13:44', NULL),
(75, 63, 25, 2, 0, 1, 20000, 6, '2018-06-01 00:00:00', '2018-06-27 10:13:44', NULL),
(76, 565, 27, 1, 0, 1, 10000, 6, '2018-06-06 00:00:00', '2018-06-27 10:13:44', NULL),
(77, 41, 23, 2, 0, 1, 20000, 6, '2018-06-04 00:00:00', '2018-06-27 10:13:44', NULL),
(78, 475, 31, 1, 0, 0, 10000, 6, '2018-06-03 00:00:00', '2018-06-03 00:00:00', NULL),
(79, 603, 28, 2, 0, 0, 20000, 6, '2018-06-04 00:00:00', '2018-06-04 00:00:00', NULL),
(80, 300, 28, 2, 0, 1, 20000, 6, '2018-06-02 00:00:00', '2018-06-27 10:13:44', NULL),
(81, 445, 1, 2, 0, 1, 20000, 6, '2018-05-31 00:00:00', '2018-06-27 10:13:44', NULL),
(82, 368, 24, 1, 1, 0, 10000, 6, '2018-06-03 00:00:00', '2018-06-27 10:13:44', NULL),
(83, 567, 23, 1, 0, 0, 10000, 6, '2018-06-02 00:00:00', '2018-06-02 00:00:00', NULL),
(84, 654, 31, 2, 0, 1, 20000, 6, '2018-06-04 00:00:00', '2018-06-27 10:13:44', NULL),
(85, 715, 31, 2, 1, 0, 20000, 6, '2018-06-04 00:00:00', '2018-06-27 10:13:44', NULL),
(86, 117, 1, 1, 1, 0, 10000, 6, '2018-06-06 00:00:00', '2018-06-27 10:13:44', NULL),
(87, 304, 30, 2, 0, 1, 20000, 6, '2018-06-04 00:00:00', '2018-06-27 10:13:44', NULL),
(88, 198, 28, 1, 1, 0, 10000, 6, '2018-06-05 00:00:00', '2018-06-27 10:13:44', NULL),
(89, 606, 22, 2, 1, 0, 20000, 6, '2018-06-01 00:00:00', '2018-06-27 10:13:44', NULL),
(90, 100, 30, 2, 0, 1, 20000, 6, '2018-06-05 00:00:00', '2018-06-27 10:13:44', NULL),
(91, 181, 28, 1, 0, 1, 10000, 6, '2018-06-06 00:00:00', '2018-06-27 10:13:45', NULL),
(92, 528, 27, 1, 0, 1, 10000, 6, '2018-06-05 00:00:00', '2018-06-27 10:13:45', NULL),
(93, 596, 31, 1, 0, 0, 10000, 6, '2018-06-07 00:00:00', '2018-06-07 00:00:00', NULL),
(94, 314, 25, 1, 0, 1, 10000, 6, '2018-06-07 00:00:00', '2018-06-27 10:13:45', NULL),
(95, 296, 29, 1, 0, 1, 10000, 6, '2018-06-03 00:00:00', '2018-06-27 10:13:45', NULL),
(96, 569, 28, 1, 1, 0, 10000, 6, '2018-05-31 00:00:00', '2018-06-27 10:13:45', NULL),
(97, 17, 25, 1, 0, 1, 10000, 6, '2018-06-03 00:00:00', '2018-06-27 10:13:45', NULL),
(98, 627, 1, 1, 0, 0, 10000, 6, '2018-06-07 00:00:00', '2018-06-07 00:00:00', NULL),
(99, 661, 29, 2, 0, 0, 20000, 6, '2018-06-03 00:00:00', '2018-06-03 00:00:00', NULL),
(100, 579, 25, 2, 0, 1, 20000, 6, '2018-06-04 00:00:00', '2018-06-27 10:13:45', NULL),
(101, 303, 31, 1, 0, 1, 10000, 6, '2018-06-04 00:00:00', '2018-06-27 10:13:45', NULL),
(102, 637, 31, 1, 0, 0, 10000, 6, '2018-05-31 00:00:00', '2018-05-31 00:00:00', NULL),
(103, 265, 23, 2, 0, 1, 20000, 6, '2018-06-03 00:00:00', '2018-06-27 10:13:45', NULL),
(104, 437, 22, 1, 0, 0, 10000, 6, '2018-06-05 00:00:00', '2018-06-05 00:00:00', NULL),
(105, 396, 27, 1, 0, 1, 10000, 6, '2018-06-01 00:00:00', '2018-06-27 10:13:45', NULL),
(106, 330, 29, 2, 0, 1, 20000, 6, '2018-05-31 00:00:00', '2018-06-27 10:13:45', NULL),
(107, 346, 24, 1, 1, 0, 10000, 6, '2018-05-31 00:00:00', '2018-06-27 10:13:45', NULL),
(108, 102, 29, 1, 1, 0, 10000, 6, '2018-06-07 00:00:00', '2018-06-27 10:13:45', NULL),
(109, 736, 27, 2, 0, 1, 20000, 6, '2018-06-01 00:00:00', '2018-06-27 10:13:45', NULL),
(110, 356, 23, 1, 1, 0, 10000, 6, '2018-06-07 00:00:00', '2018-06-27 10:13:45', NULL),
(111, 131, 28, 1, 0, 1, 10000, 6, '2018-06-06 00:00:00', '2018-06-27 10:13:45', NULL),
(112, 266, 22, 1, 1, 0, 10000, 6, '2018-06-02 00:00:00', '2018-06-27 10:13:45', NULL),
(113, 224, 26, 1, 0, 0, 10000, 6, '2018-06-03 00:00:00', '2018-06-03 00:00:00', NULL),
(114, 24, 31, 2, 0, 1, 20000, 6, '2018-06-04 00:00:00', '2018-06-27 10:13:45', NULL),
(115, 217, 30, 1, 1, 0, 10000, 6, '2018-06-07 00:00:00', '2018-06-27 10:13:46', NULL),
(116, 651, 23, 2, 0, 1, 20000, 6, '2018-06-02 00:00:00', '2018-06-27 10:13:46', NULL),
(117, 235, 23, 1, 0, 0, 10000, 6, '2018-06-03 00:00:00', '2018-06-03 00:00:00', NULL),
(118, 112, 1, 2, 0, 0, 20000, 6, '2018-06-05 00:00:00', '2018-06-05 00:00:00', NULL),
(119, 317, 26, 1, 1, 0, 10000, 6, '2018-05-31 00:00:00', '2018-06-27 10:13:46', NULL),
(120, 97, 1, 2, 0, 0, 20000, 6, '2018-05-31 00:00:00', '2018-05-31 00:00:00', NULL),
(121, 486, 23, 2, 0, 0, 20000, 6, '2018-06-05 00:00:00', '2018-06-05 00:00:00', NULL),
(122, 215, 26, 2, 1, 0, 20000, 6, '2018-05-31 00:00:00', '2018-06-27 10:13:46', NULL),
(123, 708, 24, 2, 1, 0, 20000, 6, '2018-06-02 00:00:00', '2018-06-27 10:13:46', NULL),
(124, 31, 24, 1, 0, 0, 10000, 6, '2018-06-07 00:00:00', '2018-06-07 00:00:00', NULL),
(125, 551, 23, 1, 0, 0, 10000, 6, '2018-06-04 00:00:00', '2018-06-04 00:00:00', NULL),
(126, 530, 22, 2, 0, 1, 20000, 6, '2018-06-02 00:00:00', '2018-06-27 10:13:46', NULL),
(127, 238, 23, 1, 0, 1, 10000, 6, '2018-06-04 00:00:00', '2018-06-27 10:13:46', NULL),
(128, 20, 30, 2, 1, 0, 20000, 6, '2018-06-05 00:00:00', '2018-06-27 10:13:46', NULL),
(129, 633, 27, 1, 1, 0, 10000, 6, '2018-06-04 00:00:00', '2018-06-27 10:13:46', NULL),
(130, 458, 31, 1, 0, 1, 10000, 6, '2018-06-02 00:00:00', '2018-06-27 10:13:46', NULL),
(131, 768, 29, 2, 0, 0, 20000, 6, '2018-06-06 00:00:00', '2018-06-06 00:00:00', NULL),
(132, 673, 23, 1, 0, 0, 10000, 6, '2018-05-31 00:00:00', '2018-05-31 00:00:00', NULL),
(133, 308, 24, 1, 0, 1, 10000, 6, '2018-06-06 00:00:00', '2018-06-27 10:13:46', NULL),
(134, 167, 25, 1, 1, 0, 10000, 6, '2018-06-06 00:00:00', '2018-06-27 10:13:46', NULL),
(135, 13, 29, 2, 1, 0, 20000, 6, '2018-06-03 00:00:00', '2018-06-27 10:13:46', NULL),
(136, 40, 31, 1, 0, 0, 10000, 6, '2018-06-04 00:00:00', '2018-06-04 00:00:00', NULL),
(137, 370, 24, 1, 1, 0, 10000, 6, '2018-05-31 00:00:00', '2018-06-27 10:13:46', NULL),
(138, 680, 28, 1, 0, 0, 10000, 6, '2018-06-02 00:00:00', '2018-06-02 00:00:00', NULL),
(139, 560, 29, 1, 1, 0, 10000, 6, '2018-06-04 00:00:00', '2018-06-27 10:13:46', NULL),
(140, 647, 23, 2, 0, 1, 20000, 6, '2018-06-01 00:00:00', '2018-06-27 10:13:46', NULL),
(141, 426, 22, 1, 1, 0, 10000, 6, '2018-06-04 00:00:00', '2018-06-27 10:13:46', NULL),
(142, 508, 1, 1, 0, 0, 10000, 6, '2018-06-02 00:00:00', '2018-06-02 00:00:00', NULL),
(143, 675, 30, 2, 1, 0, 20000, 6, '2018-05-31 00:00:00', '2018-06-27 10:13:46', NULL),
(144, 449, 31, 2, 0, 0, 20000, 6, '2018-05-31 00:00:00', '2018-05-31 00:00:00', NULL),
(145, 29, 30, 2, 0, 0, 20000, 6, '2018-06-04 00:00:00', '2018-06-04 00:00:00', NULL),
(146, 251, 24, 2, 0, 1, 20000, 6, '2018-06-05 00:00:00', '2018-06-27 10:13:46', NULL),
(147, 451, 28, 2, 0, 0, 20000, 6, '2018-06-01 00:00:00', '2018-06-01 00:00:00', NULL),
(148, 614, 24, 2, 1, 0, 20000, 6, '2018-06-06 00:00:00', '2018-06-27 10:13:47', NULL),
(149, 78, 1, 2, 0, 1, 20000, 6, '2018-06-05 00:00:00', '2018-06-27 10:13:47', NULL),
(150, 683, 30, 1, 1, 0, 10000, 6, '2018-06-05 00:00:00', '2018-06-27 10:13:47', NULL),
(151, 665, 23, 2, 0, 0, 20000, 6, '2018-06-01 00:00:00', '2018-06-01 00:00:00', NULL),
(152, 192, 29, 1, 0, 1, 10000, 6, '2018-06-05 00:00:00', '2018-06-27 10:13:47', NULL),
(153, 450, 1, 1, 0, 0, 10000, 6, '2018-06-02 00:00:00', '2018-06-02 00:00:00', NULL),
(154, 363, 31, 2, 0, 1, 20000, 6, '2018-06-01 00:00:00', '2018-06-27 10:13:47', NULL),
(155, 225, 27, 1, 1, 0, 10000, 6, '2018-06-01 00:00:00', '2018-06-27 10:13:47', NULL),
(156, 531, 25, 1, 0, 0, 10000, 6, '2018-05-31 00:00:00', '2018-05-31 00:00:00', NULL),
(157, 52, 28, 2, 0, 0, 20000, 6, '2018-06-02 00:00:00', '2018-06-02 00:00:00', NULL),
(158, 439, 1, 2, 1, 0, 20000, 6, '2018-06-06 00:00:00', '2018-06-27 10:13:47', NULL),
(159, 260, 23, 1, 0, 0, 10000, 6, '2018-06-07 00:00:00', '2018-06-07 00:00:00', NULL),
(160, 743, 31, 2, 0, 0, 20000, 6, '2018-06-02 00:00:00', '2018-06-02 00:00:00', NULL),
(161, 321, 22, 2, 0, 1, 20000, 6, '2018-06-04 00:00:00', '2018-06-27 10:13:47', NULL),
(162, 780, 31, 1, 1, 0, 10000, 6, '2018-06-04 00:00:00', '2018-06-27 10:13:47', NULL),
(163, 371, 23, 2, 0, 0, 20000, 6, '2018-06-02 00:00:00', '2018-06-02 00:00:00', NULL),
(164, 659, 24, 1, 0, 1, 10000, 6, '2018-06-05 00:00:00', '2018-06-27 10:13:47', NULL),
(165, 184, 25, 1, 0, 1, 10000, 6, '2018-06-05 00:00:00', '2018-06-27 10:13:47', NULL),
(166, 246, 28, 2, 1, 0, 20000, 6, '2018-06-03 00:00:00', '2018-06-27 10:13:47', NULL),
(167, 319, 30, 1, 0, 0, 10000, 6, '2018-06-03 00:00:00', '2018-06-03 00:00:00', NULL),
(168, 482, 31, 2, 0, 1, 20000, 6, '2018-06-06 00:00:00', '2018-06-27 10:13:47', NULL),
(169, 400, 26, 1, 0, 1, 10000, 6, '2018-06-02 00:00:00', '2018-06-27 10:13:47', NULL),
(170, 50, 28, 1, 0, 1, 10000, 6, '2018-05-31 00:00:00', '2018-06-27 10:13:47', NULL),
(171, 156, 22, 2, 1, 0, 20000, 6, '2018-06-06 00:00:00', '2018-06-27 10:13:47', NULL),
(172, 462, 30, 1, 0, 1, 10000, 6, '2018-06-03 00:00:00', '2018-06-27 10:13:47', NULL),
(173, 315, 26, 1, 1, 0, 10000, 6, '2018-06-02 00:00:00', '2018-06-27 10:13:47', NULL),
(174, 556, 22, 1, 0, 1, 10000, 6, '2018-06-04 00:00:00', '2018-06-27 10:13:47', NULL),
(175, 202, 30, 2, 0, 0, 20000, 6, '2018-06-01 00:00:00', '2018-06-01 00:00:00', NULL),
(176, 549, 23, 2, 1, 0, 20000, 6, '2018-06-04 00:00:00', '2018-06-27 10:13:48', NULL),
(177, 501, 29, 1, 0, 0, 10000, 6, '2018-06-07 00:00:00', '2018-06-07 00:00:00', NULL),
(178, 19, 26, 1, 0, 1, 10000, 6, '2018-05-31 00:00:00', '2018-06-27 10:13:48', NULL),
(179, 126, 24, 1, 1, 0, 10000, 6, '2018-06-02 00:00:00', '2018-06-27 10:13:48', NULL),
(180, 613, 29, 1, 0, 0, 10000, 6, '2018-06-03 00:00:00', '2018-06-03 00:00:00', NULL),
(181, 554, 1, 1, 0, 0, 10000, 6, '2018-05-31 00:00:00', '2018-05-31 00:00:00', NULL),
(182, 720, 29, 1, 0, 1, 10000, 6, '2018-06-04 00:00:00', '2018-06-27 10:13:48', NULL),
(183, 672, 26, 1, 0, 1, 10000, 6, '2018-06-02 00:00:00', '2018-06-27 10:13:48', NULL),
(184, 171, 31, 2, 0, 0, 20000, 6, '2018-06-02 00:00:00', '2018-06-02 00:00:00', NULL),
(185, 147, 24, 1, 1, 0, 10000, 6, '2018-06-04 00:00:00', '2018-06-27 10:13:48', NULL),
(186, 35, 1, 1, 0, 1, 10000, 6, '2018-06-05 00:00:00', '2018-06-27 10:13:48', NULL),
(187, 329, 22, 2, 0, 1, 20000, 6, '2018-06-01 00:00:00', '2018-06-27 10:13:48', NULL),
(188, 483, 25, 2, 0, 0, 20000, 6, '2018-06-05 00:00:00', '2018-06-05 00:00:00', NULL),
(189, 104, 22, 1, 0, 0, 10000, 6, '2018-06-07 00:00:00', '2018-06-07 00:00:00', NULL),
(190, 195, 28, 1, 1, 0, 10000, 6, '2018-06-04 00:00:00', '2018-06-27 10:13:48', NULL),
(191, 514, 24, 2, 0, 0, 20000, 6, '2018-06-06 00:00:00', '2018-06-06 00:00:00', NULL),
(192, 182, 23, 2, 1, 0, 20000, 6, '2018-06-02 00:00:00', '2018-06-27 10:13:48', NULL),
(193, 342, 25, 1, 0, 1, 10000, 6, '2018-06-06 00:00:00', '2018-06-27 10:13:48', NULL),
(194, 55, 24, 2, 1, 0, 20000, 6, '2018-06-06 00:00:00', '2018-06-27 10:13:48', NULL),
(195, 480, 31, 1, 0, 1, 10000, 6, '2018-05-31 00:00:00', '2018-06-27 10:13:48', NULL),
(196, 638, 29, 2, 0, 1, 20000, 6, '2018-05-31 00:00:00', '2018-06-27 10:13:48', NULL),
(197, 696, 25, 2, 0, 0, 20000, 6, '2018-06-03 00:00:00', '2018-06-03 00:00:00', NULL),
(198, 520, 27, 1, 1, 0, 10000, 6, '2018-06-04 00:00:00', '2018-06-27 10:13:48', NULL),
(199, 398, 29, 2, 0, 1, 20000, 6, '2018-06-07 00:00:00', '2018-06-27 10:13:48', NULL),
(200, 93, 28, 2, 0, 1, 20000, 6, '2018-05-31 00:00:00', '2018-06-27 10:13:48', NULL),
(201, 448, 1, 1, 0, 1, 10000, 6, '2018-06-01 00:00:00', '2018-06-27 10:13:48', NULL),
(202, 455, 22, 1, 0, 0, 10000, 6, '2018-06-07 00:00:00', '2018-06-07 00:00:00', NULL),
(203, 737, 1, 1, 1, 0, 10000, 6, '2018-06-05 00:00:00', '2018-06-27 10:13:49', NULL),
(204, 601, 30, 1, 0, 1, 10000, 6, '2018-06-05 00:00:00', '2018-06-27 10:13:49', NULL),
(205, 752, 31, 1, 0, 0, 10000, 6, '2018-06-01 00:00:00', '2018-06-01 00:00:00', NULL),
(206, 353, 23, 1, 1, 0, 10000, 6, '2018-05-31 00:00:00', '2018-06-27 10:13:49', NULL),
(207, 682, 30, 1, 0, 0, 10000, 6, '2018-06-02 00:00:00', '2018-06-02 00:00:00', NULL),
(208, 125, 30, 2, 1, 0, 20000, 6, '2018-05-31 00:00:00', '2018-06-27 10:13:49', NULL),
(209, 729, 28, 2, 1, 0, 20000, 6, '2018-06-06 00:00:00', '2018-06-27 10:13:49', NULL),
(210, 684, 28, 2, 1, 0, 20000, 6, '2018-06-02 00:00:00', '2018-06-27 10:13:49', NULL),
(211, 311, 25, 2, 0, 1, 20000, 6, '2018-06-04 00:00:00', '2018-06-27 10:13:49', NULL),
(212, 698, 24, 1, 0, 1, 10000, 6, '2018-06-07 00:00:00', '2018-06-27 10:13:49', NULL),
(213, 245, 23, 1, 0, 0, 10000, 6, '2018-06-01 00:00:00', '2018-06-01 00:00:00', NULL),
(214, 769, 28, 1, 0, 1, 10000, 6, '2018-06-02 00:00:00', '2018-06-27 10:13:49', NULL),
(215, 114, 26, 1, 0, 1, 10000, 6, '2018-06-05 00:00:00', '2018-06-27 10:13:49', NULL),
(216, 710, 25, 1, 0, 1, 10000, 6, '2018-06-05 00:00:00', '2018-06-27 10:13:49', NULL),
(217, 146, 28, 2, 1, 0, 20000, 6, '2018-06-03 00:00:00', '2018-06-27 10:13:49', NULL),
(218, 653, 1, 1, 0, 0, 10000, 6, '2018-06-02 00:00:00', '2018-06-02 00:00:00', NULL),
(219, 467, 27, 1, 0, 1, 10000, 6, '2018-06-05 00:00:00', '2018-06-27 10:13:49', NULL),
(220, 108, 1, 2, 0, 1, 20000, 6, '2018-06-03 00:00:00', '2018-06-27 10:13:49', NULL),
(221, 209, 26, 2, 0, 0, 20000, 6, '2018-06-07 00:00:00', '2018-06-07 00:00:00', NULL),
(222, 388, 30, 2, 1, 0, 20000, 6, '2018-06-03 00:00:00', '2018-06-27 10:13:49', NULL),
(223, 168, 1, 1, 0, 0, 10000, 6, '2018-06-01 00:00:00', '2018-06-01 00:00:00', NULL),
(224, 323, 24, 1, 1, 0, 10000, 6, '2018-06-02 00:00:00', '2018-06-27 10:13:49', NULL),
(225, 745, 22, 1, 0, 0, 10000, 6, '2018-06-01 00:00:00', '2018-06-01 00:00:00', NULL),
(226, 509, 23, 2, 0, 1, 20000, 6, '2018-06-01 00:00:00', '2018-06-27 10:13:49', NULL),
(227, 568, 31, 1, 1, 0, 10000, 6, '2018-06-07 00:00:00', '2018-06-27 10:13:49', NULL),
(228, 574, 29, 1, 0, 0, 10000, 6, '2018-06-07 00:00:00', '2018-06-07 00:00:00', NULL),
(229, 582, 1, 2, 0, 1, 20000, 6, '2018-06-01 00:00:00', '2018-06-27 10:13:49', NULL),
(230, 1, 30, 2, 0, 1, 20000, 6, '2018-06-06 00:00:00', '2018-06-27 10:13:49', NULL),
(231, 188, 28, 1, 0, 0, 10000, 6, '2018-06-04 00:00:00', '2018-06-04 00:00:00', NULL),
(232, 619, 23, 2, 1, 0, 20000, 6, '2018-06-04 00:00:00', '2018-06-27 10:13:49', NULL),
(233, 256, 30, 2, 1, 0, 20000, 6, '2018-06-07 00:00:00', '2018-06-27 10:13:50', NULL),
(234, 241, 29, 2, 0, 0, 20000, 6, '2018-06-02 00:00:00', '2018-06-02 00:00:00', NULL),
(235, 494, 26, 1, 0, 1, 10000, 6, '2018-05-31 00:00:00', '2018-06-27 10:13:50', NULL),
(236, 688, 31, 1, 1, 0, 10000, 6, '2018-06-06 00:00:00', '2018-06-27 10:13:50', NULL),
(237, 747, 26, 1, 0, 1, 10000, 6, '2018-06-01 00:00:00', '2018-06-27 10:13:50', NULL),
(238, 359, 22, 2, 0, 0, 20000, 6, '2018-06-05 00:00:00', '2018-06-05 00:00:00', NULL),
(239, 280, 27, 2, 0, 0, 20000, 6, '2018-06-03 00:00:00', '2018-06-03 00:00:00', NULL),
(240, 291, 27, 2, 0, 0, 20000, 6, '2018-06-02 00:00:00', '2018-06-02 00:00:00', NULL),
(241, 755, 27, 1, 0, 0, 10000, 6, '2018-06-06 00:00:00', '2018-06-06 00:00:00', NULL),
(242, 272, 29, 2, 0, 1, 20000, 6, '2018-05-31 00:00:00', '2018-06-27 10:13:50', NULL),
(243, 552, 30, 2, 0, 1, 20000, 6, '2018-05-31 00:00:00', '2018-06-27 10:13:50', NULL),
(244, 332, 31, 2, 0, 1, 20000, 6, '2018-06-02 00:00:00', '2018-06-27 10:13:50', NULL),
(245, 121, 25, 1, 0, 0, 10000, 6, '2018-06-07 00:00:00', '2018-06-07 00:00:00', NULL),
(246, 87, 22, 2, 1, 0, 20000, 6, '2018-06-04 00:00:00', '2018-06-27 10:13:50', NULL),
(247, 690, 29, 1, 0, 0, 10000, 6, '2018-06-02 00:00:00', '2018-06-02 00:00:00', NULL),
(248, 632, 22, 1, 0, 0, 10000, 6, '2018-06-05 00:00:00', '2018-06-05 00:00:00', NULL),
(249, 179, 29, 2, 0, 1, 20000, 6, '2018-06-06 00:00:00', '2018-06-27 10:13:50', NULL),
(250, 543, 25, 1, 1, 0, 10000, 6, '2018-05-31 00:00:00', '2018-06-27 10:13:50', NULL),
(251, 699, 1, 2, 0, 1, 20000, 6, '2018-06-03 00:00:00', '2018-06-27 10:13:50', NULL),
(252, 233, 29, 1, 0, 0, 10000, 6, '2018-06-02 00:00:00', '2018-06-02 00:00:00', NULL),
(253, 183, 28, 1, 0, 0, 10000, 6, '2018-06-06 00:00:00', '2018-06-06 00:00:00', NULL),
(254, 540, 28, 2, 1, 0, 20000, 6, '2018-06-05 00:00:00', '2018-06-27 10:13:50', NULL),
(255, 107, 23, 1, 1, 0, 10000, 6, '2018-06-05 00:00:00', '2018-06-27 10:13:50', NULL),
(256, 133, 30, 2, 0, 0, 20000, 6, '2018-06-05 00:00:00', '2018-06-05 00:00:00', NULL),
(257, 38, 25, 1, 0, 1, 10000, 6, '2018-06-03 00:00:00', '2018-06-27 10:13:50', NULL),
(258, 385, 29, 1, 0, 0, 10000, 6, '2018-06-01 00:00:00', '2018-06-01 00:00:00', NULL),
(259, 629, 29, 1, 0, 0, 10000, 6, '2018-06-05 00:00:00', '2018-06-05 00:00:00', NULL),
(260, 576, 24, 1, 0, 0, 10000, 6, '2018-06-07 00:00:00', '2018-06-07 00:00:00', NULL),
(261, 85, 23, 2, 1, 0, 20000, 6, '2018-06-04 00:00:00', '2018-06-27 10:13:50', NULL),
(262, 652, 27, 2, 0, 0, 20000, 6, '2018-06-03 00:00:00', '2018-06-03 00:00:00', NULL),
(263, 717, 25, 2, 1, 0, 20000, 6, '2018-05-31 00:00:00', '2018-06-27 10:13:50', NULL),
(264, 290, 26, 1, 0, 1, 10000, 6, '2018-06-07 00:00:00', '2018-06-27 10:13:51', NULL),
(265, 650, 29, 1, 0, 0, 10000, 6, '2018-06-06 00:00:00', '2018-06-06 00:00:00', NULL),
(266, 71, 25, 2, 0, 0, 20000, 6, '2018-06-01 00:00:00', '2018-06-01 00:00:00', NULL),
(267, 553, 25, 1, 0, 1, 10000, 6, '2018-06-01 00:00:00', '2018-06-27 10:13:51', NULL),
(268, 784, 25, 2, 0, 0, 20000, 6, '2018-06-02 00:00:00', '2018-06-02 00:00:00', NULL),
(269, 299, 28, 2, 0, 0, 20000, 6, '2018-06-06 00:00:00', '2018-06-06 00:00:00', NULL),
(270, 383, 26, 1, 0, 1, 10000, 6, '2018-06-02 00:00:00', '2018-06-27 10:13:51', NULL),
(271, 169, 1, 1, 1, 0, 10000, 6, '2018-05-31 00:00:00', '2018-06-27 10:13:51', NULL),
(272, 178, 22, 2, 0, 0, 20000, 6, '2018-06-04 00:00:00', '2018-06-04 00:00:00', NULL),
(273, 275, 22, 1, 1, 0, 10000, 6, '2018-06-03 00:00:00', '2018-06-27 10:13:51', NULL),
(274, 369, 27, 1, 0, 0, 10000, 6, '2018-06-04 00:00:00', '2018-06-04 00:00:00', NULL),
(275, 404, 29, 2, 0, 1, 20000, 6, '2018-06-03 00:00:00', '2018-06-27 10:13:51', NULL),
(276, 106, 24, 1, 0, 0, 10000, 6, '2018-06-07 00:00:00', '2018-06-07 00:00:00', NULL),
(277, 705, 23, 1, 1, 0, 10000, 6, '2018-06-05 00:00:00', '2018-06-27 10:13:51', NULL),
(278, 605, 23, 2, 1, 0, 20000, 6, '2018-06-06 00:00:00', '2018-06-27 10:13:51', NULL),
(279, 516, 31, 1, 0, 1, 10000, 6, '2018-06-01 00:00:00', '2018-06-27 10:13:51', NULL),
(280, 70, 29, 1, 1, 0, 10000, 6, '2018-06-02 00:00:00', '2018-06-27 10:13:51', NULL),
(281, 681, 28, 2, 0, 1, 20000, 6, '2018-06-07 00:00:00', '2018-06-27 10:13:51', NULL);

-- --------------------------------------------------------

--
-- Table structure for table `course`
--

CREATE TABLE `course` (
  `id` int(11) NOT NULL,
  `name` varchar(200) NOT NULL,
  `description` varchar(255) NOT NULL,
  `course_price_id` int(11) NOT NULL,
  `created_at` datetime DEFAULT NULL,
  `updated_at` datetime DEFAULT NULL,
  `deleted_at` datetime DEFAULT NULL
) ENGINE=InnoDB DEFAULT CHARSET=utf8;

--
-- Dumping data for table `course`
--

INSERT INTO `course` (`id`, `name`, `description`, `course_price_id`, `created_at`, `updated_at`, `deleted_at`) VALUES
(1, 'course 1', 'course 1', 1, '2018-05-29 00:00:00', '2018-05-29 00:00:00', NULL),
(2, 'course 2', 'course 2', 2, '2018-05-29 00:00:00', '2018-05-29 00:00:00', NULL);

-- --------------------------------------------------------

--
-- Table structure for table `course_price`
--

CREATE TABLE `course_price` (
  `id` int(11) NOT NULL,
  `name` varchar(100) NOT NULL,
  `description` varchar(255) NOT NULL,
  `price` int(11) NOT NULL,
  `course_id` int(11) NOT NULL,
  `created_at` datetime DEFAULT NULL,
  `updated_at` datetime DEFAULT NULL,
  `deleted_at` datetime DEFAULT NULL
) ENGINE=InnoDB DEFAULT CHARSET=utf8;

--
-- Dumping data for table `course_price`
--

INSERT INTO `course_price` (`id`, `name`, `description`, `price`, `course_id`, `created_at`, `updated_at`, `deleted_at`) VALUES
(1, 'Price 1', 'Price 1', 10000, 1, '2018-05-28 00:00:00', '2018-05-28 00:00:00', NULL),
(2, 'Price 2', 'Price 2', 20000, 2, '2018-05-28 00:00:00', '2018-05-28 00:00:00', NULL);

-- --------------------------------------------------------

--
-- Table structure for table `email_template`
--

CREATE TABLE `email_template` (
  `id` int(11) NOT NULL
) ENGINE=InnoDB DEFAULT CHARSET=utf8;

-- --------------------------------------------------------

--
-- Table structure for table `file`
--

CREATE TABLE `file` (
  `id` int(11) NOT NULL,
  `name` varchar(100) NOT NULL,
  `path` varchar(255) NOT NULL,
  `created_at` datetime DEFAULT NULL,
  `updated_at` datetime DEFAULT NULL,
  `deleted_at` datetime DEFAULT NULL
) ENGINE=InnoDB DEFAULT CHARSET=utf8;

--
-- Dumping data for table `file`
--

INSERT INTO `file` (`id`, `name`, `path`, `created_at`, `updated_at`, `deleted_at`) VALUES
(74, '$2y$10$ANzSkACYsgTL/atY/blOsOaMcGXq.buKbwdGrzOwfqZ/s1jLKHftW.xlsx', '/Users/Diablo/Work/laravel/NTL/www/_system/storage/app/public', '2018-05-24 12:56:21', '2018-05-24 12:56:21', NULL),
(75, '$2y$10$hsRx0v2zVMSpHlN495/yW.C6qbV.EX/OCyr0UiiSTGfoqnZJO1zQG.xlsx', '/Users/Diablo/Work/laravel/NTL/www/_system/storage/app/public', '2018-05-24 12:57:39', '2018-05-24 12:57:39', NULL),
(76, '$2y$10$nwH1bpaGIw0h5L2t8coSkeSwGZf6mp.E5oS6Oh881fZ3OGR3.kJTW.xlsx', '/Users/Diablo/Work/laravel/NTL/www/_system/storage/app/public', '2018-05-24 12:59:43', '2018-05-24 12:59:43', NULL),
(77, '$2y$10$e8LheGCoBGwnRm3S/bACVea2nsVbKwZwM0U2VbCxKU/gj4o0qk0SO.xlsx', '/Users/Diablo/Work/laravel/NTL/www/_system/storage/app/public/2018/05', '2018-05-24 13:22:22', '2018-05-24 13:22:22', NULL),
(78, '$2y$10$s9eAu0Ny04WRqTbXVoESe.VK4epyaw.Q0Xcnnu0OZqFHj1AjM/tu..xlsx', '/Users/Diablo/Work/laravel/NTL/www/_system/storage/app/public/2018/05', '2018-05-24 13:24:22', '2018-05-24 13:24:22', NULL),
(79, '$2y$10$/McePAgw4.d8Eh4nbk0B/uvXdE65U3AiS32LaTAet/W7P/vmhuzYu.xlsx', '/Users/Diablo/Work/laravel/NTL/www/_system/storage/app/public/2018/05', '2018-05-24 13:26:32', '2018-05-24 13:26:32', NULL),
(80, '$2y$10$kZlSANNb81yTlzhDLxTDNO82guoD5ihQqI.Yhb0JtdEAmYvg75iFm.xlsx', '/Users/Diablo/Work/laravel/NTL/www/_system/storage/app/public/2018/05', '2018-05-24 13:31:17', '2018-05-24 13:31:17', NULL),
(81, '$2y$10$cKL6rT5LIGzOA0KS2mjFr.iqm4KlLDwwiuSazF0/CqJzIRedkJkX2.xlsx', '/Users/Diablo/Work/laravel/NTL/www/_system/storage/app/public/2018/05', '2018-05-24 13:32:10', '2018-05-24 13:32:10', NULL),
(82, '$2y$10$Ylt5uWJ6M48jv8A6wZrT/OeJ1Tbk5yJ.dg2ut19uYCoveyq0EaUrO.xlsx', '/Users/Diablo/Work/laravel/NTL/www/_system/storage/app/public/2018/05', '2018-05-24 13:32:33', '2018-05-24 13:32:33', NULL),
(83, '$2y$10$Nm2Ux1h94sghVVNX5plE3.C6Hj4Oru7r39yFUwheoTKRS98qCrDiO.xlsx', '/Users/Diablo/Work/laravel/NTL/www/_system/storage/app/public/2018/05', '2018-05-24 13:34:25', '2018-05-24 13:34:25', NULL),
(84, '$2y$10$L.VnBAlsyclMsvogkIOzWORg/fns6.9N5k1I0Iea6o/OAZYHkn5KO.xlsx', '/Users/Diablo/Work/laravel/NTL/www/_system/storage/app/public/2018/05', '2018-05-24 13:35:14', '2018-05-24 13:35:14', NULL),
(85, '$2y$10$vufsGx64bosRsyI8vuzVquEo9HSYCHT0rnr6U/gr.7dH3d3MUMPM..xlsx', '/Users/Diablo/Work/laravel/NTL/www/_system/storage/app/public/2018/05', '2018-05-24 13:35:55', '2018-05-24 13:35:55', NULL),
(86, '$2y$10$N3poqtlhoRVJIRd6vEzfI.piKEEKHD72ZZqcI2YLXkydeAnUboF4K.xlsx', '/Users/Diablo/Work/laravel/NTL/www/_system/storage/app/public/2018/05', '2018-05-24 13:36:28', '2018-05-24 13:36:28', NULL),
(87, '$2y$10$qQDotjlmMjkg00h54meo6exu9d/jHfQ2i0OR6mlGiyZpcyBg1Ynz2.xlsx', '/Users/Diablo/Work/laravel/NTL/www/_system/storage/app/public/2018/05', '2018-05-24 13:44:25', '2018-05-24 13:44:25', NULL),
(88, '$2y$10$sbyZTxxIl.PWaA2.yZgbWuexmRq3Pj/Fp3St1ix.vEZKO8NN42ObK.xlsx', '/Users/Diablo/Work/laravel/NTL/www/_system/storage/app/public/2018/05', '2018-05-31 08:26:21', '2018-05-31 08:26:21', NULL),
(89, '$2y$10$Qg65IImSlYKA1j0ooOKage61q1SZI8Vug/1Y7H.nFGIp7aWtC9CMq.xlsx', '/Users/Diablo/Work/laravel/NTL/www/_system/storage/app/public/2018/05', '2018-05-31 08:27:01', '2018-05-31 08:27:01', NULL),
(90, '$2y$10$c4NamGVLP1SPS6pQsPiDQOsYgTEnxruFfOXRGoSZFOs7UTNR9WSy6.xlsx', '/Users/Diablo/Work/laravel/NTL/www/_system/storage/app/public/2018/05', '2018-05-31 08:27:42', '2018-05-31 08:27:42', NULL),
(91, '$2y$10$Nh9f4n.ZCS/GZxDR4COMY.ZV39hBAqx6xTFAQwHYpvP5pxn6AJGWu.xlsx', '/Users/Diablo/Work/laravel/NTL/www/_system/storage/app/public/2018/05', '2018-05-31 08:27:49', '2018-05-31 08:27:49', NULL),
(92, '$2y$10$fs5IUj.4Y3gM1QsYbciwIutkd8Ryt/8YY8vN2wl1tdWumLJDr5bVi.xlsx', '/Users/Diablo/Work/laravel/NTL/www/_system/storage/app/public/2018/05', '2018-05-31 08:28:08', '2018-05-31 08:28:08', NULL),
(93, '$2y$10$Wo7vZs39olnLH.vz4IIl3etdL84sP6b7n837uYn2oYMHvDEL0bvBa.xlsx', '/Users/Diablo/Work/laravel/NTL/www/_system/storage/app/public/2018/05', '2018-05-31 08:32:48', '2018-05-31 08:32:48', NULL),
(94, '$2y$10$19DmxKHkeLmJg8ViVjjxeeQs/u2QeXboXpm2NKUkyVmrrB.gALgtm.xlsx', '/Users/Diablo/Work/laravel/NTL/www/_system/storage/app/public/2018/05', '2018-05-31 08:36:00', '2018-05-31 08:36:00', NULL),
(95, '$2y$10$33/oOIqOowOqB1opkPfOpeR08vDByDJ0Kok24bAV372tZR6PoKLHG.xlsx', '/Users/Diablo/Work/laravel/NTL/www/_system/storage/app/public/2018/05', '2018-05-31 08:37:50', '2018-05-31 08:37:50', NULL),
(96, '$2y$10$CHDXi8I9phiyiRFNSDUqfu4lFZvqHJcn8Pm/VJbVjW30MINgcDzRG.xlsx', '/Users/Diablo/Work/laravel/NTL/www/_system/storage/app/public/2018/05', '2018-05-31 08:39:17', '2018-05-31 08:39:17', NULL),
(97, '$2y$10$Alxxi4EDsklLTgIHX2QgL.K51Kdq8hLKhE/d0JcTWNl7FB4suEDTa.xlsx', '/Users/Diablo/Work/laravel/NTL/www/_system/storage/app/public/2018/05', '2018-05-31 08:43:11', '2018-05-31 08:43:11', NULL),
(98, '$2y$10$83.sw/QiF9Ftk1S3aDmjqeFiLEyART.EQ6EUnN9j3qz1EH1TXK6ky.xlsx', '/Users/Diablo/Work/laravel/NTL/www/_system/storage/app/public/2018/05', '2018-05-31 08:44:11', '2018-05-31 08:44:11', NULL),
(99, '$2y$10$E6osNZrU7FoJeuV0g5nrm.yp4sUJiqDUYVuH0sTPGQfLwF8Z2jwtq.xlsx', '/Users/Diablo/Work/laravel/NTL/www/_system/storage/app/public/2018/05', '2018-05-31 08:45:40', '2018-05-31 08:45:40', NULL),
(100, '$2y$10$S2oHwyenvjZ4LmLPkoeL0efEVFlgoRTKSHN8PiWu2TfD0U2PPuEam.xlsx', '/Users/Diablo/Work/laravel/NTL/www/_system/storage/app/public/2018/05', '2018-05-31 08:46:33', '2018-05-31 08:46:33', NULL),
(101, '$2y$10$oWQOcuz5M39OqU2.0j5XlOXeqTgLNDngbevL0JJDnCkH6ALNFa8Ym.xlsx', '/Users/Diablo/Work/laravel/NTL/www/_system/storage/app/public/2018/05', '2018-05-31 08:47:13', '2018-05-31 08:47:13', NULL),
(102, '$2y$10$rzuMw5FvP1ePbpizj.POQ.eBufV8qCyHLs/.GRGyq/yjGo8i7CmJC.xlsx', '/Users/Diablo/Work/laravel/NTL/www/_system/storage/app/public/2018/05', '2018-05-31 08:49:26', '2018-05-31 08:49:26', NULL),
(103, '$2y$10$4XNZANFi3QShN9dcIBwNiOW7hJsP.n9iCwyIVriRogFtzkT1Zza/u.xlsx', '/Users/Diablo/Work/laravel/NTL/www/_system/storage/app/public/2018/05', '2018-05-31 08:50:28', '2018-05-31 08:50:28', NULL),
(104, '$2y$10$lPjky0WotdC9KM18E01TtOY5OvPK.CD7xZe2HyK0DUaKtEi6HJ8ye.xlsx', '/Users/Diablo/Work/laravel/NTL/www/_system/storage/app/public/2018/05', '2018-05-31 08:51:29', '2018-05-31 08:51:29', NULL),
(105, '$2y$10$5XFItF2N4U8Xladwi/7PSO/Fqi8gblOX7NZY9WZq3RU/srdXsrxXu.xlsx', '/Users/Diablo/Work/laravel/NTL/www/_system/storage/app/public/2018/05', '2018-05-31 08:52:37', '2018-05-31 08:52:37', NULL),
(106, '$2y$10$7BzsSfrIFoPjs0HqhHldzOVRCGUrTEgO2yjc92daPpuB3g6gaLkNe.xlsx', '/Users/Diablo/Work/laravel/NTL/www/_system/storage/app/public/2018/05', '2018-05-31 08:53:26', '2018-05-31 08:53:26', NULL),
(107, '$2y$10$y2bPpkY34dl0sUoHU9l50uCftUM1bDDGz6a1wa1UJsrIa6Ygs3sRK.xlsx', '/Users/Diablo/Work/laravel/NTL/www/_system/storage/app/public/2018/05', '2018-05-31 08:54:44', '2018-05-31 08:54:44', NULL),
(108, '$2y$10$4G2rEihyoR3WmTyqxJdEGOomdD6eaVLG2einburZjWtbXsU/4epr..xlsx', '/Users/Diablo/Work/laravel/NTL/www/_system/storage/app/public/2018/05', '2018-05-31 08:55:29', '2018-05-31 08:55:29', NULL),
(109, '$2y$10$Taf3NPeccXrmYy2XChjdP.4Vk4nEK8WCIbkVuEwMVzED5F67oD2wC.xlsx', '/Users/Diablo/Work/laravel/NTL/www/_system/storage/app/public/2018/05', '2018-05-31 08:56:27', '2018-05-31 08:56:27', NULL),
(110, '$2y$10$tczj5ytNF/XuAAqN1W01x.ao6Q.lq015yOslO2hZxVsVeFWgkKdgi.xlsx', '/Users/Diablo/Work/laravel/NTL/www/_system/storage/app/public/2018/05', '2018-05-31 08:56:54', '2018-05-31 08:56:54', NULL),
(111, '$2y$10$ULdJTZZ6CjBdbyn19.QmHunjXBodDWqJJWpe7hLUDK48iksydY7tC.xlsx', '/Users/Diablo/Work/laravel/NTL/www/_system/storage/app/public/2018/05', '2018-05-31 08:57:53', '2018-05-31 08:57:53', NULL),
(112, '$2y$10$.aGzwv5EBUeL.WyBQD2uKeeu7RBhESGKSyv3CdKG4h9OycgyfmmCe.xlsx', '/Users/Diablo/Work/laravel/NTL/www/_system/storage/app/public/2018/05', '2018-05-31 08:58:13', '2018-05-31 08:58:13', NULL),
(113, '$2y$10$wSHlHQonS0rTi159sDL96OOO4Dvb9QCao/fQ5oUGMBwFhdXB3TlJm.xlsx', '/Users/Diablo/Work/laravel/NTL/www/_system/storage/app/public/2018/05', '2018-05-31 09:00:14', '2018-05-31 09:00:14', NULL),
(114, '$2y$10$pAZJn/OqNG7cEb3QGOgyBuezbelmbqr6c0vZpu9QYiuoZ2b8vc.i6.xlsx', '/Users/Diablo/Work/laravel/NTL/www/_system/storage/app/public/2018/05', '2018-05-31 09:00:50', '2018-05-31 09:00:50', NULL),
(115, '$2y$10$cWrLzp.K8N4ZjzBANmKDdOzwtrNoU8G9CHz6wLMtn1Z8droq09CSO.xlsx', '/Users/Diablo/Work/laravel/NTL/www/_system/storage/app/public/2018/05', '2018-05-31 09:01:10', '2018-05-31 09:01:10', NULL),
(116, '$2y$10$X6X1RrGRWlYe2L.NiEeaDuWK8N3FhD949ip7EqN/vxSpVmrU..0/W.xlsx', '/Users/Diablo/Work/laravel/NTL/www/_system/storage/app/public/2018/05', '2018-05-31 09:02:18', '2018-05-31 09:02:18', NULL),
(117, '$2y$10$.Li01HW9fdBQIRHz8wiP7e9QaPWjP9H3nX1x.Y/nUotNuhymtNuQi.xlsx', '/Users/Diablo/Work/laravel/NTL/www/_system/storage/app/public/2018/05', '2018-05-31 09:02:57', '2018-05-31 09:02:57', NULL),
(118, '$2y$10$DmrkyX3Wi7I09brTb.5e0OzVxsAoOV7j3xq4POC4sTsZ5Kt.N/Zy..xlsx', '/Users/Diablo/Work/laravel/NTL/www/_system/storage/app/public/2018/05', '2018-05-31 09:03:29', '2018-05-31 09:03:29', NULL),
(119, '$2y$10$ZSrd3rTbfWZrcJLZRChYO.PUNK0RJWT9QrBzKseGk3M1nKWLl0jNm.xlsx', '/Users/Diablo/Work/laravel/NTL/www/_system/storage/app/public/2018/05', '2018-05-31 09:04:55', '2018-05-31 09:04:55', NULL),
(120, '$2y$10$m3NxR0yoCfccNk3kmbwEgeDjB5J10NUln4Li3uQ51FWd.z7VvQhfS.xlsx', '/Users/Diablo/Work/laravel/NTL/www/_system/storage/app/public/2018/05', '2018-05-31 09:05:25', '2018-05-31 09:05:25', NULL),
(121, '$2y$10$LzzkKVKajQHoW7FZYAq/FeR3N6ouKiNSkDwCsFLGotS0Ewx1MgZBS.xlsx', '/Users/Diablo/Work/laravel/NTL/www/_system/storage/app/public/2018/05', '2018-05-31 09:07:54', '2018-05-31 09:07:54', NULL),
(122, '$2y$10$HY3w0024Nh/gEJzP7exus.sNRsqY0eriKk3yFLE1/EggvBPwvfhsO.xlsx', '/Users/Diablo/Work/laravel/NTL/www/_system/storage/app/public/2018/05', '2018-05-31 09:08:45', '2018-05-31 09:08:45', NULL),
(123, '$2y$10$yM3p6yHMTGeROw3KPn./ZOkFeoeGy2tlUZnEX/H3u2k74w/P2nd1C.xlsx', '/Users/Diablo/Work/laravel/NTL/www/_system/storage/app/public/2018/05', '2018-05-31 09:10:17', '2018-05-31 09:10:17', NULL),
(124, '$2y$10$gz4BcAJT.0l7zBbhvtUfC.w8C8R5PBXEatBrBEY6i1cphya7CUzw6.xlsx', '/Users/Diablo/Work/laravel/NTL/www/_system/storage/app/public/2018/05', '2018-05-31 09:11:17', '2018-05-31 09:11:17', NULL),
(125, '$2y$10$4O7JJXTsHN5XoWWdtzB82uYVk7BnD7vuHHl97KXbb80v0H4TbSoIS.xlsx', '/Users/Diablo/Work/laravel/NTL/www/_system/storage/app/public/2018/05', '2018-05-31 09:12:23', '2018-05-31 09:12:23', NULL),
(126, '$2y$10$F/AsIZZJE8xEH1QbMtnZmutjia1CwB4kx17E/fkjXUTAiwt1pG8Cy.xlsx', '/Users/Diablo/Work/laravel/NTL/www/_system/storage/app/public/2018/05', '2018-05-31 09:14:36', '2018-05-31 09:14:36', NULL),
(127, '$2y$10$driJFJ6VMTSbPKvPSJBgcOXZb89Oqc1WSONv4a79Ro/sqaQyq2Trm.xlsx', '/Users/Diablo/Work/laravel/NTL/www/_system/storage/app/public/2018/05', '2018-05-31 09:15:02', '2018-05-31 09:15:02', NULL),
(128, '$2y$10$peGC8ZSeaN9k11wCn1o9PeddOHgM9Yd8gYHPsoSee8SqzvCyD3Ydm.xlsx', '/Users/Diablo/Work/laravel/NTL/www/_system/storage/app/public/2018/05', '2018-05-31 09:15:43', '2018-05-31 09:15:43', NULL),
(129, '$2y$10$XRgXaA8KMrs21GyOUxIAneNkQdbiTDMeQ9yv7xok15Ppb2rNaZxBa.xlsx', '/Users/Diablo/Work/laravel/NTL/www/_system/storage/app/public/2018/05', '2018-05-31 09:16:45', '2018-05-31 09:16:45', NULL),
(130, '$2y$10$t3rCogTq15BdnZuLqPSVy.sZdSNweBVxitxcco5ATjszkgc.cePTC.xlsx', '/Users/Diablo/Work/laravel/NTL/www/_system/storage/app/public/2018/05', '2018-05-31 09:17:07', '2018-05-31 09:17:07', NULL),
(131, '$2y$10$ocEIqjOsbnzSlpPsw6mWuuXrQspqR3sqmUCs2jCpXsANKtCr3v3My.xlsx', '/Users/Diablo/Work/laravel/NTL/www/_system/storage/app/public/2018/05', '2018-05-31 09:17:35', '2018-05-31 09:17:35', NULL),
(132, '$2y$10$y/KPGhiRGtwbOj3CoqV5Very/4wEMVb8VZ/MhJG1FHvryykw.Eerm.xlsx', '/Users/Diablo/Work/laravel/NTL/www/_system/storage/app/public/2018/05', '2018-05-31 09:18:09', '2018-05-31 09:18:09', NULL),
(133, '$2y$10$QnPC657.K9UDym9L2knCt.No0ygbnr8Ol9ZiNRv85oPghgL9he7wu.xlsx', '/Users/Diablo/Work/laravel/NTL/www/_system/storage/app/public/2018/05', '2018-05-31 09:20:12', '2018-05-31 09:20:12', NULL),
(134, '$2y$10$Nlg8nhbInk34JMyRrnpgf.Rm7e2p5lI.yukTBuCnPxiBHSWpUqUTy.xlsx', '/Users/Diablo/Work/laravel/NTL/www/_system/storage/app/public/2018/05', '2018-05-31 09:21:23', '2018-05-31 09:21:23', NULL),
(135, '$2y$10$xa21Tw1WYmALRSAtKs9Y.OQL5UF7DzPuMgTJh8Eir3Tsext7358Z6.xlsx', '/Users/Diablo/Work/laravel/NTL/www/_system/storage/app/public/2018/05', '2018-05-31 09:22:27', '2018-05-31 09:22:27', NULL),
(136, '$2y$10$2DXr8z1xIdJU/8pmYqSwkuZEtyXXq4u0HNS2Zy.0uKkaJBd1P26NW.xlsx', '/Users/Diablo/Work/laravel/NTL/www/_system/storage/app/public/2018/05', '2018-05-31 09:23:23', '2018-05-31 09:23:23', NULL),
(137, '$2y$10$/mLPJ9XiJmzrc97jp0/o5.vDYPfT.pSTygRrYc/7VlNXgQ2m/WSGG.xlsx', '/Users/Diablo/Work/laravel/NTL/www/_system/storage/app/public/2018/05', '2018-05-31 09:24:57', '2018-05-31 09:24:57', NULL),
(138, '$2y$10$./rVcxtdKqJXFdh8wpSfueUxWkjdBMXmYO4iUytCJXk.kZg9RVGwa.xlsx', '/Users/Diablo/Work/laravel/NTL/www/_system/storage/app/public/2018/05', '2018-05-31 09:27:25', '2018-05-31 09:27:25', NULL),
(139, '$2y$10$J6fPzTRihJCjuUDjP8cNc.WcDW2Lp3nj2aXa0LR2nZd.D6FMKKa7i.xlsx', '/Users/Diablo/Work/laravel/NTL/www/_system/storage/app/public/2018/05', '2018-05-31 09:27:58', '2018-05-31 09:27:58', NULL),
(140, '$2y$10$P09OWdp0NWZJ47B8WdSuaOpz9PcCSSkyA6Ug7hPfjP/ZNKq4z/HJW.xlsx', '/Users/Diablo/Work/laravel/NTL/www/_system/storage/app/public/2018/05', '2018-05-31 09:30:12', '2018-05-31 09:30:12', NULL),
(141, '$2y$10$N7v8r.Jk4Kp6/A4EsRHcgugjxynUKQtstzDw4IApgt7RpfA.2Euz6.xlsx', '/Users/Diablo/Work/laravel/NTL/www/_system/storage/app/public/2018/05', '2018-05-31 09:31:25', '2018-05-31 09:31:25', NULL),
(142, '$2y$10$KBQ4zEuUOP7HNLmX52LdR.WHEcD1nKnGFr8A4xnqQ6DhT8BytmquS.xlsx', '/Users/Diablo/Work/laravel/NTL/www/_system/storage/app/public/2018/05', '2018-05-31 09:31:43', '2018-05-31 09:31:43', NULL),
(143, '$2y$10$2gjZ1PZD3HRK7B0ZRw7YVuP5ZAlqwybzWGGLWF41h4Utzx9fNGMny.xlsx', '/Users/Diablo/Work/laravel/NTL/www/_system/storage/app/public/2018/05', '2018-05-31 09:32:31', '2018-05-31 09:32:31', NULL),
(144, '$2y$10$LEzv3Q0J0YdFg7PoNg/Zuu8Utk88CiHU2X2Hp6hBntKjDyhj5UJoa.xlsx', '/Users/Diablo/Work/laravel/NTL/www/_system/storage/app/public/2018/05', '2018-05-31 09:35:46', '2018-05-31 09:35:46', NULL),
(145, '$2y$10$7XeDl4GK.mR./oIjE1i4I.LSTg27tTbxQuFIvzuuLg4iDr6VEIVb6.xlsx', '/Users/Diablo/Work/laravel/NTL/www/_system/storage/app/public/2018/05', '2018-05-31 09:38:01', '2018-05-31 09:38:01', NULL),
(146, '$2y$10$5M924NOJaEm.5vLLOapEt.Y8Kdsu7YPxzcOiBO37EfjOXwuCr.Cai.xlsx', '/Users/Diablo/Work/laravel/NTL/www/_system/storage/app/public/2018/05', '2018-05-31 09:39:27', '2018-05-31 09:39:27', NULL),
(147, '$2y$10$LTmIVbqCMHFk3VQaAQIjguZ01tpShkqI5J//qEUMFd6vQ2eAGm/BS.xlsx', '/Users/Diablo/Work/laravel/NTL/www/_system/storage/app/public/2018/05', '2018-05-31 09:40:51', '2018-05-31 09:40:51', NULL),
(148, '$2y$10$n8zRvTjP5jUuWqi4SdrXTezR5OlkJZGaz7MPfyHJeDvQ8CBY4RTgq.xlsx', '/Users/Diablo/Work/laravel/NTL/www/_system/storage/app/public/2018/05', '2018-05-31 09:42:23', '2018-05-31 09:42:23', NULL),
(149, '$2y$10$CGLYu5kb.UBbJGFXaMXqfOwGm6uWuAZ1tOl88x/PyMtM2I.vArbTq.xlsx', '/Users/Diablo/Work/laravel/NTL/www/_system/storage/app/public/2018/05', '2018-05-31 09:43:11', '2018-05-31 09:43:11', NULL),
(150, '$2y$10$uZV/XPI.cwBDlbBZKcti4u5YCCfYR0W.Er0I0YY6C/2blcEVhyqo6.xlsx', '/Users/Diablo/Work/laravel/NTL/www/_system/storage/app/public/2018/05', '2018-05-31 09:43:52', '2018-05-31 09:43:52', NULL),
(151, '$2y$10$O.AewfM7AIoxbeZf5e3HaeIOJ4V9yCkXgDEGNDFFRd/TSXH.PVia2.xlsx', '/Users/Diablo/Work/laravel/NTL/www/_system/storage/app/public/2018/05', '2018-05-31 09:44:59', '2018-05-31 09:44:59', NULL),
(152, '$2y$10$rOWP62b051/U.0nG1baCG.GcwT09e1VqfBHxWPC4XUJ3pMZqMwrSu.xlsx', '/Users/Diablo/Work/laravel/NTL/www/_system/storage/app/public/2018/05', '2018-05-31 09:45:24', '2018-05-31 09:45:24', NULL),
(153, '$2y$10$wP7U1gzJFMtvecWQsXqTfuBikD8Dzt6dymm9Ie/06dLa8lXMLduTa.xlsx', '/Users/Diablo/Work/laravel/NTL/www/_system/storage/app/public/2018/05', '2018-05-31 09:46:00', '2018-05-31 09:46:00', NULL),
(154, '$2y$10$OwxncV23EirEAMtMcVsbue8YK8DJlu.RjB1Ipbs5YYA.cUOEHxb7q.xlsx', '/Users/Diablo/Work/laravel/NTL/www/_system/storage/app/public/2018/05', '2018-05-31 09:46:29', '2018-05-31 09:46:29', NULL),
(155, '$2y$10$s7WeFzkMk/QvImlDX7NuYuvvirI6tonDAUwmyfCqqEo/to3TVVqrW.xlsx', '/Users/Diablo/Work/laravel/NTL/www/_system/storage/app/public/2018/05', '2018-05-31 11:17:20', '2018-05-31 11:17:20', NULL),
(156, '$2y$10$SlT6A8sRoWLQM1pH1ghFQeLv2E6Iz6zSoWn9mwJnfh3HVuD59ecXy.xlsx', '/Users/Diablo/Work/laravel/NTL/www/_system/storage/app/public/2018/05', '2018-05-31 11:18:18', '2018-05-31 11:18:18', NULL),
(157, '$2y$10$lh7GXqXxKJRokJmPYaXbNeffp3lNljE1uf083wiFOmoZnDJMQRNEG.xlsx', '/Users/Diablo/Work/laravel/NTL/www/_system/storage/app/public/2018/06', '2018-06-01 07:16:37', '2018-06-01 07:16:37', NULL),
(158, '$2y$10$TxQim56xl68jbS3zFtAaPewGZICqLESLbGMyY2c2jwJG3ZI5PZjTe.xlsx', '/Users/Diablo/Work/laravel/NTL/www/_system/storage/app/public/2018/06', '2018-06-01 07:16:58', '2018-06-01 07:16:58', NULL),
(159, '$2y$10$BhyyanKKDjL5nxgv7Tg7jOmRnVYJZdLmXbAjadY.QQ3HpH2vcAWCK.xlsx', '/Users/Diablo/Work/laravel/NTL/www/_system/storage/app/public/2018/06', '2018-06-19 03:03:29', '2018-06-19 03:03:29', NULL),
(160, '$2y$10$pZcli2l6SCkKL8wBFWVMk..0REbT7oHJnMZO9tfGZVAX769lsT.6m.xlsx', '/Users/Diablo/Work/laravel/NTL/www/_system/storage/app/public/2018/06', '2018-06-19 03:04:06', '2018-06-19 03:04:06', NULL),
(161, '$2y$10$S.Ug5aKCVasEY1KmVOt8fOurSyCKU5G2l7FbY0PyUU9rRntTNLejC.xlsx', '/Users/Diablo/Work/laravel/NTL/www/_system/storage/app/public/2018/06', '2018-06-19 03:06:36', '2018-06-19 03:06:36', NULL),
(162, '$2y$10$o9Uqo.MXi/KXU5MR1emi4OecA81uSbaPm8UipupGWzmIZvbEVLaYy.xlsx', '/Users/Diablo/Work/laravel/NTL/www/_system/storage/app/public/2018/06', '2018-06-19 03:14:05', '2018-06-19 03:14:05', NULL),
(163, '$2y$10$Po7elJ7DH1gJRIA2dwKsMuIqUP6aqZKAggc7iEyBtr8b4go0hJIi..xlsx', '/Users/Diablo/Work/laravel/NTL/www/_system/storage/app/public/2018/06', '2018-06-27 10:19:15', '2018-06-27 10:19:15', NULL);

-- --------------------------------------------------------

--
-- Table structure for table `file_contact`
--

CREATE TABLE `file_contact` (
  `id` int(11) NOT NULL,
  `contact_id` int(11) NOT NULL,
  `file_id` int(11) NOT NULL,
  `created_at` datetime DEFAULT NULL,
  `updated_at` datetime DEFAULT NULL,
  `deleted_at` datetime DEFAULT NULL
) ENGINE=InnoDB DEFAULT CHARSET=utf8;

--
-- Dumping data for table `file_contact`
--

INSERT INTO `file_contact` (`id`, `contact_id`, `file_id`, `created_at`, `updated_at`, `deleted_at`) VALUES
(1, 5, 74, '2018-05-24 12:56:21', '2018-05-24 12:56:21', NULL),
(2, 6, 74, '2018-05-24 12:56:22', '2018-05-24 12:56:22', NULL),
(3, 7, 74, '2018-05-24 12:56:22', '2018-05-24 12:56:22', NULL),
(4, 8, 74, '2018-05-24 12:56:22', '2018-05-24 12:56:22', NULL),
(5, 9, 74, '2018-05-24 12:56:22', '2018-05-24 12:56:22', NULL),
(6, 10, 74, '2018-05-24 12:56:22', '2018-05-24 12:56:22', NULL),
(7, 11, 82, '2018-05-24 13:32:33', '2018-05-24 13:32:33', NULL),
(8, 12, 86, '2018-05-24 13:36:28', '2018-05-24 13:36:28', NULL),
(9, 13, 86, '2018-05-24 13:36:28', '2018-05-24 13:36:28', NULL),
(10, 14, 86, '2018-05-24 13:36:28', '2018-05-24 13:36:28', NULL),
(11, 15, 86, '2018-05-24 13:36:28', '2018-05-24 13:36:28', NULL),
(12, 16, 86, '2018-05-24 13:36:28', '2018-05-24 13:36:28', NULL),
(13, 17, 86, '2018-05-24 13:36:28', '2018-05-24 13:36:28', NULL),
(14, 18, 86, '2018-05-24 13:36:28', '2018-05-24 13:36:28', NULL),
(15, 20, 154, '2018-05-31 09:46:29', '2018-05-31 09:46:29', NULL),
(16, 21, 154, '2018-05-31 09:46:29', '2018-05-31 09:46:29', NULL),
(17, 22, 154, '2018-05-31 09:46:29', '2018-05-31 09:46:29', NULL),
(18, 23, 154, '2018-05-31 09:46:29', '2018-05-31 09:46:29', NULL),
(19, 24, 154, '2018-05-31 09:46:29', '2018-05-31 09:46:29', NULL),
(20, 25, 154, '2018-05-31 09:46:29', '2018-05-31 09:46:29', NULL),
(21, 26, 154, '2018-05-31 09:46:29', '2018-05-31 09:46:29', NULL),
(22, 27, 154, '2018-05-31 09:46:29', '2018-05-31 09:46:29', NULL),
(23, 28, 154, '2018-05-31 09:46:29', '2018-05-31 09:46:29', NULL),
(24, 29, 154, '2018-05-31 09:46:29', '2018-05-31 09:46:29', NULL),
(25, 30, 154, '2018-05-31 09:46:29', '2018-05-31 09:46:29', NULL),
(26, 31, 154, '2018-05-31 09:46:29', '2018-05-31 09:46:29', NULL),
(27, 32, 154, '2018-05-31 09:46:29', '2018-05-31 09:46:29', NULL),
(28, 33, 154, '2018-05-31 09:46:29', '2018-05-31 09:46:29', NULL),
(29, 34, 154, '2018-05-31 09:46:29', '2018-05-31 09:46:29', NULL),
(30, 35, 154, '2018-05-31 09:46:29', '2018-05-31 09:46:29', NULL),
(31, 36, 154, '2018-05-31 09:46:29', '2018-05-31 09:46:29', NULL),
(32, 37, 154, '2018-05-31 09:46:29', '2018-05-31 09:46:29', NULL),
(33, 38, 154, '2018-05-31 09:46:29', '2018-05-31 09:46:29', NULL),
(34, 39, 154, '2018-05-31 09:46:29', '2018-05-31 09:46:29', NULL),
(35, 40, 154, '2018-05-31 09:46:29', '2018-05-31 09:46:29', NULL),
(36, 41, 154, '2018-05-31 09:46:29', '2018-05-31 09:46:29', NULL),
(37, 42, 154, '2018-05-31 09:46:29', '2018-05-31 09:46:29', NULL),
(38, 43, 154, '2018-05-31 09:46:29', '2018-05-31 09:46:29', NULL),
(39, 44, 154, '2018-05-31 09:46:29', '2018-05-31 09:46:29', NULL),
(40, 45, 154, '2018-05-31 09:46:29', '2018-05-31 09:46:29', NULL),
(41, 46, 154, '2018-05-31 09:46:29', '2018-05-31 09:46:29', NULL),
(42, 47, 154, '2018-05-31 09:46:29', '2018-05-31 09:46:29', NULL),
(43, 48, 154, '2018-05-31 09:46:29', '2018-05-31 09:46:29', NULL),
(44, 49, 154, '2018-05-31 09:46:29', '2018-05-31 09:46:29', NULL),
(45, 50, 154, '2018-05-31 09:46:29', '2018-05-31 09:46:29', NULL),
(46, 51, 154, '2018-05-31 09:46:29', '2018-05-31 09:46:29', NULL),
(47, 52, 154, '2018-05-31 09:46:29', '2018-05-31 09:46:29', NULL),
(48, 53, 154, '2018-05-31 09:46:29', '2018-05-31 09:46:29', NULL),
(49, 54, 154, '2018-05-31 09:46:29', '2018-05-31 09:46:29', NULL),
(50, 55, 154, '2018-05-31 09:46:29', '2018-05-31 09:46:29', NULL),
(51, 56, 154, '2018-05-31 09:46:29', '2018-05-31 09:46:29', NULL),
(52, 57, 154, '2018-05-31 09:46:29', '2018-05-31 09:46:29', NULL),
(53, 58, 154, '2018-05-31 09:46:29', '2018-05-31 09:46:29', NULL),
(54, 59, 154, '2018-05-31 09:46:29', '2018-05-31 09:46:29', NULL),
(55, 60, 154, '2018-05-31 09:46:29', '2018-05-31 09:46:29', NULL),
(56, 61, 154, '2018-05-31 09:46:29', '2018-05-31 09:46:29', NULL),
(57, 62, 154, '2018-05-31 09:46:29', '2018-05-31 09:46:29', NULL),
(58, 63, 154, '2018-05-31 09:46:29', '2018-05-31 09:46:29', NULL),
(59, 64, 154, '2018-05-31 09:46:29', '2018-05-31 09:46:29', NULL),
(60, 65, 154, '2018-05-31 09:46:29', '2018-05-31 09:46:29', NULL),
(61, 66, 154, '2018-05-31 09:46:29', '2018-05-31 09:46:29', NULL),
(62, 67, 154, '2018-05-31 09:46:29', '2018-05-31 09:46:29', NULL),
(63, 68, 154, '2018-05-31 09:46:29', '2018-05-31 09:46:29', NULL),
(64, 69, 154, '2018-05-31 09:46:29', '2018-05-31 09:46:29', NULL),
(65, 70, 154, '2018-05-31 09:46:29', '2018-05-31 09:46:29', NULL),
(66, 71, 154, '2018-05-31 09:46:29', '2018-05-31 09:46:29', NULL),
(67, 72, 154, '2018-05-31 09:46:29', '2018-05-31 09:46:29', NULL),
(68, 73, 154, '2018-05-31 09:46:29', '2018-05-31 09:46:29', NULL),
(69, 74, 154, '2018-05-31 09:46:29', '2018-05-31 09:46:29', NULL),
(70, 75, 154, '2018-05-31 09:46:29', '2018-05-31 09:46:29', NULL),
(71, 76, 154, '2018-05-31 09:46:29', '2018-05-31 09:46:29', NULL),
(72, 77, 154, '2018-05-31 09:46:29', '2018-05-31 09:46:29', NULL),
(73, 78, 154, '2018-05-31 09:46:29', '2018-05-31 09:46:29', NULL),
(74, 79, 154, '2018-05-31 09:46:29', '2018-05-31 09:46:29', NULL),
(75, 80, 154, '2018-05-31 09:46:29', '2018-05-31 09:46:29', NULL),
(76, 81, 154, '2018-05-31 09:46:29', '2018-05-31 09:46:29', NULL),
(77, 82, 154, '2018-05-31 09:46:29', '2018-05-31 09:46:29', NULL),
(78, 83, 154, '2018-05-31 09:46:29', '2018-05-31 09:46:29', NULL),
(79, 84, 154, '2018-05-31 09:46:29', '2018-05-31 09:46:29', NULL),
(80, 85, 154, '2018-05-31 09:46:29', '2018-05-31 09:46:29', NULL),
(81, 86, 154, '2018-05-31 09:46:29', '2018-05-31 09:46:29', NULL),
(82, 87, 154, '2018-05-31 09:46:29', '2018-05-31 09:46:29', NULL),
(83, 88, 154, '2018-05-31 09:46:29', '2018-05-31 09:46:29', NULL),
(84, 89, 154, '2018-05-31 09:46:29', '2018-05-31 09:46:29', NULL),
(85, 90, 154, '2018-05-31 09:46:29', '2018-05-31 09:46:29', NULL),
(86, 91, 154, '2018-05-31 09:46:29', '2018-05-31 09:46:29', NULL),
(87, 92, 154, '2018-05-31 09:46:29', '2018-05-31 09:46:29', NULL),
(88, 93, 154, '2018-05-31 09:46:29', '2018-05-31 09:46:29', NULL),
(89, 94, 154, '2018-05-31 09:46:29', '2018-05-31 09:46:29', NULL),
(90, 95, 154, '2018-05-31 09:46:29', '2018-05-31 09:46:29', NULL),
(91, 96, 154, '2018-05-31 09:46:29', '2018-05-31 09:46:29', NULL),
(92, 97, 154, '2018-05-31 09:46:29', '2018-05-31 09:46:29', NULL),
(93, 98, 154, '2018-05-31 09:46:29', '2018-05-31 09:46:29', NULL),
(94, 99, 154, '2018-05-31 09:46:29', '2018-05-31 09:46:29', NULL),
(95, 100, 154, '2018-05-31 09:46:29', '2018-05-31 09:46:29', NULL),
(96, 101, 154, '2018-05-31 09:46:29', '2018-05-31 09:46:29', NULL),
(97, 102, 154, '2018-05-31 09:46:29', '2018-05-31 09:46:29', NULL),
(98, 103, 154, '2018-05-31 09:46:29', '2018-05-31 09:46:29', NULL),
(99, 104, 154, '2018-05-31 09:46:29', '2018-05-31 09:46:29', NULL),
(100, 105, 154, '2018-05-31 09:46:29', '2018-05-31 09:46:29', NULL),
(101, 106, 154, '2018-05-31 09:46:29', '2018-05-31 09:46:29', NULL),
(102, 107, 154, '2018-05-31 09:46:29', '2018-05-31 09:46:29', NULL),
(103, 108, 154, '2018-05-31 09:46:29', '2018-05-31 09:46:29', NULL),
(104, 109, 154, '2018-05-31 09:46:29', '2018-05-31 09:46:29', NULL),
(105, 110, 154, '2018-05-31 09:46:29', '2018-05-31 09:46:29', NULL),
(106, 111, 154, '2018-05-31 09:46:29', '2018-05-31 09:46:29', NULL),
(107, 112, 154, '2018-05-31 09:46:29', '2018-05-31 09:46:29', NULL),
(108, 113, 154, '2018-05-31 09:46:29', '2018-05-31 09:46:29', NULL),
(109, 114, 154, '2018-05-31 09:46:29', '2018-05-31 09:46:29', NULL),
(110, 115, 154, '2018-05-31 09:46:29', '2018-05-31 09:46:29', NULL),
(111, 116, 154, '2018-05-31 09:46:29', '2018-05-31 09:46:29', NULL),
(112, 117, 154, '2018-05-31 09:46:29', '2018-05-31 09:46:29', NULL),
(113, 118, 154, '2018-05-31 09:46:29', '2018-05-31 09:46:29', NULL),
(114, 119, 154, '2018-05-31 09:46:29', '2018-05-31 09:46:29', NULL),
(115, 120, 154, '2018-05-31 09:46:29', '2018-05-31 09:46:29', NULL),
(116, 121, 154, '2018-05-31 09:46:30', '2018-05-31 09:46:30', NULL),
(117, 122, 154, '2018-05-31 09:46:30', '2018-05-31 09:46:30', NULL),
(118, 123, 154, '2018-05-31 09:46:30', '2018-05-31 09:46:30', NULL),
(119, 124, 154, '2018-05-31 09:46:30', '2018-05-31 09:46:30', NULL),
(120, 125, 154, '2018-05-31 09:46:30', '2018-05-31 09:46:30', NULL),
(121, 126, 154, '2018-05-31 09:46:30', '2018-05-31 09:46:30', NULL),
(122, 127, 154, '2018-05-31 09:46:30', '2018-05-31 09:46:30', NULL),
(123, 128, 154, '2018-05-31 09:46:30', '2018-05-31 09:46:30', NULL),
(124, 129, 154, '2018-05-31 09:46:30', '2018-05-31 09:46:30', NULL),
(125, 130, 154, '2018-05-31 09:46:30', '2018-05-31 09:46:30', NULL),
(126, 131, 154, '2018-05-31 09:46:30', '2018-05-31 09:46:30', NULL),
(127, 132, 154, '2018-05-31 09:46:30', '2018-05-31 09:46:30', NULL),
(128, 133, 154, '2018-05-31 09:46:30', '2018-05-31 09:46:30', NULL),
(129, 134, 154, '2018-05-31 09:46:30', '2018-05-31 09:46:30', NULL),
(130, 135, 154, '2018-05-31 09:46:30', '2018-05-31 09:46:30', NULL),
(131, 136, 154, '2018-05-31 09:46:30', '2018-05-31 09:46:30', NULL),
(132, 137, 154, '2018-05-31 09:46:30', '2018-05-31 09:46:30', NULL),
(133, 138, 154, '2018-05-31 09:46:30', '2018-05-31 09:46:30', NULL),
(134, 139, 154, '2018-05-31 09:46:30', '2018-05-31 09:46:30', NULL),
(135, 140, 154, '2018-05-31 09:46:30', '2018-05-31 09:46:30', NULL),
(136, 141, 154, '2018-05-31 09:46:30', '2018-05-31 09:46:30', NULL),
(137, 142, 154, '2018-05-31 09:46:30', '2018-05-31 09:46:30', NULL),
(138, 143, 154, '2018-05-31 09:46:30', '2018-05-31 09:46:30', NULL),
(139, 144, 154, '2018-05-31 09:46:30', '2018-05-31 09:46:30', NULL),
(140, 145, 154, '2018-05-31 09:46:30', '2018-05-31 09:46:30', NULL),
(141, 146, 154, '2018-05-31 09:46:30', '2018-05-31 09:46:30', NULL),
(142, 147, 154, '2018-05-31 09:46:30', '2018-05-31 09:46:30', NULL),
(143, 148, 154, '2018-05-31 09:46:30', '2018-05-31 09:46:30', NULL),
(144, 149, 154, '2018-05-31 09:46:30', '2018-05-31 09:46:30', NULL),
(145, 150, 154, '2018-05-31 09:46:30', '2018-05-31 09:46:30', NULL),
(146, 151, 154, '2018-05-31 09:46:30', '2018-05-31 09:46:30', NULL),
(147, 152, 154, '2018-05-31 09:46:30', '2018-05-31 09:46:30', NULL),
(148, 153, 154, '2018-05-31 09:46:30', '2018-05-31 09:46:30', NULL),
(149, 154, 154, '2018-05-31 09:46:30', '2018-05-31 09:46:30', NULL),
(150, 155, 154, '2018-05-31 09:46:30', '2018-05-31 09:46:30', NULL),
(151, 156, 154, '2018-05-31 09:46:30', '2018-05-31 09:46:30', NULL),
(152, 157, 154, '2018-05-31 09:46:30', '2018-05-31 09:46:30', NULL),
(153, 158, 154, '2018-05-31 09:46:30', '2018-05-31 09:46:30', NULL),
(154, 159, 154, '2018-05-31 09:46:30', '2018-05-31 09:46:30', NULL),
(155, 160, 154, '2018-05-31 09:46:30', '2018-05-31 09:46:30', NULL),
(156, 161, 154, '2018-05-31 09:46:30', '2018-05-31 09:46:30', NULL),
(157, 162, 154, '2018-05-31 09:46:30', '2018-05-31 09:46:30', NULL),
(158, 163, 154, '2018-05-31 09:46:30', '2018-05-31 09:46:30', NULL),
(159, 164, 154, '2018-05-31 09:46:30', '2018-05-31 09:46:30', NULL),
(160, 165, 154, '2018-05-31 09:46:30', '2018-05-31 09:46:30', NULL),
(161, 166, 154, '2018-05-31 09:46:30', '2018-05-31 09:46:30', NULL),
(162, 167, 154, '2018-05-31 09:46:30', '2018-05-31 09:46:30', NULL),
(163, 168, 154, '2018-05-31 09:46:30', '2018-05-31 09:46:30', NULL),
(164, 169, 154, '2018-05-31 09:46:30', '2018-05-31 09:46:30', NULL),
(165, 170, 154, '2018-05-31 09:46:30', '2018-05-31 09:46:30', NULL),
(166, 171, 154, '2018-05-31 09:46:30', '2018-05-31 09:46:30', NULL),
(167, 172, 154, '2018-05-31 09:46:30', '2018-05-31 09:46:30', NULL),
(168, 173, 154, '2018-05-31 09:46:30', '2018-05-31 09:46:30', NULL),
(169, 174, 154, '2018-05-31 09:46:30', '2018-05-31 09:46:30', NULL),
(170, 175, 154, '2018-05-31 09:46:30', '2018-05-31 09:46:30', NULL),
(171, 176, 154, '2018-05-31 09:46:30', '2018-05-31 09:46:30', NULL),
(172, 177, 154, '2018-05-31 09:46:30', '2018-05-31 09:46:30', NULL),
(173, 178, 154, '2018-05-31 09:46:30', '2018-05-31 09:46:30', NULL),
(174, 179, 154, '2018-05-31 09:46:30', '2018-05-31 09:46:30', NULL),
(175, 180, 154, '2018-05-31 09:46:30', '2018-05-31 09:46:30', NULL),
(176, 181, 154, '2018-05-31 09:46:30', '2018-05-31 09:46:30', NULL),
(177, 182, 154, '2018-05-31 09:46:30', '2018-05-31 09:46:30', NULL),
(178, 183, 154, '2018-05-31 09:46:30', '2018-05-31 09:46:30', NULL),
(179, 184, 154, '2018-05-31 09:46:30', '2018-05-31 09:46:30', NULL),
(180, 185, 154, '2018-05-31 09:46:30', '2018-05-31 09:46:30', NULL),
(181, 186, 154, '2018-05-31 09:46:30', '2018-05-31 09:46:30', NULL),
(182, 187, 154, '2018-05-31 09:46:30', '2018-05-31 09:46:30', NULL),
(183, 188, 154, '2018-05-31 09:46:30', '2018-05-31 09:46:30', NULL),
(184, 189, 154, '2018-05-31 09:46:30', '2018-05-31 09:46:30', NULL),
(185, 190, 154, '2018-05-31 09:46:30', '2018-05-31 09:46:30', NULL),
(186, 191, 154, '2018-05-31 09:46:30', '2018-05-31 09:46:30', NULL),
(187, 192, 154, '2018-05-31 09:46:30', '2018-05-31 09:46:30', NULL),
(188, 193, 154, '2018-05-31 09:46:30', '2018-05-31 09:46:30', NULL),
(189, 194, 154, '2018-05-31 09:46:30', '2018-05-31 09:46:30', NULL),
(190, 195, 154, '2018-05-31 09:46:30', '2018-05-31 09:46:30', NULL),
(191, 196, 154, '2018-05-31 09:46:30', '2018-05-31 09:46:30', NULL),
(192, 197, 154, '2018-05-31 09:46:30', '2018-05-31 09:46:30', NULL),
(193, 198, 154, '2018-05-31 09:46:30', '2018-05-31 09:46:30', NULL),
(194, 199, 154, '2018-05-31 09:46:30', '2018-05-31 09:46:30', NULL),
(195, 200, 154, '2018-05-31 09:46:30', '2018-05-31 09:46:30', NULL),
(196, 201, 154, '2018-05-31 09:46:30', '2018-05-31 09:46:30', NULL),
(197, 202, 154, '2018-05-31 09:46:30', '2018-05-31 09:46:30', NULL),
(198, 203, 154, '2018-05-31 09:46:30', '2018-05-31 09:46:30', NULL),
(199, 204, 154, '2018-05-31 09:46:30', '2018-05-31 09:46:30', NULL),
(200, 205, 154, '2018-05-31 09:46:30', '2018-05-31 09:46:30', NULL),
(201, 206, 154, '2018-05-31 09:46:30', '2018-05-31 09:46:30', NULL),
(202, 207, 154, '2018-05-31 09:46:30', '2018-05-31 09:46:30', NULL),
(203, 208, 154, '2018-05-31 09:46:30', '2018-05-31 09:46:30', NULL),
(204, 209, 154, '2018-05-31 09:46:30', '2018-05-31 09:46:30', NULL),
(205, 210, 154, '2018-05-31 09:46:30', '2018-05-31 09:46:30', NULL),
(206, 211, 154, '2018-05-31 09:46:30', '2018-05-31 09:46:30', NULL),
(207, 212, 154, '2018-05-31 09:46:30', '2018-05-31 09:46:30', NULL),
(208, 213, 154, '2018-05-31 09:46:30', '2018-05-31 09:46:30', NULL),
(209, 214, 154, '2018-05-31 09:46:30', '2018-05-31 09:46:30', NULL),
(210, 215, 154, '2018-05-31 09:46:30', '2018-05-31 09:46:30', NULL),
(211, 216, 154, '2018-05-31 09:46:30', '2018-05-31 09:46:30', NULL),
(212, 217, 154, '2018-05-31 09:46:30', '2018-05-31 09:46:30', NULL),
(213, 218, 154, '2018-05-31 09:46:30', '2018-05-31 09:46:30', NULL),
(214, 219, 154, '2018-05-31 09:46:30', '2018-05-31 09:46:30', NULL),
(215, 220, 154, '2018-05-31 09:46:30', '2018-05-31 09:46:30', NULL),
(216, 221, 154, '2018-05-31 09:46:30', '2018-05-31 09:46:30', NULL),
(217, 222, 154, '2018-05-31 09:46:30', '2018-05-31 09:46:30', NULL),
(218, 223, 154, '2018-05-31 09:46:30', '2018-05-31 09:46:30', NULL),
(219, 224, 154, '2018-05-31 09:46:30', '2018-05-31 09:46:30', NULL),
(220, 225, 154, '2018-05-31 09:46:30', '2018-05-31 09:46:30', NULL),
(221, 226, 154, '2018-05-31 09:46:30', '2018-05-31 09:46:30', NULL),
(222, 227, 154, '2018-05-31 09:46:30', '2018-05-31 09:46:30', NULL),
(223, 228, 154, '2018-05-31 09:46:30', '2018-05-31 09:46:30', NULL),
(224, 229, 154, '2018-05-31 09:46:30', '2018-05-31 09:46:30', NULL),
(225, 230, 154, '2018-05-31 09:46:30', '2018-05-31 09:46:30', NULL),
(226, 231, 154, '2018-05-31 09:46:30', '2018-05-31 09:46:30', NULL),
(227, 232, 154, '2018-05-31 09:46:30', '2018-05-31 09:46:30', NULL),
(228, 233, 154, '2018-05-31 09:46:30', '2018-05-31 09:46:30', NULL),
(229, 234, 154, '2018-05-31 09:46:30', '2018-05-31 09:46:30', NULL),
(230, 235, 154, '2018-05-31 09:46:30', '2018-05-31 09:46:30', NULL),
(231, 236, 154, '2018-05-31 09:46:30', '2018-05-31 09:46:30', NULL),
(232, 237, 154, '2018-05-31 09:46:30', '2018-05-31 09:46:30', NULL),
(233, 238, 154, '2018-05-31 09:46:30', '2018-05-31 09:46:30', NULL),
(234, 239, 154, '2018-05-31 09:46:30', '2018-05-31 09:46:30', NULL),
(235, 240, 154, '2018-05-31 09:46:30', '2018-05-31 09:46:30', NULL),
(236, 241, 154, '2018-05-31 09:46:30', '2018-05-31 09:46:30', NULL),
(237, 242, 154, '2018-05-31 09:46:30', '2018-05-31 09:46:30', NULL),
(238, 243, 154, '2018-05-31 09:46:30', '2018-05-31 09:46:30', NULL),
(239, 244, 154, '2018-05-31 09:46:30', '2018-05-31 09:46:30', NULL),
(240, 245, 154, '2018-05-31 09:46:30', '2018-05-31 09:46:30', NULL),
(241, 246, 154, '2018-05-31 09:46:30', '2018-05-31 09:46:30', NULL),
(242, 247, 154, '2018-05-31 09:46:30', '2018-05-31 09:46:30', NULL),
(243, 248, 154, '2018-05-31 09:46:30', '2018-05-31 09:46:30', NULL),
(244, 249, 154, '2018-05-31 09:46:30', '2018-05-31 09:46:30', NULL),
(245, 250, 154, '2018-05-31 09:46:30', '2018-05-31 09:46:30', NULL),
(246, 251, 154, '2018-05-31 09:46:30', '2018-05-31 09:46:30', NULL),
(247, 252, 154, '2018-05-31 09:46:30', '2018-05-31 09:46:30', NULL),
(248, 253, 154, '2018-05-31 09:46:30', '2018-05-31 09:46:30', NULL),
(249, 254, 154, '2018-05-31 09:46:30', '2018-05-31 09:46:30', NULL),
(250, 255, 154, '2018-05-31 09:46:30', '2018-05-31 09:46:30', NULL),
(251, 256, 154, '2018-05-31 09:46:30', '2018-05-31 09:46:30', NULL),
(252, 257, 154, '2018-05-31 09:46:30', '2018-05-31 09:46:30', NULL),
(253, 258, 154, '2018-05-31 09:46:30', '2018-05-31 09:46:30', NULL),
(254, 259, 154, '2018-05-31 09:46:30', '2018-05-31 09:46:30', NULL),
(255, 260, 154, '2018-05-31 09:46:30', '2018-05-31 09:46:30', NULL),
(256, 261, 154, '2018-05-31 09:46:30', '2018-05-31 09:46:30', NULL),
(257, 262, 154, '2018-05-31 09:46:30', '2018-05-31 09:46:30', NULL),
(258, 263, 154, '2018-05-31 09:46:30', '2018-05-31 09:46:30', NULL),
(259, 264, 154, '2018-05-31 09:46:30', '2018-05-31 09:46:30', NULL),
(260, 265, 154, '2018-05-31 09:46:30', '2018-05-31 09:46:30', NULL),
(261, 266, 154, '2018-05-31 09:46:30', '2018-05-31 09:46:30', NULL),
(262, 267, 154, '2018-05-31 09:46:30', '2018-05-31 09:46:30', NULL),
(263, 268, 154, '2018-05-31 09:46:30', '2018-05-31 09:46:30', NULL),
(264, 269, 154, '2018-05-31 09:46:30', '2018-05-31 09:46:30', NULL),
(265, 270, 154, '2018-05-31 09:46:31', '2018-05-31 09:46:31', NULL),
(266, 271, 154, '2018-05-31 09:46:31', '2018-05-31 09:46:31', NULL),
(267, 272, 154, '2018-05-31 09:46:31', '2018-05-31 09:46:31', NULL),
(268, 273, 154, '2018-05-31 09:46:31', '2018-05-31 09:46:31', NULL),
(269, 274, 154, '2018-05-31 09:46:31', '2018-05-31 09:46:31', NULL),
(270, 275, 154, '2018-05-31 09:46:31', '2018-05-31 09:46:31', NULL),
(271, 276, 154, '2018-05-31 09:46:31', '2018-05-31 09:46:31', NULL),
(272, 277, 154, '2018-05-31 09:46:31', '2018-05-31 09:46:31', NULL),
(273, 278, 154, '2018-05-31 09:46:31', '2018-05-31 09:46:31', NULL),
(274, 279, 154, '2018-05-31 09:46:31', '2018-05-31 09:46:31', NULL),
(275, 280, 154, '2018-05-31 09:46:31', '2018-05-31 09:46:31', NULL),
(276, 281, 154, '2018-05-31 09:46:31', '2018-05-31 09:46:31', NULL),
(277, 282, 154, '2018-05-31 09:46:31', '2018-05-31 09:46:31', NULL),
(278, 283, 154, '2018-05-31 09:46:31', '2018-05-31 09:46:31', NULL),
(279, 284, 154, '2018-05-31 09:46:31', '2018-05-31 09:46:31', NULL),
(280, 285, 154, '2018-05-31 09:46:31', '2018-05-31 09:46:31', NULL),
(281, 286, 154, '2018-05-31 09:46:31', '2018-05-31 09:46:31', NULL),
(282, 287, 154, '2018-05-31 09:46:31', '2018-05-31 09:46:31', NULL),
(283, 288, 154, '2018-05-31 09:46:31', '2018-05-31 09:46:31', NULL),
(284, 289, 154, '2018-05-31 09:46:31', '2018-05-31 09:46:31', NULL),
(285, 290, 154, '2018-05-31 09:46:31', '2018-05-31 09:46:31', NULL),
(286, 291, 154, '2018-05-31 09:46:31', '2018-05-31 09:46:31', NULL),
(287, 292, 154, '2018-05-31 09:46:31', '2018-05-31 09:46:31', NULL),
(288, 293, 154, '2018-05-31 09:46:31', '2018-05-31 09:46:31', NULL),
(289, 294, 154, '2018-05-31 09:46:31', '2018-05-31 09:46:31', NULL),
(290, 295, 154, '2018-05-31 09:46:31', '2018-05-31 09:46:31', NULL),
(291, 296, 154, '2018-05-31 09:46:31', '2018-05-31 09:46:31', NULL),
(292, 297, 154, '2018-05-31 09:46:31', '2018-05-31 09:46:31', NULL),
(293, 298, 154, '2018-05-31 09:46:31', '2018-05-31 09:46:31', NULL),
(294, 299, 154, '2018-05-31 09:46:31', '2018-05-31 09:46:31', NULL),
(295, 300, 154, '2018-05-31 09:46:31', '2018-05-31 09:46:31', NULL),
(296, 301, 154, '2018-05-31 09:46:31', '2018-05-31 09:46:31', NULL),
(297, 302, 154, '2018-05-31 09:46:31', '2018-05-31 09:46:31', NULL),
(298, 303, 154, '2018-05-31 09:46:31', '2018-05-31 09:46:31', NULL),
(299, 304, 154, '2018-05-31 09:46:31', '2018-05-31 09:46:31', NULL),
(300, 305, 154, '2018-05-31 09:46:31', '2018-05-31 09:46:31', NULL),
(301, 306, 154, '2018-05-31 09:46:31', '2018-05-31 09:46:31', NULL),
(302, 307, 154, '2018-05-31 09:46:31', '2018-05-31 09:46:31', NULL),
(303, 308, 154, '2018-05-31 09:46:31', '2018-05-31 09:46:31', NULL),
(304, 309, 154, '2018-05-31 09:46:31', '2018-05-31 09:46:31', NULL),
(305, 310, 154, '2018-05-31 09:46:31', '2018-05-31 09:46:31', NULL),
(306, 311, 154, '2018-05-31 09:46:31', '2018-05-31 09:46:31', NULL),
(307, 312, 154, '2018-05-31 09:46:31', '2018-05-31 09:46:31', NULL),
(308, 313, 154, '2018-05-31 09:46:31', '2018-05-31 09:46:31', NULL),
(309, 314, 154, '2018-05-31 09:46:31', '2018-05-31 09:46:31', NULL),
(310, 315, 154, '2018-05-31 09:46:31', '2018-05-31 09:46:31', NULL),
(311, 316, 154, '2018-05-31 09:46:31', '2018-05-31 09:46:31', NULL),
(312, 317, 154, '2018-05-31 09:46:31', '2018-05-31 09:46:31', NULL),
(313, 318, 154, '2018-05-31 09:46:31', '2018-05-31 09:46:31', NULL),
(314, 319, 154, '2018-05-31 09:46:31', '2018-05-31 09:46:31', NULL),
(315, 320, 154, '2018-05-31 09:46:31', '2018-05-31 09:46:31', NULL),
(316, 321, 154, '2018-05-31 09:46:31', '2018-05-31 09:46:31', NULL),
(317, 322, 154, '2018-05-31 09:46:31', '2018-05-31 09:46:31', NULL),
(318, 323, 154, '2018-05-31 09:46:31', '2018-05-31 09:46:31', NULL),
(319, 324, 154, '2018-05-31 09:46:31', '2018-05-31 09:46:31', NULL),
(320, 325, 154, '2018-05-31 09:46:31', '2018-05-31 09:46:31', NULL),
(321, 326, 154, '2018-05-31 09:46:31', '2018-05-31 09:46:31', NULL),
(322, 327, 154, '2018-05-31 09:46:31', '2018-05-31 09:46:31', NULL),
(323, 328, 154, '2018-05-31 09:46:31', '2018-05-31 09:46:31', NULL),
(324, 329, 154, '2018-05-31 09:46:31', '2018-05-31 09:46:31', NULL),
(325, 330, 154, '2018-05-31 09:46:31', '2018-05-31 09:46:31', NULL),
(326, 331, 154, '2018-05-31 09:46:31', '2018-05-31 09:46:31', NULL),
(327, 332, 154, '2018-05-31 09:46:31', '2018-05-31 09:46:31', NULL),
(328, 333, 154, '2018-05-31 09:46:31', '2018-05-31 09:46:31', NULL),
(329, 334, 154, '2018-05-31 09:46:31', '2018-05-31 09:46:31', NULL),
(330, 335, 154, '2018-05-31 09:46:31', '2018-05-31 09:46:31', NULL),
(331, 336, 154, '2018-05-31 09:46:31', '2018-05-31 09:46:31', NULL),
(332, 337, 154, '2018-05-31 09:46:31', '2018-05-31 09:46:31', NULL),
(333, 338, 154, '2018-05-31 09:46:31', '2018-05-31 09:46:31', NULL),
(334, 339, 154, '2018-05-31 09:46:31', '2018-05-31 09:46:31', NULL),
(335, 340, 154, '2018-05-31 09:46:31', '2018-05-31 09:46:31', NULL),
(336, 341, 154, '2018-05-31 09:46:31', '2018-05-31 09:46:31', NULL),
(337, 342, 154, '2018-05-31 09:46:31', '2018-05-31 09:46:31', NULL),
(338, 343, 154, '2018-05-31 09:46:31', '2018-05-31 09:46:31', NULL),
(339, 344, 154, '2018-05-31 09:46:31', '2018-05-31 09:46:31', NULL),
(340, 345, 154, '2018-05-31 09:46:31', '2018-05-31 09:46:31', NULL),
(341, 346, 154, '2018-05-31 09:46:31', '2018-05-31 09:46:31', NULL),
(342, 347, 154, '2018-05-31 09:46:31', '2018-05-31 09:46:31', NULL),
(343, 348, 154, '2018-05-31 09:46:31', '2018-05-31 09:46:31', NULL),
(344, 349, 154, '2018-05-31 09:46:31', '2018-05-31 09:46:31', NULL),
(345, 350, 154, '2018-05-31 09:46:31', '2018-05-31 09:46:31', NULL),
(346, 351, 154, '2018-05-31 09:46:31', '2018-05-31 09:46:31', NULL),
(347, 352, 154, '2018-05-31 09:46:31', '2018-05-31 09:46:31', NULL),
(348, 353, 154, '2018-05-31 09:46:31', '2018-05-31 09:46:31', NULL),
(349, 354, 154, '2018-05-31 09:46:31', '2018-05-31 09:46:31', NULL),
(350, 355, 154, '2018-05-31 09:46:31', '2018-05-31 09:46:31', NULL),
(351, 356, 154, '2018-05-31 09:46:31', '2018-05-31 09:46:31', NULL),
(352, 357, 154, '2018-05-31 09:46:31', '2018-05-31 09:46:31', NULL),
(353, 358, 154, '2018-05-31 09:46:31', '2018-05-31 09:46:31', NULL),
(354, 359, 154, '2018-05-31 09:46:31', '2018-05-31 09:46:31', NULL),
(355, 360, 154, '2018-05-31 09:46:31', '2018-05-31 09:46:31', NULL),
(356, 361, 154, '2018-05-31 09:46:31', '2018-05-31 09:46:31', NULL),
(357, 362, 154, '2018-05-31 09:46:31', '2018-05-31 09:46:31', NULL),
(358, 363, 154, '2018-05-31 09:46:31', '2018-05-31 09:46:31', NULL),
(359, 364, 154, '2018-05-31 09:46:31', '2018-05-31 09:46:31', NULL),
(360, 365, 154, '2018-05-31 09:46:31', '2018-05-31 09:46:31', NULL),
(361, 366, 154, '2018-05-31 09:46:31', '2018-05-31 09:46:31', NULL),
(362, 367, 154, '2018-05-31 09:46:31', '2018-05-31 09:46:31', NULL),
(363, 368, 154, '2018-05-31 09:46:31', '2018-05-31 09:46:31', NULL),
(364, 369, 154, '2018-05-31 09:46:31', '2018-05-31 09:46:31', NULL),
(365, 370, 154, '2018-05-31 09:46:31', '2018-05-31 09:46:31', NULL),
(366, 371, 154, '2018-05-31 09:46:31', '2018-05-31 09:46:31', NULL),
(367, 372, 154, '2018-05-31 09:46:31', '2018-05-31 09:46:31', NULL),
(368, 373, 154, '2018-05-31 09:46:31', '2018-05-31 09:46:31', NULL),
(369, 374, 154, '2018-05-31 09:46:31', '2018-05-31 09:46:31', NULL),
(370, 375, 154, '2018-05-31 09:46:31', '2018-05-31 09:46:31', NULL),
(371, 376, 154, '2018-05-31 09:46:31', '2018-05-31 09:46:31', NULL),
(372, 377, 154, '2018-05-31 09:46:31', '2018-05-31 09:46:31', NULL),
(373, 378, 154, '2018-05-31 09:46:31', '2018-05-31 09:46:31', NULL),
(374, 379, 154, '2018-05-31 09:46:31', '2018-05-31 09:46:31', NULL),
(375, 380, 154, '2018-05-31 09:46:31', '2018-05-31 09:46:31', NULL),
(376, 381, 154, '2018-05-31 09:46:31', '2018-05-31 09:46:31', NULL),
(377, 382, 154, '2018-05-31 09:46:31', '2018-05-31 09:46:31', NULL),
(378, 383, 154, '2018-05-31 09:46:31', '2018-05-31 09:46:31', NULL),
(379, 384, 154, '2018-05-31 09:46:31', '2018-05-31 09:46:31', NULL),
(380, 385, 154, '2018-05-31 09:46:31', '2018-05-31 09:46:31', NULL),
(381, 386, 154, '2018-05-31 09:46:31', '2018-05-31 09:46:31', NULL),
(382, 387, 154, '2018-05-31 09:46:31', '2018-05-31 09:46:31', NULL),
(383, 388, 154, '2018-05-31 09:46:31', '2018-05-31 09:46:31', NULL),
(384, 389, 154, '2018-05-31 09:46:31', '2018-05-31 09:46:31', NULL),
(385, 390, 154, '2018-05-31 09:46:31', '2018-05-31 09:46:31', NULL),
(386, 391, 154, '2018-05-31 09:46:31', '2018-05-31 09:46:31', NULL),
(387, 392, 154, '2018-05-31 09:46:31', '2018-05-31 09:46:31', NULL),
(388, 393, 154, '2018-05-31 09:46:31', '2018-05-31 09:46:31', NULL),
(389, 394, 154, '2018-05-31 09:46:31', '2018-05-31 09:46:31', NULL),
(390, 395, 154, '2018-05-31 09:46:31', '2018-05-31 09:46:31', NULL),
(391, 396, 154, '2018-05-31 09:46:31', '2018-05-31 09:46:31', NULL),
(392, 397, 154, '2018-05-31 09:46:31', '2018-05-31 09:46:31', NULL),
(393, 398, 154, '2018-05-31 09:46:31', '2018-05-31 09:46:31', NULL),
(394, 399, 154, '2018-05-31 09:46:31', '2018-05-31 09:46:31', NULL),
(395, 400, 154, '2018-05-31 09:46:31', '2018-05-31 09:46:31', NULL),
(396, 401, 154, '2018-05-31 09:46:31', '2018-05-31 09:46:31', NULL),
(397, 402, 154, '2018-05-31 09:46:31', '2018-05-31 09:46:31', NULL),
(398, 403, 154, '2018-05-31 09:46:31', '2018-05-31 09:46:31', NULL),
(399, 404, 154, '2018-05-31 09:46:31', '2018-05-31 09:46:31', NULL),
(400, 405, 154, '2018-05-31 09:46:31', '2018-05-31 09:46:31', NULL),
(401, 406, 154, '2018-05-31 09:46:31', '2018-05-31 09:46:31', NULL),
(402, 407, 154, '2018-05-31 09:46:31', '2018-05-31 09:46:31', NULL),
(403, 408, 154, '2018-05-31 09:46:31', '2018-05-31 09:46:31', NULL),
(404, 409, 154, '2018-05-31 09:46:31', '2018-05-31 09:46:31', NULL),
(405, 410, 154, '2018-05-31 09:46:31', '2018-05-31 09:46:31', NULL),
(406, 411, 154, '2018-05-31 09:46:31', '2018-05-31 09:46:31', NULL),
(407, 412, 154, '2018-05-31 09:46:31', '2018-05-31 09:46:31', NULL),
(408, 413, 154, '2018-05-31 09:46:31', '2018-05-31 09:46:31', NULL),
(409, 414, 154, '2018-05-31 09:46:31', '2018-05-31 09:46:31', NULL),
(410, 415, 154, '2018-05-31 09:46:31', '2018-05-31 09:46:31', NULL),
(411, 416, 154, '2018-05-31 09:46:31', '2018-05-31 09:46:31', NULL),
(412, 417, 154, '2018-05-31 09:46:31', '2018-05-31 09:46:31', NULL),
(413, 418, 154, '2018-05-31 09:46:32', '2018-05-31 09:46:32', NULL),
(414, 419, 154, '2018-05-31 09:46:32', '2018-05-31 09:46:32', NULL),
(415, 420, 154, '2018-05-31 09:46:32', '2018-05-31 09:46:32', NULL),
(416, 421, 154, '2018-05-31 09:46:32', '2018-05-31 09:46:32', NULL),
(417, 422, 154, '2018-05-31 09:46:32', '2018-05-31 09:46:32', NULL),
(418, 423, 154, '2018-05-31 09:46:32', '2018-05-31 09:46:32', NULL),
(419, 424, 154, '2018-05-31 09:46:32', '2018-05-31 09:46:32', NULL),
(420, 425, 154, '2018-05-31 09:46:32', '2018-05-31 09:46:32', NULL),
(421, 426, 154, '2018-05-31 09:46:32', '2018-05-31 09:46:32', NULL),
(422, 427, 154, '2018-05-31 09:46:32', '2018-05-31 09:46:32', NULL),
(423, 428, 154, '2018-05-31 09:46:32', '2018-05-31 09:46:32', NULL),
(424, 429, 154, '2018-05-31 09:46:32', '2018-05-31 09:46:32', NULL),
(425, 430, 154, '2018-05-31 09:46:32', '2018-05-31 09:46:32', NULL),
(426, 431, 154, '2018-05-31 09:46:32', '2018-05-31 09:46:32', NULL),
(427, 432, 154, '2018-05-31 09:46:32', '2018-05-31 09:46:32', NULL),
(428, 433, 154, '2018-05-31 09:46:32', '2018-05-31 09:46:32', NULL),
(429, 434, 154, '2018-05-31 09:46:32', '2018-05-31 09:46:32', NULL),
(430, 435, 154, '2018-05-31 09:46:32', '2018-05-31 09:46:32', NULL),
(431, 436, 154, '2018-05-31 09:46:32', '2018-05-31 09:46:32', NULL),
(432, 437, 154, '2018-05-31 09:46:32', '2018-05-31 09:46:32', NULL),
(433, 438, 154, '2018-05-31 09:46:32', '2018-05-31 09:46:32', NULL),
(434, 439, 154, '2018-05-31 09:46:32', '2018-05-31 09:46:32', NULL),
(435, 440, 154, '2018-05-31 09:46:32', '2018-05-31 09:46:32', NULL),
(436, 441, 154, '2018-05-31 09:46:32', '2018-05-31 09:46:32', NULL),
(437, 442, 154, '2018-05-31 09:46:32', '2018-05-31 09:46:32', NULL),
(438, 443, 154, '2018-05-31 09:46:32', '2018-05-31 09:46:32', NULL),
(439, 444, 154, '2018-05-31 09:46:32', '2018-05-31 09:46:32', NULL),
(440, 445, 154, '2018-05-31 09:46:32', '2018-05-31 09:46:32', NULL),
(441, 446, 154, '2018-05-31 09:46:32', '2018-05-31 09:46:32', NULL),
(442, 447, 154, '2018-05-31 09:46:32', '2018-05-31 09:46:32', NULL),
(443, 448, 154, '2018-05-31 09:46:32', '2018-05-31 09:46:32', NULL),
(444, 449, 154, '2018-05-31 09:46:32', '2018-05-31 09:46:32', NULL),
(445, 450, 154, '2018-05-31 09:46:32', '2018-05-31 09:46:32', NULL),
(446, 451, 154, '2018-05-31 09:46:32', '2018-05-31 09:46:32', NULL),
(447, 452, 154, '2018-05-31 09:46:32', '2018-05-31 09:46:32', NULL),
(448, 453, 154, '2018-05-31 09:46:32', '2018-05-31 09:46:32', NULL),
(449, 454, 154, '2018-05-31 09:46:32', '2018-05-31 09:46:32', NULL),
(450, 455, 154, '2018-05-31 09:46:32', '2018-05-31 09:46:32', NULL),
(451, 456, 154, '2018-05-31 09:46:32', '2018-05-31 09:46:32', NULL),
(452, 457, 154, '2018-05-31 09:46:32', '2018-05-31 09:46:32', NULL),
(453, 458, 154, '2018-05-31 09:46:32', '2018-05-31 09:46:32', NULL),
(454, 459, 154, '2018-05-31 09:46:32', '2018-05-31 09:46:32', NULL),
(455, 460, 154, '2018-05-31 09:46:32', '2018-05-31 09:46:32', NULL),
(456, 461, 154, '2018-05-31 09:46:32', '2018-05-31 09:46:32', NULL),
(457, 462, 154, '2018-05-31 09:46:32', '2018-05-31 09:46:32', NULL),
(458, 463, 154, '2018-05-31 09:46:32', '2018-05-31 09:46:32', NULL),
(459, 464, 154, '2018-05-31 09:46:32', '2018-05-31 09:46:32', NULL),
(460, 465, 154, '2018-05-31 09:46:32', '2018-05-31 09:46:32', NULL),
(461, 466, 154, '2018-05-31 09:46:32', '2018-05-31 09:46:32', NULL),
(462, 467, 154, '2018-05-31 09:46:32', '2018-05-31 09:46:32', NULL),
(463, 468, 154, '2018-05-31 09:46:32', '2018-05-31 09:46:32', NULL),
(464, 469, 154, '2018-05-31 09:46:32', '2018-05-31 09:46:32', NULL),
(465, 470, 154, '2018-05-31 09:46:32', '2018-05-31 09:46:32', NULL),
(466, 471, 154, '2018-05-31 09:46:32', '2018-05-31 09:46:32', NULL),
(467, 472, 154, '2018-05-31 09:46:32', '2018-05-31 09:46:32', NULL),
(468, 473, 154, '2018-05-31 09:46:32', '2018-05-31 09:46:32', NULL),
(469, 474, 154, '2018-05-31 09:46:32', '2018-05-31 09:46:32', NULL),
(470, 475, 154, '2018-05-31 09:46:32', '2018-05-31 09:46:32', NULL),
(471, 476, 154, '2018-05-31 09:46:32', '2018-05-31 09:46:32', NULL),
(472, 477, 154, '2018-05-31 09:46:32', '2018-05-31 09:46:32', NULL),
(473, 478, 154, '2018-05-31 09:46:32', '2018-05-31 09:46:32', NULL),
(474, 479, 154, '2018-05-31 09:46:32', '2018-05-31 09:46:32', NULL),
(475, 480, 154, '2018-05-31 09:46:32', '2018-05-31 09:46:32', NULL),
(476, 481, 154, '2018-05-31 09:46:32', '2018-05-31 09:46:32', NULL),
(477, 482, 154, '2018-05-31 09:46:32', '2018-05-31 09:46:32', NULL),
(478, 483, 154, '2018-05-31 09:46:32', '2018-05-31 09:46:32', NULL),
(479, 484, 154, '2018-05-31 09:46:32', '2018-05-31 09:46:32', NULL),
(480, 485, 154, '2018-05-31 09:46:32', '2018-05-31 09:46:32', NULL),
(481, 486, 154, '2018-05-31 09:46:32', '2018-05-31 09:46:32', NULL),
(482, 487, 154, '2018-05-31 09:46:32', '2018-05-31 09:46:32', NULL),
(483, 488, 154, '2018-05-31 09:46:32', '2018-05-31 09:46:32', NULL),
(484, 489, 154, '2018-05-31 09:46:32', '2018-05-31 09:46:32', NULL),
(485, 490, 154, '2018-05-31 09:46:32', '2018-05-31 09:46:32', NULL),
(486, 491, 154, '2018-05-31 09:46:32', '2018-05-31 09:46:32', NULL),
(487, 492, 154, '2018-05-31 09:46:32', '2018-05-31 09:46:32', NULL),
(488, 493, 154, '2018-05-31 09:46:32', '2018-05-31 09:46:32', NULL),
(489, 494, 154, '2018-05-31 09:46:32', '2018-05-31 09:46:32', NULL),
(490, 495, 154, '2018-05-31 09:46:32', '2018-05-31 09:46:32', NULL),
(491, 496, 154, '2018-05-31 09:46:32', '2018-05-31 09:46:32', NULL),
(492, 497, 154, '2018-05-31 09:46:32', '2018-05-31 09:46:32', NULL),
(493, 498, 154, '2018-05-31 09:46:32', '2018-05-31 09:46:32', NULL),
(494, 499, 154, '2018-05-31 09:46:32', '2018-05-31 09:46:32', NULL),
(495, 500, 154, '2018-05-31 09:46:32', '2018-05-31 09:46:32', NULL),
(496, 501, 154, '2018-05-31 09:46:32', '2018-05-31 09:46:32', NULL),
(497, 502, 154, '2018-05-31 09:46:32', '2018-05-31 09:46:32', NULL),
(498, 503, 154, '2018-05-31 09:46:32', '2018-05-31 09:46:32', NULL),
(499, 504, 154, '2018-05-31 09:46:32', '2018-05-31 09:46:32', NULL),
(500, 505, 154, '2018-05-31 09:46:32', '2018-05-31 09:46:32', NULL),
(501, 506, 154, '2018-05-31 09:46:32', '2018-05-31 09:46:32', NULL),
(502, 507, 154, '2018-05-31 09:46:32', '2018-05-31 09:46:32', NULL),
(503, 508, 154, '2018-05-31 09:46:32', '2018-05-31 09:46:32', NULL),
(504, 509, 154, '2018-05-31 09:46:32', '2018-05-31 09:46:32', NULL),
(505, 510, 154, '2018-05-31 09:46:32', '2018-05-31 09:46:32', NULL),
(506, 511, 154, '2018-05-31 09:46:32', '2018-05-31 09:46:32', NULL),
(507, 512, 154, '2018-05-31 09:46:32', '2018-05-31 09:46:32', NULL),
(508, 513, 154, '2018-05-31 09:46:32', '2018-05-31 09:46:32', NULL),
(509, 514, 154, '2018-05-31 09:46:32', '2018-05-31 09:46:32', NULL),
(510, 515, 154, '2018-05-31 09:46:32', '2018-05-31 09:46:32', NULL),
(511, 516, 154, '2018-05-31 09:46:32', '2018-05-31 09:46:32', NULL),
(512, 517, 154, '2018-05-31 09:46:32', '2018-05-31 09:46:32', NULL),
(513, 518, 154, '2018-05-31 09:46:32', '2018-05-31 09:46:32', NULL),
(514, 519, 154, '2018-05-31 09:46:32', '2018-05-31 09:46:32', NULL),
(515, 520, 154, '2018-05-31 09:46:32', '2018-05-31 09:46:32', NULL),
(516, 521, 154, '2018-05-31 09:46:32', '2018-05-31 09:46:32', NULL),
(517, 522, 154, '2018-05-31 09:46:32', '2018-05-31 09:46:32', NULL),
(518, 523, 154, '2018-05-31 09:46:32', '2018-05-31 09:46:32', NULL),
(519, 524, 154, '2018-05-31 09:46:32', '2018-05-31 09:46:32', NULL),
(520, 525, 154, '2018-05-31 09:46:32', '2018-05-31 09:46:32', NULL),
(521, 526, 154, '2018-05-31 09:46:32', '2018-05-31 09:46:32', NULL),
(522, 527, 154, '2018-05-31 09:46:32', '2018-05-31 09:46:32', NULL),
(523, 528, 154, '2018-05-31 09:46:32', '2018-05-31 09:46:32', NULL),
(524, 529, 154, '2018-05-31 09:46:32', '2018-05-31 09:46:32', NULL),
(525, 530, 154, '2018-05-31 09:46:32', '2018-05-31 09:46:32', NULL),
(526, 531, 154, '2018-05-31 09:46:32', '2018-05-31 09:46:32', NULL),
(527, 532, 154, '2018-05-31 09:46:32', '2018-05-31 09:46:32', NULL),
(528, 533, 154, '2018-05-31 09:46:32', '2018-05-31 09:46:32', NULL),
(529, 534, 154, '2018-05-31 09:46:32', '2018-05-31 09:46:32', NULL),
(530, 535, 154, '2018-05-31 09:46:32', '2018-05-31 09:46:32', NULL),
(531, 536, 154, '2018-05-31 09:46:32', '2018-05-31 09:46:32', NULL),
(532, 537, 154, '2018-05-31 09:46:32', '2018-05-31 09:46:32', NULL),
(533, 538, 154, '2018-05-31 09:46:32', '2018-05-31 09:46:32', NULL),
(534, 539, 154, '2018-05-31 09:46:32', '2018-05-31 09:46:32', NULL),
(535, 540, 154, '2018-05-31 09:46:32', '2018-05-31 09:46:32', NULL),
(536, 541, 154, '2018-05-31 09:46:32', '2018-05-31 09:46:32', NULL),
(537, 542, 154, '2018-05-31 09:46:32', '2018-05-31 09:46:32', NULL),
(538, 543, 154, '2018-05-31 09:46:32', '2018-05-31 09:46:32', NULL),
(539, 544, 154, '2018-05-31 09:46:32', '2018-05-31 09:46:32', NULL),
(540, 545, 154, '2018-05-31 09:46:32', '2018-05-31 09:46:32', NULL),
(541, 546, 154, '2018-05-31 09:46:32', '2018-05-31 09:46:32', NULL),
(542, 547, 154, '2018-05-31 09:46:32', '2018-05-31 09:46:32', NULL),
(543, 548, 154, '2018-05-31 09:46:32', '2018-05-31 09:46:32', NULL),
(544, 549, 154, '2018-05-31 09:46:32', '2018-05-31 09:46:32', NULL),
(545, 550, 154, '2018-05-31 09:46:32', '2018-05-31 09:46:32', NULL),
(546, 551, 154, '2018-05-31 09:46:32', '2018-05-31 09:46:32', NULL),
(547, 552, 154, '2018-05-31 09:46:32', '2018-05-31 09:46:32', NULL),
(548, 553, 154, '2018-05-31 09:46:32', '2018-05-31 09:46:32', NULL),
(549, 554, 154, '2018-05-31 09:46:32', '2018-05-31 09:46:32', NULL),
(550, 555, 154, '2018-05-31 09:46:32', '2018-05-31 09:46:32', NULL),
(551, 556, 154, '2018-05-31 09:46:32', '2018-05-31 09:46:32', NULL),
(552, 557, 154, '2018-05-31 09:46:32', '2018-05-31 09:46:32', NULL),
(553, 558, 154, '2018-05-31 09:46:32', '2018-05-31 09:46:32', NULL),
(554, 559, 154, '2018-05-31 09:46:32', '2018-05-31 09:46:32', NULL),
(555, 560, 154, '2018-05-31 09:46:32', '2018-05-31 09:46:32', NULL),
(556, 561, 154, '2018-05-31 09:46:32', '2018-05-31 09:46:32', NULL),
(557, 562, 154, '2018-05-31 09:46:32', '2018-05-31 09:46:32', NULL),
(558, 563, 154, '2018-05-31 09:46:32', '2018-05-31 09:46:32', NULL),
(559, 564, 154, '2018-05-31 09:46:33', '2018-05-31 09:46:33', NULL),
(560, 565, 154, '2018-05-31 09:46:33', '2018-05-31 09:46:33', NULL),
(561, 566, 154, '2018-05-31 09:46:33', '2018-05-31 09:46:33', NULL),
(562, 567, 154, '2018-05-31 09:46:33', '2018-05-31 09:46:33', NULL),
(563, 568, 154, '2018-05-31 09:46:33', '2018-05-31 09:46:33', NULL),
(564, 569, 154, '2018-05-31 09:46:33', '2018-05-31 09:46:33', NULL),
(565, 570, 154, '2018-05-31 09:46:33', '2018-05-31 09:46:33', NULL),
(566, 571, 154, '2018-05-31 09:46:33', '2018-05-31 09:46:33', NULL),
(567, 572, 154, '2018-05-31 09:46:33', '2018-05-31 09:46:33', NULL),
(568, 573, 154, '2018-05-31 09:46:33', '2018-05-31 09:46:33', NULL),
(569, 574, 154, '2018-05-31 09:46:33', '2018-05-31 09:46:33', NULL),
(570, 575, 154, '2018-05-31 09:46:33', '2018-05-31 09:46:33', NULL),
(571, 576, 154, '2018-05-31 09:46:33', '2018-05-31 09:46:33', NULL),
(572, 577, 154, '2018-05-31 09:46:33', '2018-05-31 09:46:33', NULL),
(573, 578, 154, '2018-05-31 09:46:33', '2018-05-31 09:46:33', NULL),
(574, 579, 154, '2018-05-31 09:46:33', '2018-05-31 09:46:33', NULL),
(575, 580, 154, '2018-05-31 09:46:33', '2018-05-31 09:46:33', NULL),
(576, 581, 154, '2018-05-31 09:46:33', '2018-05-31 09:46:33', NULL),
(577, 582, 154, '2018-05-31 09:46:33', '2018-05-31 09:46:33', NULL),
(578, 583, 154, '2018-05-31 09:46:33', '2018-05-31 09:46:33', NULL),
(579, 584, 154, '2018-05-31 09:46:33', '2018-05-31 09:46:33', NULL),
(580, 585, 154, '2018-05-31 09:46:33', '2018-05-31 09:46:33', NULL),
(581, 586, 154, '2018-05-31 09:46:33', '2018-05-31 09:46:33', NULL),
(582, 587, 154, '2018-05-31 09:46:33', '2018-05-31 09:46:33', NULL),
(583, 588, 154, '2018-05-31 09:46:33', '2018-05-31 09:46:33', NULL),
(584, 589, 154, '2018-05-31 09:46:33', '2018-05-31 09:46:33', NULL),
(585, 590, 154, '2018-05-31 09:46:33', '2018-05-31 09:46:33', NULL),
(586, 591, 154, '2018-05-31 09:46:33', '2018-05-31 09:46:33', NULL),
(587, 592, 154, '2018-05-31 09:46:33', '2018-05-31 09:46:33', NULL),
(588, 593, 154, '2018-05-31 09:46:33', '2018-05-31 09:46:33', NULL),
(589, 594, 154, '2018-05-31 09:46:33', '2018-05-31 09:46:33', NULL),
(590, 595, 154, '2018-05-31 09:46:33', '2018-05-31 09:46:33', NULL),
(591, 596, 154, '2018-05-31 09:46:33', '2018-05-31 09:46:33', NULL),
(592, 597, 154, '2018-05-31 09:46:33', '2018-05-31 09:46:33', NULL),
(593, 598, 154, '2018-05-31 09:46:33', '2018-05-31 09:46:33', NULL),
(594, 599, 154, '2018-05-31 09:46:33', '2018-05-31 09:46:33', NULL),
(595, 600, 154, '2018-05-31 09:46:33', '2018-05-31 09:46:33', NULL),
(596, 601, 154, '2018-05-31 09:46:33', '2018-05-31 09:46:33', NULL),
(597, 602, 154, '2018-05-31 09:46:33', '2018-05-31 09:46:33', NULL),
(598, 603, 154, '2018-05-31 09:46:33', '2018-05-31 09:46:33', NULL),
(599, 604, 154, '2018-05-31 09:46:33', '2018-05-31 09:46:33', NULL),
(600, 605, 154, '2018-05-31 09:46:33', '2018-05-31 09:46:33', NULL),
(601, 606, 154, '2018-05-31 09:46:33', '2018-05-31 09:46:33', NULL),
(602, 607, 154, '2018-05-31 09:46:33', '2018-05-31 09:46:33', NULL),
(603, 608, 154, '2018-05-31 09:46:33', '2018-05-31 09:46:33', NULL),
(604, 609, 154, '2018-05-31 09:46:33', '2018-05-31 09:46:33', NULL),
(605, 610, 154, '2018-05-31 09:46:33', '2018-05-31 09:46:33', NULL),
(606, 611, 154, '2018-05-31 09:46:33', '2018-05-31 09:46:33', NULL),
(607, 612, 154, '2018-05-31 09:46:33', '2018-05-31 09:46:33', NULL),
(608, 613, 154, '2018-05-31 09:46:33', '2018-05-31 09:46:33', NULL),
(609, 614, 154, '2018-05-31 09:46:33', '2018-05-31 09:46:33', NULL),
(610, 615, 154, '2018-05-31 09:46:33', '2018-05-31 09:46:33', NULL),
(611, 616, 154, '2018-05-31 09:46:33', '2018-05-31 09:46:33', NULL),
(612, 617, 154, '2018-05-31 09:46:33', '2018-05-31 09:46:33', NULL),
(613, 618, 154, '2018-05-31 09:46:33', '2018-05-31 09:46:33', NULL),
(614, 619, 154, '2018-05-31 09:46:33', '2018-05-31 09:46:33', NULL),
(615, 620, 154, '2018-05-31 09:46:33', '2018-05-31 09:46:33', NULL),
(616, 621, 154, '2018-05-31 09:46:33', '2018-05-31 09:46:33', NULL),
(617, 622, 154, '2018-05-31 09:46:33', '2018-05-31 09:46:33', NULL),
(618, 623, 154, '2018-05-31 09:46:33', '2018-05-31 09:46:33', NULL),
(619, 624, 154, '2018-05-31 09:46:33', '2018-05-31 09:46:33', NULL),
(620, 625, 154, '2018-05-31 09:46:33', '2018-05-31 09:46:33', NULL),
(621, 626, 154, '2018-05-31 09:46:33', '2018-05-31 09:46:33', NULL),
(622, 627, 154, '2018-05-31 09:46:33', '2018-05-31 09:46:33', NULL),
(623, 628, 154, '2018-05-31 09:46:33', '2018-05-31 09:46:33', NULL),
(624, 629, 154, '2018-05-31 09:46:33', '2018-05-31 09:46:33', NULL),
(625, 630, 154, '2018-05-31 09:46:33', '2018-05-31 09:46:33', NULL),
(626, 631, 154, '2018-05-31 09:46:33', '2018-05-31 09:46:33', NULL),
(627, 632, 154, '2018-05-31 09:46:33', '2018-05-31 09:46:33', NULL),
(628, 633, 154, '2018-05-31 09:46:33', '2018-05-31 09:46:33', NULL),
(629, 634, 154, '2018-05-31 09:46:33', '2018-05-31 09:46:33', NULL),
(630, 635, 154, '2018-05-31 09:46:33', '2018-05-31 09:46:33', NULL),
(631, 636, 154, '2018-05-31 09:46:33', '2018-05-31 09:46:33', NULL),
(632, 637, 154, '2018-05-31 09:46:33', '2018-05-31 09:46:33', NULL),
(633, 638, 154, '2018-05-31 09:46:33', '2018-05-31 09:46:33', NULL),
(634, 639, 154, '2018-05-31 09:46:33', '2018-05-31 09:46:33', NULL),
(635, 640, 154, '2018-05-31 09:46:33', '2018-05-31 09:46:33', NULL),
(636, 641, 154, '2018-05-31 09:46:33', '2018-05-31 09:46:33', NULL),
(637, 642, 154, '2018-05-31 09:46:33', '2018-05-31 09:46:33', NULL),
(638, 643, 154, '2018-05-31 09:46:33', '2018-05-31 09:46:33', NULL),
(639, 644, 154, '2018-05-31 09:46:33', '2018-05-31 09:46:33', NULL),
(640, 645, 154, '2018-05-31 09:46:33', '2018-05-31 09:46:33', NULL),
(641, 646, 154, '2018-05-31 09:46:33', '2018-05-31 09:46:33', NULL),
(642, 647, 154, '2018-05-31 09:46:33', '2018-05-31 09:46:33', NULL),
(643, 648, 154, '2018-05-31 09:46:33', '2018-05-31 09:46:33', NULL),
(644, 649, 154, '2018-05-31 09:46:33', '2018-05-31 09:46:33', NULL),
(645, 650, 154, '2018-05-31 09:46:33', '2018-05-31 09:46:33', NULL),
(646, 651, 154, '2018-05-31 09:46:33', '2018-05-31 09:46:33', NULL),
(647, 652, 154, '2018-05-31 09:46:33', '2018-05-31 09:46:33', NULL),
(648, 653, 154, '2018-05-31 09:46:33', '2018-05-31 09:46:33', NULL),
(649, 654, 154, '2018-05-31 09:46:33', '2018-05-31 09:46:33', NULL),
(650, 655, 154, '2018-05-31 09:46:33', '2018-05-31 09:46:33', NULL),
(651, 656, 154, '2018-05-31 09:46:33', '2018-05-31 09:46:33', NULL),
(652, 657, 154, '2018-05-31 09:46:33', '2018-05-31 09:46:33', NULL),
(653, 658, 154, '2018-05-31 09:46:33', '2018-05-31 09:46:33', NULL),
(654, 659, 154, '2018-05-31 09:46:33', '2018-05-31 09:46:33', NULL),
(655, 660, 154, '2018-05-31 09:46:33', '2018-05-31 09:46:33', NULL),
(656, 661, 154, '2018-05-31 09:46:33', '2018-05-31 09:46:33', NULL),
(657, 662, 154, '2018-05-31 09:46:33', '2018-05-31 09:46:33', NULL),
(658, 663, 154, '2018-05-31 09:46:33', '2018-05-31 09:46:33', NULL),
(659, 664, 154, '2018-05-31 09:46:33', '2018-05-31 09:46:33', NULL),
(660, 665, 154, '2018-05-31 09:46:33', '2018-05-31 09:46:33', NULL),
(661, 666, 154, '2018-05-31 09:46:33', '2018-05-31 09:46:33', NULL),
(662, 667, 154, '2018-05-31 09:46:33', '2018-05-31 09:46:33', NULL),
(663, 668, 154, '2018-05-31 09:46:33', '2018-05-31 09:46:33', NULL),
(664, 669, 154, '2018-05-31 09:46:33', '2018-05-31 09:46:33', NULL),
(665, 670, 154, '2018-05-31 09:46:33', '2018-05-31 09:46:33', NULL),
(666, 671, 154, '2018-05-31 09:46:33', '2018-05-31 09:46:33', NULL),
(667, 672, 154, '2018-05-31 09:46:33', '2018-05-31 09:46:33', NULL),
(668, 673, 154, '2018-05-31 09:46:33', '2018-05-31 09:46:33', NULL),
(669, 674, 154, '2018-05-31 09:46:33', '2018-05-31 09:46:33', NULL),
(670, 675, 154, '2018-05-31 09:46:33', '2018-05-31 09:46:33', NULL),
(671, 676, 154, '2018-05-31 09:46:33', '2018-05-31 09:46:33', NULL),
(672, 677, 154, '2018-05-31 09:46:33', '2018-05-31 09:46:33', NULL),
(673, 678, 154, '2018-05-31 09:46:33', '2018-05-31 09:46:33', NULL),
(674, 679, 154, '2018-05-31 09:46:33', '2018-05-31 09:46:33', NULL),
(675, 680, 154, '2018-05-31 09:46:33', '2018-05-31 09:46:33', NULL),
(676, 681, 154, '2018-05-31 09:46:33', '2018-05-31 09:46:33', NULL),
(677, 682, 154, '2018-05-31 09:46:33', '2018-05-31 09:46:33', NULL),
(678, 683, 154, '2018-05-31 09:46:33', '2018-05-31 09:46:33', NULL),
(679, 684, 154, '2018-05-31 09:46:33', '2018-05-31 09:46:33', NULL),
(680, 685, 154, '2018-05-31 09:46:33', '2018-05-31 09:46:33', NULL),
(681, 686, 154, '2018-05-31 09:46:33', '2018-05-31 09:46:33', NULL),
(682, 687, 154, '2018-05-31 09:46:33', '2018-05-31 09:46:33', NULL),
(683, 688, 154, '2018-05-31 09:46:33', '2018-05-31 09:46:33', NULL),
(684, 689, 154, '2018-05-31 09:46:33', '2018-05-31 09:46:33', NULL),
(685, 690, 154, '2018-05-31 09:46:33', '2018-05-31 09:46:33', NULL),
(686, 691, 154, '2018-05-31 09:46:33', '2018-05-31 09:46:33', NULL),
(687, 692, 154, '2018-05-31 09:46:33', '2018-05-31 09:46:33', NULL),
(688, 693, 154, '2018-05-31 09:46:33', '2018-05-31 09:46:33', NULL),
(689, 694, 154, '2018-05-31 09:46:33', '2018-05-31 09:46:33', NULL),
(690, 695, 154, '2018-05-31 09:46:33', '2018-05-31 09:46:33', NULL),
(691, 696, 154, '2018-05-31 09:46:33', '2018-05-31 09:46:33', NULL),
(692, 697, 154, '2018-05-31 09:46:33', '2018-05-31 09:46:33', NULL),
(693, 698, 154, '2018-05-31 09:46:33', '2018-05-31 09:46:33', NULL),
(694, 699, 154, '2018-05-31 09:46:33', '2018-05-31 09:46:33', NULL),
(695, 700, 154, '2018-05-31 09:46:33', '2018-05-31 09:46:33', NULL),
(696, 701, 154, '2018-05-31 09:46:33', '2018-05-31 09:46:33', NULL),
(697, 702, 154, '2018-05-31 09:46:33', '2018-05-31 09:46:33', NULL),
(698, 703, 154, '2018-05-31 09:46:33', '2018-05-31 09:46:33', NULL),
(699, 704, 154, '2018-05-31 09:46:33', '2018-05-31 09:46:33', NULL),
(700, 705, 154, '2018-05-31 09:46:33', '2018-05-31 09:46:33', NULL),
(701, 706, 154, '2018-05-31 09:46:33', '2018-05-31 09:46:33', NULL),
(702, 707, 154, '2018-05-31 09:46:33', '2018-05-31 09:46:33', NULL),
(703, 708, 154, '2018-05-31 09:46:33', '2018-05-31 09:46:33', NULL),
(704, 709, 154, '2018-05-31 09:46:33', '2018-05-31 09:46:33', NULL),
(705, 710, 154, '2018-05-31 09:46:34', '2018-05-31 09:46:34', NULL),
(706, 711, 154, '2018-05-31 09:46:34', '2018-05-31 09:46:34', NULL),
(707, 712, 154, '2018-05-31 09:46:34', '2018-05-31 09:46:34', NULL),
(708, 713, 154, '2018-05-31 09:46:34', '2018-05-31 09:46:34', NULL),
(709, 714, 154, '2018-05-31 09:46:34', '2018-05-31 09:46:34', NULL),
(710, 715, 154, '2018-05-31 09:46:34', '2018-05-31 09:46:34', NULL),
(711, 716, 154, '2018-05-31 09:46:34', '2018-05-31 09:46:34', NULL),
(712, 717, 154, '2018-05-31 09:46:34', '2018-05-31 09:46:34', NULL),
(713, 718, 154, '2018-05-31 09:46:34', '2018-05-31 09:46:34', NULL),
(714, 719, 154, '2018-05-31 09:46:34', '2018-05-31 09:46:34', NULL),
(715, 720, 154, '2018-05-31 09:46:34', '2018-05-31 09:46:34', NULL),
(716, 721, 154, '2018-05-31 09:46:34', '2018-05-31 09:46:34', NULL),
(717, 722, 154, '2018-05-31 09:46:34', '2018-05-31 09:46:34', NULL),
(718, 723, 154, '2018-05-31 09:46:34', '2018-05-31 09:46:34', NULL),
(719, 724, 154, '2018-05-31 09:46:34', '2018-05-31 09:46:34', NULL),
(720, 725, 154, '2018-05-31 09:46:34', '2018-05-31 09:46:34', NULL),
(721, 726, 154, '2018-05-31 09:46:34', '2018-05-31 09:46:34', NULL),
(722, 727, 154, '2018-05-31 09:46:34', '2018-05-31 09:46:34', NULL),
(723, 728, 154, '2018-05-31 09:46:34', '2018-05-31 09:46:34', NULL),
(724, 729, 154, '2018-05-31 09:46:34', '2018-05-31 09:46:34', NULL),
(725, 730, 154, '2018-05-31 09:46:34', '2018-05-31 09:46:34', NULL),
(726, 731, 154, '2018-05-31 09:46:34', '2018-05-31 09:46:34', NULL),
(727, 732, 154, '2018-05-31 09:46:34', '2018-05-31 09:46:34', NULL),
(728, 733, 154, '2018-05-31 09:46:34', '2018-05-31 09:46:34', NULL),
(729, 734, 154, '2018-05-31 09:46:34', '2018-05-31 09:46:34', NULL),
(730, 735, 154, '2018-05-31 09:46:34', '2018-05-31 09:46:34', NULL),
(731, 736, 154, '2018-05-31 09:46:34', '2018-05-31 09:46:34', NULL),
(732, 737, 154, '2018-05-31 09:46:34', '2018-05-31 09:46:34', NULL),
(733, 738, 154, '2018-05-31 09:46:34', '2018-05-31 09:46:34', NULL),
(734, 739, 154, '2018-05-31 09:46:34', '2018-05-31 09:46:34', NULL),
(735, 740, 154, '2018-05-31 09:46:34', '2018-05-31 09:46:34', NULL),
(736, 741, 154, '2018-05-31 09:46:34', '2018-05-31 09:46:34', NULL),
(737, 742, 154, '2018-05-31 09:46:34', '2018-05-31 09:46:34', NULL),
(738, 743, 154, '2018-05-31 09:46:34', '2018-05-31 09:46:34', NULL),
(739, 744, 154, '2018-05-31 09:46:34', '2018-05-31 09:46:34', NULL),
(740, 745, 154, '2018-05-31 09:46:34', '2018-05-31 09:46:34', NULL),
(741, 746, 154, '2018-05-31 09:46:34', '2018-05-31 09:46:34', NULL),
(742, 747, 154, '2018-05-31 09:46:34', '2018-05-31 09:46:34', NULL),
(743, 748, 154, '2018-05-31 09:46:34', '2018-05-31 09:46:34', NULL),
(744, 749, 154, '2018-05-31 09:46:34', '2018-05-31 09:46:34', NULL),
(745, 750, 154, '2018-05-31 09:46:34', '2018-05-31 09:46:34', NULL),
(746, 751, 154, '2018-05-31 09:46:34', '2018-05-31 09:46:34', NULL),
(747, 752, 154, '2018-05-31 09:46:34', '2018-05-31 09:46:34', NULL);
INSERT INTO `file_contact` (`id`, `contact_id`, `file_id`, `created_at`, `updated_at`, `deleted_at`) VALUES
(748, 753, 154, '2018-05-31 09:46:34', '2018-05-31 09:46:34', NULL),
(749, 754, 154, '2018-05-31 09:46:34', '2018-05-31 09:46:34', NULL),
(750, 755, 154, '2018-05-31 09:46:34', '2018-05-31 09:46:34', NULL),
(751, 756, 154, '2018-05-31 09:46:34', '2018-05-31 09:46:34', NULL),
(752, 757, 154, '2018-05-31 09:46:34', '2018-05-31 09:46:34', NULL),
(753, 758, 154, '2018-05-31 09:46:34', '2018-05-31 09:46:34', NULL),
(754, 759, 154, '2018-05-31 09:46:34', '2018-05-31 09:46:34', NULL),
(755, 760, 154, '2018-05-31 09:46:34', '2018-05-31 09:46:34', NULL),
(756, 761, 154, '2018-05-31 09:46:34', '2018-05-31 09:46:34', NULL),
(757, 762, 154, '2018-05-31 09:46:34', '2018-05-31 09:46:34', NULL),
(758, 763, 154, '2018-05-31 09:46:34', '2018-05-31 09:46:34', NULL),
(759, 764, 154, '2018-05-31 09:46:34', '2018-05-31 09:46:34', NULL),
(760, 765, 154, '2018-05-31 09:46:34', '2018-05-31 09:46:34', NULL),
(761, 766, 154, '2018-05-31 09:46:34', '2018-05-31 09:46:34', NULL),
(762, 767, 154, '2018-05-31 09:46:34', '2018-05-31 09:46:34', NULL),
(763, 768, 154, '2018-05-31 09:46:34', '2018-05-31 09:46:34', NULL),
(764, 769, 154, '2018-05-31 09:46:34', '2018-05-31 09:46:34', NULL),
(765, 770, 154, '2018-05-31 09:46:34', '2018-05-31 09:46:34', NULL),
(766, 771, 154, '2018-05-31 09:46:34', '2018-05-31 09:46:34', NULL),
(767, 772, 154, '2018-05-31 09:46:34', '2018-05-31 09:46:34', NULL),
(768, 773, 154, '2018-05-31 09:46:34', '2018-05-31 09:46:34', NULL),
(769, 774, 154, '2018-05-31 09:46:34', '2018-05-31 09:46:34', NULL),
(770, 775, 154, '2018-05-31 09:46:34', '2018-05-31 09:46:34', NULL),
(771, 776, 154, '2018-05-31 09:46:34', '2018-05-31 09:46:34', NULL),
(772, 777, 154, '2018-05-31 09:46:34', '2018-05-31 09:46:34', NULL),
(773, 778, 154, '2018-05-31 09:46:34', '2018-05-31 09:46:34', NULL),
(774, 779, 154, '2018-05-31 09:46:34', '2018-05-31 09:46:34', NULL),
(775, 780, 154, '2018-05-31 09:46:34', '2018-05-31 09:46:34', NULL),
(776, 781, 154, '2018-05-31 09:46:34', '2018-05-31 09:46:34', NULL),
(777, 782, 154, '2018-05-31 09:46:34', '2018-05-31 09:46:34', NULL),
(778, 783, 154, '2018-05-31 09:46:34', '2018-05-31 09:46:34', NULL),
(779, 784, 154, '2018-05-31 09:46:34', '2018-05-31 09:46:34', NULL),
(780, 785, 154, '2018-05-31 09:46:34', '2018-05-31 09:46:34', NULL),
(781, 786, 154, '2018-05-31 09:46:34', '2018-05-31 09:46:34', NULL),
(782, 787, 154, '2018-05-31 09:46:34', '2018-05-31 09:46:34', NULL),
(783, 788, 154, '2018-05-31 09:46:34', '2018-05-31 09:46:34', NULL),
(784, 789, 154, '2018-05-31 09:46:34', '2018-05-31 09:46:34', NULL),
(785, 790, 154, '2018-05-31 09:46:34', '2018-05-31 09:46:34', NULL),
(786, 791, 154, '2018-05-31 09:46:34', '2018-05-31 09:46:34', NULL),
(787, 792, 154, '2018-05-31 09:46:34', '2018-05-31 09:46:34', NULL),
(788, 793, 154, '2018-05-31 09:46:34', '2018-05-31 09:46:34', NULL),
(789, 794, 154, '2018-05-31 09:46:34', '2018-05-31 09:46:34', NULL),
(790, 795, 154, '2018-05-31 09:46:34', '2018-05-31 09:46:34', NULL),
(791, 796, 154, '2018-05-31 09:46:34', '2018-05-31 09:46:34', NULL),
(792, 797, 154, '2018-05-31 09:46:34', '2018-05-31 09:46:34', NULL),
(793, 798, 154, '2018-05-31 09:46:34', '2018-05-31 09:46:34', NULL),
(794, 799, 154, '2018-05-31 09:46:34', '2018-05-31 09:46:34', NULL),
(795, 800, 154, '2018-05-31 09:46:34', '2018-05-31 09:46:34', NULL),
(796, 801, 154, '2018-05-31 09:46:34', '2018-05-31 09:46:34', NULL),
(797, 802, 154, '2018-05-31 09:46:34', '2018-05-31 09:46:34', NULL),
(798, 803, 154, '2018-05-31 09:46:34', '2018-05-31 09:46:34', NULL),
(799, 804, 157, '2018-06-01 07:16:37', '2018-06-01 07:16:37', NULL),
(800, 805, 157, '2018-06-01 07:16:37', '2018-06-01 07:16:37', NULL),
(801, 806, 157, '2018-06-01 07:16:37', '2018-06-01 07:16:37', NULL),
(802, 807, 157, '2018-06-01 07:16:37', '2018-06-01 07:16:37', NULL),
(803, 808, 157, '2018-06-01 07:16:37', '2018-06-01 07:16:37', NULL),
(804, 809, 157, '2018-06-01 07:16:37', '2018-06-01 07:16:37', NULL),
(805, 1, 161, '2018-06-19 03:06:36', '2018-06-19 03:06:36', NULL),
(806, 2, 161, '2018-06-19 03:06:36', '2018-06-19 03:06:36', NULL),
(807, 3, 161, '2018-06-19 03:06:36', '2018-06-19 03:06:36', NULL),
(808, 4, 161, '2018-06-19 03:06:36', '2018-06-19 03:06:36', NULL),
(809, 5, 161, '2018-06-19 03:06:36', '2018-06-19 03:06:36', NULL),
(810, 6, 161, '2018-06-19 03:06:36', '2018-06-19 03:06:36', NULL),
(811, 7, 161, '2018-06-19 03:06:36', '2018-06-19 03:06:36', NULL),
(812, 8, 161, '2018-06-19 03:06:36', '2018-06-19 03:06:36', NULL),
(813, 9, 161, '2018-06-19 03:06:36', '2018-06-19 03:06:36', NULL),
(814, 10, 161, '2018-06-19 03:06:36', '2018-06-19 03:06:36', NULL),
(815, 11, 161, '2018-06-19 03:06:36', '2018-06-19 03:06:36', NULL),
(816, 12, 161, '2018-06-19 03:06:36', '2018-06-19 03:06:36', NULL),
(817, 13, 161, '2018-06-19 03:06:37', '2018-06-19 03:06:37', NULL),
(818, 14, 161, '2018-06-19 03:06:37', '2018-06-19 03:06:37', NULL),
(819, 15, 161, '2018-06-19 03:06:37', '2018-06-19 03:06:37', NULL),
(820, 16, 161, '2018-06-19 03:06:37', '2018-06-19 03:06:37', NULL),
(821, 17, 161, '2018-06-19 03:06:37', '2018-06-19 03:06:37', NULL),
(822, 18, 161, '2018-06-19 03:06:37', '2018-06-19 03:06:37', NULL),
(823, 19, 161, '2018-06-19 03:06:37', '2018-06-19 03:06:37', NULL),
(824, 20, 161, '2018-06-19 03:06:37', '2018-06-19 03:06:37', NULL),
(825, 21, 161, '2018-06-19 03:06:37', '2018-06-19 03:06:37', NULL),
(826, 22, 161, '2018-06-19 03:06:37', '2018-06-19 03:06:37', NULL),
(827, 23, 161, '2018-06-19 03:06:37', '2018-06-19 03:06:37', NULL),
(828, 24, 161, '2018-06-19 03:06:37', '2018-06-19 03:06:37', NULL),
(829, 25, 161, '2018-06-19 03:06:37', '2018-06-19 03:06:37', NULL),
(830, 26, 161, '2018-06-19 03:06:37', '2018-06-19 03:06:37', NULL),
(831, 27, 161, '2018-06-19 03:06:37', '2018-06-19 03:06:37', NULL),
(832, 28, 161, '2018-06-19 03:06:37', '2018-06-19 03:06:37', NULL),
(833, 29, 161, '2018-06-19 03:06:37', '2018-06-19 03:06:37', NULL),
(834, 30, 161, '2018-06-19 03:06:37', '2018-06-19 03:06:37', NULL),
(835, 31, 162, '2018-06-19 03:14:05', '2018-06-19 03:14:05', NULL),
(836, 32, 162, '2018-06-19 03:14:05', '2018-06-19 03:14:05', NULL),
(837, 33, 162, '2018-06-19 03:14:05', '2018-06-19 03:14:05', NULL),
(838, 34, 162, '2018-06-19 03:14:05', '2018-06-19 03:14:05', NULL),
(839, 35, 162, '2018-06-19 03:14:05', '2018-06-19 03:14:05', NULL),
(840, 36, 162, '2018-06-19 03:14:05', '2018-06-19 03:14:05', NULL),
(841, 37, 162, '2018-06-19 03:14:05', '2018-06-19 03:14:05', NULL),
(842, 38, 162, '2018-06-19 03:14:05', '2018-06-19 03:14:05', NULL),
(843, 39, 162, '2018-06-19 03:14:05', '2018-06-19 03:14:05', NULL),
(844, 40, 162, '2018-06-19 03:14:05', '2018-06-19 03:14:05', NULL),
(845, 41, 162, '2018-06-19 03:14:05', '2018-06-19 03:14:05', NULL),
(846, 42, 162, '2018-06-19 03:14:05', '2018-06-19 03:14:05', NULL),
(847, 43, 162, '2018-06-19 03:14:05', '2018-06-19 03:14:05', NULL),
(848, 44, 162, '2018-06-19 03:14:05', '2018-06-19 03:14:05', NULL),
(849, 45, 162, '2018-06-19 03:14:05', '2018-06-19 03:14:05', NULL),
(850, 46, 162, '2018-06-19 03:14:05', '2018-06-19 03:14:05', NULL),
(851, 47, 162, '2018-06-19 03:14:05', '2018-06-19 03:14:05', NULL),
(852, 48, 162, '2018-06-19 03:14:05', '2018-06-19 03:14:05', NULL),
(853, 49, 162, '2018-06-19 03:14:05', '2018-06-19 03:14:05', NULL),
(854, 50, 162, '2018-06-19 03:14:05', '2018-06-19 03:14:05', NULL),
(855, 51, 162, '2018-06-19 03:14:05', '2018-06-19 03:14:05', NULL),
(856, 52, 162, '2018-06-19 03:14:05', '2018-06-19 03:14:05', NULL),
(857, 53, 162, '2018-06-19 03:14:05', '2018-06-19 03:14:05', NULL),
(858, 54, 162, '2018-06-19 03:14:05', '2018-06-19 03:14:05', NULL),
(859, 55, 162, '2018-06-19 03:14:05', '2018-06-19 03:14:05', NULL),
(860, 56, 162, '2018-06-19 03:14:05', '2018-06-19 03:14:05', NULL),
(861, 57, 162, '2018-06-19 03:14:05', '2018-06-19 03:14:05', NULL),
(862, 58, 162, '2018-06-19 03:14:05', '2018-06-19 03:14:05', NULL),
(863, 59, 162, '2018-06-19 03:14:05', '2018-06-19 03:14:05', NULL),
(864, 60, 162, '2018-06-19 03:14:05', '2018-06-19 03:14:05', NULL),
(865, 61, 162, '2018-06-19 03:14:05', '2018-06-19 03:14:05', NULL),
(866, 62, 162, '2018-06-19 03:14:05', '2018-06-19 03:14:05', NULL),
(867, 63, 162, '2018-06-19 03:14:05', '2018-06-19 03:14:05', NULL),
(868, 64, 162, '2018-06-19 03:14:05', '2018-06-19 03:14:05', NULL),
(869, 65, 162, '2018-06-19 03:14:05', '2018-06-19 03:14:05', NULL),
(870, 66, 162, '2018-06-19 03:14:05', '2018-06-19 03:14:05', NULL),
(871, 67, 162, '2018-06-19 03:14:05', '2018-06-19 03:14:05', NULL),
(872, 68, 162, '2018-06-19 03:14:05', '2018-06-19 03:14:05', NULL),
(873, 69, 162, '2018-06-19 03:14:05', '2018-06-19 03:14:05', NULL),
(874, 70, 162, '2018-06-19 03:14:05', '2018-06-19 03:14:05', NULL),
(875, 71, 162, '2018-06-19 03:14:05', '2018-06-19 03:14:05', NULL),
(876, 72, 162, '2018-06-19 03:14:05', '2018-06-19 03:14:05', NULL),
(877, 73, 162, '2018-06-19 03:14:05', '2018-06-19 03:14:05', NULL),
(878, 74, 162, '2018-06-19 03:14:05', '2018-06-19 03:14:05', NULL),
(879, 75, 162, '2018-06-19 03:14:05', '2018-06-19 03:14:05', NULL),
(880, 76, 162, '2018-06-19 03:14:05', '2018-06-19 03:14:05', NULL),
(881, 77, 162, '2018-06-19 03:14:05', '2018-06-19 03:14:05', NULL),
(882, 78, 162, '2018-06-19 03:14:05', '2018-06-19 03:14:05', NULL),
(883, 79, 162, '2018-06-19 03:14:05', '2018-06-19 03:14:05', NULL),
(884, 80, 162, '2018-06-19 03:14:05', '2018-06-19 03:14:05', NULL),
(885, 81, 162, '2018-06-19 03:14:05', '2018-06-19 03:14:05', NULL),
(886, 82, 162, '2018-06-19 03:14:05', '2018-06-19 03:14:05', NULL),
(887, 83, 162, '2018-06-19 03:14:05', '2018-06-19 03:14:05', NULL),
(888, 84, 162, '2018-06-19 03:14:05', '2018-06-19 03:14:05', NULL),
(889, 85, 162, '2018-06-19 03:14:05', '2018-06-19 03:14:05', NULL),
(890, 86, 162, '2018-06-19 03:14:05', '2018-06-19 03:14:05', NULL),
(891, 87, 162, '2018-06-19 03:14:05', '2018-06-19 03:14:05', NULL),
(892, 88, 162, '2018-06-19 03:14:05', '2018-06-19 03:14:05', NULL),
(893, 89, 162, '2018-06-19 03:14:05', '2018-06-19 03:14:05', NULL),
(894, 90, 162, '2018-06-19 03:14:05', '2018-06-19 03:14:05', NULL),
(895, 91, 162, '2018-06-19 03:14:05', '2018-06-19 03:14:05', NULL),
(896, 92, 162, '2018-06-19 03:14:05', '2018-06-19 03:14:05', NULL),
(897, 93, 162, '2018-06-19 03:14:05', '2018-06-19 03:14:05', NULL),
(898, 94, 162, '2018-06-19 03:14:05', '2018-06-19 03:14:05', NULL),
(899, 95, 162, '2018-06-19 03:14:05', '2018-06-19 03:14:05', NULL),
(900, 96, 162, '2018-06-19 03:14:05', '2018-06-19 03:14:05', NULL),
(901, 97, 162, '2018-06-19 03:14:05', '2018-06-19 03:14:05', NULL),
(902, 98, 162, '2018-06-19 03:14:05', '2018-06-19 03:14:05', NULL),
(903, 99, 162, '2018-06-19 03:14:05', '2018-06-19 03:14:05', NULL),
(904, 100, 162, '2018-06-19 03:14:05', '2018-06-19 03:14:05', NULL),
(905, 101, 162, '2018-06-19 03:14:05', '2018-06-19 03:14:05', NULL),
(906, 102, 162, '2018-06-19 03:14:05', '2018-06-19 03:14:05', NULL),
(907, 103, 162, '2018-06-19 03:14:05', '2018-06-19 03:14:05', NULL),
(908, 104, 162, '2018-06-19 03:14:05', '2018-06-19 03:14:05', NULL),
(909, 105, 162, '2018-06-19 03:14:05', '2018-06-19 03:14:05', NULL),
(910, 106, 162, '2018-06-19 03:14:05', '2018-06-19 03:14:05', NULL),
(911, 107, 162, '2018-06-19 03:14:05', '2018-06-19 03:14:05', NULL),
(912, 108, 162, '2018-06-19 03:14:05', '2018-06-19 03:14:05', NULL),
(913, 109, 162, '2018-06-19 03:14:05', '2018-06-19 03:14:05', NULL),
(914, 110, 162, '2018-06-19 03:14:05', '2018-06-19 03:14:05', NULL),
(915, 111, 162, '2018-06-19 03:14:05', '2018-06-19 03:14:05', NULL),
(916, 112, 162, '2018-06-19 03:14:05', '2018-06-19 03:14:05', NULL),
(917, 113, 162, '2018-06-19 03:14:05', '2018-06-19 03:14:05', NULL),
(918, 114, 162, '2018-06-19 03:14:05', '2018-06-19 03:14:05', NULL),
(919, 115, 162, '2018-06-19 03:14:05', '2018-06-19 03:14:05', NULL),
(920, 116, 162, '2018-06-19 03:14:05', '2018-06-19 03:14:05', NULL),
(921, 117, 162, '2018-06-19 03:14:05', '2018-06-19 03:14:05', NULL),
(922, 118, 162, '2018-06-19 03:14:05', '2018-06-19 03:14:05', NULL),
(923, 119, 162, '2018-06-19 03:14:05', '2018-06-19 03:14:05', NULL),
(924, 120, 162, '2018-06-19 03:14:05', '2018-06-19 03:14:05', NULL),
(925, 121, 162, '2018-06-19 03:14:05', '2018-06-19 03:14:05', NULL),
(926, 122, 162, '2018-06-19 03:14:05', '2018-06-19 03:14:05', NULL),
(927, 123, 162, '2018-06-19 03:14:05', '2018-06-19 03:14:05', NULL),
(928, 124, 162, '2018-06-19 03:14:05', '2018-06-19 03:14:05', NULL),
(929, 125, 162, '2018-06-19 03:14:06', '2018-06-19 03:14:06', NULL),
(930, 126, 162, '2018-06-19 03:14:06', '2018-06-19 03:14:06', NULL),
(931, 127, 162, '2018-06-19 03:14:06', '2018-06-19 03:14:06', NULL),
(932, 128, 162, '2018-06-19 03:14:06', '2018-06-19 03:14:06', NULL),
(933, 129, 162, '2018-06-19 03:14:06', '2018-06-19 03:14:06', NULL),
(934, 130, 162, '2018-06-19 03:14:06', '2018-06-19 03:14:06', NULL),
(935, 131, 162, '2018-06-19 03:14:06', '2018-06-19 03:14:06', NULL),
(936, 132, 162, '2018-06-19 03:14:06', '2018-06-19 03:14:06', NULL),
(937, 133, 162, '2018-06-19 03:14:06', '2018-06-19 03:14:06', NULL),
(938, 134, 162, '2018-06-19 03:14:06', '2018-06-19 03:14:06', NULL),
(939, 135, 162, '2018-06-19 03:14:06', '2018-06-19 03:14:06', NULL),
(940, 136, 162, '2018-06-19 03:14:06', '2018-06-19 03:14:06', NULL),
(941, 137, 162, '2018-06-19 03:14:06', '2018-06-19 03:14:06', NULL),
(942, 138, 162, '2018-06-19 03:14:06', '2018-06-19 03:14:06', NULL),
(943, 139, 162, '2018-06-19 03:14:06', '2018-06-19 03:14:06', NULL),
(944, 140, 162, '2018-06-19 03:14:06', '2018-06-19 03:14:06', NULL),
(945, 141, 162, '2018-06-19 03:14:06', '2018-06-19 03:14:06', NULL),
(946, 142, 162, '2018-06-19 03:14:06', '2018-06-19 03:14:06', NULL),
(947, 143, 162, '2018-06-19 03:14:06', '2018-06-19 03:14:06', NULL),
(948, 144, 162, '2018-06-19 03:14:06', '2018-06-19 03:14:06', NULL),
(949, 145, 162, '2018-06-19 03:14:06', '2018-06-19 03:14:06', NULL),
(950, 146, 162, '2018-06-19 03:14:06', '2018-06-19 03:14:06', NULL),
(951, 147, 162, '2018-06-19 03:14:06', '2018-06-19 03:14:06', NULL),
(952, 148, 162, '2018-06-19 03:14:06', '2018-06-19 03:14:06', NULL),
(953, 149, 162, '2018-06-19 03:14:06', '2018-06-19 03:14:06', NULL),
(954, 150, 162, '2018-06-19 03:14:06', '2018-06-19 03:14:06', NULL),
(955, 151, 162, '2018-06-19 03:14:06', '2018-06-19 03:14:06', NULL),
(956, 152, 162, '2018-06-19 03:14:06', '2018-06-19 03:14:06', NULL),
(957, 153, 162, '2018-06-19 03:14:06', '2018-06-19 03:14:06', NULL),
(958, 154, 162, '2018-06-19 03:14:06', '2018-06-19 03:14:06', NULL),
(959, 155, 162, '2018-06-19 03:14:06', '2018-06-19 03:14:06', NULL),
(960, 156, 162, '2018-06-19 03:14:06', '2018-06-19 03:14:06', NULL),
(961, 157, 162, '2018-06-19 03:14:06', '2018-06-19 03:14:06', NULL),
(962, 158, 162, '2018-06-19 03:14:06', '2018-06-19 03:14:06', NULL),
(963, 159, 162, '2018-06-19 03:14:06', '2018-06-19 03:14:06', NULL),
(964, 160, 162, '2018-06-19 03:14:06', '2018-06-19 03:14:06', NULL),
(965, 161, 162, '2018-06-19 03:14:06', '2018-06-19 03:14:06', NULL),
(966, 162, 162, '2018-06-19 03:14:06', '2018-06-19 03:14:06', NULL),
(967, 163, 162, '2018-06-19 03:14:06', '2018-06-19 03:14:06', NULL),
(968, 164, 162, '2018-06-19 03:14:06', '2018-06-19 03:14:06', NULL),
(969, 165, 162, '2018-06-19 03:14:06', '2018-06-19 03:14:06', NULL),
(970, 166, 162, '2018-06-19 03:14:06', '2018-06-19 03:14:06', NULL),
(971, 167, 162, '2018-06-19 03:14:06', '2018-06-19 03:14:06', NULL),
(972, 168, 162, '2018-06-19 03:14:06', '2018-06-19 03:14:06', NULL),
(973, 169, 162, '2018-06-19 03:14:06', '2018-06-19 03:14:06', NULL),
(974, 170, 162, '2018-06-19 03:14:06', '2018-06-19 03:14:06', NULL),
(975, 171, 162, '2018-06-19 03:14:06', '2018-06-19 03:14:06', NULL),
(976, 172, 162, '2018-06-19 03:14:06', '2018-06-19 03:14:06', NULL),
(977, 173, 162, '2018-06-19 03:14:06', '2018-06-19 03:14:06', NULL),
(978, 174, 162, '2018-06-19 03:14:06', '2018-06-19 03:14:06', NULL),
(979, 175, 162, '2018-06-19 03:14:06', '2018-06-19 03:14:06', NULL),
(980, 176, 162, '2018-06-19 03:14:06', '2018-06-19 03:14:06', NULL),
(981, 177, 162, '2018-06-19 03:14:06', '2018-06-19 03:14:06', NULL),
(982, 178, 162, '2018-06-19 03:14:06', '2018-06-19 03:14:06', NULL),
(983, 179, 162, '2018-06-19 03:14:06', '2018-06-19 03:14:06', NULL),
(984, 180, 162, '2018-06-19 03:14:06', '2018-06-19 03:14:06', NULL),
(985, 181, 162, '2018-06-19 03:14:06', '2018-06-19 03:14:06', NULL),
(986, 182, 162, '2018-06-19 03:14:06', '2018-06-19 03:14:06', NULL),
(987, 183, 162, '2018-06-19 03:14:06', '2018-06-19 03:14:06', NULL),
(988, 184, 162, '2018-06-19 03:14:06', '2018-06-19 03:14:06', NULL),
(989, 185, 162, '2018-06-19 03:14:06', '2018-06-19 03:14:06', NULL),
(990, 186, 162, '2018-06-19 03:14:06', '2018-06-19 03:14:06', NULL),
(991, 187, 162, '2018-06-19 03:14:06', '2018-06-19 03:14:06', NULL),
(992, 188, 162, '2018-06-19 03:14:06', '2018-06-19 03:14:06', NULL),
(993, 189, 162, '2018-06-19 03:14:06', '2018-06-19 03:14:06', NULL),
(994, 190, 162, '2018-06-19 03:14:06', '2018-06-19 03:14:06', NULL),
(995, 191, 162, '2018-06-19 03:14:06', '2018-06-19 03:14:06', NULL),
(996, 192, 162, '2018-06-19 03:14:06', '2018-06-19 03:14:06', NULL),
(997, 193, 162, '2018-06-19 03:14:06', '2018-06-19 03:14:06', NULL),
(998, 194, 162, '2018-06-19 03:14:06', '2018-06-19 03:14:06', NULL),
(999, 195, 162, '2018-06-19 03:14:06', '2018-06-19 03:14:06', NULL),
(1000, 196, 162, '2018-06-19 03:14:06', '2018-06-19 03:14:06', NULL),
(1001, 197, 162, '2018-06-19 03:14:06', '2018-06-19 03:14:06', NULL),
(1002, 198, 162, '2018-06-19 03:14:06', '2018-06-19 03:14:06', NULL),
(1003, 199, 162, '2018-06-19 03:14:06', '2018-06-19 03:14:06', NULL),
(1004, 200, 162, '2018-06-19 03:14:06', '2018-06-19 03:14:06', NULL),
(1005, 201, 162, '2018-06-19 03:14:06', '2018-06-19 03:14:06', NULL),
(1006, 202, 162, '2018-06-19 03:14:06', '2018-06-19 03:14:06', NULL),
(1007, 203, 162, '2018-06-19 03:14:06', '2018-06-19 03:14:06', NULL),
(1008, 204, 162, '2018-06-19 03:14:06', '2018-06-19 03:14:06', NULL),
(1009, 205, 162, '2018-06-19 03:14:06', '2018-06-19 03:14:06', NULL),
(1010, 206, 162, '2018-06-19 03:14:06', '2018-06-19 03:14:06', NULL),
(1011, 207, 162, '2018-06-19 03:14:06', '2018-06-19 03:14:06', NULL),
(1012, 208, 162, '2018-06-19 03:14:06', '2018-06-19 03:14:06', NULL),
(1013, 209, 162, '2018-06-19 03:14:06', '2018-06-19 03:14:06', NULL),
(1014, 210, 162, '2018-06-19 03:14:06', '2018-06-19 03:14:06', NULL),
(1015, 211, 162, '2018-06-19 03:14:06', '2018-06-19 03:14:06', NULL),
(1016, 212, 162, '2018-06-19 03:14:06', '2018-06-19 03:14:06', NULL),
(1017, 213, 162, '2018-06-19 03:14:06', '2018-06-19 03:14:06', NULL),
(1018, 214, 162, '2018-06-19 03:14:06', '2018-06-19 03:14:06', NULL),
(1019, 215, 162, '2018-06-19 03:14:06', '2018-06-19 03:14:06', NULL),
(1020, 216, 162, '2018-06-19 03:14:06', '2018-06-19 03:14:06', NULL),
(1021, 217, 162, '2018-06-19 03:14:06', '2018-06-19 03:14:06', NULL),
(1022, 218, 162, '2018-06-19 03:14:06', '2018-06-19 03:14:06', NULL),
(1023, 219, 162, '2018-06-19 03:14:06', '2018-06-19 03:14:06', NULL),
(1024, 220, 162, '2018-06-19 03:14:06', '2018-06-19 03:14:06', NULL),
(1025, 221, 162, '2018-06-19 03:14:06', '2018-06-19 03:14:06', NULL),
(1026, 222, 162, '2018-06-19 03:14:06', '2018-06-19 03:14:06', NULL),
(1027, 223, 162, '2018-06-19 03:14:06', '2018-06-19 03:14:06', NULL),
(1028, 224, 162, '2018-06-19 03:14:06', '2018-06-19 03:14:06', NULL),
(1029, 225, 162, '2018-06-19 03:14:06', '2018-06-19 03:14:06', NULL),
(1030, 226, 162, '2018-06-19 03:14:06', '2018-06-19 03:14:06', NULL),
(1031, 227, 162, '2018-06-19 03:14:06', '2018-06-19 03:14:06', NULL),
(1032, 228, 162, '2018-06-19 03:14:06', '2018-06-19 03:14:06', NULL),
(1033, 229, 162, '2018-06-19 03:14:06', '2018-06-19 03:14:06', NULL),
(1034, 230, 162, '2018-06-19 03:14:06', '2018-06-19 03:14:06', NULL),
(1035, 231, 162, '2018-06-19 03:14:06', '2018-06-19 03:14:06', NULL),
(1036, 232, 162, '2018-06-19 03:14:06', '2018-06-19 03:14:06', NULL),
(1037, 233, 162, '2018-06-19 03:14:06', '2018-06-19 03:14:06', NULL),
(1038, 234, 162, '2018-06-19 03:14:06', '2018-06-19 03:14:06', NULL),
(1039, 235, 162, '2018-06-19 03:14:06', '2018-06-19 03:14:06', NULL),
(1040, 236, 162, '2018-06-19 03:14:06', '2018-06-19 03:14:06', NULL),
(1041, 237, 162, '2018-06-19 03:14:06', '2018-06-19 03:14:06', NULL),
(1042, 238, 162, '2018-06-19 03:14:06', '2018-06-19 03:14:06', NULL),
(1043, 239, 162, '2018-06-19 03:14:06', '2018-06-19 03:14:06', NULL),
(1044, 240, 162, '2018-06-19 03:14:06', '2018-06-19 03:14:06', NULL),
(1045, 241, 162, '2018-06-19 03:14:06', '2018-06-19 03:14:06', NULL),
(1046, 242, 162, '2018-06-19 03:14:06', '2018-06-19 03:14:06', NULL),
(1047, 243, 162, '2018-06-19 03:14:06', '2018-06-19 03:14:06', NULL),
(1048, 244, 162, '2018-06-19 03:14:06', '2018-06-19 03:14:06', NULL),
(1049, 245, 162, '2018-06-19 03:14:06', '2018-06-19 03:14:06', NULL),
(1050, 246, 162, '2018-06-19 03:14:06', '2018-06-19 03:14:06', NULL),
(1051, 247, 162, '2018-06-19 03:14:06', '2018-06-19 03:14:06', NULL),
(1052, 248, 162, '2018-06-19 03:14:06', '2018-06-19 03:14:06', NULL),
(1053, 249, 162, '2018-06-19 03:14:06', '2018-06-19 03:14:06', NULL),
(1054, 250, 162, '2018-06-19 03:14:06', '2018-06-19 03:14:06', NULL),
(1055, 251, 162, '2018-06-19 03:14:06', '2018-06-19 03:14:06', NULL),
(1056, 252, 162, '2018-06-19 03:14:06', '2018-06-19 03:14:06', NULL),
(1057, 253, 162, '2018-06-19 03:14:06', '2018-06-19 03:14:06', NULL),
(1058, 254, 162, '2018-06-19 03:14:06', '2018-06-19 03:14:06', NULL),
(1059, 255, 162, '2018-06-19 03:14:06', '2018-06-19 03:14:06', NULL),
(1060, 256, 162, '2018-06-19 03:14:06', '2018-06-19 03:14:06', NULL),
(1061, 257, 162, '2018-06-19 03:14:06', '2018-06-19 03:14:06', NULL),
(1062, 258, 162, '2018-06-19 03:14:06', '2018-06-19 03:14:06', NULL),
(1063, 259, 162, '2018-06-19 03:14:06', '2018-06-19 03:14:06', NULL),
(1064, 260, 162, '2018-06-19 03:14:06', '2018-06-19 03:14:06', NULL),
(1065, 261, 162, '2018-06-19 03:14:06', '2018-06-19 03:14:06', NULL),
(1066, 262, 162, '2018-06-19 03:14:06', '2018-06-19 03:14:06', NULL),
(1067, 263, 162, '2018-06-19 03:14:06', '2018-06-19 03:14:06', NULL),
(1068, 264, 162, '2018-06-19 03:14:06', '2018-06-19 03:14:06', NULL),
(1069, 265, 162, '2018-06-19 03:14:06', '2018-06-19 03:14:06', NULL),
(1070, 266, 162, '2018-06-19 03:14:06', '2018-06-19 03:14:06', NULL),
(1071, 267, 162, '2018-06-19 03:14:06', '2018-06-19 03:14:06', NULL),
(1072, 268, 162, '2018-06-19 03:14:06', '2018-06-19 03:14:06', NULL),
(1073, 269, 162, '2018-06-19 03:14:06', '2018-06-19 03:14:06', NULL),
(1074, 270, 162, '2018-06-19 03:14:06', '2018-06-19 03:14:06', NULL),
(1075, 271, 162, '2018-06-19 03:14:06', '2018-06-19 03:14:06', NULL),
(1076, 272, 162, '2018-06-19 03:14:07', '2018-06-19 03:14:07', NULL),
(1077, 273, 162, '2018-06-19 03:14:07', '2018-06-19 03:14:07', NULL),
(1078, 274, 162, '2018-06-19 03:14:07', '2018-06-19 03:14:07', NULL),
(1079, 275, 162, '2018-06-19 03:14:07', '2018-06-19 03:14:07', NULL),
(1080, 276, 162, '2018-06-19 03:14:07', '2018-06-19 03:14:07', NULL),
(1081, 277, 162, '2018-06-19 03:14:07', '2018-06-19 03:14:07', NULL),
(1082, 278, 162, '2018-06-19 03:14:07', '2018-06-19 03:14:07', NULL),
(1083, 279, 162, '2018-06-19 03:14:07', '2018-06-19 03:14:07', NULL),
(1084, 280, 162, '2018-06-19 03:14:07', '2018-06-19 03:14:07', NULL),
(1085, 281, 162, '2018-06-19 03:14:07', '2018-06-19 03:14:07', NULL),
(1086, 282, 162, '2018-06-19 03:14:07', '2018-06-19 03:14:07', NULL),
(1087, 283, 162, '2018-06-19 03:14:07', '2018-06-19 03:14:07', NULL),
(1088, 284, 162, '2018-06-19 03:14:07', '2018-06-19 03:14:07', NULL),
(1089, 285, 162, '2018-06-19 03:14:07', '2018-06-19 03:14:07', NULL),
(1090, 286, 162, '2018-06-19 03:14:07', '2018-06-19 03:14:07', NULL),
(1091, 287, 162, '2018-06-19 03:14:07', '2018-06-19 03:14:07', NULL),
(1092, 288, 162, '2018-06-19 03:14:07', '2018-06-19 03:14:07', NULL),
(1093, 289, 162, '2018-06-19 03:14:07', '2018-06-19 03:14:07', NULL),
(1094, 290, 162, '2018-06-19 03:14:07', '2018-06-19 03:14:07', NULL),
(1095, 291, 162, '2018-06-19 03:14:07', '2018-06-19 03:14:07', NULL),
(1096, 292, 162, '2018-06-19 03:14:07', '2018-06-19 03:14:07', NULL),
(1097, 293, 162, '2018-06-19 03:14:07', '2018-06-19 03:14:07', NULL),
(1098, 294, 162, '2018-06-19 03:14:07', '2018-06-19 03:14:07', NULL),
(1099, 295, 162, '2018-06-19 03:14:07', '2018-06-19 03:14:07', NULL),
(1100, 296, 162, '2018-06-19 03:14:07', '2018-06-19 03:14:07', NULL),
(1101, 297, 162, '2018-06-19 03:14:07', '2018-06-19 03:14:07', NULL),
(1102, 298, 162, '2018-06-19 03:14:07', '2018-06-19 03:14:07', NULL),
(1103, 299, 162, '2018-06-19 03:14:07', '2018-06-19 03:14:07', NULL),
(1104, 300, 162, '2018-06-19 03:14:07', '2018-06-19 03:14:07', NULL),
(1105, 301, 162, '2018-06-19 03:14:07', '2018-06-19 03:14:07', NULL),
(1106, 302, 162, '2018-06-19 03:14:07', '2018-06-19 03:14:07', NULL),
(1107, 303, 162, '2018-06-19 03:14:07', '2018-06-19 03:14:07', NULL),
(1108, 304, 162, '2018-06-19 03:14:07', '2018-06-19 03:14:07', NULL),
(1109, 305, 162, '2018-06-19 03:14:07', '2018-06-19 03:14:07', NULL),
(1110, 306, 162, '2018-06-19 03:14:07', '2018-06-19 03:14:07', NULL),
(1111, 307, 162, '2018-06-19 03:14:07', '2018-06-19 03:14:07', NULL),
(1112, 308, 162, '2018-06-19 03:14:07', '2018-06-19 03:14:07', NULL),
(1113, 309, 162, '2018-06-19 03:14:07', '2018-06-19 03:14:07', NULL),
(1114, 310, 162, '2018-06-19 03:14:07', '2018-06-19 03:14:07', NULL),
(1115, 311, 162, '2018-06-19 03:14:07', '2018-06-19 03:14:07', NULL),
(1116, 312, 162, '2018-06-19 03:14:07', '2018-06-19 03:14:07', NULL),
(1117, 313, 162, '2018-06-19 03:14:07', '2018-06-19 03:14:07', NULL),
(1118, 314, 162, '2018-06-19 03:14:07', '2018-06-19 03:14:07', NULL),
(1119, 315, 162, '2018-06-19 03:14:07', '2018-06-19 03:14:07', NULL),
(1120, 316, 162, '2018-06-19 03:14:07', '2018-06-19 03:14:07', NULL),
(1121, 317, 162, '2018-06-19 03:14:07', '2018-06-19 03:14:07', NULL),
(1122, 318, 162, '2018-06-19 03:14:07', '2018-06-19 03:14:07', NULL),
(1123, 319, 162, '2018-06-19 03:14:07', '2018-06-19 03:14:07', NULL),
(1124, 320, 162, '2018-06-19 03:14:07', '2018-06-19 03:14:07', NULL),
(1125, 321, 162, '2018-06-19 03:14:07', '2018-06-19 03:14:07', NULL),
(1126, 322, 162, '2018-06-19 03:14:07', '2018-06-19 03:14:07', NULL),
(1127, 323, 162, '2018-06-19 03:14:07', '2018-06-19 03:14:07', NULL),
(1128, 324, 162, '2018-06-19 03:14:07', '2018-06-19 03:14:07', NULL),
(1129, 325, 162, '2018-06-19 03:14:07', '2018-06-19 03:14:07', NULL),
(1130, 326, 162, '2018-06-19 03:14:07', '2018-06-19 03:14:07', NULL),
(1131, 327, 162, '2018-06-19 03:14:07', '2018-06-19 03:14:07', NULL),
(1132, 328, 162, '2018-06-19 03:14:07', '2018-06-19 03:14:07', NULL),
(1133, 329, 162, '2018-06-19 03:14:07', '2018-06-19 03:14:07', NULL),
(1134, 330, 162, '2018-06-19 03:14:07', '2018-06-19 03:14:07', NULL),
(1135, 331, 162, '2018-06-19 03:14:07', '2018-06-19 03:14:07', NULL),
(1136, 332, 162, '2018-06-19 03:14:07', '2018-06-19 03:14:07', NULL),
(1137, 333, 162, '2018-06-19 03:14:07', '2018-06-19 03:14:07', NULL),
(1138, 334, 162, '2018-06-19 03:14:07', '2018-06-19 03:14:07', NULL),
(1139, 335, 162, '2018-06-19 03:14:07', '2018-06-19 03:14:07', NULL),
(1140, 336, 162, '2018-06-19 03:14:07', '2018-06-19 03:14:07', NULL),
(1141, 337, 162, '2018-06-19 03:14:07', '2018-06-19 03:14:07', NULL),
(1142, 338, 162, '2018-06-19 03:14:07', '2018-06-19 03:14:07', NULL),
(1143, 339, 162, '2018-06-19 03:14:07', '2018-06-19 03:14:07', NULL),
(1144, 340, 162, '2018-06-19 03:14:07', '2018-06-19 03:14:07', NULL),
(1145, 341, 162, '2018-06-19 03:14:07', '2018-06-19 03:14:07', NULL),
(1146, 342, 162, '2018-06-19 03:14:07', '2018-06-19 03:14:07', NULL),
(1147, 343, 162, '2018-06-19 03:14:07', '2018-06-19 03:14:07', NULL),
(1148, 344, 162, '2018-06-19 03:14:07', '2018-06-19 03:14:07', NULL),
(1149, 345, 162, '2018-06-19 03:14:07', '2018-06-19 03:14:07', NULL),
(1150, 346, 162, '2018-06-19 03:14:07', '2018-06-19 03:14:07', NULL),
(1151, 347, 162, '2018-06-19 03:14:07', '2018-06-19 03:14:07', NULL),
(1152, 348, 162, '2018-06-19 03:14:07', '2018-06-19 03:14:07', NULL),
(1153, 349, 162, '2018-06-19 03:14:07', '2018-06-19 03:14:07', NULL),
(1154, 350, 162, '2018-06-19 03:14:07', '2018-06-19 03:14:07', NULL),
(1155, 351, 162, '2018-06-19 03:14:07', '2018-06-19 03:14:07', NULL),
(1156, 352, 162, '2018-06-19 03:14:07', '2018-06-19 03:14:07', NULL),
(1157, 353, 162, '2018-06-19 03:14:07', '2018-06-19 03:14:07', NULL),
(1158, 354, 162, '2018-06-19 03:14:07', '2018-06-19 03:14:07', NULL),
(1159, 355, 162, '2018-06-19 03:14:07', '2018-06-19 03:14:07', NULL),
(1160, 356, 162, '2018-06-19 03:14:07', '2018-06-19 03:14:07', NULL),
(1161, 357, 162, '2018-06-19 03:14:07', '2018-06-19 03:14:07', NULL),
(1162, 358, 162, '2018-06-19 03:14:07', '2018-06-19 03:14:07', NULL),
(1163, 359, 162, '2018-06-19 03:14:07', '2018-06-19 03:14:07', NULL),
(1164, 360, 162, '2018-06-19 03:14:07', '2018-06-19 03:14:07', NULL),
(1165, 361, 162, '2018-06-19 03:14:07', '2018-06-19 03:14:07', NULL),
(1166, 362, 162, '2018-06-19 03:14:07', '2018-06-19 03:14:07', NULL),
(1167, 363, 162, '2018-06-19 03:14:07', '2018-06-19 03:14:07', NULL),
(1168, 364, 162, '2018-06-19 03:14:07', '2018-06-19 03:14:07', NULL),
(1169, 365, 162, '2018-06-19 03:14:07', '2018-06-19 03:14:07', NULL),
(1170, 366, 162, '2018-06-19 03:14:07', '2018-06-19 03:14:07', NULL),
(1171, 367, 162, '2018-06-19 03:14:07', '2018-06-19 03:14:07', NULL),
(1172, 368, 162, '2018-06-19 03:14:07', '2018-06-19 03:14:07', NULL),
(1173, 369, 162, '2018-06-19 03:14:07', '2018-06-19 03:14:07', NULL),
(1174, 370, 162, '2018-06-19 03:14:07', '2018-06-19 03:14:07', NULL),
(1175, 371, 162, '2018-06-19 03:14:07', '2018-06-19 03:14:07', NULL),
(1176, 372, 162, '2018-06-19 03:14:07', '2018-06-19 03:14:07', NULL),
(1177, 373, 162, '2018-06-19 03:14:07', '2018-06-19 03:14:07', NULL),
(1178, 374, 162, '2018-06-19 03:14:07', '2018-06-19 03:14:07', NULL),
(1179, 375, 162, '2018-06-19 03:14:07', '2018-06-19 03:14:07', NULL),
(1180, 376, 162, '2018-06-19 03:14:07', '2018-06-19 03:14:07', NULL),
(1181, 377, 162, '2018-06-19 03:14:07', '2018-06-19 03:14:07', NULL),
(1182, 378, 162, '2018-06-19 03:14:07', '2018-06-19 03:14:07', NULL),
(1183, 379, 162, '2018-06-19 03:14:07', '2018-06-19 03:14:07', NULL),
(1184, 380, 162, '2018-06-19 03:14:07', '2018-06-19 03:14:07', NULL),
(1185, 381, 162, '2018-06-19 03:14:07', '2018-06-19 03:14:07', NULL),
(1186, 382, 162, '2018-06-19 03:14:07', '2018-06-19 03:14:07', NULL),
(1187, 383, 162, '2018-06-19 03:14:07', '2018-06-19 03:14:07', NULL),
(1188, 384, 162, '2018-06-19 03:14:07', '2018-06-19 03:14:07', NULL),
(1189, 385, 162, '2018-06-19 03:14:07', '2018-06-19 03:14:07', NULL),
(1190, 386, 162, '2018-06-19 03:14:07', '2018-06-19 03:14:07', NULL),
(1191, 387, 162, '2018-06-19 03:14:07', '2018-06-19 03:14:07', NULL),
(1192, 388, 162, '2018-06-19 03:14:07', '2018-06-19 03:14:07', NULL),
(1193, 389, 162, '2018-06-19 03:14:07', '2018-06-19 03:14:07', NULL),
(1194, 390, 162, '2018-06-19 03:14:07', '2018-06-19 03:14:07', NULL),
(1195, 391, 162, '2018-06-19 03:14:07', '2018-06-19 03:14:07', NULL),
(1196, 392, 162, '2018-06-19 03:14:07', '2018-06-19 03:14:07', NULL),
(1197, 393, 162, '2018-06-19 03:14:07', '2018-06-19 03:14:07', NULL),
(1198, 394, 162, '2018-06-19 03:14:07', '2018-06-19 03:14:07', NULL),
(1199, 395, 162, '2018-06-19 03:14:07', '2018-06-19 03:14:07', NULL),
(1200, 396, 162, '2018-06-19 03:14:07', '2018-06-19 03:14:07', NULL),
(1201, 397, 162, '2018-06-19 03:14:07', '2018-06-19 03:14:07', NULL),
(1202, 398, 162, '2018-06-19 03:14:07', '2018-06-19 03:14:07', NULL),
(1203, 399, 162, '2018-06-19 03:14:07', '2018-06-19 03:14:07', NULL),
(1204, 400, 162, '2018-06-19 03:14:07', '2018-06-19 03:14:07', NULL),
(1205, 401, 162, '2018-06-19 03:14:07', '2018-06-19 03:14:07', NULL),
(1206, 402, 162, '2018-06-19 03:14:07', '2018-06-19 03:14:07', NULL),
(1207, 403, 162, '2018-06-19 03:14:07', '2018-06-19 03:14:07', NULL),
(1208, 404, 162, '2018-06-19 03:14:07', '2018-06-19 03:14:07', NULL),
(1209, 405, 162, '2018-06-19 03:14:07', '2018-06-19 03:14:07', NULL),
(1210, 406, 162, '2018-06-19 03:14:07', '2018-06-19 03:14:07', NULL),
(1211, 407, 162, '2018-06-19 03:14:07', '2018-06-19 03:14:07', NULL),
(1212, 408, 162, '2018-06-19 03:14:07', '2018-06-19 03:14:07', NULL),
(1213, 409, 162, '2018-06-19 03:14:07', '2018-06-19 03:14:07', NULL),
(1214, 410, 162, '2018-06-19 03:14:07', '2018-06-19 03:14:07', NULL),
(1215, 411, 162, '2018-06-19 03:14:07', '2018-06-19 03:14:07', NULL),
(1216, 412, 162, '2018-06-19 03:14:07', '2018-06-19 03:14:07', NULL),
(1217, 413, 162, '2018-06-19 03:14:07', '2018-06-19 03:14:07', NULL),
(1218, 414, 162, '2018-06-19 03:14:07', '2018-06-19 03:14:07', NULL),
(1219, 415, 162, '2018-06-19 03:14:07', '2018-06-19 03:14:07', NULL),
(1220, 416, 162, '2018-06-19 03:14:08', '2018-06-19 03:14:08', NULL),
(1221, 417, 162, '2018-06-19 03:14:08', '2018-06-19 03:14:08', NULL),
(1222, 418, 162, '2018-06-19 03:14:08', '2018-06-19 03:14:08', NULL),
(1223, 419, 162, '2018-06-19 03:14:08', '2018-06-19 03:14:08', NULL),
(1224, 420, 162, '2018-06-19 03:14:08', '2018-06-19 03:14:08', NULL),
(1225, 421, 162, '2018-06-19 03:14:08', '2018-06-19 03:14:08', NULL),
(1226, 422, 162, '2018-06-19 03:14:08', '2018-06-19 03:14:08', NULL),
(1227, 423, 162, '2018-06-19 03:14:08', '2018-06-19 03:14:08', NULL),
(1228, 424, 162, '2018-06-19 03:14:08', '2018-06-19 03:14:08', NULL),
(1229, 425, 162, '2018-06-19 03:14:08', '2018-06-19 03:14:08', NULL),
(1230, 426, 162, '2018-06-19 03:14:08', '2018-06-19 03:14:08', NULL),
(1231, 427, 162, '2018-06-19 03:14:08', '2018-06-19 03:14:08', NULL),
(1232, 428, 162, '2018-06-19 03:14:08', '2018-06-19 03:14:08', NULL),
(1233, 429, 162, '2018-06-19 03:14:08', '2018-06-19 03:14:08', NULL),
(1234, 430, 162, '2018-06-19 03:14:08', '2018-06-19 03:14:08', NULL),
(1235, 431, 162, '2018-06-19 03:14:08', '2018-06-19 03:14:08', NULL),
(1236, 432, 162, '2018-06-19 03:14:08', '2018-06-19 03:14:08', NULL),
(1237, 433, 162, '2018-06-19 03:14:08', '2018-06-19 03:14:08', NULL),
(1238, 434, 162, '2018-06-19 03:14:08', '2018-06-19 03:14:08', NULL),
(1239, 435, 162, '2018-06-19 03:14:08', '2018-06-19 03:14:08', NULL),
(1240, 436, 162, '2018-06-19 03:14:08', '2018-06-19 03:14:08', NULL),
(1241, 437, 162, '2018-06-19 03:14:08', '2018-06-19 03:14:08', NULL),
(1242, 438, 162, '2018-06-19 03:14:08', '2018-06-19 03:14:08', NULL),
(1243, 439, 162, '2018-06-19 03:14:08', '2018-06-19 03:14:08', NULL),
(1244, 440, 162, '2018-06-19 03:14:08', '2018-06-19 03:14:08', NULL),
(1245, 441, 162, '2018-06-19 03:14:08', '2018-06-19 03:14:08', NULL),
(1246, 442, 162, '2018-06-19 03:14:08', '2018-06-19 03:14:08', NULL),
(1247, 443, 162, '2018-06-19 03:14:08', '2018-06-19 03:14:08', NULL),
(1248, 444, 162, '2018-06-19 03:14:08', '2018-06-19 03:14:08', NULL),
(1249, 445, 162, '2018-06-19 03:14:08', '2018-06-19 03:14:08', NULL),
(1250, 446, 162, '2018-06-19 03:14:08', '2018-06-19 03:14:08', NULL),
(1251, 447, 162, '2018-06-19 03:14:08', '2018-06-19 03:14:08', NULL),
(1252, 448, 162, '2018-06-19 03:14:08', '2018-06-19 03:14:08', NULL),
(1253, 449, 162, '2018-06-19 03:14:08', '2018-06-19 03:14:08', NULL),
(1254, 450, 162, '2018-06-19 03:14:08', '2018-06-19 03:14:08', NULL),
(1255, 451, 162, '2018-06-19 03:14:08', '2018-06-19 03:14:08', NULL),
(1256, 452, 162, '2018-06-19 03:14:08', '2018-06-19 03:14:08', NULL),
(1257, 453, 162, '2018-06-19 03:14:08', '2018-06-19 03:14:08', NULL),
(1258, 454, 162, '2018-06-19 03:14:08', '2018-06-19 03:14:08', NULL),
(1259, 455, 162, '2018-06-19 03:14:08', '2018-06-19 03:14:08', NULL),
(1260, 456, 162, '2018-06-19 03:14:08', '2018-06-19 03:14:08', NULL),
(1261, 457, 162, '2018-06-19 03:14:08', '2018-06-19 03:14:08', NULL),
(1262, 458, 162, '2018-06-19 03:14:08', '2018-06-19 03:14:08', NULL),
(1263, 459, 162, '2018-06-19 03:14:08', '2018-06-19 03:14:08', NULL),
(1264, 460, 162, '2018-06-19 03:14:08', '2018-06-19 03:14:08', NULL),
(1265, 461, 162, '2018-06-19 03:14:08', '2018-06-19 03:14:08', NULL),
(1266, 462, 162, '2018-06-19 03:14:08', '2018-06-19 03:14:08', NULL),
(1267, 463, 162, '2018-06-19 03:14:08', '2018-06-19 03:14:08', NULL),
(1268, 464, 162, '2018-06-19 03:14:08', '2018-06-19 03:14:08', NULL),
(1269, 465, 162, '2018-06-19 03:14:08', '2018-06-19 03:14:08', NULL),
(1270, 466, 162, '2018-06-19 03:14:08', '2018-06-19 03:14:08', NULL),
(1271, 467, 162, '2018-06-19 03:14:08', '2018-06-19 03:14:08', NULL),
(1272, 468, 162, '2018-06-19 03:14:08', '2018-06-19 03:14:08', NULL),
(1273, 469, 162, '2018-06-19 03:14:08', '2018-06-19 03:14:08', NULL),
(1274, 470, 162, '2018-06-19 03:14:08', '2018-06-19 03:14:08', NULL),
(1275, 471, 162, '2018-06-19 03:14:08', '2018-06-19 03:14:08', NULL),
(1276, 472, 162, '2018-06-19 03:14:08', '2018-06-19 03:14:08', NULL),
(1277, 473, 162, '2018-06-19 03:14:08', '2018-06-19 03:14:08', NULL),
(1278, 474, 162, '2018-06-19 03:14:08', '2018-06-19 03:14:08', NULL),
(1279, 475, 162, '2018-06-19 03:14:08', '2018-06-19 03:14:08', NULL),
(1280, 476, 162, '2018-06-19 03:14:08', '2018-06-19 03:14:08', NULL),
(1281, 477, 162, '2018-06-19 03:14:08', '2018-06-19 03:14:08', NULL),
(1282, 478, 162, '2018-06-19 03:14:08', '2018-06-19 03:14:08', NULL),
(1283, 479, 162, '2018-06-19 03:14:08', '2018-06-19 03:14:08', NULL),
(1284, 480, 162, '2018-06-19 03:14:08', '2018-06-19 03:14:08', NULL),
(1285, 481, 162, '2018-06-19 03:14:08', '2018-06-19 03:14:08', NULL),
(1286, 482, 162, '2018-06-19 03:14:08', '2018-06-19 03:14:08', NULL),
(1287, 483, 162, '2018-06-19 03:14:08', '2018-06-19 03:14:08', NULL),
(1288, 484, 162, '2018-06-19 03:14:08', '2018-06-19 03:14:08', NULL),
(1289, 485, 162, '2018-06-19 03:14:08', '2018-06-19 03:14:08', NULL),
(1290, 486, 162, '2018-06-19 03:14:08', '2018-06-19 03:14:08', NULL),
(1291, 487, 162, '2018-06-19 03:14:08', '2018-06-19 03:14:08', NULL),
(1292, 488, 162, '2018-06-19 03:14:08', '2018-06-19 03:14:08', NULL),
(1293, 489, 162, '2018-06-19 03:14:08', '2018-06-19 03:14:08', NULL),
(1294, 490, 162, '2018-06-19 03:14:08', '2018-06-19 03:14:08', NULL),
(1295, 491, 162, '2018-06-19 03:14:08', '2018-06-19 03:14:08', NULL),
(1296, 492, 162, '2018-06-19 03:14:08', '2018-06-19 03:14:08', NULL),
(1297, 493, 162, '2018-06-19 03:14:08', '2018-06-19 03:14:08', NULL),
(1298, 494, 162, '2018-06-19 03:14:08', '2018-06-19 03:14:08', NULL),
(1299, 495, 162, '2018-06-19 03:14:08', '2018-06-19 03:14:08', NULL),
(1300, 496, 162, '2018-06-19 03:14:08', '2018-06-19 03:14:08', NULL),
(1301, 497, 162, '2018-06-19 03:14:08', '2018-06-19 03:14:08', NULL),
(1302, 498, 162, '2018-06-19 03:14:08', '2018-06-19 03:14:08', NULL),
(1303, 499, 162, '2018-06-19 03:14:08', '2018-06-19 03:14:08', NULL),
(1304, 500, 162, '2018-06-19 03:14:08', '2018-06-19 03:14:08', NULL),
(1305, 501, 162, '2018-06-19 03:14:08', '2018-06-19 03:14:08', NULL),
(1306, 502, 162, '2018-06-19 03:14:08', '2018-06-19 03:14:08', NULL),
(1307, 503, 162, '2018-06-19 03:14:08', '2018-06-19 03:14:08', NULL),
(1308, 504, 162, '2018-06-19 03:14:08', '2018-06-19 03:14:08', NULL),
(1309, 505, 162, '2018-06-19 03:14:08', '2018-06-19 03:14:08', NULL),
(1310, 506, 162, '2018-06-19 03:14:08', '2018-06-19 03:14:08', NULL),
(1311, 507, 162, '2018-06-19 03:14:08', '2018-06-19 03:14:08', NULL),
(1312, 508, 162, '2018-06-19 03:14:08', '2018-06-19 03:14:08', NULL),
(1313, 509, 162, '2018-06-19 03:14:08', '2018-06-19 03:14:08', NULL),
(1314, 510, 162, '2018-06-19 03:14:08', '2018-06-19 03:14:08', NULL),
(1315, 511, 162, '2018-06-19 03:14:08', '2018-06-19 03:14:08', NULL),
(1316, 512, 162, '2018-06-19 03:14:08', '2018-06-19 03:14:08', NULL),
(1317, 513, 162, '2018-06-19 03:14:08', '2018-06-19 03:14:08', NULL),
(1318, 514, 162, '2018-06-19 03:14:08', '2018-06-19 03:14:08', NULL),
(1319, 515, 162, '2018-06-19 03:14:08', '2018-06-19 03:14:08', NULL),
(1320, 516, 162, '2018-06-19 03:14:08', '2018-06-19 03:14:08', NULL),
(1321, 517, 162, '2018-06-19 03:14:08', '2018-06-19 03:14:08', NULL),
(1322, 518, 162, '2018-06-19 03:14:08', '2018-06-19 03:14:08', NULL),
(1323, 519, 162, '2018-06-19 03:14:08', '2018-06-19 03:14:08', NULL),
(1324, 520, 162, '2018-06-19 03:14:08', '2018-06-19 03:14:08', NULL),
(1325, 521, 162, '2018-06-19 03:14:08', '2018-06-19 03:14:08', NULL),
(1326, 522, 162, '2018-06-19 03:14:08', '2018-06-19 03:14:08', NULL),
(1327, 523, 162, '2018-06-19 03:14:08', '2018-06-19 03:14:08', NULL),
(1328, 524, 162, '2018-06-19 03:14:08', '2018-06-19 03:14:08', NULL),
(1329, 525, 162, '2018-06-19 03:14:08', '2018-06-19 03:14:08', NULL),
(1330, 526, 162, '2018-06-19 03:14:08', '2018-06-19 03:14:08', NULL),
(1331, 527, 162, '2018-06-19 03:14:08', '2018-06-19 03:14:08', NULL),
(1332, 528, 162, '2018-06-19 03:14:08', '2018-06-19 03:14:08', NULL),
(1333, 529, 162, '2018-06-19 03:14:08', '2018-06-19 03:14:08', NULL),
(1334, 530, 162, '2018-06-19 03:14:08', '2018-06-19 03:14:08', NULL),
(1335, 531, 162, '2018-06-19 03:14:08', '2018-06-19 03:14:08', NULL),
(1336, 532, 162, '2018-06-19 03:14:08', '2018-06-19 03:14:08', NULL),
(1337, 533, 162, '2018-06-19 03:14:08', '2018-06-19 03:14:08', NULL),
(1338, 534, 162, '2018-06-19 03:14:08', '2018-06-19 03:14:08', NULL),
(1339, 535, 162, '2018-06-19 03:14:08', '2018-06-19 03:14:08', NULL),
(1340, 536, 162, '2018-06-19 03:14:08', '2018-06-19 03:14:08', NULL),
(1341, 537, 162, '2018-06-19 03:14:08', '2018-06-19 03:14:08', NULL),
(1342, 538, 162, '2018-06-19 03:14:08', '2018-06-19 03:14:08', NULL),
(1343, 539, 162, '2018-06-19 03:14:08', '2018-06-19 03:14:08', NULL),
(1344, 540, 162, '2018-06-19 03:14:08', '2018-06-19 03:14:08', NULL),
(1345, 541, 162, '2018-06-19 03:14:08', '2018-06-19 03:14:08', NULL),
(1346, 542, 162, '2018-06-19 03:14:08', '2018-06-19 03:14:08', NULL),
(1347, 543, 162, '2018-06-19 03:14:08', '2018-06-19 03:14:08', NULL),
(1348, 544, 162, '2018-06-19 03:14:08', '2018-06-19 03:14:08', NULL),
(1349, 545, 162, '2018-06-19 03:14:08', '2018-06-19 03:14:08', NULL),
(1350, 546, 162, '2018-06-19 03:14:08', '2018-06-19 03:14:08', NULL),
(1351, 547, 162, '2018-06-19 03:14:08', '2018-06-19 03:14:08', NULL),
(1352, 548, 162, '2018-06-19 03:14:08', '2018-06-19 03:14:08', NULL),
(1353, 549, 162, '2018-06-19 03:14:08', '2018-06-19 03:14:08', NULL),
(1354, 550, 162, '2018-06-19 03:14:08', '2018-06-19 03:14:08', NULL),
(1355, 551, 162, '2018-06-19 03:14:08', '2018-06-19 03:14:08', NULL),
(1356, 552, 162, '2018-06-19 03:14:08', '2018-06-19 03:14:08', NULL),
(1357, 553, 162, '2018-06-19 03:14:08', '2018-06-19 03:14:08', NULL),
(1358, 554, 162, '2018-06-19 03:14:08', '2018-06-19 03:14:08', NULL),
(1359, 555, 162, '2018-06-19 03:14:08', '2018-06-19 03:14:08', NULL),
(1360, 556, 162, '2018-06-19 03:14:08', '2018-06-19 03:14:08', NULL),
(1361, 557, 162, '2018-06-19 03:14:08', '2018-06-19 03:14:08', NULL),
(1362, 558, 162, '2018-06-19 03:14:08', '2018-06-19 03:14:08', NULL),
(1363, 559, 162, '2018-06-19 03:14:09', '2018-06-19 03:14:09', NULL),
(1364, 560, 162, '2018-06-19 03:14:09', '2018-06-19 03:14:09', NULL),
(1365, 561, 162, '2018-06-19 03:14:09', '2018-06-19 03:14:09', NULL),
(1366, 562, 162, '2018-06-19 03:14:09', '2018-06-19 03:14:09', NULL),
(1367, 563, 162, '2018-06-19 03:14:09', '2018-06-19 03:14:09', NULL),
(1368, 564, 162, '2018-06-19 03:14:09', '2018-06-19 03:14:09', NULL),
(1369, 565, 162, '2018-06-19 03:14:09', '2018-06-19 03:14:09', NULL),
(1370, 566, 162, '2018-06-19 03:14:09', '2018-06-19 03:14:09', NULL),
(1371, 567, 162, '2018-06-19 03:14:09', '2018-06-19 03:14:09', NULL),
(1372, 568, 162, '2018-06-19 03:14:09', '2018-06-19 03:14:09', NULL),
(1373, 569, 162, '2018-06-19 03:14:09', '2018-06-19 03:14:09', NULL),
(1374, 570, 162, '2018-06-19 03:14:09', '2018-06-19 03:14:09', NULL),
(1375, 571, 162, '2018-06-19 03:14:09', '2018-06-19 03:14:09', NULL),
(1376, 572, 162, '2018-06-19 03:14:09', '2018-06-19 03:14:09', NULL),
(1377, 573, 162, '2018-06-19 03:14:09', '2018-06-19 03:14:09', NULL),
(1378, 574, 162, '2018-06-19 03:14:09', '2018-06-19 03:14:09', NULL),
(1379, 575, 162, '2018-06-19 03:14:09', '2018-06-19 03:14:09', NULL),
(1380, 576, 162, '2018-06-19 03:14:09', '2018-06-19 03:14:09', NULL),
(1381, 577, 162, '2018-06-19 03:14:09', '2018-06-19 03:14:09', NULL),
(1382, 578, 162, '2018-06-19 03:14:09', '2018-06-19 03:14:09', NULL),
(1383, 579, 162, '2018-06-19 03:14:09', '2018-06-19 03:14:09', NULL),
(1384, 580, 162, '2018-06-19 03:14:09', '2018-06-19 03:14:09', NULL),
(1385, 581, 162, '2018-06-19 03:14:09', '2018-06-19 03:14:09', NULL),
(1386, 582, 162, '2018-06-19 03:14:09', '2018-06-19 03:14:09', NULL),
(1387, 583, 162, '2018-06-19 03:14:09', '2018-06-19 03:14:09', NULL),
(1388, 584, 162, '2018-06-19 03:14:09', '2018-06-19 03:14:09', NULL),
(1389, 585, 162, '2018-06-19 03:14:09', '2018-06-19 03:14:09', NULL),
(1390, 586, 162, '2018-06-19 03:14:09', '2018-06-19 03:14:09', NULL),
(1391, 587, 162, '2018-06-19 03:14:09', '2018-06-19 03:14:09', NULL),
(1392, 588, 162, '2018-06-19 03:14:09', '2018-06-19 03:14:09', NULL),
(1393, 589, 162, '2018-06-19 03:14:09', '2018-06-19 03:14:09', NULL),
(1394, 590, 162, '2018-06-19 03:14:09', '2018-06-19 03:14:09', NULL),
(1395, 591, 162, '2018-06-19 03:14:09', '2018-06-19 03:14:09', NULL),
(1396, 592, 162, '2018-06-19 03:14:09', '2018-06-19 03:14:09', NULL),
(1397, 593, 162, '2018-06-19 03:14:09', '2018-06-19 03:14:09', NULL),
(1398, 594, 162, '2018-06-19 03:14:09', '2018-06-19 03:14:09', NULL),
(1399, 595, 162, '2018-06-19 03:14:09', '2018-06-19 03:14:09', NULL),
(1400, 596, 162, '2018-06-19 03:14:09', '2018-06-19 03:14:09', NULL),
(1401, 597, 162, '2018-06-19 03:14:09', '2018-06-19 03:14:09', NULL),
(1402, 598, 162, '2018-06-19 03:14:09', '2018-06-19 03:14:09', NULL),
(1403, 599, 162, '2018-06-19 03:14:09', '2018-06-19 03:14:09', NULL),
(1404, 600, 162, '2018-06-19 03:14:09', '2018-06-19 03:14:09', NULL),
(1405, 601, 162, '2018-06-19 03:14:09', '2018-06-19 03:14:09', NULL),
(1406, 602, 162, '2018-06-19 03:14:09', '2018-06-19 03:14:09', NULL),
(1407, 603, 162, '2018-06-19 03:14:09', '2018-06-19 03:14:09', NULL),
(1408, 604, 162, '2018-06-19 03:14:09', '2018-06-19 03:14:09', NULL),
(1409, 605, 162, '2018-06-19 03:14:09', '2018-06-19 03:14:09', NULL),
(1410, 606, 162, '2018-06-19 03:14:09', '2018-06-19 03:14:09', NULL),
(1411, 607, 162, '2018-06-19 03:14:09', '2018-06-19 03:14:09', NULL),
(1412, 608, 162, '2018-06-19 03:14:09', '2018-06-19 03:14:09', NULL),
(1413, 609, 162, '2018-06-19 03:14:09', '2018-06-19 03:14:09', NULL),
(1414, 610, 162, '2018-06-19 03:14:09', '2018-06-19 03:14:09', NULL),
(1415, 611, 162, '2018-06-19 03:14:09', '2018-06-19 03:14:09', NULL),
(1416, 612, 162, '2018-06-19 03:14:09', '2018-06-19 03:14:09', NULL),
(1417, 613, 162, '2018-06-19 03:14:09', '2018-06-19 03:14:09', NULL),
(1418, 614, 162, '2018-06-19 03:14:09', '2018-06-19 03:14:09', NULL),
(1419, 615, 162, '2018-06-19 03:14:09', '2018-06-19 03:14:09', NULL),
(1420, 616, 162, '2018-06-19 03:14:09', '2018-06-19 03:14:09', NULL),
(1421, 617, 162, '2018-06-19 03:14:09', '2018-06-19 03:14:09', NULL),
(1422, 618, 162, '2018-06-19 03:14:09', '2018-06-19 03:14:09', NULL),
(1423, 619, 162, '2018-06-19 03:14:09', '2018-06-19 03:14:09', NULL),
(1424, 620, 162, '2018-06-19 03:14:09', '2018-06-19 03:14:09', NULL),
(1425, 621, 162, '2018-06-19 03:14:09', '2018-06-19 03:14:09', NULL),
(1426, 622, 162, '2018-06-19 03:14:09', '2018-06-19 03:14:09', NULL),
(1427, 623, 162, '2018-06-19 03:14:09', '2018-06-19 03:14:09', NULL),
(1428, 624, 162, '2018-06-19 03:14:09', '2018-06-19 03:14:09', NULL),
(1429, 625, 162, '2018-06-19 03:14:09', '2018-06-19 03:14:09', NULL),
(1430, 626, 162, '2018-06-19 03:14:09', '2018-06-19 03:14:09', NULL),
(1431, 627, 162, '2018-06-19 03:14:09', '2018-06-19 03:14:09', NULL),
(1432, 628, 162, '2018-06-19 03:14:09', '2018-06-19 03:14:09', NULL),
(1433, 629, 162, '2018-06-19 03:14:09', '2018-06-19 03:14:09', NULL),
(1434, 630, 162, '2018-06-19 03:14:09', '2018-06-19 03:14:09', NULL),
(1435, 631, 162, '2018-06-19 03:14:09', '2018-06-19 03:14:09', NULL),
(1436, 632, 162, '2018-06-19 03:14:09', '2018-06-19 03:14:09', NULL),
(1437, 633, 162, '2018-06-19 03:14:09', '2018-06-19 03:14:09', NULL),
(1438, 634, 162, '2018-06-19 03:14:09', '2018-06-19 03:14:09', NULL),
(1439, 635, 162, '2018-06-19 03:14:09', '2018-06-19 03:14:09', NULL),
(1440, 636, 162, '2018-06-19 03:14:09', '2018-06-19 03:14:09', NULL),
(1441, 637, 162, '2018-06-19 03:14:09', '2018-06-19 03:14:09', NULL),
(1442, 638, 162, '2018-06-19 03:14:09', '2018-06-19 03:14:09', NULL),
(1443, 639, 162, '2018-06-19 03:14:09', '2018-06-19 03:14:09', NULL),
(1444, 640, 162, '2018-06-19 03:14:09', '2018-06-19 03:14:09', NULL),
(1445, 641, 162, '2018-06-19 03:14:09', '2018-06-19 03:14:09', NULL),
(1446, 642, 162, '2018-06-19 03:14:09', '2018-06-19 03:14:09', NULL),
(1447, 643, 162, '2018-06-19 03:14:09', '2018-06-19 03:14:09', NULL),
(1448, 644, 162, '2018-06-19 03:14:09', '2018-06-19 03:14:09', NULL),
(1449, 645, 162, '2018-06-19 03:14:09', '2018-06-19 03:14:09', NULL),
(1450, 646, 162, '2018-06-19 03:14:09', '2018-06-19 03:14:09', NULL),
(1451, 647, 162, '2018-06-19 03:14:09', '2018-06-19 03:14:09', NULL),
(1452, 648, 162, '2018-06-19 03:14:09', '2018-06-19 03:14:09', NULL),
(1453, 649, 162, '2018-06-19 03:14:09', '2018-06-19 03:14:09', NULL),
(1454, 650, 162, '2018-06-19 03:14:09', '2018-06-19 03:14:09', NULL),
(1455, 651, 162, '2018-06-19 03:14:09', '2018-06-19 03:14:09', NULL),
(1456, 652, 162, '2018-06-19 03:14:09', '2018-06-19 03:14:09', NULL),
(1457, 653, 162, '2018-06-19 03:14:09', '2018-06-19 03:14:09', NULL),
(1458, 654, 162, '2018-06-19 03:14:09', '2018-06-19 03:14:09', NULL),
(1459, 655, 162, '2018-06-19 03:14:09', '2018-06-19 03:14:09', NULL),
(1460, 656, 162, '2018-06-19 03:14:09', '2018-06-19 03:14:09', NULL),
(1461, 657, 162, '2018-06-19 03:14:09', '2018-06-19 03:14:09', NULL),
(1462, 658, 162, '2018-06-19 03:14:09', '2018-06-19 03:14:09', NULL),
(1463, 659, 162, '2018-06-19 03:14:09', '2018-06-19 03:14:09', NULL),
(1464, 660, 162, '2018-06-19 03:14:09', '2018-06-19 03:14:09', NULL),
(1465, 661, 162, '2018-06-19 03:14:09', '2018-06-19 03:14:09', NULL),
(1466, 662, 162, '2018-06-19 03:14:09', '2018-06-19 03:14:09', NULL),
(1467, 663, 162, '2018-06-19 03:14:09', '2018-06-19 03:14:09', NULL),
(1468, 664, 162, '2018-06-19 03:14:09', '2018-06-19 03:14:09', NULL),
(1469, 665, 162, '2018-06-19 03:14:09', '2018-06-19 03:14:09', NULL),
(1470, 666, 162, '2018-06-19 03:14:09', '2018-06-19 03:14:09', NULL),
(1471, 667, 162, '2018-06-19 03:14:09', '2018-06-19 03:14:09', NULL),
(1472, 668, 162, '2018-06-19 03:14:09', '2018-06-19 03:14:09', NULL),
(1473, 669, 162, '2018-06-19 03:14:09', '2018-06-19 03:14:09', NULL),
(1474, 670, 162, '2018-06-19 03:14:09', '2018-06-19 03:14:09', NULL),
(1475, 671, 162, '2018-06-19 03:14:09', '2018-06-19 03:14:09', NULL),
(1476, 672, 162, '2018-06-19 03:14:09', '2018-06-19 03:14:09', NULL),
(1477, 673, 162, '2018-06-19 03:14:09', '2018-06-19 03:14:09', NULL),
(1478, 674, 162, '2018-06-19 03:14:09', '2018-06-19 03:14:09', NULL),
(1479, 675, 162, '2018-06-19 03:14:09', '2018-06-19 03:14:09', NULL),
(1480, 676, 162, '2018-06-19 03:14:09', '2018-06-19 03:14:09', NULL),
(1481, 677, 162, '2018-06-19 03:14:09', '2018-06-19 03:14:09', NULL),
(1482, 678, 162, '2018-06-19 03:14:09', '2018-06-19 03:14:09', NULL),
(1483, 679, 162, '2018-06-19 03:14:09', '2018-06-19 03:14:09', NULL),
(1484, 680, 162, '2018-06-19 03:14:09', '2018-06-19 03:14:09', NULL),
(1485, 681, 162, '2018-06-19 03:14:09', '2018-06-19 03:14:09', NULL),
(1486, 682, 162, '2018-06-19 03:14:09', '2018-06-19 03:14:09', NULL);
INSERT INTO `file_contact` (`id`, `contact_id`, `file_id`, `created_at`, `updated_at`, `deleted_at`) VALUES
(1487, 683, 162, '2018-06-19 03:14:09', '2018-06-19 03:14:09', NULL),
(1488, 684, 162, '2018-06-19 03:14:09', '2018-06-19 03:14:09', NULL),
(1489, 685, 162, '2018-06-19 03:14:09', '2018-06-19 03:14:09', NULL),
(1490, 686, 162, '2018-06-19 03:14:09', '2018-06-19 03:14:09', NULL),
(1491, 687, 162, '2018-06-19 03:14:09', '2018-06-19 03:14:09', NULL),
(1492, 688, 162, '2018-06-19 03:14:09', '2018-06-19 03:14:09', NULL),
(1493, 689, 162, '2018-06-19 03:14:09', '2018-06-19 03:14:09', NULL),
(1494, 690, 162, '2018-06-19 03:14:09', '2018-06-19 03:14:09', NULL),
(1495, 691, 162, '2018-06-19 03:14:09', '2018-06-19 03:14:09', NULL),
(1496, 692, 162, '2018-06-19 03:14:09', '2018-06-19 03:14:09', NULL),
(1497, 693, 162, '2018-06-19 03:14:09', '2018-06-19 03:14:09', NULL),
(1498, 694, 162, '2018-06-19 03:14:09', '2018-06-19 03:14:09', NULL),
(1499, 695, 162, '2018-06-19 03:14:09', '2018-06-19 03:14:09', NULL),
(1500, 696, 162, '2018-06-19 03:14:09', '2018-06-19 03:14:09', NULL),
(1501, 697, 162, '2018-06-19 03:14:09', '2018-06-19 03:14:09', NULL),
(1502, 698, 162, '2018-06-19 03:14:09', '2018-06-19 03:14:09', NULL),
(1503, 699, 162, '2018-06-19 03:14:09', '2018-06-19 03:14:09', NULL),
(1504, 700, 162, '2018-06-19 03:14:09', '2018-06-19 03:14:09', NULL),
(1505, 701, 162, '2018-06-19 03:14:10', '2018-06-19 03:14:10', NULL),
(1506, 702, 162, '2018-06-19 03:14:10', '2018-06-19 03:14:10', NULL),
(1507, 703, 162, '2018-06-19 03:14:10', '2018-06-19 03:14:10', NULL),
(1508, 704, 162, '2018-06-19 03:14:10', '2018-06-19 03:14:10', NULL),
(1509, 705, 162, '2018-06-19 03:14:10', '2018-06-19 03:14:10', NULL),
(1510, 706, 162, '2018-06-19 03:14:10', '2018-06-19 03:14:10', NULL),
(1511, 707, 162, '2018-06-19 03:14:10', '2018-06-19 03:14:10', NULL),
(1512, 708, 162, '2018-06-19 03:14:10', '2018-06-19 03:14:10', NULL),
(1513, 709, 162, '2018-06-19 03:14:10', '2018-06-19 03:14:10', NULL),
(1514, 710, 162, '2018-06-19 03:14:10', '2018-06-19 03:14:10', NULL),
(1515, 711, 162, '2018-06-19 03:14:10', '2018-06-19 03:14:10', NULL),
(1516, 712, 162, '2018-06-19 03:14:10', '2018-06-19 03:14:10', NULL),
(1517, 713, 162, '2018-06-19 03:14:10', '2018-06-19 03:14:10', NULL),
(1518, 714, 162, '2018-06-19 03:14:10', '2018-06-19 03:14:10', NULL),
(1519, 715, 162, '2018-06-19 03:14:10', '2018-06-19 03:14:10', NULL),
(1520, 716, 162, '2018-06-19 03:14:10', '2018-06-19 03:14:10', NULL),
(1521, 717, 162, '2018-06-19 03:14:10', '2018-06-19 03:14:10', NULL),
(1522, 718, 162, '2018-06-19 03:14:10', '2018-06-19 03:14:10', NULL),
(1523, 719, 162, '2018-06-19 03:14:10', '2018-06-19 03:14:10', NULL),
(1524, 720, 162, '2018-06-19 03:14:10', '2018-06-19 03:14:10', NULL),
(1525, 721, 162, '2018-06-19 03:14:10', '2018-06-19 03:14:10', NULL),
(1526, 722, 162, '2018-06-19 03:14:10', '2018-06-19 03:14:10', NULL),
(1527, 723, 162, '2018-06-19 03:14:10', '2018-06-19 03:14:10', NULL),
(1528, 724, 162, '2018-06-19 03:14:10', '2018-06-19 03:14:10', NULL),
(1529, 725, 162, '2018-06-19 03:14:10', '2018-06-19 03:14:10', NULL),
(1530, 726, 162, '2018-06-19 03:14:10', '2018-06-19 03:14:10', NULL),
(1531, 727, 162, '2018-06-19 03:14:10', '2018-06-19 03:14:10', NULL),
(1532, 728, 162, '2018-06-19 03:14:10', '2018-06-19 03:14:10', NULL),
(1533, 729, 162, '2018-06-19 03:14:10', '2018-06-19 03:14:10', NULL),
(1534, 730, 162, '2018-06-19 03:14:10', '2018-06-19 03:14:10', NULL),
(1535, 731, 162, '2018-06-19 03:14:10', '2018-06-19 03:14:10', NULL),
(1536, 732, 162, '2018-06-19 03:14:10', '2018-06-19 03:14:10', NULL),
(1537, 733, 162, '2018-06-19 03:14:10', '2018-06-19 03:14:10', NULL),
(1538, 734, 162, '2018-06-19 03:14:10', '2018-06-19 03:14:10', NULL),
(1539, 735, 162, '2018-06-19 03:14:10', '2018-06-19 03:14:10', NULL),
(1540, 736, 162, '2018-06-19 03:14:10', '2018-06-19 03:14:10', NULL),
(1541, 737, 162, '2018-06-19 03:14:10', '2018-06-19 03:14:10', NULL),
(1542, 738, 162, '2018-06-19 03:14:10', '2018-06-19 03:14:10', NULL),
(1543, 739, 162, '2018-06-19 03:14:10', '2018-06-19 03:14:10', NULL),
(1544, 740, 162, '2018-06-19 03:14:10', '2018-06-19 03:14:10', NULL),
(1545, 741, 162, '2018-06-19 03:14:10', '2018-06-19 03:14:10', NULL),
(1546, 742, 162, '2018-06-19 03:14:10', '2018-06-19 03:14:10', NULL),
(1547, 743, 162, '2018-06-19 03:14:10', '2018-06-19 03:14:10', NULL),
(1548, 744, 162, '2018-06-19 03:14:10', '2018-06-19 03:14:10', NULL),
(1549, 745, 162, '2018-06-19 03:14:10', '2018-06-19 03:14:10', NULL),
(1550, 746, 162, '2018-06-19 03:14:10', '2018-06-19 03:14:10', NULL),
(1551, 747, 162, '2018-06-19 03:14:10', '2018-06-19 03:14:10', NULL),
(1552, 748, 162, '2018-06-19 03:14:10', '2018-06-19 03:14:10', NULL),
(1553, 749, 162, '2018-06-19 03:14:10', '2018-06-19 03:14:10', NULL),
(1554, 750, 162, '2018-06-19 03:14:10', '2018-06-19 03:14:10', NULL),
(1555, 751, 162, '2018-06-19 03:14:10', '2018-06-19 03:14:10', NULL),
(1556, 752, 162, '2018-06-19 03:14:10', '2018-06-19 03:14:10', NULL),
(1557, 753, 162, '2018-06-19 03:14:10', '2018-06-19 03:14:10', NULL),
(1558, 754, 162, '2018-06-19 03:14:10', '2018-06-19 03:14:10', NULL),
(1559, 755, 162, '2018-06-19 03:14:10', '2018-06-19 03:14:10', NULL),
(1560, 756, 162, '2018-06-19 03:14:10', '2018-06-19 03:14:10', NULL),
(1561, 757, 162, '2018-06-19 03:14:10', '2018-06-19 03:14:10', NULL),
(1562, 758, 162, '2018-06-19 03:14:10', '2018-06-19 03:14:10', NULL),
(1563, 759, 162, '2018-06-19 03:14:10', '2018-06-19 03:14:10', NULL),
(1564, 760, 162, '2018-06-19 03:14:10', '2018-06-19 03:14:10', NULL),
(1565, 761, 162, '2018-06-19 03:14:10', '2018-06-19 03:14:10', NULL),
(1566, 762, 162, '2018-06-19 03:14:10', '2018-06-19 03:14:10', NULL),
(1567, 763, 162, '2018-06-19 03:14:10', '2018-06-19 03:14:10', NULL),
(1568, 764, 162, '2018-06-19 03:14:10', '2018-06-19 03:14:10', NULL),
(1569, 765, 162, '2018-06-19 03:14:10', '2018-06-19 03:14:10', NULL),
(1570, 766, 162, '2018-06-19 03:14:10', '2018-06-19 03:14:10', NULL),
(1571, 767, 162, '2018-06-19 03:14:10', '2018-06-19 03:14:10', NULL),
(1572, 768, 162, '2018-06-19 03:14:10', '2018-06-19 03:14:10', NULL),
(1573, 769, 162, '2018-06-19 03:14:10', '2018-06-19 03:14:10', NULL),
(1574, 770, 162, '2018-06-19 03:14:10', '2018-06-19 03:14:10', NULL),
(1575, 771, 162, '2018-06-19 03:14:10', '2018-06-19 03:14:10', NULL),
(1576, 772, 162, '2018-06-19 03:14:10', '2018-06-19 03:14:10', NULL),
(1577, 773, 162, '2018-06-19 03:14:10', '2018-06-19 03:14:10', NULL),
(1578, 774, 162, '2018-06-19 03:14:10', '2018-06-19 03:14:10', NULL),
(1579, 775, 162, '2018-06-19 03:14:10', '2018-06-19 03:14:10', NULL),
(1580, 776, 162, '2018-06-19 03:14:10', '2018-06-19 03:14:10', NULL),
(1581, 777, 162, '2018-06-19 03:14:10', '2018-06-19 03:14:10', NULL),
(1582, 778, 162, '2018-06-19 03:14:10', '2018-06-19 03:14:10', NULL),
(1583, 779, 162, '2018-06-19 03:14:10', '2018-06-19 03:14:10', NULL),
(1584, 780, 162, '2018-06-19 03:14:10', '2018-06-19 03:14:10', NULL),
(1585, 781, 162, '2018-06-19 03:14:10', '2018-06-19 03:14:10', NULL),
(1586, 782, 162, '2018-06-19 03:14:10', '2018-06-19 03:14:10', NULL),
(1587, 783, 162, '2018-06-19 03:14:10', '2018-06-19 03:14:10', NULL),
(1588, 784, 162, '2018-06-19 03:14:10', '2018-06-19 03:14:10', NULL),
(1589, 1, 163, '2018-06-27 10:19:15', '2018-06-27 10:19:15', NULL),
(1590, 2, 163, '2018-06-27 10:19:15', '2018-06-27 10:19:15', NULL),
(1591, 3, 163, '2018-06-27 10:19:15', '2018-06-27 10:19:15', NULL),
(1592, 4, 163, '2018-06-27 10:19:15', '2018-06-27 10:19:15', NULL),
(1593, 5, 163, '2018-06-27 10:19:15', '2018-06-27 10:19:15', NULL),
(1594, 6, 163, '2018-06-27 10:19:15', '2018-06-27 10:19:15', NULL),
(1595, 7, 163, '2018-06-27 10:19:15', '2018-06-27 10:19:15', NULL),
(1596, 8, 163, '2018-06-27 10:19:15', '2018-06-27 10:19:15', NULL),
(1597, 9, 163, '2018-06-27 10:19:15', '2018-06-27 10:19:15', NULL),
(1598, 10, 163, '2018-06-27 10:19:15', '2018-06-27 10:19:15', NULL),
(1599, 11, 163, '2018-06-27 10:19:15', '2018-06-27 10:19:15', NULL),
(1600, 12, 163, '2018-06-27 10:19:15', '2018-06-27 10:19:15', NULL),
(1601, 13, 163, '2018-06-27 10:19:15', '2018-06-27 10:19:15', NULL),
(1602, 14, 163, '2018-06-27 10:19:15', '2018-06-27 10:19:15', NULL),
(1603, 15, 163, '2018-06-27 10:19:15', '2018-06-27 10:19:15', NULL),
(1604, 16, 163, '2018-06-27 10:19:15', '2018-06-27 10:19:15', NULL),
(1605, 17, 163, '2018-06-27 10:19:15', '2018-06-27 10:19:15', NULL),
(1606, 18, 163, '2018-06-27 10:19:15', '2018-06-27 10:19:15', NULL),
(1607, 19, 163, '2018-06-27 10:19:15', '2018-06-27 10:19:15', NULL),
(1608, 20, 163, '2018-06-27 10:19:15', '2018-06-27 10:19:15', NULL),
(1609, 21, 163, '2018-06-27 10:19:15', '2018-06-27 10:19:15', NULL),
(1610, 22, 163, '2018-06-27 10:19:15', '2018-06-27 10:19:15', NULL),
(1611, 23, 163, '2018-06-27 10:19:15', '2018-06-27 10:19:15', NULL),
(1612, 24, 163, '2018-06-27 10:19:15', '2018-06-27 10:19:15', NULL),
(1613, 25, 163, '2018-06-27 10:19:15', '2018-06-27 10:19:15', NULL),
(1614, 26, 163, '2018-06-27 10:19:15', '2018-06-27 10:19:15', NULL),
(1615, 27, 163, '2018-06-27 10:19:15', '2018-06-27 10:19:15', NULL),
(1616, 28, 163, '2018-06-27 10:19:15', '2018-06-27 10:19:15', NULL),
(1617, 29, 163, '2018-06-27 10:19:15', '2018-06-27 10:19:15', NULL),
(1618, 30, 163, '2018-06-27 10:19:15', '2018-06-27 10:19:15', NULL),
(1619, 31, 163, '2018-06-27 10:19:15', '2018-06-27 10:19:15', NULL),
(1620, 32, 163, '2018-06-27 10:19:15', '2018-06-27 10:19:15', NULL),
(1621, 33, 163, '2018-06-27 10:19:15', '2018-06-27 10:19:15', NULL),
(1622, 34, 163, '2018-06-27 10:19:15', '2018-06-27 10:19:15', NULL),
(1623, 35, 163, '2018-06-27 10:19:15', '2018-06-27 10:19:15', NULL),
(1624, 36, 163, '2018-06-27 10:19:15', '2018-06-27 10:19:15', NULL),
(1625, 37, 163, '2018-06-27 10:19:15', '2018-06-27 10:19:15', NULL),
(1626, 38, 163, '2018-06-27 10:19:15', '2018-06-27 10:19:15', NULL),
(1627, 39, 163, '2018-06-27 10:19:15', '2018-06-27 10:19:15', NULL),
(1628, 40, 163, '2018-06-27 10:19:15', '2018-06-27 10:19:15', NULL),
(1629, 41, 163, '2018-06-27 10:19:15', '2018-06-27 10:19:15', NULL),
(1630, 42, 163, '2018-06-27 10:19:15', '2018-06-27 10:19:15', NULL),
(1631, 43, 163, '2018-06-27 10:19:15', '2018-06-27 10:19:15', NULL),
(1632, 44, 163, '2018-06-27 10:19:15', '2018-06-27 10:19:15', NULL),
(1633, 45, 163, '2018-06-27 10:19:15', '2018-06-27 10:19:15', NULL),
(1634, 46, 163, '2018-06-27 10:19:15', '2018-06-27 10:19:15', NULL),
(1635, 47, 163, '2018-06-27 10:19:15', '2018-06-27 10:19:15', NULL),
(1636, 48, 163, '2018-06-27 10:19:15', '2018-06-27 10:19:15', NULL),
(1637, 49, 163, '2018-06-27 10:19:15', '2018-06-27 10:19:15', NULL),
(1638, 50, 163, '2018-06-27 10:19:15', '2018-06-27 10:19:15', NULL),
(1639, 51, 163, '2018-06-27 10:19:15', '2018-06-27 10:19:15', NULL),
(1640, 52, 163, '2018-06-27 10:19:15', '2018-06-27 10:19:15', NULL),
(1641, 53, 163, '2018-06-27 10:19:15', '2018-06-27 10:19:15', NULL),
(1642, 54, 163, '2018-06-27 10:19:15', '2018-06-27 10:19:15', NULL),
(1643, 55, 163, '2018-06-27 10:19:15', '2018-06-27 10:19:15', NULL),
(1644, 56, 163, '2018-06-27 10:19:15', '2018-06-27 10:19:15', NULL),
(1645, 57, 163, '2018-06-27 10:19:15', '2018-06-27 10:19:15', NULL),
(1646, 58, 163, '2018-06-27 10:19:15', '2018-06-27 10:19:15', NULL),
(1647, 59, 163, '2018-06-27 10:19:15', '2018-06-27 10:19:15', NULL),
(1648, 60, 163, '2018-06-27 10:19:15', '2018-06-27 10:19:15', NULL),
(1649, 61, 163, '2018-06-27 10:19:15', '2018-06-27 10:19:15', NULL),
(1650, 62, 163, '2018-06-27 10:19:15', '2018-06-27 10:19:15', NULL),
(1651, 63, 163, '2018-06-27 10:19:15', '2018-06-27 10:19:15', NULL),
(1652, 64, 163, '2018-06-27 10:19:15', '2018-06-27 10:19:15', NULL),
(1653, 65, 163, '2018-06-27 10:19:15', '2018-06-27 10:19:15', NULL),
(1654, 66, 163, '2018-06-27 10:19:15', '2018-06-27 10:19:15', NULL),
(1655, 67, 163, '2018-06-27 10:19:15', '2018-06-27 10:19:15', NULL),
(1656, 68, 163, '2018-06-27 10:19:15', '2018-06-27 10:19:15', NULL),
(1657, 69, 163, '2018-06-27 10:19:16', '2018-06-27 10:19:16', NULL),
(1658, 70, 163, '2018-06-27 10:19:16', '2018-06-27 10:19:16', NULL),
(1659, 71, 163, '2018-06-27 10:19:16', '2018-06-27 10:19:16', NULL),
(1660, 72, 163, '2018-06-27 10:19:16', '2018-06-27 10:19:16', NULL),
(1661, 73, 163, '2018-06-27 10:19:16', '2018-06-27 10:19:16', NULL),
(1662, 74, 163, '2018-06-27 10:19:16', '2018-06-27 10:19:16', NULL),
(1663, 75, 163, '2018-06-27 10:19:16', '2018-06-27 10:19:16', NULL),
(1664, 76, 163, '2018-06-27 10:19:16', '2018-06-27 10:19:16', NULL),
(1665, 77, 163, '2018-06-27 10:19:16', '2018-06-27 10:19:16', NULL),
(1666, 78, 163, '2018-06-27 10:19:16', '2018-06-27 10:19:16', NULL),
(1667, 79, 163, '2018-06-27 10:19:16', '2018-06-27 10:19:16', NULL),
(1668, 80, 163, '2018-06-27 10:19:16', '2018-06-27 10:19:16', NULL),
(1669, 81, 163, '2018-06-27 10:19:16', '2018-06-27 10:19:16', NULL),
(1670, 82, 163, '2018-06-27 10:19:16', '2018-06-27 10:19:16', NULL),
(1671, 83, 163, '2018-06-27 10:19:16', '2018-06-27 10:19:16', NULL),
(1672, 84, 163, '2018-06-27 10:19:16', '2018-06-27 10:19:16', NULL),
(1673, 85, 163, '2018-06-27 10:19:16', '2018-06-27 10:19:16', NULL),
(1674, 86, 163, '2018-06-27 10:19:16', '2018-06-27 10:19:16', NULL),
(1675, 87, 163, '2018-06-27 10:19:16', '2018-06-27 10:19:16', NULL),
(1676, 88, 163, '2018-06-27 10:19:16', '2018-06-27 10:19:16', NULL),
(1677, 89, 163, '2018-06-27 10:19:16', '2018-06-27 10:19:16', NULL),
(1678, 90, 163, '2018-06-27 10:19:16', '2018-06-27 10:19:16', NULL),
(1679, 91, 163, '2018-06-27 10:19:16', '2018-06-27 10:19:16', NULL),
(1680, 92, 163, '2018-06-27 10:19:16', '2018-06-27 10:19:16', NULL),
(1681, 93, 163, '2018-06-27 10:19:16', '2018-06-27 10:19:16', NULL),
(1682, 94, 163, '2018-06-27 10:19:16', '2018-06-27 10:19:16', NULL),
(1683, 95, 163, '2018-06-27 10:19:16', '2018-06-27 10:19:16', NULL),
(1684, 96, 163, '2018-06-27 10:19:16', '2018-06-27 10:19:16', NULL),
(1685, 97, 163, '2018-06-27 10:19:16', '2018-06-27 10:19:16', NULL),
(1686, 98, 163, '2018-06-27 10:19:16', '2018-06-27 10:19:16', NULL),
(1687, 99, 163, '2018-06-27 10:19:16', '2018-06-27 10:19:16', NULL),
(1688, 100, 163, '2018-06-27 10:19:16', '2018-06-27 10:19:16', NULL),
(1689, 101, 163, '2018-06-27 10:19:16', '2018-06-27 10:19:16', NULL),
(1690, 102, 163, '2018-06-27 10:19:16', '2018-06-27 10:19:16', NULL),
(1691, 103, 163, '2018-06-27 10:19:16', '2018-06-27 10:19:16', NULL),
(1692, 104, 163, '2018-06-27 10:19:16', '2018-06-27 10:19:16', NULL),
(1693, 105, 163, '2018-06-27 10:19:16', '2018-06-27 10:19:16', NULL),
(1694, 106, 163, '2018-06-27 10:19:16', '2018-06-27 10:19:16', NULL),
(1695, 107, 163, '2018-06-27 10:19:16', '2018-06-27 10:19:16', NULL),
(1696, 108, 163, '2018-06-27 10:19:16', '2018-06-27 10:19:16', NULL),
(1697, 109, 163, '2018-06-27 10:19:16', '2018-06-27 10:19:16', NULL),
(1698, 110, 163, '2018-06-27 10:19:16', '2018-06-27 10:19:16', NULL),
(1699, 111, 163, '2018-06-27 10:19:16', '2018-06-27 10:19:16', NULL),
(1700, 112, 163, '2018-06-27 10:19:16', '2018-06-27 10:19:16', NULL),
(1701, 113, 163, '2018-06-27 10:19:16', '2018-06-27 10:19:16', NULL),
(1702, 114, 163, '2018-06-27 10:19:16', '2018-06-27 10:19:16', NULL),
(1703, 115, 163, '2018-06-27 10:19:16', '2018-06-27 10:19:16', NULL),
(1704, 116, 163, '2018-06-27 10:19:16', '2018-06-27 10:19:16', NULL),
(1705, 117, 163, '2018-06-27 10:19:16', '2018-06-27 10:19:16', NULL),
(1706, 118, 163, '2018-06-27 10:19:16', '2018-06-27 10:19:16', NULL),
(1707, 119, 163, '2018-06-27 10:19:16', '2018-06-27 10:19:16', NULL),
(1708, 120, 163, '2018-06-27 10:19:16', '2018-06-27 10:19:16', NULL),
(1709, 121, 163, '2018-06-27 10:19:16', '2018-06-27 10:19:16', NULL),
(1710, 122, 163, '2018-06-27 10:19:16', '2018-06-27 10:19:16', NULL),
(1711, 123, 163, '2018-06-27 10:19:16', '2018-06-27 10:19:16', NULL),
(1712, 124, 163, '2018-06-27 10:19:16', '2018-06-27 10:19:16', NULL),
(1713, 125, 163, '2018-06-27 10:19:16', '2018-06-27 10:19:16', NULL),
(1714, 126, 163, '2018-06-27 10:19:16', '2018-06-27 10:19:16', NULL),
(1715, 127, 163, '2018-06-27 10:19:16', '2018-06-27 10:19:16', NULL),
(1716, 128, 163, '2018-06-27 10:19:16', '2018-06-27 10:19:16', NULL),
(1717, 129, 163, '2018-06-27 10:19:16', '2018-06-27 10:19:16', NULL),
(1718, 130, 163, '2018-06-27 10:19:16', '2018-06-27 10:19:16', NULL),
(1719, 131, 163, '2018-06-27 10:19:16', '2018-06-27 10:19:16', NULL),
(1720, 132, 163, '2018-06-27 10:19:16', '2018-06-27 10:19:16', NULL),
(1721, 133, 163, '2018-06-27 10:19:16', '2018-06-27 10:19:16', NULL),
(1722, 134, 163, '2018-06-27 10:19:16', '2018-06-27 10:19:16', NULL),
(1723, 135, 163, '2018-06-27 10:19:16', '2018-06-27 10:19:16', NULL),
(1724, 136, 163, '2018-06-27 10:19:16', '2018-06-27 10:19:16', NULL),
(1725, 137, 163, '2018-06-27 10:19:16', '2018-06-27 10:19:16', NULL),
(1726, 138, 163, '2018-06-27 10:19:16', '2018-06-27 10:19:16', NULL),
(1727, 139, 163, '2018-06-27 10:19:16', '2018-06-27 10:19:16', NULL),
(1728, 140, 163, '2018-06-27 10:19:16', '2018-06-27 10:19:16', NULL),
(1729, 141, 163, '2018-06-27 10:19:16', '2018-06-27 10:19:16', NULL),
(1730, 142, 163, '2018-06-27 10:19:16', '2018-06-27 10:19:16', NULL),
(1731, 143, 163, '2018-06-27 10:19:16', '2018-06-27 10:19:16', NULL),
(1732, 144, 163, '2018-06-27 10:19:16', '2018-06-27 10:19:16', NULL),
(1733, 145, 163, '2018-06-27 10:19:16', '2018-06-27 10:19:16', NULL),
(1734, 146, 163, '2018-06-27 10:19:16', '2018-06-27 10:19:16', NULL),
(1735, 147, 163, '2018-06-27 10:19:16', '2018-06-27 10:19:16', NULL),
(1736, 148, 163, '2018-06-27 10:19:16', '2018-06-27 10:19:16', NULL),
(1737, 149, 163, '2018-06-27 10:19:16', '2018-06-27 10:19:16', NULL),
(1738, 150, 163, '2018-06-27 10:19:16', '2018-06-27 10:19:16', NULL),
(1739, 151, 163, '2018-06-27 10:19:16', '2018-06-27 10:19:16', NULL),
(1740, 152, 163, '2018-06-27 10:19:16', '2018-06-27 10:19:16', NULL),
(1741, 153, 163, '2018-06-27 10:19:16', '2018-06-27 10:19:16', NULL),
(1742, 154, 163, '2018-06-27 10:19:16', '2018-06-27 10:19:16', NULL),
(1743, 155, 163, '2018-06-27 10:19:16', '2018-06-27 10:19:16', NULL),
(1744, 156, 163, '2018-06-27 10:19:16', '2018-06-27 10:19:16', NULL),
(1745, 157, 163, '2018-06-27 10:19:16', '2018-06-27 10:19:16', NULL),
(1746, 158, 163, '2018-06-27 10:19:16', '2018-06-27 10:19:16', NULL),
(1747, 159, 163, '2018-06-27 10:19:16', '2018-06-27 10:19:16', NULL),
(1748, 160, 163, '2018-06-27 10:19:16', '2018-06-27 10:19:16', NULL),
(1749, 161, 163, '2018-06-27 10:19:16', '2018-06-27 10:19:16', NULL),
(1750, 162, 163, '2018-06-27 10:19:16', '2018-06-27 10:19:16', NULL),
(1751, 163, 163, '2018-06-27 10:19:16', '2018-06-27 10:19:16', NULL),
(1752, 164, 163, '2018-06-27 10:19:16', '2018-06-27 10:19:16', NULL),
(1753, 165, 163, '2018-06-27 10:19:16', '2018-06-27 10:19:16', NULL),
(1754, 166, 163, '2018-06-27 10:19:16', '2018-06-27 10:19:16', NULL),
(1755, 167, 163, '2018-06-27 10:19:16', '2018-06-27 10:19:16', NULL),
(1756, 168, 163, '2018-06-27 10:19:16', '2018-06-27 10:19:16', NULL),
(1757, 169, 163, '2018-06-27 10:19:16', '2018-06-27 10:19:16', NULL),
(1758, 170, 163, '2018-06-27 10:19:16', '2018-06-27 10:19:16', NULL),
(1759, 171, 163, '2018-06-27 10:19:16', '2018-06-27 10:19:16', NULL),
(1760, 172, 163, '2018-06-27 10:19:16', '2018-06-27 10:19:16', NULL),
(1761, 173, 163, '2018-06-27 10:19:16', '2018-06-27 10:19:16', NULL),
(1762, 174, 163, '2018-06-27 10:19:16', '2018-06-27 10:19:16', NULL),
(1763, 175, 163, '2018-06-27 10:19:16', '2018-06-27 10:19:16', NULL),
(1764, 176, 163, '2018-06-27 10:19:16', '2018-06-27 10:19:16', NULL),
(1765, 177, 163, '2018-06-27 10:19:16', '2018-06-27 10:19:16', NULL),
(1766, 178, 163, '2018-06-27 10:19:16', '2018-06-27 10:19:16', NULL),
(1767, 179, 163, '2018-06-27 10:19:16', '2018-06-27 10:19:16', NULL),
(1768, 180, 163, '2018-06-27 10:19:16', '2018-06-27 10:19:16', NULL),
(1769, 181, 163, '2018-06-27 10:19:16', '2018-06-27 10:19:16', NULL),
(1770, 182, 163, '2018-06-27 10:19:16', '2018-06-27 10:19:16', NULL),
(1771, 183, 163, '2018-06-27 10:19:16', '2018-06-27 10:19:16', NULL),
(1772, 184, 163, '2018-06-27 10:19:16', '2018-06-27 10:19:16', NULL),
(1773, 185, 163, '2018-06-27 10:19:16', '2018-06-27 10:19:16', NULL),
(1774, 186, 163, '2018-06-27 10:19:16', '2018-06-27 10:19:16', NULL),
(1775, 187, 163, '2018-06-27 10:19:16', '2018-06-27 10:19:16', NULL),
(1776, 188, 163, '2018-06-27 10:19:16', '2018-06-27 10:19:16', NULL),
(1777, 189, 163, '2018-06-27 10:19:16', '2018-06-27 10:19:16', NULL),
(1778, 190, 163, '2018-06-27 10:19:16', '2018-06-27 10:19:16', NULL),
(1779, 191, 163, '2018-06-27 10:19:16', '2018-06-27 10:19:16', NULL),
(1780, 192, 163, '2018-06-27 10:19:16', '2018-06-27 10:19:16', NULL),
(1781, 193, 163, '2018-06-27 10:19:16', '2018-06-27 10:19:16', NULL),
(1782, 194, 163, '2018-06-27 10:19:16', '2018-06-27 10:19:16', NULL),
(1783, 195, 163, '2018-06-27 10:19:17', '2018-06-27 10:19:17', NULL),
(1784, 196, 163, '2018-06-27 10:19:17', '2018-06-27 10:19:17', NULL),
(1785, 197, 163, '2018-06-27 10:19:17', '2018-06-27 10:19:17', NULL),
(1786, 198, 163, '2018-06-27 10:19:17', '2018-06-27 10:19:17', NULL),
(1787, 199, 163, '2018-06-27 10:19:17', '2018-06-27 10:19:17', NULL),
(1788, 200, 163, '2018-06-27 10:19:17', '2018-06-27 10:19:17', NULL),
(1789, 201, 163, '2018-06-27 10:19:17', '2018-06-27 10:19:17', NULL),
(1790, 202, 163, '2018-06-27 10:19:17', '2018-06-27 10:19:17', NULL),
(1791, 203, 163, '2018-06-27 10:19:17', '2018-06-27 10:19:17', NULL),
(1792, 204, 163, '2018-06-27 10:19:17', '2018-06-27 10:19:17', NULL),
(1793, 205, 163, '2018-06-27 10:19:17', '2018-06-27 10:19:17', NULL),
(1794, 206, 163, '2018-06-27 10:19:17', '2018-06-27 10:19:17', NULL),
(1795, 207, 163, '2018-06-27 10:19:17', '2018-06-27 10:19:17', NULL),
(1796, 208, 163, '2018-06-27 10:19:17', '2018-06-27 10:19:17', NULL),
(1797, 209, 163, '2018-06-27 10:19:17', '2018-06-27 10:19:17', NULL),
(1798, 210, 163, '2018-06-27 10:19:17', '2018-06-27 10:19:17', NULL),
(1799, 211, 163, '2018-06-27 10:19:17', '2018-06-27 10:19:17', NULL),
(1800, 212, 163, '2018-06-27 10:19:17', '2018-06-27 10:19:17', NULL),
(1801, 213, 163, '2018-06-27 10:19:17', '2018-06-27 10:19:17', NULL),
(1802, 214, 163, '2018-06-27 10:19:17', '2018-06-27 10:19:17', NULL),
(1803, 215, 163, '2018-06-27 10:19:17', '2018-06-27 10:19:17', NULL),
(1804, 216, 163, '2018-06-27 10:19:17', '2018-06-27 10:19:17', NULL),
(1805, 217, 163, '2018-06-27 10:19:17', '2018-06-27 10:19:17', NULL),
(1806, 218, 163, '2018-06-27 10:19:17', '2018-06-27 10:19:17', NULL),
(1807, 219, 163, '2018-06-27 10:19:17', '2018-06-27 10:19:17', NULL),
(1808, 220, 163, '2018-06-27 10:19:17', '2018-06-27 10:19:17', NULL),
(1809, 221, 163, '2018-06-27 10:19:17', '2018-06-27 10:19:17', NULL),
(1810, 222, 163, '2018-06-27 10:19:17', '2018-06-27 10:19:17', NULL),
(1811, 223, 163, '2018-06-27 10:19:17', '2018-06-27 10:19:17', NULL),
(1812, 224, 163, '2018-06-27 10:19:17', '2018-06-27 10:19:17', NULL),
(1813, 225, 163, '2018-06-27 10:19:17', '2018-06-27 10:19:17', NULL),
(1814, 226, 163, '2018-06-27 10:19:17', '2018-06-27 10:19:17', NULL),
(1815, 227, 163, '2018-06-27 10:19:17', '2018-06-27 10:19:17', NULL),
(1816, 228, 163, '2018-06-27 10:19:17', '2018-06-27 10:19:17', NULL),
(1817, 229, 163, '2018-06-27 10:19:17', '2018-06-27 10:19:17', NULL),
(1818, 230, 163, '2018-06-27 10:19:17', '2018-06-27 10:19:17', NULL),
(1819, 231, 163, '2018-06-27 10:19:17', '2018-06-27 10:19:17', NULL),
(1820, 232, 163, '2018-06-27 10:19:17', '2018-06-27 10:19:17', NULL),
(1821, 233, 163, '2018-06-27 10:19:17', '2018-06-27 10:19:17', NULL),
(1822, 234, 163, '2018-06-27 10:19:17', '2018-06-27 10:19:17', NULL),
(1823, 235, 163, '2018-06-27 10:19:17', '2018-06-27 10:19:17', NULL),
(1824, 236, 163, '2018-06-27 10:19:17', '2018-06-27 10:19:17', NULL),
(1825, 237, 163, '2018-06-27 10:19:17', '2018-06-27 10:19:17', NULL),
(1826, 238, 163, '2018-06-27 10:19:17', '2018-06-27 10:19:17', NULL),
(1827, 239, 163, '2018-06-27 10:19:17', '2018-06-27 10:19:17', NULL),
(1828, 240, 163, '2018-06-27 10:19:17', '2018-06-27 10:19:17', NULL),
(1829, 241, 163, '2018-06-27 10:19:17', '2018-06-27 10:19:17', NULL),
(1830, 242, 163, '2018-06-27 10:19:17', '2018-06-27 10:19:17', NULL),
(1831, 243, 163, '2018-06-27 10:19:17', '2018-06-27 10:19:17', NULL),
(1832, 244, 163, '2018-06-27 10:19:17', '2018-06-27 10:19:17', NULL),
(1833, 245, 163, '2018-06-27 10:19:17', '2018-06-27 10:19:17', NULL),
(1834, 246, 163, '2018-06-27 10:19:17', '2018-06-27 10:19:17', NULL),
(1835, 247, 163, '2018-06-27 10:19:17', '2018-06-27 10:19:17', NULL),
(1836, 248, 163, '2018-06-27 10:19:17', '2018-06-27 10:19:17', NULL),
(1837, 249, 163, '2018-06-27 10:19:17', '2018-06-27 10:19:17', NULL),
(1838, 250, 163, '2018-06-27 10:19:17', '2018-06-27 10:19:17', NULL),
(1839, 251, 163, '2018-06-27 10:19:17', '2018-06-27 10:19:17', NULL),
(1840, 252, 163, '2018-06-27 10:19:17', '2018-06-27 10:19:17', NULL),
(1841, 253, 163, '2018-06-27 10:19:17', '2018-06-27 10:19:17', NULL),
(1842, 254, 163, '2018-06-27 10:19:17', '2018-06-27 10:19:17', NULL),
(1843, 255, 163, '2018-06-27 10:19:17', '2018-06-27 10:19:17', NULL),
(1844, 256, 163, '2018-06-27 10:19:17', '2018-06-27 10:19:17', NULL),
(1845, 257, 163, '2018-06-27 10:19:17', '2018-06-27 10:19:17', NULL),
(1846, 258, 163, '2018-06-27 10:19:17', '2018-06-27 10:19:17', NULL),
(1847, 259, 163, '2018-06-27 10:19:17', '2018-06-27 10:19:17', NULL),
(1848, 260, 163, '2018-06-27 10:19:17', '2018-06-27 10:19:17', NULL),
(1849, 261, 163, '2018-06-27 10:19:17', '2018-06-27 10:19:17', NULL),
(1850, 262, 163, '2018-06-27 10:19:17', '2018-06-27 10:19:17', NULL),
(1851, 263, 163, '2018-06-27 10:19:17', '2018-06-27 10:19:17', NULL),
(1852, 264, 163, '2018-06-27 10:19:17', '2018-06-27 10:19:17', NULL),
(1853, 265, 163, '2018-06-27 10:19:17', '2018-06-27 10:19:17', NULL),
(1854, 266, 163, '2018-06-27 10:19:17', '2018-06-27 10:19:17', NULL),
(1855, 267, 163, '2018-06-27 10:19:17', '2018-06-27 10:19:17', NULL),
(1856, 268, 163, '2018-06-27 10:19:17', '2018-06-27 10:19:17', NULL),
(1857, 269, 163, '2018-06-27 10:19:17', '2018-06-27 10:19:17', NULL),
(1858, 270, 163, '2018-06-27 10:19:17', '2018-06-27 10:19:17', NULL),
(1859, 271, 163, '2018-06-27 10:19:17', '2018-06-27 10:19:17', NULL),
(1860, 272, 163, '2018-06-27 10:19:17', '2018-06-27 10:19:17', NULL),
(1861, 273, 163, '2018-06-27 10:19:17', '2018-06-27 10:19:17', NULL),
(1862, 274, 163, '2018-06-27 10:19:17', '2018-06-27 10:19:17', NULL),
(1863, 275, 163, '2018-06-27 10:19:17', '2018-06-27 10:19:17', NULL),
(1864, 276, 163, '2018-06-27 10:19:17', '2018-06-27 10:19:17', NULL),
(1865, 277, 163, '2018-06-27 10:19:17', '2018-06-27 10:19:17', NULL),
(1866, 278, 163, '2018-06-27 10:19:17', '2018-06-27 10:19:17', NULL),
(1867, 279, 163, '2018-06-27 10:19:17', '2018-06-27 10:19:17', NULL),
(1868, 280, 163, '2018-06-27 10:19:17', '2018-06-27 10:19:17', NULL),
(1869, 281, 163, '2018-06-27 10:19:17', '2018-06-27 10:19:17', NULL),
(1870, 282, 163, '2018-06-27 10:19:17', '2018-06-27 10:19:17', NULL),
(1871, 283, 163, '2018-06-27 10:19:17', '2018-06-27 10:19:17', NULL),
(1872, 284, 163, '2018-06-27 10:19:17', '2018-06-27 10:19:17', NULL),
(1873, 285, 163, '2018-06-27 10:19:17', '2018-06-27 10:19:17', NULL),
(1874, 286, 163, '2018-06-27 10:19:17', '2018-06-27 10:19:17', NULL),
(1875, 287, 163, '2018-06-27 10:19:17', '2018-06-27 10:19:17', NULL),
(1876, 288, 163, '2018-06-27 10:19:17', '2018-06-27 10:19:17', NULL),
(1877, 289, 163, '2018-06-27 10:19:17', '2018-06-27 10:19:17', NULL),
(1878, 290, 163, '2018-06-27 10:19:17', '2018-06-27 10:19:17', NULL),
(1879, 291, 163, '2018-06-27 10:19:17', '2018-06-27 10:19:17', NULL),
(1880, 292, 163, '2018-06-27 10:19:17', '2018-06-27 10:19:17', NULL),
(1881, 293, 163, '2018-06-27 10:19:17', '2018-06-27 10:19:17', NULL),
(1882, 294, 163, '2018-06-27 10:19:17', '2018-06-27 10:19:17', NULL),
(1883, 295, 163, '2018-06-27 10:19:17', '2018-06-27 10:19:17', NULL),
(1884, 296, 163, '2018-06-27 10:19:17', '2018-06-27 10:19:17', NULL),
(1885, 297, 163, '2018-06-27 10:19:17', '2018-06-27 10:19:17', NULL),
(1886, 298, 163, '2018-06-27 10:19:17', '2018-06-27 10:19:17', NULL),
(1887, 299, 163, '2018-06-27 10:19:17', '2018-06-27 10:19:17', NULL),
(1888, 300, 163, '2018-06-27 10:19:17', '2018-06-27 10:19:17', NULL),
(1889, 301, 163, '2018-06-27 10:19:17', '2018-06-27 10:19:17', NULL),
(1890, 302, 163, '2018-06-27 10:19:17', '2018-06-27 10:19:17', NULL),
(1891, 303, 163, '2018-06-27 10:19:17', '2018-06-27 10:19:17', NULL),
(1892, 304, 163, '2018-06-27 10:19:17', '2018-06-27 10:19:17', NULL),
(1893, 305, 163, '2018-06-27 10:19:17', '2018-06-27 10:19:17', NULL),
(1894, 306, 163, '2018-06-27 10:19:17', '2018-06-27 10:19:17', NULL),
(1895, 307, 163, '2018-06-27 10:19:17', '2018-06-27 10:19:17', NULL),
(1896, 308, 163, '2018-06-27 10:19:17', '2018-06-27 10:19:17', NULL),
(1897, 309, 163, '2018-06-27 10:19:17', '2018-06-27 10:19:17', NULL),
(1898, 310, 163, '2018-06-27 10:19:17', '2018-06-27 10:19:17', NULL),
(1899, 311, 163, '2018-06-27 10:19:17', '2018-06-27 10:19:17', NULL),
(1900, 312, 163, '2018-06-27 10:19:17', '2018-06-27 10:19:17', NULL),
(1901, 313, 163, '2018-06-27 10:19:17', '2018-06-27 10:19:17', NULL),
(1902, 314, 163, '2018-06-27 10:19:17', '2018-06-27 10:19:17', NULL),
(1903, 315, 163, '2018-06-27 10:19:17', '2018-06-27 10:19:17', NULL),
(1904, 316, 163, '2018-06-27 10:19:17', '2018-06-27 10:19:17', NULL),
(1905, 317, 163, '2018-06-27 10:19:17', '2018-06-27 10:19:17', NULL),
(1906, 318, 163, '2018-06-27 10:19:17', '2018-06-27 10:19:17', NULL),
(1907, 319, 163, '2018-06-27 10:19:17', '2018-06-27 10:19:17', NULL),
(1908, 320, 163, '2018-06-27 10:19:17', '2018-06-27 10:19:17', NULL),
(1909, 321, 163, '2018-06-27 10:19:17', '2018-06-27 10:19:17', NULL),
(1910, 322, 163, '2018-06-27 10:19:18', '2018-06-27 10:19:18', NULL),
(1911, 323, 163, '2018-06-27 10:19:18', '2018-06-27 10:19:18', NULL),
(1912, 324, 163, '2018-06-27 10:19:18', '2018-06-27 10:19:18', NULL),
(1913, 325, 163, '2018-06-27 10:19:18', '2018-06-27 10:19:18', NULL),
(1914, 326, 163, '2018-06-27 10:19:18', '2018-06-27 10:19:18', NULL),
(1915, 327, 163, '2018-06-27 10:19:18', '2018-06-27 10:19:18', NULL),
(1916, 328, 163, '2018-06-27 10:19:18', '2018-06-27 10:19:18', NULL),
(1917, 329, 163, '2018-06-27 10:19:18', '2018-06-27 10:19:18', NULL),
(1918, 330, 163, '2018-06-27 10:19:18', '2018-06-27 10:19:18', NULL),
(1919, 331, 163, '2018-06-27 10:19:18', '2018-06-27 10:19:18', NULL),
(1920, 332, 163, '2018-06-27 10:19:18', '2018-06-27 10:19:18', NULL),
(1921, 333, 163, '2018-06-27 10:19:18', '2018-06-27 10:19:18', NULL),
(1922, 334, 163, '2018-06-27 10:19:18', '2018-06-27 10:19:18', NULL),
(1923, 335, 163, '2018-06-27 10:19:18', '2018-06-27 10:19:18', NULL),
(1924, 336, 163, '2018-06-27 10:19:18', '2018-06-27 10:19:18', NULL),
(1925, 337, 163, '2018-06-27 10:19:18', '2018-06-27 10:19:18', NULL),
(1926, 338, 163, '2018-06-27 10:19:18', '2018-06-27 10:19:18', NULL),
(1927, 339, 163, '2018-06-27 10:19:18', '2018-06-27 10:19:18', NULL),
(1928, 340, 163, '2018-06-27 10:19:18', '2018-06-27 10:19:18', NULL),
(1929, 341, 163, '2018-06-27 10:19:18', '2018-06-27 10:19:18', NULL),
(1930, 342, 163, '2018-06-27 10:19:18', '2018-06-27 10:19:18', NULL),
(1931, 343, 163, '2018-06-27 10:19:18', '2018-06-27 10:19:18', NULL),
(1932, 344, 163, '2018-06-27 10:19:18', '2018-06-27 10:19:18', NULL),
(1933, 345, 163, '2018-06-27 10:19:18', '2018-06-27 10:19:18', NULL),
(1934, 346, 163, '2018-06-27 10:19:18', '2018-06-27 10:19:18', NULL),
(1935, 347, 163, '2018-06-27 10:19:18', '2018-06-27 10:19:18', NULL),
(1936, 348, 163, '2018-06-27 10:19:18', '2018-06-27 10:19:18', NULL),
(1937, 349, 163, '2018-06-27 10:19:18', '2018-06-27 10:19:18', NULL),
(1938, 350, 163, '2018-06-27 10:19:18', '2018-06-27 10:19:18', NULL),
(1939, 351, 163, '2018-06-27 10:19:18', '2018-06-27 10:19:18', NULL),
(1940, 352, 163, '2018-06-27 10:19:18', '2018-06-27 10:19:18', NULL),
(1941, 353, 163, '2018-06-27 10:19:18', '2018-06-27 10:19:18', NULL),
(1942, 354, 163, '2018-06-27 10:19:18', '2018-06-27 10:19:18', NULL),
(1943, 355, 163, '2018-06-27 10:19:18', '2018-06-27 10:19:18', NULL),
(1944, 356, 163, '2018-06-27 10:19:18', '2018-06-27 10:19:18', NULL),
(1945, 357, 163, '2018-06-27 10:19:18', '2018-06-27 10:19:18', NULL),
(1946, 358, 163, '2018-06-27 10:19:18', '2018-06-27 10:19:18', NULL),
(1947, 359, 163, '2018-06-27 10:19:18', '2018-06-27 10:19:18', NULL),
(1948, 360, 163, '2018-06-27 10:19:18', '2018-06-27 10:19:18', NULL),
(1949, 361, 163, '2018-06-27 10:19:18', '2018-06-27 10:19:18', NULL),
(1950, 362, 163, '2018-06-27 10:19:18', '2018-06-27 10:19:18', NULL),
(1951, 363, 163, '2018-06-27 10:19:18', '2018-06-27 10:19:18', NULL),
(1952, 364, 163, '2018-06-27 10:19:18', '2018-06-27 10:19:18', NULL),
(1953, 365, 163, '2018-06-27 10:19:18', '2018-06-27 10:19:18', NULL),
(1954, 366, 163, '2018-06-27 10:19:18', '2018-06-27 10:19:18', NULL),
(1955, 367, 163, '2018-06-27 10:19:18', '2018-06-27 10:19:18', NULL),
(1956, 368, 163, '2018-06-27 10:19:18', '2018-06-27 10:19:18', NULL),
(1957, 369, 163, '2018-06-27 10:19:18', '2018-06-27 10:19:18', NULL),
(1958, 370, 163, '2018-06-27 10:19:18', '2018-06-27 10:19:18', NULL),
(1959, 371, 163, '2018-06-27 10:19:18', '2018-06-27 10:19:18', NULL),
(1960, 372, 163, '2018-06-27 10:19:18', '2018-06-27 10:19:18', NULL),
(1961, 373, 163, '2018-06-27 10:19:18', '2018-06-27 10:19:18', NULL),
(1962, 374, 163, '2018-06-27 10:19:18', '2018-06-27 10:19:18', NULL),
(1963, 375, 163, '2018-06-27 10:19:18', '2018-06-27 10:19:18', NULL),
(1964, 376, 163, '2018-06-27 10:19:18', '2018-06-27 10:19:18', NULL),
(1965, 377, 163, '2018-06-27 10:19:18', '2018-06-27 10:19:18', NULL),
(1966, 378, 163, '2018-06-27 10:19:18', '2018-06-27 10:19:18', NULL),
(1967, 379, 163, '2018-06-27 10:19:18', '2018-06-27 10:19:18', NULL),
(1968, 380, 163, '2018-06-27 10:19:18', '2018-06-27 10:19:18', NULL),
(1969, 381, 163, '2018-06-27 10:19:18', '2018-06-27 10:19:18', NULL),
(1970, 382, 163, '2018-06-27 10:19:18', '2018-06-27 10:19:18', NULL),
(1971, 383, 163, '2018-06-27 10:19:18', '2018-06-27 10:19:18', NULL),
(1972, 384, 163, '2018-06-27 10:19:18', '2018-06-27 10:19:18', NULL),
(1973, 385, 163, '2018-06-27 10:19:18', '2018-06-27 10:19:18', NULL),
(1974, 386, 163, '2018-06-27 10:19:18', '2018-06-27 10:19:18', NULL),
(1975, 387, 163, '2018-06-27 10:19:18', '2018-06-27 10:19:18', NULL),
(1976, 388, 163, '2018-06-27 10:19:18', '2018-06-27 10:19:18', NULL),
(1977, 389, 163, '2018-06-27 10:19:18', '2018-06-27 10:19:18', NULL),
(1978, 390, 163, '2018-06-27 10:19:18', '2018-06-27 10:19:18', NULL),
(1979, 391, 163, '2018-06-27 10:19:18', '2018-06-27 10:19:18', NULL),
(1980, 392, 163, '2018-06-27 10:19:18', '2018-06-27 10:19:18', NULL),
(1981, 393, 163, '2018-06-27 10:19:18', '2018-06-27 10:19:18', NULL),
(1982, 394, 163, '2018-06-27 10:19:18', '2018-06-27 10:19:18', NULL),
(1983, 395, 163, '2018-06-27 10:19:18', '2018-06-27 10:19:18', NULL),
(1984, 396, 163, '2018-06-27 10:19:18', '2018-06-27 10:19:18', NULL),
(1985, 397, 163, '2018-06-27 10:19:18', '2018-06-27 10:19:18', NULL),
(1986, 398, 163, '2018-06-27 10:19:18', '2018-06-27 10:19:18', NULL),
(1987, 399, 163, '2018-06-27 10:19:18', '2018-06-27 10:19:18', NULL),
(1988, 400, 163, '2018-06-27 10:19:18', '2018-06-27 10:19:18', NULL),
(1989, 401, 163, '2018-06-27 10:19:18', '2018-06-27 10:19:18', NULL),
(1990, 402, 163, '2018-06-27 10:19:18', '2018-06-27 10:19:18', NULL),
(1991, 403, 163, '2018-06-27 10:19:18', '2018-06-27 10:19:18', NULL),
(1992, 404, 163, '2018-06-27 10:19:18', '2018-06-27 10:19:18', NULL),
(1993, 405, 163, '2018-06-27 10:19:18', '2018-06-27 10:19:18', NULL),
(1994, 406, 163, '2018-06-27 10:19:18', '2018-06-27 10:19:18', NULL),
(1995, 407, 163, '2018-06-27 10:19:18', '2018-06-27 10:19:18', NULL),
(1996, 408, 163, '2018-06-27 10:19:18', '2018-06-27 10:19:18', NULL),
(1997, 409, 163, '2018-06-27 10:19:18', '2018-06-27 10:19:18', NULL),
(1998, 410, 163, '2018-06-27 10:19:18', '2018-06-27 10:19:18', NULL),
(1999, 411, 163, '2018-06-27 10:19:18', '2018-06-27 10:19:18', NULL),
(2000, 412, 163, '2018-06-27 10:19:18', '2018-06-27 10:19:18', NULL),
(2001, 413, 163, '2018-06-27 10:19:18', '2018-06-27 10:19:18', NULL),
(2002, 414, 163, '2018-06-27 10:19:18', '2018-06-27 10:19:18', NULL),
(2003, 415, 163, '2018-06-27 10:19:18', '2018-06-27 10:19:18', NULL),
(2004, 416, 163, '2018-06-27 10:19:18', '2018-06-27 10:19:18', NULL),
(2005, 417, 163, '2018-06-27 10:19:18', '2018-06-27 10:19:18', NULL),
(2006, 418, 163, '2018-06-27 10:19:18', '2018-06-27 10:19:18', NULL),
(2007, 419, 163, '2018-06-27 10:19:18', '2018-06-27 10:19:18', NULL),
(2008, 420, 163, '2018-06-27 10:19:18', '2018-06-27 10:19:18', NULL),
(2009, 421, 163, '2018-06-27 10:19:18', '2018-06-27 10:19:18', NULL),
(2010, 422, 163, '2018-06-27 10:19:18', '2018-06-27 10:19:18', NULL),
(2011, 423, 163, '2018-06-27 10:19:18', '2018-06-27 10:19:18', NULL),
(2012, 424, 163, '2018-06-27 10:19:18', '2018-06-27 10:19:18', NULL),
(2013, 425, 163, '2018-06-27 10:19:18', '2018-06-27 10:19:18', NULL),
(2014, 426, 163, '2018-06-27 10:19:18', '2018-06-27 10:19:18', NULL),
(2015, 427, 163, '2018-06-27 10:19:18', '2018-06-27 10:19:18', NULL),
(2016, 428, 163, '2018-06-27 10:19:18', '2018-06-27 10:19:18', NULL),
(2017, 429, 163, '2018-06-27 10:19:18', '2018-06-27 10:19:18', NULL),
(2018, 430, 163, '2018-06-27 10:19:18', '2018-06-27 10:19:18', NULL),
(2019, 431, 163, '2018-06-27 10:19:18', '2018-06-27 10:19:18', NULL),
(2020, 432, 163, '2018-06-27 10:19:18', '2018-06-27 10:19:18', NULL),
(2021, 433, 163, '2018-06-27 10:19:18', '2018-06-27 10:19:18', NULL),
(2022, 434, 163, '2018-06-27 10:19:18', '2018-06-27 10:19:18', NULL),
(2023, 435, 163, '2018-06-27 10:19:18', '2018-06-27 10:19:18', NULL),
(2024, 436, 163, '2018-06-27 10:19:18', '2018-06-27 10:19:18', NULL),
(2025, 437, 163, '2018-06-27 10:19:18', '2018-06-27 10:19:18', NULL),
(2026, 438, 163, '2018-06-27 10:19:18', '2018-06-27 10:19:18', NULL),
(2027, 439, 163, '2018-06-27 10:19:18', '2018-06-27 10:19:18', NULL),
(2028, 440, 163, '2018-06-27 10:19:18', '2018-06-27 10:19:18', NULL),
(2029, 441, 163, '2018-06-27 10:19:18', '2018-06-27 10:19:18', NULL),
(2030, 442, 163, '2018-06-27 10:19:18', '2018-06-27 10:19:18', NULL),
(2031, 443, 163, '2018-06-27 10:19:18', '2018-06-27 10:19:18', NULL),
(2032, 444, 163, '2018-06-27 10:19:18', '2018-06-27 10:19:18', NULL),
(2033, 445, 163, '2018-06-27 10:19:18', '2018-06-27 10:19:18', NULL),
(2034, 446, 163, '2018-06-27 10:19:19', '2018-06-27 10:19:19', NULL),
(2035, 447, 163, '2018-06-27 10:19:19', '2018-06-27 10:19:19', NULL),
(2036, 448, 163, '2018-06-27 10:19:19', '2018-06-27 10:19:19', NULL),
(2037, 449, 163, '2018-06-27 10:19:19', '2018-06-27 10:19:19', NULL),
(2038, 450, 163, '2018-06-27 10:19:19', '2018-06-27 10:19:19', NULL),
(2039, 451, 163, '2018-06-27 10:19:19', '2018-06-27 10:19:19', NULL),
(2040, 452, 163, '2018-06-27 10:19:19', '2018-06-27 10:19:19', NULL),
(2041, 453, 163, '2018-06-27 10:19:19', '2018-06-27 10:19:19', NULL),
(2042, 454, 163, '2018-06-27 10:19:19', '2018-06-27 10:19:19', NULL),
(2043, 455, 163, '2018-06-27 10:19:19', '2018-06-27 10:19:19', NULL),
(2044, 456, 163, '2018-06-27 10:19:19', '2018-06-27 10:19:19', NULL),
(2045, 457, 163, '2018-06-27 10:19:19', '2018-06-27 10:19:19', NULL),
(2046, 458, 163, '2018-06-27 10:19:19', '2018-06-27 10:19:19', NULL),
(2047, 459, 163, '2018-06-27 10:19:19', '2018-06-27 10:19:19', NULL),
(2048, 460, 163, '2018-06-27 10:19:19', '2018-06-27 10:19:19', NULL),
(2049, 461, 163, '2018-06-27 10:19:19', '2018-06-27 10:19:19', NULL),
(2050, 462, 163, '2018-06-27 10:19:19', '2018-06-27 10:19:19', NULL),
(2051, 463, 163, '2018-06-27 10:19:19', '2018-06-27 10:19:19', NULL),
(2052, 464, 163, '2018-06-27 10:19:19', '2018-06-27 10:19:19', NULL),
(2053, 465, 163, '2018-06-27 10:19:19', '2018-06-27 10:19:19', NULL),
(2054, 466, 163, '2018-06-27 10:19:19', '2018-06-27 10:19:19', NULL),
(2055, 467, 163, '2018-06-27 10:19:19', '2018-06-27 10:19:19', NULL),
(2056, 468, 163, '2018-06-27 10:19:19', '2018-06-27 10:19:19', NULL),
(2057, 469, 163, '2018-06-27 10:19:19', '2018-06-27 10:19:19', NULL),
(2058, 470, 163, '2018-06-27 10:19:19', '2018-06-27 10:19:19', NULL),
(2059, 471, 163, '2018-06-27 10:19:19', '2018-06-27 10:19:19', NULL),
(2060, 472, 163, '2018-06-27 10:19:19', '2018-06-27 10:19:19', NULL),
(2061, 473, 163, '2018-06-27 10:19:19', '2018-06-27 10:19:19', NULL),
(2062, 474, 163, '2018-06-27 10:19:19', '2018-06-27 10:19:19', NULL),
(2063, 475, 163, '2018-06-27 10:19:19', '2018-06-27 10:19:19', NULL),
(2064, 476, 163, '2018-06-27 10:19:19', '2018-06-27 10:19:19', NULL),
(2065, 477, 163, '2018-06-27 10:19:19', '2018-06-27 10:19:19', NULL),
(2066, 478, 163, '2018-06-27 10:19:19', '2018-06-27 10:19:19', NULL),
(2067, 479, 163, '2018-06-27 10:19:19', '2018-06-27 10:19:19', NULL),
(2068, 480, 163, '2018-06-27 10:19:19', '2018-06-27 10:19:19', NULL),
(2069, 481, 163, '2018-06-27 10:19:19', '2018-06-27 10:19:19', NULL),
(2070, 482, 163, '2018-06-27 10:19:19', '2018-06-27 10:19:19', NULL),
(2071, 483, 163, '2018-06-27 10:19:19', '2018-06-27 10:19:19', NULL),
(2072, 484, 163, '2018-06-27 10:19:19', '2018-06-27 10:19:19', NULL),
(2073, 485, 163, '2018-06-27 10:19:19', '2018-06-27 10:19:19', NULL),
(2074, 486, 163, '2018-06-27 10:19:19', '2018-06-27 10:19:19', NULL),
(2075, 487, 163, '2018-06-27 10:19:19', '2018-06-27 10:19:19', NULL),
(2076, 488, 163, '2018-06-27 10:19:19', '2018-06-27 10:19:19', NULL),
(2077, 489, 163, '2018-06-27 10:19:19', '2018-06-27 10:19:19', NULL),
(2078, 490, 163, '2018-06-27 10:19:19', '2018-06-27 10:19:19', NULL),
(2079, 491, 163, '2018-06-27 10:19:19', '2018-06-27 10:19:19', NULL),
(2080, 492, 163, '2018-06-27 10:19:19', '2018-06-27 10:19:19', NULL),
(2081, 493, 163, '2018-06-27 10:19:19', '2018-06-27 10:19:19', NULL),
(2082, 494, 163, '2018-06-27 10:19:19', '2018-06-27 10:19:19', NULL),
(2083, 495, 163, '2018-06-27 10:19:19', '2018-06-27 10:19:19', NULL),
(2084, 496, 163, '2018-06-27 10:19:19', '2018-06-27 10:19:19', NULL),
(2085, 497, 163, '2018-06-27 10:19:19', '2018-06-27 10:19:19', NULL),
(2086, 498, 163, '2018-06-27 10:19:19', '2018-06-27 10:19:19', NULL),
(2087, 499, 163, '2018-06-27 10:19:19', '2018-06-27 10:19:19', NULL),
(2088, 500, 163, '2018-06-27 10:19:19', '2018-06-27 10:19:19', NULL),
(2089, 501, 163, '2018-06-27 10:19:19', '2018-06-27 10:19:19', NULL),
(2090, 502, 163, '2018-06-27 10:19:19', '2018-06-27 10:19:19', NULL),
(2091, 503, 163, '2018-06-27 10:19:19', '2018-06-27 10:19:19', NULL),
(2092, 504, 163, '2018-06-27 10:19:19', '2018-06-27 10:19:19', NULL),
(2093, 505, 163, '2018-06-27 10:19:19', '2018-06-27 10:19:19', NULL),
(2094, 506, 163, '2018-06-27 10:19:19', '2018-06-27 10:19:19', NULL),
(2095, 507, 163, '2018-06-27 10:19:19', '2018-06-27 10:19:19', NULL),
(2096, 508, 163, '2018-06-27 10:19:19', '2018-06-27 10:19:19', NULL),
(2097, 509, 163, '2018-06-27 10:19:19', '2018-06-27 10:19:19', NULL),
(2098, 510, 163, '2018-06-27 10:19:19', '2018-06-27 10:19:19', NULL),
(2099, 511, 163, '2018-06-27 10:19:19', '2018-06-27 10:19:19', NULL),
(2100, 512, 163, '2018-06-27 10:19:19', '2018-06-27 10:19:19', NULL),
(2101, 513, 163, '2018-06-27 10:19:19', '2018-06-27 10:19:19', NULL),
(2102, 514, 163, '2018-06-27 10:19:19', '2018-06-27 10:19:19', NULL),
(2103, 515, 163, '2018-06-27 10:19:19', '2018-06-27 10:19:19', NULL),
(2104, 516, 163, '2018-06-27 10:19:19', '2018-06-27 10:19:19', NULL),
(2105, 517, 163, '2018-06-27 10:19:19', '2018-06-27 10:19:19', NULL),
(2106, 518, 163, '2018-06-27 10:19:19', '2018-06-27 10:19:19', NULL),
(2107, 519, 163, '2018-06-27 10:19:19', '2018-06-27 10:19:19', NULL),
(2108, 520, 163, '2018-06-27 10:19:19', '2018-06-27 10:19:19', NULL),
(2109, 521, 163, '2018-06-27 10:19:19', '2018-06-27 10:19:19', NULL),
(2110, 522, 163, '2018-06-27 10:19:19', '2018-06-27 10:19:19', NULL),
(2111, 523, 163, '2018-06-27 10:19:19', '2018-06-27 10:19:19', NULL),
(2112, 524, 163, '2018-06-27 10:19:19', '2018-06-27 10:19:19', NULL),
(2113, 525, 163, '2018-06-27 10:19:19', '2018-06-27 10:19:19', NULL),
(2114, 526, 163, '2018-06-27 10:19:19', '2018-06-27 10:19:19', NULL),
(2115, 527, 163, '2018-06-27 10:19:19', '2018-06-27 10:19:19', NULL),
(2116, 528, 163, '2018-06-27 10:19:19', '2018-06-27 10:19:19', NULL),
(2117, 529, 163, '2018-06-27 10:19:19', '2018-06-27 10:19:19', NULL),
(2118, 530, 163, '2018-06-27 10:19:19', '2018-06-27 10:19:19', NULL),
(2119, 531, 163, '2018-06-27 10:19:19', '2018-06-27 10:19:19', NULL),
(2120, 532, 163, '2018-06-27 10:19:19', '2018-06-27 10:19:19', NULL),
(2121, 533, 163, '2018-06-27 10:19:19', '2018-06-27 10:19:19', NULL),
(2122, 534, 163, '2018-06-27 10:19:19', '2018-06-27 10:19:19', NULL),
(2123, 535, 163, '2018-06-27 10:19:19', '2018-06-27 10:19:19', NULL),
(2124, 536, 163, '2018-06-27 10:19:19', '2018-06-27 10:19:19', NULL),
(2125, 537, 163, '2018-06-27 10:19:19', '2018-06-27 10:19:19', NULL),
(2126, 538, 163, '2018-06-27 10:19:19', '2018-06-27 10:19:19', NULL),
(2127, 539, 163, '2018-06-27 10:19:19', '2018-06-27 10:19:19', NULL),
(2128, 540, 163, '2018-06-27 10:19:19', '2018-06-27 10:19:19', NULL),
(2129, 541, 163, '2018-06-27 10:19:19', '2018-06-27 10:19:19', NULL),
(2130, 542, 163, '2018-06-27 10:19:19', '2018-06-27 10:19:19', NULL),
(2131, 543, 163, '2018-06-27 10:19:19', '2018-06-27 10:19:19', NULL),
(2132, 544, 163, '2018-06-27 10:19:19', '2018-06-27 10:19:19', NULL),
(2133, 545, 163, '2018-06-27 10:19:19', '2018-06-27 10:19:19', NULL),
(2134, 546, 163, '2018-06-27 10:19:19', '2018-06-27 10:19:19', NULL),
(2135, 547, 163, '2018-06-27 10:19:19', '2018-06-27 10:19:19', NULL),
(2136, 548, 163, '2018-06-27 10:19:19', '2018-06-27 10:19:19', NULL),
(2137, 549, 163, '2018-06-27 10:19:19', '2018-06-27 10:19:19', NULL),
(2138, 550, 163, '2018-06-27 10:19:19', '2018-06-27 10:19:19', NULL),
(2139, 551, 163, '2018-06-27 10:19:19', '2018-06-27 10:19:19', NULL),
(2140, 552, 163, '2018-06-27 10:19:19', '2018-06-27 10:19:19', NULL),
(2141, 553, 163, '2018-06-27 10:19:19', '2018-06-27 10:19:19', NULL),
(2142, 554, 163, '2018-06-27 10:19:19', '2018-06-27 10:19:19', NULL),
(2143, 555, 163, '2018-06-27 10:19:19', '2018-06-27 10:19:19', NULL),
(2144, 556, 163, '2018-06-27 10:19:19', '2018-06-27 10:19:19', NULL),
(2145, 557, 163, '2018-06-27 10:19:19', '2018-06-27 10:19:19', NULL),
(2146, 558, 163, '2018-06-27 10:19:19', '2018-06-27 10:19:19', NULL),
(2147, 559, 163, '2018-06-27 10:19:19', '2018-06-27 10:19:19', NULL),
(2148, 560, 163, '2018-06-27 10:19:19', '2018-06-27 10:19:19', NULL),
(2149, 561, 163, '2018-06-27 10:19:19', '2018-06-27 10:19:19', NULL),
(2150, 562, 163, '2018-06-27 10:19:19', '2018-06-27 10:19:19', NULL),
(2151, 563, 163, '2018-06-27 10:19:19', '2018-06-27 10:19:19', NULL),
(2152, 564, 163, '2018-06-27 10:19:19', '2018-06-27 10:19:19', NULL),
(2153, 565, 163, '2018-06-27 10:19:19', '2018-06-27 10:19:19', NULL),
(2154, 566, 163, '2018-06-27 10:19:19', '2018-06-27 10:19:19', NULL),
(2155, 567, 163, '2018-06-27 10:19:19', '2018-06-27 10:19:19', NULL),
(2156, 568, 163, '2018-06-27 10:19:19', '2018-06-27 10:19:19', NULL),
(2157, 569, 163, '2018-06-27 10:19:20', '2018-06-27 10:19:20', NULL),
(2158, 570, 163, '2018-06-27 10:19:20', '2018-06-27 10:19:20', NULL),
(2159, 571, 163, '2018-06-27 10:19:20', '2018-06-27 10:19:20', NULL),
(2160, 572, 163, '2018-06-27 10:19:20', '2018-06-27 10:19:20', NULL),
(2161, 573, 163, '2018-06-27 10:19:20', '2018-06-27 10:19:20', NULL),
(2162, 574, 163, '2018-06-27 10:19:20', '2018-06-27 10:19:20', NULL),
(2163, 575, 163, '2018-06-27 10:19:20', '2018-06-27 10:19:20', NULL),
(2164, 576, 163, '2018-06-27 10:19:20', '2018-06-27 10:19:20', NULL),
(2165, 577, 163, '2018-06-27 10:19:20', '2018-06-27 10:19:20', NULL),
(2166, 578, 163, '2018-06-27 10:19:20', '2018-06-27 10:19:20', NULL),
(2167, 579, 163, '2018-06-27 10:19:20', '2018-06-27 10:19:20', NULL),
(2168, 580, 163, '2018-06-27 10:19:20', '2018-06-27 10:19:20', NULL),
(2169, 581, 163, '2018-06-27 10:19:20', '2018-06-27 10:19:20', NULL),
(2170, 582, 163, '2018-06-27 10:19:20', '2018-06-27 10:19:20', NULL),
(2171, 583, 163, '2018-06-27 10:19:20', '2018-06-27 10:19:20', NULL),
(2172, 584, 163, '2018-06-27 10:19:20', '2018-06-27 10:19:20', NULL),
(2173, 585, 163, '2018-06-27 10:19:20', '2018-06-27 10:19:20', NULL),
(2174, 586, 163, '2018-06-27 10:19:20', '2018-06-27 10:19:20', NULL),
(2175, 587, 163, '2018-06-27 10:19:20', '2018-06-27 10:19:20', NULL),
(2176, 588, 163, '2018-06-27 10:19:20', '2018-06-27 10:19:20', NULL),
(2177, 589, 163, '2018-06-27 10:19:20', '2018-06-27 10:19:20', NULL),
(2178, 590, 163, '2018-06-27 10:19:20', '2018-06-27 10:19:20', NULL),
(2179, 591, 163, '2018-06-27 10:19:20', '2018-06-27 10:19:20', NULL),
(2180, 592, 163, '2018-06-27 10:19:20', '2018-06-27 10:19:20', NULL),
(2181, 593, 163, '2018-06-27 10:19:20', '2018-06-27 10:19:20', NULL),
(2182, 594, 163, '2018-06-27 10:19:20', '2018-06-27 10:19:20', NULL),
(2183, 595, 163, '2018-06-27 10:19:20', '2018-06-27 10:19:20', NULL),
(2184, 596, 163, '2018-06-27 10:19:20', '2018-06-27 10:19:20', NULL),
(2185, 597, 163, '2018-06-27 10:19:20', '2018-06-27 10:19:20', NULL),
(2186, 598, 163, '2018-06-27 10:19:20', '2018-06-27 10:19:20', NULL),
(2187, 599, 163, '2018-06-27 10:19:20', '2018-06-27 10:19:20', NULL),
(2188, 600, 163, '2018-06-27 10:19:20', '2018-06-27 10:19:20', NULL),
(2189, 601, 163, '2018-06-27 10:19:20', '2018-06-27 10:19:20', NULL),
(2190, 602, 163, '2018-06-27 10:19:20', '2018-06-27 10:19:20', NULL),
(2191, 603, 163, '2018-06-27 10:19:20', '2018-06-27 10:19:20', NULL),
(2192, 604, 163, '2018-06-27 10:19:20', '2018-06-27 10:19:20', NULL),
(2193, 605, 163, '2018-06-27 10:19:20', '2018-06-27 10:19:20', NULL),
(2194, 606, 163, '2018-06-27 10:19:20', '2018-06-27 10:19:20', NULL),
(2195, 607, 163, '2018-06-27 10:19:20', '2018-06-27 10:19:20', NULL),
(2196, 608, 163, '2018-06-27 10:19:20', '2018-06-27 10:19:20', NULL),
(2197, 609, 163, '2018-06-27 10:19:20', '2018-06-27 10:19:20', NULL),
(2198, 610, 163, '2018-06-27 10:19:20', '2018-06-27 10:19:20', NULL),
(2199, 611, 163, '2018-06-27 10:19:20', '2018-06-27 10:19:20', NULL),
(2200, 612, 163, '2018-06-27 10:19:20', '2018-06-27 10:19:20', NULL),
(2201, 613, 163, '2018-06-27 10:19:20', '2018-06-27 10:19:20', NULL),
(2202, 614, 163, '2018-06-27 10:19:20', '2018-06-27 10:19:20', NULL),
(2203, 615, 163, '2018-06-27 10:19:20', '2018-06-27 10:19:20', NULL),
(2204, 616, 163, '2018-06-27 10:19:20', '2018-06-27 10:19:20', NULL),
(2205, 617, 163, '2018-06-27 10:19:20', '2018-06-27 10:19:20', NULL),
(2206, 618, 163, '2018-06-27 10:19:20', '2018-06-27 10:19:20', NULL),
(2207, 619, 163, '2018-06-27 10:19:20', '2018-06-27 10:19:20', NULL),
(2208, 620, 163, '2018-06-27 10:19:20', '2018-06-27 10:19:20', NULL),
(2209, 621, 163, '2018-06-27 10:19:20', '2018-06-27 10:19:20', NULL),
(2210, 622, 163, '2018-06-27 10:19:20', '2018-06-27 10:19:20', NULL),
(2211, 623, 163, '2018-06-27 10:19:20', '2018-06-27 10:19:20', NULL),
(2212, 624, 163, '2018-06-27 10:19:20', '2018-06-27 10:19:20', NULL),
(2213, 625, 163, '2018-06-27 10:19:20', '2018-06-27 10:19:20', NULL),
(2214, 626, 163, '2018-06-27 10:19:20', '2018-06-27 10:19:20', NULL),
(2215, 627, 163, '2018-06-27 10:19:20', '2018-06-27 10:19:20', NULL),
(2216, 628, 163, '2018-06-27 10:19:20', '2018-06-27 10:19:20', NULL),
(2217, 629, 163, '2018-06-27 10:19:20', '2018-06-27 10:19:20', NULL),
(2218, 630, 163, '2018-06-27 10:19:20', '2018-06-27 10:19:20', NULL),
(2219, 631, 163, '2018-06-27 10:19:20', '2018-06-27 10:19:20', NULL),
(2220, 632, 163, '2018-06-27 10:19:20', '2018-06-27 10:19:20', NULL),
(2221, 633, 163, '2018-06-27 10:19:20', '2018-06-27 10:19:20', NULL);
INSERT INTO `file_contact` (`id`, `contact_id`, `file_id`, `created_at`, `updated_at`, `deleted_at`) VALUES
(2222, 634, 163, '2018-06-27 10:19:20', '2018-06-27 10:19:20', NULL),
(2223, 635, 163, '2018-06-27 10:19:20', '2018-06-27 10:19:20', NULL),
(2224, 636, 163, '2018-06-27 10:19:20', '2018-06-27 10:19:20', NULL),
(2225, 637, 163, '2018-06-27 10:19:20', '2018-06-27 10:19:20', NULL),
(2226, 638, 163, '2018-06-27 10:19:20', '2018-06-27 10:19:20', NULL),
(2227, 639, 163, '2018-06-27 10:19:20', '2018-06-27 10:19:20', NULL),
(2228, 640, 163, '2018-06-27 10:19:20', '2018-06-27 10:19:20', NULL),
(2229, 641, 163, '2018-06-27 10:19:20', '2018-06-27 10:19:20', NULL),
(2230, 642, 163, '2018-06-27 10:19:20', '2018-06-27 10:19:20', NULL),
(2231, 643, 163, '2018-06-27 10:19:20', '2018-06-27 10:19:20', NULL),
(2232, 644, 163, '2018-06-27 10:19:20', '2018-06-27 10:19:20', NULL),
(2233, 645, 163, '2018-06-27 10:19:20', '2018-06-27 10:19:20', NULL),
(2234, 646, 163, '2018-06-27 10:19:20', '2018-06-27 10:19:20', NULL),
(2235, 647, 163, '2018-06-27 10:19:20', '2018-06-27 10:19:20', NULL),
(2236, 648, 163, '2018-06-27 10:19:20', '2018-06-27 10:19:20', NULL),
(2237, 649, 163, '2018-06-27 10:19:20', '2018-06-27 10:19:20', NULL),
(2238, 650, 163, '2018-06-27 10:19:20', '2018-06-27 10:19:20', NULL),
(2239, 651, 163, '2018-06-27 10:19:20', '2018-06-27 10:19:20', NULL),
(2240, 652, 163, '2018-06-27 10:19:20', '2018-06-27 10:19:20', NULL),
(2241, 653, 163, '2018-06-27 10:19:20', '2018-06-27 10:19:20', NULL),
(2242, 654, 163, '2018-06-27 10:19:20', '2018-06-27 10:19:20', NULL),
(2243, 655, 163, '2018-06-27 10:19:20', '2018-06-27 10:19:20', NULL),
(2244, 656, 163, '2018-06-27 10:19:20', '2018-06-27 10:19:20', NULL),
(2245, 657, 163, '2018-06-27 10:19:20', '2018-06-27 10:19:20', NULL),
(2246, 658, 163, '2018-06-27 10:19:20', '2018-06-27 10:19:20', NULL),
(2247, 659, 163, '2018-06-27 10:19:20', '2018-06-27 10:19:20', NULL),
(2248, 660, 163, '2018-06-27 10:19:20', '2018-06-27 10:19:20', NULL),
(2249, 661, 163, '2018-06-27 10:19:20', '2018-06-27 10:19:20', NULL),
(2250, 662, 163, '2018-06-27 10:19:20', '2018-06-27 10:19:20', NULL),
(2251, 663, 163, '2018-06-27 10:19:20', '2018-06-27 10:19:20', NULL),
(2252, 664, 163, '2018-06-27 10:19:20', '2018-06-27 10:19:20', NULL),
(2253, 665, 163, '2018-06-27 10:19:20', '2018-06-27 10:19:20', NULL),
(2254, 666, 163, '2018-06-27 10:19:20', '2018-06-27 10:19:20', NULL),
(2255, 667, 163, '2018-06-27 10:19:20', '2018-06-27 10:19:20', NULL),
(2256, 668, 163, '2018-06-27 10:19:20', '2018-06-27 10:19:20', NULL),
(2257, 669, 163, '2018-06-27 10:19:20', '2018-06-27 10:19:20', NULL),
(2258, 670, 163, '2018-06-27 10:19:20', '2018-06-27 10:19:20', NULL),
(2259, 671, 163, '2018-06-27 10:19:20', '2018-06-27 10:19:20', NULL),
(2260, 672, 163, '2018-06-27 10:19:20', '2018-06-27 10:19:20', NULL),
(2261, 673, 163, '2018-06-27 10:19:20', '2018-06-27 10:19:20', NULL),
(2262, 674, 163, '2018-06-27 10:19:20', '2018-06-27 10:19:20', NULL),
(2263, 675, 163, '2018-06-27 10:19:20', '2018-06-27 10:19:20', NULL),
(2264, 676, 163, '2018-06-27 10:19:20', '2018-06-27 10:19:20', NULL),
(2265, 677, 163, '2018-06-27 10:19:20', '2018-06-27 10:19:20', NULL),
(2266, 678, 163, '2018-06-27 10:19:20', '2018-06-27 10:19:20', NULL),
(2267, 679, 163, '2018-06-27 10:19:20', '2018-06-27 10:19:20', NULL),
(2268, 680, 163, '2018-06-27 10:19:20', '2018-06-27 10:19:20', NULL),
(2269, 681, 163, '2018-06-27 10:19:20', '2018-06-27 10:19:20', NULL),
(2270, 682, 163, '2018-06-27 10:19:20', '2018-06-27 10:19:20', NULL),
(2271, 683, 163, '2018-06-27 10:19:20', '2018-06-27 10:19:20', NULL),
(2272, 684, 163, '2018-06-27 10:19:20', '2018-06-27 10:19:20', NULL),
(2273, 685, 163, '2018-06-27 10:19:20', '2018-06-27 10:19:20', NULL),
(2274, 686, 163, '2018-06-27 10:19:20', '2018-06-27 10:19:20', NULL),
(2275, 687, 163, '2018-06-27 10:19:20', '2018-06-27 10:19:20', NULL),
(2276, 688, 163, '2018-06-27 10:19:20', '2018-06-27 10:19:20', NULL),
(2277, 689, 163, '2018-06-27 10:19:20', '2018-06-27 10:19:20', NULL),
(2278, 690, 163, '2018-06-27 10:19:20', '2018-06-27 10:19:20', NULL),
(2279, 691, 163, '2018-06-27 10:19:21', '2018-06-27 10:19:21', NULL),
(2280, 692, 163, '2018-06-27 10:19:21', '2018-06-27 10:19:21', NULL),
(2281, 693, 163, '2018-06-27 10:19:21', '2018-06-27 10:19:21', NULL),
(2282, 694, 163, '2018-06-27 10:19:21', '2018-06-27 10:19:21', NULL),
(2283, 695, 163, '2018-06-27 10:19:21', '2018-06-27 10:19:21', NULL),
(2284, 696, 163, '2018-06-27 10:19:21', '2018-06-27 10:19:21', NULL),
(2285, 697, 163, '2018-06-27 10:19:21', '2018-06-27 10:19:21', NULL),
(2286, 698, 163, '2018-06-27 10:19:21', '2018-06-27 10:19:21', NULL),
(2287, 699, 163, '2018-06-27 10:19:21', '2018-06-27 10:19:21', NULL),
(2288, 700, 163, '2018-06-27 10:19:21', '2018-06-27 10:19:21', NULL),
(2289, 701, 163, '2018-06-27 10:19:21', '2018-06-27 10:19:21', NULL),
(2290, 702, 163, '2018-06-27 10:19:21', '2018-06-27 10:19:21', NULL),
(2291, 703, 163, '2018-06-27 10:19:21', '2018-06-27 10:19:21', NULL),
(2292, 704, 163, '2018-06-27 10:19:21', '2018-06-27 10:19:21', NULL),
(2293, 705, 163, '2018-06-27 10:19:21', '2018-06-27 10:19:21', NULL),
(2294, 706, 163, '2018-06-27 10:19:21', '2018-06-27 10:19:21', NULL),
(2295, 707, 163, '2018-06-27 10:19:21', '2018-06-27 10:19:21', NULL),
(2296, 708, 163, '2018-06-27 10:19:21', '2018-06-27 10:19:21', NULL),
(2297, 709, 163, '2018-06-27 10:19:21', '2018-06-27 10:19:21', NULL),
(2298, 710, 163, '2018-06-27 10:19:21', '2018-06-27 10:19:21', NULL),
(2299, 711, 163, '2018-06-27 10:19:21', '2018-06-27 10:19:21', NULL),
(2300, 712, 163, '2018-06-27 10:19:21', '2018-06-27 10:19:21', NULL),
(2301, 713, 163, '2018-06-27 10:19:21', '2018-06-27 10:19:21', NULL),
(2302, 714, 163, '2018-06-27 10:19:21', '2018-06-27 10:19:21', NULL),
(2303, 715, 163, '2018-06-27 10:19:21', '2018-06-27 10:19:21', NULL),
(2304, 716, 163, '2018-06-27 10:19:21', '2018-06-27 10:19:21', NULL),
(2305, 717, 163, '2018-06-27 10:19:21', '2018-06-27 10:19:21', NULL),
(2306, 718, 163, '2018-06-27 10:19:21', '2018-06-27 10:19:21', NULL),
(2307, 719, 163, '2018-06-27 10:19:21', '2018-06-27 10:19:21', NULL),
(2308, 720, 163, '2018-06-27 10:19:21', '2018-06-27 10:19:21', NULL),
(2309, 721, 163, '2018-06-27 10:19:21', '2018-06-27 10:19:21', NULL),
(2310, 722, 163, '2018-06-27 10:19:21', '2018-06-27 10:19:21', NULL),
(2311, 723, 163, '2018-06-27 10:19:21', '2018-06-27 10:19:21', NULL),
(2312, 724, 163, '2018-06-27 10:19:21', '2018-06-27 10:19:21', NULL),
(2313, 725, 163, '2018-06-27 10:19:21', '2018-06-27 10:19:21', NULL),
(2314, 726, 163, '2018-06-27 10:19:21', '2018-06-27 10:19:21', NULL),
(2315, 727, 163, '2018-06-27 10:19:21', '2018-06-27 10:19:21', NULL),
(2316, 728, 163, '2018-06-27 10:19:21', '2018-06-27 10:19:21', NULL),
(2317, 729, 163, '2018-06-27 10:19:21', '2018-06-27 10:19:21', NULL),
(2318, 730, 163, '2018-06-27 10:19:21', '2018-06-27 10:19:21', NULL),
(2319, 731, 163, '2018-06-27 10:19:21', '2018-06-27 10:19:21', NULL),
(2320, 732, 163, '2018-06-27 10:19:21', '2018-06-27 10:19:21', NULL),
(2321, 733, 163, '2018-06-27 10:19:21', '2018-06-27 10:19:21', NULL),
(2322, 734, 163, '2018-06-27 10:19:21', '2018-06-27 10:19:21', NULL),
(2323, 735, 163, '2018-06-27 10:19:21', '2018-06-27 10:19:21', NULL),
(2324, 736, 163, '2018-06-27 10:19:21', '2018-06-27 10:19:21', NULL),
(2325, 737, 163, '2018-06-27 10:19:21', '2018-06-27 10:19:21', NULL),
(2326, 738, 163, '2018-06-27 10:19:21', '2018-06-27 10:19:21', NULL),
(2327, 739, 163, '2018-06-27 10:19:21', '2018-06-27 10:19:21', NULL),
(2328, 740, 163, '2018-06-27 10:19:21', '2018-06-27 10:19:21', NULL),
(2329, 741, 163, '2018-06-27 10:19:21', '2018-06-27 10:19:21', NULL),
(2330, 742, 163, '2018-06-27 10:19:21', '2018-06-27 10:19:21', NULL),
(2331, 743, 163, '2018-06-27 10:19:21', '2018-06-27 10:19:21', NULL),
(2332, 744, 163, '2018-06-27 10:19:21', '2018-06-27 10:19:21', NULL),
(2333, 745, 163, '2018-06-27 10:19:21', '2018-06-27 10:19:21', NULL),
(2334, 746, 163, '2018-06-27 10:19:21', '2018-06-27 10:19:21', NULL),
(2335, 747, 163, '2018-06-27 10:19:21', '2018-06-27 10:19:21', NULL),
(2336, 748, 163, '2018-06-27 10:19:21', '2018-06-27 10:19:21', NULL),
(2337, 749, 163, '2018-06-27 10:19:21', '2018-06-27 10:19:21', NULL),
(2338, 750, 163, '2018-06-27 10:19:21', '2018-06-27 10:19:21', NULL),
(2339, 751, 163, '2018-06-27 10:19:21', '2018-06-27 10:19:21', NULL),
(2340, 752, 163, '2018-06-27 10:19:21', '2018-06-27 10:19:21', NULL),
(2341, 753, 163, '2018-06-27 10:19:21', '2018-06-27 10:19:21', NULL),
(2342, 754, 163, '2018-06-27 10:19:21', '2018-06-27 10:19:21', NULL),
(2343, 755, 163, '2018-06-27 10:19:21', '2018-06-27 10:19:21', NULL),
(2344, 756, 163, '2018-06-27 10:19:21', '2018-06-27 10:19:21', NULL),
(2345, 757, 163, '2018-06-27 10:19:21', '2018-06-27 10:19:21', NULL),
(2346, 758, 163, '2018-06-27 10:19:21', '2018-06-27 10:19:21', NULL),
(2347, 759, 163, '2018-06-27 10:19:21', '2018-06-27 10:19:21', NULL),
(2348, 760, 163, '2018-06-27 10:19:21', '2018-06-27 10:19:21', NULL),
(2349, 761, 163, '2018-06-27 10:19:21', '2018-06-27 10:19:21', NULL),
(2350, 762, 163, '2018-06-27 10:19:21', '2018-06-27 10:19:21', NULL),
(2351, 763, 163, '2018-06-27 10:19:21', '2018-06-27 10:19:21', NULL),
(2352, 764, 163, '2018-06-27 10:19:21', '2018-06-27 10:19:21', NULL),
(2353, 765, 163, '2018-06-27 10:19:21', '2018-06-27 10:19:21', NULL),
(2354, 766, 163, '2018-06-27 10:19:21', '2018-06-27 10:19:21', NULL),
(2355, 767, 163, '2018-06-27 10:19:21', '2018-06-27 10:19:21', NULL),
(2356, 768, 163, '2018-06-27 10:19:21', '2018-06-27 10:19:21', NULL),
(2357, 769, 163, '2018-06-27 10:19:21', '2018-06-27 10:19:21', NULL),
(2358, 770, 163, '2018-06-27 10:19:21', '2018-06-27 10:19:21', NULL),
(2359, 771, 163, '2018-06-27 10:19:21', '2018-06-27 10:19:21', NULL),
(2360, 772, 163, '2018-06-27 10:19:21', '2018-06-27 10:19:21', NULL),
(2361, 773, 163, '2018-06-27 10:19:21', '2018-06-27 10:19:21', NULL),
(2362, 774, 163, '2018-06-27 10:19:21', '2018-06-27 10:19:21', NULL),
(2363, 775, 163, '2018-06-27 10:19:21', '2018-06-27 10:19:21', NULL),
(2364, 776, 163, '2018-06-27 10:19:21', '2018-06-27 10:19:21', NULL),
(2365, 777, 163, '2018-06-27 10:19:21', '2018-06-27 10:19:21', NULL),
(2366, 778, 163, '2018-06-27 10:19:21', '2018-06-27 10:19:21', NULL),
(2367, 779, 163, '2018-06-27 10:19:21', '2018-06-27 10:19:21', NULL),
(2368, 780, 163, '2018-06-27 10:19:21', '2018-06-27 10:19:21', NULL),
(2369, 781, 163, '2018-06-27 10:19:21', '2018-06-27 10:19:21', NULL),
(2370, 782, 163, '2018-06-27 10:19:21', '2018-06-27 10:19:21', NULL),
(2371, 783, 163, '2018-06-27 10:19:21', '2018-06-27 10:19:21', NULL),
(2372, 784, 163, '2018-06-27 10:19:21', '2018-06-27 10:19:21', NULL);

-- --------------------------------------------------------

--
-- Table structure for table `kpi_group`
--

CREATE TABLE `kpi_group` (
  `id` int(11) NOT NULL,
  `name` varchar(45) NOT NULL,
  `description` varchar(255) DEFAULT NULL,
  `kpi` int(11) NOT NULL,
  `created_at` datetime DEFAULT NULL,
  `updated_at` datetime DEFAULT NULL,
  `deleted_at` datetime DEFAULT NULL
) ENGINE=InnoDB DEFAULT CHARSET=utf8;

--
-- Dumping data for table `kpi_group`
--

INSERT INTO `kpi_group` (`id`, `name`, `description`, `kpi`, `created_at`, `updated_at`, `deleted_at`) VALUES
(1, 'A', 'A', 25, '2018-06-06 07:45:05', '2018-06-16 05:40:24', NULL),
(2, 'B', 'B', 30, '2018-06-06 07:45:48', '2018-06-06 07:45:48', NULL),
(3, 'A(copy file)', 'A', 50, '2018-06-06 07:52:40', '2018-06-06 07:52:40', NULL),
(4, 'Xxx', 'X', 100, '2018-06-11 11:10:02', '2018-06-11 11:23:12', NULL),
(5, 'X', 'X', 100, '2018-06-11 11:10:52', '2018-06-11 11:22:17', '2018-06-11 11:22:17'),
(6, 'add', 'add', 2200, '2018-06-18 07:23:15', '2018-06-18 07:23:27', '2018-06-18 07:23:27');

-- --------------------------------------------------------

--
-- Table structure for table `level`
--

CREATE TABLE `level` (
  `id` int(11) NOT NULL,
  `name` varchar(45) DEFAULT NULL COMMENT '		',
  `descirption` varchar(255) DEFAULT NULL,
  `created_at` datetime DEFAULT NULL,
  `updated_at` datetime DEFAULT NULL,
  `deleted_at` datetime DEFAULT NULL
) ENGINE=InnoDB DEFAULT CHARSET=utf8;

--
-- Dumping data for table `level`
--

INSERT INTO `level` (`id`, `name`, `descirption`, `created_at`, `updated_at`, `deleted_at`) VALUES
(1, 'L1', 'L1', '2018-05-08 07:38:00', '2018-05-08 07:38:00', NULL),
(2, 'L2', 'L2', '2018-05-08 07:38:00', '2018-05-08 07:38:00', NULL),
(3, 'L3', 'L3', '2018-05-08 07:38:00', '2018-05-08 07:38:00', NULL),
(4, 'L4', 'L4', '2018-05-08 07:38:00', '2018-05-08 07:38:00', NULL),
(5, 'L5', 'L5', '2018-05-08 07:38:00', '2018-05-08 07:38:00', NULL),
(6, 'L6', 'L6', '2018-05-08 07:38:00', '2018-05-08 07:38:00', NULL),
(7, 'L7', 'L7', '2018-05-08 07:38:00', '2018-05-08 07:38:00', NULL),
(8, 'L8', 'L8', '2018-05-08 07:38:00', '2018-05-08 07:38:00', NULL);

-- --------------------------------------------------------

--
-- Table structure for table `log`
--

CREATE TABLE `log` (
  `id` int(11) NOT NULL,
  `action` text COLLATE utf8_unicode_ci NOT NULL,
  `object` text COLLATE utf8_unicode_ci NOT NULL,
  `user_id` int(11) NOT NULL,
  `created_at` datetime NOT NULL,
  `updated_at` datetime NOT NULL,
  `deleted_at` datetime NOT NULL
) ENGINE=InnoDB DEFAULT CHARSET=utf8 COLLATE=utf8_unicode_ci;

--
-- Dumping data for table `log`
--

INSERT INTO `log` (`id`, `action`, `object`, `user_id`, `created_at`, `updated_at`, `deleted_at`) VALUES
(5, 'create_kpi', '{\"kpi_id\":6,\"kpi_name\":\"add\",\"menber\":[\"admin\"]}', 1, '2018-06-18 07:23:15', '2018-06-18 07:23:15', '0000-00-00 00:00:00'),
(6, 'update_kpi', '{\"kpi\":\"2200\",\"name\":\"add\",\"description\":\"add\",\"update\":[\"admin\",\"sale1\"]}', 1, '2018-06-18 07:23:24', '2018-06-18 07:23:24', '0000-00-00 00:00:00'),
(7, 'remove_kpi', '{\"kpi_id\":\"6\",\"kpi_name\":\"add\"}', 1, '2018-06-18 07:23:27', '2018-06-18 07:23:27', '0000-00-00 00:00:00'),
(8, 'update_role_page', '{\"role_id\":\"4\",\"add\":[\"6\",\"12\",\"13\",\"7\",\"8\",\"9\",\"1\",\"3\",\"10\",\"2\",\"5\"],\"remove\":[11]}', 1, '2018-06-18 07:23:50', '2018-06-18 07:23:50', '0000-00-00 00:00:00'),
(9, 'update_role_page', '{\"role_id\":\"1\",\"add\":[\"6\",\"12\",\"13\",\"7\",\"8\",\"9\",\"1\",\"3\",\"10\",\"2\",\"5\",\"11\",\"15\",\"17\",\"18\",\"23\",\"19\",\"14\",\"16\",\"20\",\"21\",\"22\",\"25\",\"26\"],\"remove\":[]}', 1, '2018-06-27 08:52:53', '2018-06-27 08:52:53', '0000-00-00 00:00:00'),
(10, 'update_role_page', '{\"role_id\":\"1\",\"add\":[\"25\",\"26\",\"27\",\"1\",\"3\",\"10\",\"2\",\"5\",\"11\",\"15\",\"17\",\"18\",\"23\",\"20\",\"21\",\"22\",\"19\",\"14\",\"16\",\"6\",\"12\",\"13\",\"7\",\"8\",\"9\"],\"remove\":[]}', 1, '2018-06-27 08:55:27', '2018-06-27 08:55:27', '0000-00-00 00:00:00'),
(11, 'update_role_page', '{\"role_id\":\"1\",\"add\":[\"25\",\"27\",\"26\",\"28\",\"1\",\"3\",\"10\",\"2\",\"5\",\"11\",\"15\",\"17\",\"18\",\"23\",\"20\",\"21\",\"22\",\"19\",\"14\",\"16\",\"6\",\"12\",\"13\",\"7\",\"8\",\"9\"],\"remove\":[]}', 1, '2018-06-27 09:06:57', '2018-06-27 09:06:57', '0000-00-00 00:00:00'),
(12, 'update_role_page', '{\"role_id\":\"1\",\"add\":[\"25\",\"27\",\"26\",\"28\",\"1\",\"3\",\"10\",\"2\",\"5\",\"11\",\"15\",\"17\",\"18\",\"23\",\"20\",\"21\",\"22\",\"19\",\"14\",\"16\",\"29\",\"6\",\"12\",\"13\",\"7\",\"8\",\"9\"],\"remove\":[]}', 1, '2018-06-27 09:10:24', '2018-06-27 09:10:24', '0000-00-00 00:00:00'),
(13, 'update_role_page', '{\"role_id\":\"1\",\"add\":[\"25\",\"27\",\"26\",\"28\",\"1\",\"3\",\"10\",\"2\",\"5\",\"11\",\"15\",\"17\",\"18\",\"20\",\"21\",\"22\",\"19\",\"14\",\"16\",\"30\",\"29\",\"6\",\"12\",\"13\",\"7\",\"8\",\"9\"],\"remove\":[23]}', 1, '2018-06-27 09:14:05', '2018-06-27 09:14:05', '0000-00-00 00:00:00'),
(14, 'update_role_page', '{\"role_id\":\"1\",\"add\":[\"25\",\"27\",\"26\",\"28\",\"1\",\"3\",\"10\",\"2\",\"5\",\"11\",\"15\",\"17\",\"18\",\"20\",\"21\",\"22\",\"19\",\"14\",\"16\",\"30\",\"29\",\"6\",\"12\",\"13\",\"7\",\"8\",\"9\",\"23\"],\"remove\":[]}', 1, '2018-06-27 09:15:18', '2018-06-27 09:15:18', '0000-00-00 00:00:00'),
(15, 'update_role_page', '{\"role_id\":\"1\",\"add\":[\"25\",\"27\",\"26\",\"28\",\"1\",\"3\",\"10\",\"2\",\"5\",\"11\",\"15\",\"17\",\"18\",\"20\",\"21\",\"22\",\"19\",\"14\",\"16\",\"30\",\"29\",\"6\",\"12\",\"7\",\"8\",\"9\",\"23\"],\"remove\":[13]}', 1, '2018-06-27 09:16:59', '2018-06-27 09:16:59', '0000-00-00 00:00:00');

-- --------------------------------------------------------

--
-- Table structure for table `page`
--

CREATE TABLE `page` (
  `id` int(11) NOT NULL,
  `root_id` int(11) DEFAULT NULL,
  `order_id` int(5) NOT NULL DEFAULT 999,
  `name` varchar(100) DEFAULT NULL,
  `url` varchar(255) DEFAULT NULL,
  `created_at` datetime DEFAULT NULL,
  `updated_at` datetime DEFAULT NULL,
  `deleted_at` datetime DEFAULT NULL
) ENGINE=InnoDB DEFAULT CHARSET=utf8;

--
-- Dumping data for table `page`
--

INSERT INTO `page` (`id`, `root_id`, `order_id`, `name`, `url`, `created_at`, `updated_at`, `deleted_at`) VALUES
(1, NULL, 1, 'Admin', '', '2018-05-08 07:38:00', '2018-05-08 07:38:00', NULL),
(2, 1, 3, 'User', 'user', '2018-05-08 07:38:00', '2018-05-08 07:38:00', NULL),
(3, 1, 0, 'Contact', 'contact', '2018-05-08 07:38:00', '2018-05-08 07:38:00', NULL),
(5, 1, 4, 'Page', 'page', '2018-05-08 07:38:00', '2018-05-08 07:38:00', NULL),
(6, NULL, 4, 'Others', NULL, '2018-05-08 07:38:00', '2018-05-08 07:38:00', NULL),
(7, 6, 1, 'User Add', 'user/add', '2018-05-25 00:00:00', '2018-05-25 00:00:00', NULL),
(8, 6, 2, 'Page Add', 'page/add', '2018-05-25 00:00:00', '2018-05-25 00:00:00', NULL),
(9, 6, 3, 'Contact Add', 'contact/add', '2018-05-25 00:00:00', '2018-05-25 00:00:00', NULL),
(10, 1, 1, 'Contact Transfer', 'contact/transfer', '2018-05-31 03:40:20', '2018-05-31 03:40:20', NULL),
(11, 1, 5, 'Role Page', 'page/rolepage', '2018-05-31 03:40:49', '2018-05-31 03:40:49', NULL),
(12, 6, 0, 'Contact Transfer', 'contact/transfer', '2018-05-31 03:41:10', '2018-05-31 03:41:23', NULL),
(13, 6, 0, 'Call History', 'callHistory', '2018-05-31 03:41:21', '2018-06-27 09:16:32', '2018-06-27 09:16:32'),
(14, 19, 0, 'Report QTTT', 'report/qttt?start_date=2018-05-31&end_date=2018-07-30', '2018-05-31 03:41:21', '2018-06-27 10:17:53', NULL),
(15, 1, 999, 'KPI', 'user/kpi', '2018-06-18 07:00:38', '2018-06-18 07:00:38', NULL),
(16, 19, 1, 'report/split?left_date=2018-05-31&right_date=2018-06-02', 'report/split', '2018-06-18 07:01:24', '2018-06-27 10:18:06', NULL),
(17, 1, 999, 'Sale Group', 'salegroup', '2018-06-18 07:02:04', '2018-06-18 07:02:04', NULL),
(18, 1, 999, 'User Sale Group', 'salegroup/usersalegroup', '2018-06-18 07:02:34', '2018-06-18 07:02:34', NULL),
(19, NULL, 3, 'Report', NULL, '2018-06-18 07:07:01', '2018-06-18 07:13:38', NULL),
(20, NULL, 2, 'Call History', NULL, '2018-06-18 07:07:56', '2018-06-18 07:13:54', NULL),
(21, 20, 999, 'List', 'callHistory', '2018-06-18 07:08:22', '2018-06-18 07:11:31', NULL),
(22, 20, 999, 'Generate', 'callHistory/generate?total=1', '2018-06-18 07:08:59', '2018-06-18 07:13:23', NULL),
(23, 6, 999, 'Cache', 'cache', '2018-06-18 07:10:03', '2018-06-18 07:10:03', NULL),
(24, 1, 999, 'temp', 'tempx2', '2018-06-18 07:24:50', '2018-06-18 07:25:12', '2018-06-18 07:25:12'),
(25, NULL, 0, 'Admin-Test', NULL, '2018-06-27 08:51:44', '2018-06-27 08:51:44', NULL),
(26, 25, 1, 'QTTT Report', 'report/qttt?start_date=2018-05-31&end_date=2018-07-30', '2018-06-27 08:52:31', '2018-06-27 08:52:31', NULL),
(27, 25, 0, 'Contact', 'contact', '2018-06-27 08:55:14', '2018-06-27 08:55:14', NULL),
(28, 25, 2, 'Split Report', 'report/split?left_date=2018-05-31&right_date=2018-06-02#', '2018-06-27 09:01:15', '2018-06-27 09:01:15', NULL),
(29, 19, 999, 'Chart Sample', 'chart', '2018-06-27 09:09:56', '2018-06-27 09:09:56', NULL),
(30, 19, 2, 'Chart QTTT', 'report/chartqttt', '2018-06-27 09:12:45', '2018-06-27 09:12:45', NULL);

-- --------------------------------------------------------

--
-- Table structure for table `role`
--

CREATE TABLE `role` (
  `id` int(11) NOT NULL,
  `name` varchar(100) NOT NULL,
  `default_page_id` int(11) DEFAULT NULL,
  `created_at` datetime DEFAULT NULL,
  `updated_at` datetime DEFAULT NULL,
  `deleted_at` datetime DEFAULT NULL
) ENGINE=InnoDB DEFAULT CHARSET=utf8;

--
-- Dumping data for table `role`
--

INSERT INTO `role` (`id`, `name`, `default_page_id`, `created_at`, `updated_at`, `deleted_at`) VALUES
(1, 'admin', 27, '2018-05-23 00:00:00', '2018-06-27 09:16:59', NULL),
(2, 'manager', 10, '2018-05-23 00:00:00', '2018-05-23 00:00:00', NULL),
(3, 'sale', 12, '2018-05-23 00:00:00', '2018-05-23 00:00:00', NULL),
(4, 'IT', 3, '2018-05-23 00:00:00', '2018-06-18 07:23:50', NULL);

-- --------------------------------------------------------

--
-- Table structure for table `role_page`
--

CREATE TABLE `role_page` (
  `id` int(11) NOT NULL,
  `role_id` int(11) NOT NULL,
  `page_id` int(11) NOT NULL,
  `created_at` datetime DEFAULT NULL,
  `updated_at` datetime DEFAULT NULL,
  `deleted_at` datetime DEFAULT NULL
) ENGINE=InnoDB DEFAULT CHARSET=utf8;

--
-- Dumping data for table `role_page`
--

INSERT INTO `role_page` (`id`, `role_id`, `page_id`, `created_at`, `updated_at`, `deleted_at`) VALUES
(1, 1, 1, '2018-05-23 00:00:00', '2018-05-23 00:00:00', NULL),
(2, 1, 2, '2018-05-23 00:00:00', '2018-05-23 00:00:00', NULL),
(3, 1, 3, '2018-05-23 00:00:00', '2018-05-31 04:55:32', NULL),
(4, 1, 5, '2018-05-23 00:00:00', '2018-05-23 00:00:00', '2018-05-31 04:48:20'),
(5, 1, 6, '2018-05-23 00:00:00', '2018-05-23 00:00:00', NULL),
(6, 1, 7, '2018-05-23 00:00:00', '2018-05-23 00:00:00', NULL),
(7, 1, 8, '2018-05-23 00:00:00', '2018-05-23 00:00:00', NULL),
(8, 1, 9, '2018-05-23 00:00:00', '2018-05-23 00:00:00', NULL),
(9, 4, 1, '2018-05-31 04:46:44', '2018-05-31 04:46:51', '2018-05-31 04:46:51'),
(10, 4, 2, '2018-05-31 04:46:44', '2018-05-31 04:46:51', '2018-05-31 04:46:51'),
(11, 4, 6, '2018-05-31 04:46:51', '2018-06-11 10:38:51', '2018-06-11 10:38:51'),
(12, 4, 7, '2018-05-31 04:46:51', '2018-06-11 10:35:27', '2018-06-11 10:35:27'),
(13, 1, 10, '2018-05-31 04:48:20', '2018-05-31 04:48:20', NULL),
(14, 1, 11, '2018-05-31 04:48:20', '2018-05-31 04:48:20', NULL),
(15, 1, 13, '2018-05-31 04:48:20', '2018-06-27 09:16:59', '2018-06-27 09:16:59'),
(16, 1, 5, '2018-05-31 05:28:48', '2018-05-31 05:28:48', NULL),
(17, 3, 6, '2018-06-01 03:15:08', '2018-06-01 03:15:08', NULL),
(18, 3, 10, '2018-06-01 03:15:08', '2018-06-01 03:15:08', NULL),
(19, 3, 12, '2018-06-01 03:15:08', '2018-06-01 03:15:08', NULL),
(20, 1, 14, '2018-06-01 03:29:00', '2018-06-01 03:29:00', NULL),
(21, 4, 14, '2018-06-11 10:35:27', '2018-06-11 10:38:42', '2018-06-11 10:38:42'),
(22, 4, 9, '2018-06-11 10:38:42', '2018-06-12 11:00:00', '2018-06-12 11:00:00'),
(23, 4, 10, '2018-06-11 10:38:51', '2018-06-12 11:04:08', '2018-06-12 11:04:08'),
(24, 4, 12, '2018-06-11 10:38:51', '2018-06-12 11:04:08', '2018-06-12 11:04:08'),
(25, 4, 13, '2018-06-11 10:38:51', '2018-06-12 11:00:30', '2018-06-12 11:00:30'),
(26, 4, 7, '2018-06-11 10:38:51', '2018-06-12 11:00:00', '2018-06-12 11:00:00'),
(27, 4, 8, '2018-06-11 10:38:51', '2018-06-12 11:00:00', '2018-06-12 11:00:00'),
(28, 4, 3, '2018-06-11 10:38:51', '2018-06-12 11:00:42', '2018-06-12 11:00:42'),
(29, 4, 2, '2018-06-11 10:38:51', '2018-06-12 11:04:08', '2018-06-12 11:04:08'),
(30, 4, 5, '2018-06-11 10:38:51', '2018-06-12 11:04:08', '2018-06-12 11:04:08'),
(31, 4, 11, '2018-06-11 10:38:51', '2018-06-12 11:04:08', '2018-06-12 11:04:08'),
(32, 4, 14, '2018-06-11 10:38:51', '2018-06-12 11:00:30', '2018-06-12 11:00:30'),
(33, 4, 1, '2018-06-11 10:38:51', '2018-06-12 11:00:42', '2018-06-12 11:00:42'),
(34, 4, 13, '2018-06-12 11:00:42', '2018-06-12 11:00:54', '2018-06-12 11:00:54'),
(35, 4, 14, '2018-06-12 11:00:42', '2018-06-12 11:00:54', '2018-06-12 11:00:54'),
(36, 4, 1, '2018-06-12 11:00:54', '2018-06-12 11:04:08', '2018-06-12 11:04:08'),
(37, 4, 3, '2018-06-12 11:00:54', '2018-06-12 11:04:08', '2018-06-12 11:04:08'),
(38, 4, 14, '2018-06-12 11:01:51', '2018-06-12 11:04:08', '2018-06-12 11:04:08'),
(39, 4, 6, '2018-06-12 11:04:08', '2018-06-12 11:04:20', '2018-06-12 11:04:20'),
(40, 4, 9, '2018-06-12 11:04:31', '2018-06-12 11:08:18', '2018-06-12 11:08:18'),
(41, 4, 1, '2018-06-12 11:04:31', '2018-06-12 11:06:34', '2018-06-12 11:06:34'),
(42, 4, 3, '2018-06-12 11:04:31', '2018-06-12 11:06:34', '2018-06-12 11:06:34'),
(43, 4, 13, '2018-06-12 11:06:34', '2018-06-12 11:06:52', '2018-06-12 11:06:52'),
(44, 4, 7, '2018-06-12 11:06:34', '2018-06-12 11:08:18', '2018-06-12 11:08:18'),
(45, 4, 8, '2018-06-12 11:06:34', '2018-06-12 11:08:18', '2018-06-12 11:08:18'),
(46, 4, 1, '2018-06-12 11:06:52', '2018-06-12 11:06:52', NULL),
(47, 4, 3, '2018-06-12 11:06:52', '2018-06-12 11:06:52', NULL),
(48, 4, 10, '2018-06-12 11:08:18', '2018-06-12 11:08:39', '2018-06-12 11:08:39'),
(49, 4, 12, '2018-06-12 11:08:18', '2018-06-12 11:08:39', '2018-06-12 11:08:39'),
(50, 4, 13, '2018-06-12 11:08:39', '2018-06-12 11:08:48', '2018-06-12 11:08:48'),
(51, 4, 10, '2018-06-12 11:08:48', '2018-06-12 11:08:48', NULL),
(52, 4, 12, '2018-06-12 11:08:48', '2018-06-12 11:08:48', NULL),
(53, 4, 8, '2018-06-12 11:16:00', '2018-06-12 11:48:56', '2018-06-12 11:48:56'),
(54, 4, 9, '2018-06-12 11:16:00', '2018-06-12 11:48:56', '2018-06-12 11:48:56'),
(55, 4, 2, '2018-06-12 11:16:00', '2018-06-12 11:16:00', NULL),
(56, 4, 13, '2018-06-12 11:48:56', '2018-06-15 11:08:05', '2018-06-15 11:08:05'),
(57, 4, 5, '2018-06-15 11:08:05', '2018-06-15 11:08:05', NULL),
(58, 4, 11, '2018-06-16 00:20:17', '2018-06-18 07:23:50', '2018-06-18 07:23:50'),
(59, 1, 12, '2018-06-16 00:22:40', '2018-06-16 00:22:40', NULL),
(60, 1, 15, '2018-06-18 07:03:00', '2018-06-18 07:03:00', NULL),
(61, 1, 16, '2018-06-18 07:03:00', '2018-06-18 07:03:00', NULL),
(62, 1, 17, '2018-06-18 07:03:00', '2018-06-18 07:03:00', NULL),
(63, 1, 18, '2018-06-18 07:03:00', '2018-06-18 07:03:00', NULL),
(64, 1, 23, '2018-06-18 07:10:28', '2018-06-27 09:14:05', '2018-06-27 09:14:05'),
(65, 1, 19, '2018-06-18 07:10:28', '2018-06-18 07:10:28', NULL),
(66, 1, 20, '2018-06-18 07:10:28', '2018-06-18 07:10:28', NULL),
(67, 1, 21, '2018-06-18 07:10:28', '2018-06-18 07:10:28', NULL),
(68, 1, 22, '2018-06-18 07:10:28', '2018-06-18 07:10:28', NULL),
(69, 4, 6, '2018-06-18 07:23:50', '2018-06-18 07:23:50', NULL),
(70, 4, 13, '2018-06-18 07:23:50', '2018-06-18 07:23:50', NULL),
(71, 4, 7, '2018-06-18 07:23:50', '2018-06-18 07:23:50', NULL),
(72, 4, 8, '2018-06-18 07:23:50', '2018-06-18 07:23:50', NULL),
(73, 4, 9, '2018-06-18 07:23:50', '2018-06-18 07:23:50', NULL),
(74, 1, 25, '2018-06-27 08:52:53', '2018-06-27 08:52:53', NULL),
(75, 1, 26, '2018-06-27 08:52:53', '2018-06-27 08:52:53', NULL),
(76, 1, 27, '2018-06-27 08:55:27', '2018-06-27 08:55:27', NULL),
(77, 1, 28, '2018-06-27 09:06:57', '2018-06-27 09:06:57', NULL),
(78, 1, 29, '2018-06-27 09:10:04', '2018-06-27 09:10:04', NULL),
(79, 1, 30, '2018-06-27 09:14:05', '2018-06-27 09:14:05', NULL),
(80, 1, 23, '2018-06-27 09:15:18', '2018-06-27 09:15:18', NULL);

-- --------------------------------------------------------

--
-- Table structure for table `sale_group`
--

CREATE TABLE `sale_group` (
  `id` int(11) NOT NULL,
  `name` varchar(45) NOT NULL,
  `description` varchar(255) DEFAULT NULL,
  `created_at` datetime DEFAULT NULL,
  `updated_at` datetime DEFAULT NULL,
  `deleted_at` datetime DEFAULT NULL
) ENGINE=InnoDB DEFAULT CHARSET=utf8;

--
-- Dumping data for table `sale_group`
--

INSERT INTO `sale_group` (`id`, `name`, `description`, `created_at`, `updated_at`, `deleted_at`) VALUES
(1, 'Team A', 'Team A', '2018-06-15 08:00:59', '2018-06-27 09:20:08', NULL),
(2, 'Team B', 'Team B', '2018-06-15 08:01:05', '2018-06-27 09:20:17', NULL),
(3, 'Team C', 'Team C', '2018-06-27 09:20:26', '2018-06-27 09:20:26', NULL);

-- --------------------------------------------------------

--
-- Table structure for table `source`
--

CREATE TABLE `source` (
  `id` int(11) NOT NULL,
  `name` varchar(100) DEFAULT NULL,
  `created_at` datetime DEFAULT NULL,
  `updated_at` datetime DEFAULT NULL,
  `deleted_at` datetime DEFAULT NULL
) ENGINE=InnoDB DEFAULT CHARSET=utf8;

--
-- Dumping data for table `source`
--

INSERT INTO `source` (`id`, `name`, `created_at`, `updated_at`, `deleted_at`) VALUES
(1, 'Facebook', '2018-05-21 00:00:00', '2018-05-21 00:00:00', NULL),
(2, 'Google', '2018-05-21 00:00:00', '2018-05-21 00:00:00', NULL),
(3, 'GA', '2018-05-24 12:43:08', '2018-05-24 12:43:08', NULL),
(6, 'Social', '2018-06-19 03:06:36', '2018-06-19 03:06:36', NULL);

-- --------------------------------------------------------

--
-- Table structure for table `source_channel`
--

CREATE TABLE `source_channel` (
  `id` int(11) NOT NULL,
  `source_id` int(11) NOT NULL,
  `channel_id` int(11) NOT NULL,
  `created_at` datetime NOT NULL,
  `updated_at` datetime NOT NULL,
  `deleted_at` datetime NOT NULL
) ENGINE=InnoDB DEFAULT CHARSET=utf8;

--
-- Dumping data for table `source_channel`
--

INSERT INTO `source_channel` (`id`, `source_id`, `channel_id`, `created_at`, `updated_at`, `deleted_at`) VALUES
(1, 1, 3, '2018-06-27 10:19:15', '2018-06-27 10:19:15', '0000-00-00 00:00:00'),
(2, 1, 4, '2018-06-27 10:19:15', '2018-06-27 10:19:15', '0000-00-00 00:00:00'),
(3, 1, 5, '2018-06-27 10:19:15', '2018-06-27 10:19:15', '0000-00-00 00:00:00'),
(4, 1, 8, '2018-06-27 10:19:15', '2018-06-27 10:19:15', '0000-00-00 00:00:00'),
(5, 1, 9, '2018-06-27 10:19:15', '2018-06-27 10:19:15', '0000-00-00 00:00:00'),
(6, 1, 10, '2018-06-27 10:19:15', '2018-06-27 10:19:15', '0000-00-00 00:00:00'),
(7, 1, 11, '2018-06-27 10:19:15', '2018-06-27 10:19:15', '0000-00-00 00:00:00'),
(8, 1, 12, '2018-06-27 10:19:15', '2018-06-27 10:19:15', '0000-00-00 00:00:00'),
(9, 1, 13, '2018-06-27 10:19:15', '2018-06-27 10:19:15', '0000-00-00 00:00:00'),
(10, 1, 14, '2018-06-27 10:19:15', '2018-06-27 10:19:15', '0000-00-00 00:00:00'),
(11, 1, 15, '2018-06-27 10:19:15', '2018-06-27 10:19:15', '0000-00-00 00:00:00'),
(12, 1, 16, '2018-06-27 10:19:15', '2018-06-27 10:19:15', '0000-00-00 00:00:00'),
(13, 1, 17, '2018-06-27 10:19:15', '2018-06-27 10:19:15', '0000-00-00 00:00:00'),
(14, 1, 18, '2018-06-27 10:19:15', '2018-06-27 10:19:15', '0000-00-00 00:00:00'),
(15, 1, 19, '2018-06-27 10:19:15', '2018-06-27 10:19:15', '0000-00-00 00:00:00'),
(16, 1, 20, '2018-06-27 10:19:16', '2018-06-27 10:19:16', '0000-00-00 00:00:00'),
(17, 1, 21, '2018-06-27 10:19:16', '2018-06-27 10:19:16', '0000-00-00 00:00:00'),
(18, 1, 22, '2018-06-27 10:19:16', '2018-06-27 10:19:16', '0000-00-00 00:00:00'),
(19, 1, 23, '2018-06-27 10:19:17', '2018-06-27 10:19:17', '0000-00-00 00:00:00'),
(20, 3, 24, '2018-06-27 10:19:21', '2018-06-27 10:19:21', '0000-00-00 00:00:00'),
(21, 3, 6, '2018-06-27 10:19:21', '2018-06-27 10:19:21', '0000-00-00 00:00:00'),
(22, 6, 7, '2018-06-27 10:19:21', '2018-06-27 10:19:21', '0000-00-00 00:00:00'),
(23, 6, 25, '2018-06-27 10:19:21', '2018-06-27 10:19:21', '0000-00-00 00:00:00'),
(24, 6, 26, '2018-06-27 10:19:21', '2018-06-27 10:19:21', '0000-00-00 00:00:00'),
(25, 6, 27, '2018-06-27 10:19:21', '2018-06-27 10:19:21', '0000-00-00 00:00:00');

-- --------------------------------------------------------

--
-- Table structure for table `status_call`
--

CREATE TABLE `status_call` (
  `id` int(11) NOT NULL,
  `name` varchar(100) NOT NULL,
  `description` varchar(255) NOT NULL,
  `created_at` datetime DEFAULT NULL,
  `updated_at` datetime DEFAULT NULL,
  `deleted_at` datetime DEFAULT NULL
) ENGINE=InnoDB DEFAULT CHARSET=utf8;

--
-- Dumping data for table `status_call`
--

INSERT INTO `status_call` (`id`, `name`, `description`, `created_at`, `updated_at`, `deleted_at`) VALUES
(1, 'Status call 1', 'Status call 1', '2018-05-28 00:00:00', '2018-05-28 00:00:00', NULL),
(2, 'Status call 2', 'Status call 2', '2018-05-28 00:00:00', '2018-05-28 00:00:00', NULL),
(3, 'Status call 3', 'Status call 3', '2018-05-28 00:00:00', '2018-05-28 00:00:00', NULL);

-- --------------------------------------------------------

--
-- Table structure for table `status_service`
--

CREATE TABLE `status_service` (
  `id` int(11) NOT NULL,
  `name` varchar(100) NOT NULL,
  `description` varchar(255) NOT NULL,
  `created_at` datetime DEFAULT NULL,
  `updated_at` datetime DEFAULT NULL,
  `deleted_at` datetime DEFAULT NULL
) ENGINE=InnoDB DEFAULT CHARSET=utf8;

--
-- Dumping data for table `status_service`
--

INSERT INTO `status_service` (`id`, `name`, `description`, `created_at`, `updated_at`, `deleted_at`) VALUES
(1, 'Status Service 1', 'Status Service 1', '2018-05-28 00:00:00', '2018-05-28 00:00:00', NULL),
(2, 'Status Service 2', 'Status Service 2', '2018-05-28 00:00:00', '2018-05-28 00:00:00', NULL);

-- --------------------------------------------------------

--
-- Table structure for table `temp`
--

CREATE TABLE `temp` (
  `emp_id` int(11) NOT NULL,
  `data_id` int(11) NOT NULL
) ENGINE=InnoDB DEFAULT CHARSET=utf8;

-- --------------------------------------------------------

--
-- Table structure for table `user`
--

CREATE TABLE `user` (
  `id` int(11) NOT NULL,
  `name` varchar(100) NOT NULL,
  `password` varchar(100) NOT NULL,
  `remember_token` varchar(255) DEFAULT NULL,
  `firstname` varchar(100) NOT NULL,
  `lastname` varchar(100) NOT NULL,
  `created_at` datetime DEFAULT NULL,
  `updated_at` datetime DEFAULT NULL,
  `deleted_at` datetime DEFAULT NULL
) ENGINE=InnoDB DEFAULT CHARSET=utf8;

--
-- Dumping data for table `user`
--

INSERT INTO `user` (`id`, `name`, `password`, `remember_token`, `firstname`, `lastname`, `created_at`, `updated_at`, `deleted_at`) VALUES
(1, 'admin', '$2y$10$3TflNLiqow/uoLIsqeJcTuw5Aut.SwsBithDfzGwkdQDGMDcuhZBO', 'QVUeq47AUks1CmQHImmWimnTwreI6uHisfH7u8SnpMvGoTUBHC8ZKZSzfnWA', 'adminF', 'adminL', '2018-05-08 07:38:00', '2018-05-17 12:17:27', NULL),
(22, 'sale1', '$2y$10$2q4heuHToB5o1kX/BYcNyeHAko0cIUAWLad3CQ5D0kGyRgBLUGSlK', 'WoAN2AzLquFulDqRBzLR7cCQdajI9vfnJ0xnIHGJQ5oJMEwZisXGT2v5omr9', 'Sale 1', 'LN', '2018-06-01 03:10:52', '2018-06-01 03:10:52', NULL),
(23, 'sale2', '$2y$10$JX0qtKRP98N.Piy2S.fiXeZkk.Dbat9h4ljORCOrFUp0l1V5.jnm.', NULL, 'Sale 2', 'LN', '2018-06-01 03:11:12', '2018-06-01 03:11:12', NULL),
(24, 'sale3', '$2y$10$zc0oZB2ZE6ANXGc/u6cDb.g7kvPGYACdryjBVTdvUXORD4tofejKK', NULL, 'Sale 3', 'LN', '2018-06-01 03:11:28', '2018-06-01 03:11:28', NULL),
(25, 'sale4', '$2y$10$4kpeN8u/q.qbGsQU99PYGOZ9oFIZxozrcpPu5URcDSD3gb/3r9GL6', NULL, 'Sale 4', 'LN', '2018-06-01 03:11:49', '2018-06-01 03:11:49', NULL),
(26, 'sale5', '$2y$10$oL42BYI1vqjO0odkcZ7k/e.jf50OOUVzb9BFj6XOcQgnbpuLSmVDm', NULL, 'Sale 5', 'LN', '2018-06-01 03:12:03', '2018-06-01 03:12:03', NULL),
(27, 'sale6', '$2y$10$U.JFUiOoTav8jPlCgrN8teGH10IgYGb0rqOiVWQKaohku5pgwfYb.', NULL, 'Sale6', 'LN', '2018-06-01 06:13:43', '2018-06-01 06:13:43', NULL),
(28, 'sale7', '$2y$10$UGIGpzAhuSIM9VfyDmEda.F3y0Qo2HcLXx1YscLTzsfAfuVqrf/Zu', NULL, 'Sale 7', 'LN', '2018-06-01 06:14:38', '2018-06-01 06:14:38', NULL),
(29, 'sale8', '$2y$10$cy44E0AxvnVw/E3QV/9E.e0GosLFCKP.i17HP7XFbJ8HvCWDwu9Ei', NULL, 'Sale 8', 'LN', '2018-06-01 06:14:51', '2018-06-01 06:14:51', NULL),
(30, 'sale9', '$2y$10$WYCWI9aZrn6qHRVEgUMZr.A5/Ra/dFQ9QpOo3Vl27lIm7N8lab5ti', NULL, 'Sale 9', 'LN', '2018-06-01 06:15:02', '2018-06-01 06:15:02', NULL),
(31, 'sale10', '$2y$10$.fSYQBOGKJaUpgPF57Esf.bjsN1t6x0Beop6ABxJuziD78QTNm/0i', NULL, 'Sale 10', 'LN', '2018-06-01 06:15:16', '2018-06-01 06:15:16', NULL);

-- --------------------------------------------------------

--
-- Table structure for table `user_contact`
--

CREATE TABLE `user_contact` (
  `id` int(11) NOT NULL,
  `user_id` int(11) NOT NULL,
  `contact_id` int(11) NOT NULL,
  `created_at` datetime DEFAULT NULL,
  `updated_at` datetime DEFAULT NULL,
  `deleted_at` datetime DEFAULT NULL
) ENGINE=InnoDB DEFAULT CHARSET=utf8;

--
-- Dumping data for table `user_contact`
--

INSERT INTO `user_contact` (`id`, `user_id`, `contact_id`, `created_at`, `updated_at`, `deleted_at`) VALUES
(1, 22, 186, '2018-06-27 10:13:41', '2018-06-27 10:13:41', NULL),
(2, 30, 278, '2018-06-27 10:13:41', '2018-06-27 10:13:41', NULL),
(3, 25, 30, '2018-06-27 10:13:41', '2018-06-27 10:13:41', NULL),
(4, 27, 273, '2018-06-27 10:13:41', '2018-06-27 10:13:41', NULL),
(5, 28, 770, '2018-06-27 10:13:41', '2018-06-27 10:13:41', NULL),
(6, 31, 649, '2018-06-27 10:13:41', '2018-06-27 10:13:41', NULL),
(7, 28, 250, '2018-06-27 10:13:41', '2018-06-27 10:13:41', NULL),
(8, 29, 472, '2018-06-27 10:13:41', '2018-06-27 10:13:41', NULL),
(9, 31, 58, '2018-06-27 10:13:41', '2018-06-27 10:13:41', NULL),
(10, 26, 96, '2018-06-27 10:13:41', '2018-06-27 10:13:41', NULL),
(11, 22, 502, '2018-06-27 10:13:41', '2018-06-27 10:13:41', NULL),
(12, 24, 561, '2018-06-27 10:13:41', '2018-06-27 10:13:41', NULL),
(13, 24, 72, '2018-06-27 10:13:41', '2018-06-27 10:13:41', NULL),
(14, 25, 577, '2018-06-27 10:13:41', '2018-06-27 10:13:41', NULL),
(15, 22, 144, '2018-06-27 10:13:41', '2018-06-27 10:13:41', NULL),
(16, 27, 341, '2018-06-27 10:13:41', '2018-06-27 10:13:41', NULL),
(17, 24, 464, '2018-06-27 10:13:41', '2018-06-27 10:13:41', NULL),
(18, 1, 392, '2018-06-27 10:13:41', '2018-06-27 10:13:41', NULL),
(19, 23, 163, '2018-06-27 10:13:41', '2018-06-27 10:13:41', NULL),
(20, 26, 190, '2018-06-27 10:13:41', '2018-06-27 10:13:41', NULL),
(21, 29, 616, '2018-06-27 10:13:41', '2018-06-27 10:13:41', NULL),
(22, 22, 115, '2018-06-27 10:13:41', '2018-06-27 10:13:41', NULL),
(23, 31, 733, '2018-06-27 10:13:41', '2018-06-27 10:13:41', NULL),
(24, 23, 226, '2018-06-27 10:13:41', '2018-06-27 10:13:41', NULL),
(25, 27, 668, '2018-06-27 10:13:41', '2018-06-27 10:13:41', NULL),
(26, 26, 362, '2018-06-27 10:13:41', '2018-06-27 10:13:41', NULL),
(27, 22, 434, '2018-06-27 10:13:41', '2018-06-27 10:13:41', NULL),
(28, 29, 221, '2018-06-27 10:13:41', '2018-06-27 10:13:41', NULL),
(29, 23, 253, '2018-06-27 10:13:41', '2018-06-27 10:13:41', NULL),
(30, 27, 334, '2018-06-27 10:13:41', '2018-06-27 10:13:41', NULL),
(31, 28, 39, '2018-06-27 10:13:41', '2018-06-27 10:13:41', NULL),
(32, 26, 615, '2018-06-27 10:13:41', '2018-06-27 10:13:41', NULL),
(33, 22, 630, '2018-06-27 10:13:41', '2018-06-27 10:13:41', NULL),
(34, 27, 113, '2018-06-27 10:13:41', '2018-06-27 10:13:41', NULL),
(35, 25, 128, '2018-06-27 10:13:41', '2018-06-27 10:13:41', NULL),
(36, 1, 295, '2018-06-27 10:13:41', '2018-06-27 10:13:41', NULL),
(37, 29, 728, '2018-06-27 10:13:41', '2018-06-27 10:13:41', NULL),
(38, 1, 354, '2018-06-27 10:13:41', '2018-06-27 10:13:41', NULL),
(39, 27, 678, '2018-06-27 10:13:41', '2018-06-27 10:13:41', NULL),
(40, 27, 676, '2018-06-27 10:13:41', '2018-06-27 10:13:41', NULL),
(41, 31, 709, '2018-06-27 10:13:41', '2018-06-27 10:13:41', NULL),
(42, 23, 180, '2018-06-27 10:13:41', '2018-06-27 10:13:41', NULL),
(43, 23, 395, '2018-06-27 10:13:41', '2018-06-27 10:13:41', NULL),
(44, 30, 433, '2018-06-27 10:13:41', '2018-06-27 10:13:41', NULL),
(45, 24, 80, '2018-06-27 10:13:41', '2018-06-27 10:13:41', NULL),
(46, 26, 730, '2018-06-27 10:13:41', '2018-06-27 10:13:41', NULL),
(47, 29, 557, '2018-06-27 10:13:41', '2018-06-27 10:13:41', NULL),
(48, 24, 517, '2018-06-27 10:13:41', '2018-06-27 10:13:41', NULL),
(49, 22, 210, '2018-06-27 10:13:41', '2018-06-27 10:13:41', NULL),
(50, 1, 56, '2018-06-27 10:13:41', '2018-06-27 10:13:41', NULL),
(51, 22, 762, '2018-06-27 10:13:41', '2018-06-27 10:13:41', NULL),
(52, 31, 473, '2018-06-27 10:13:41', '2018-06-27 10:13:41', NULL),
(53, 23, 205, '2018-06-27 10:13:41', '2018-06-27 10:13:41', NULL),
(54, 22, 522, '2018-06-27 10:13:41', '2018-06-27 10:13:41', NULL),
(55, 29, 327, '2018-06-27 10:13:41', '2018-06-27 10:13:41', NULL),
(56, 26, 420, '2018-06-27 10:13:41', '2018-06-27 10:13:41', NULL),
(57, 25, 765, '2018-06-27 10:13:42', '2018-06-27 10:13:42', NULL),
(58, 1, 648, '2018-06-27 10:13:42', '2018-06-27 10:13:42', NULL),
(59, 28, 306, '2018-06-27 10:13:42', '2018-06-27 10:13:42', NULL),
(60, 1, 91, '2018-06-27 10:13:42', '2018-06-27 10:13:42', NULL),
(61, 1, 550, '2018-06-27 10:13:42', '2018-06-27 10:13:42', NULL),
(62, 27, 427, '2018-06-27 10:13:42', '2018-06-27 10:13:42', NULL),
(63, 23, 185, '2018-06-27 10:13:42', '2018-06-27 10:13:42', NULL),
(64, 27, 622, '2018-06-27 10:13:42', '2018-06-27 10:13:42', NULL),
(65, 1, 547, '2018-06-27 10:13:42', '2018-06-27 10:13:42', NULL),
(66, 28, 639, '2018-06-27 10:13:42', '2018-06-27 10:13:42', NULL),
(67, 23, 495, '2018-06-27 10:13:42', '2018-06-27 10:13:42', NULL),
(68, 25, 95, '2018-06-27 10:13:42', '2018-06-27 10:13:42', NULL),
(69, 28, 716, '2018-06-27 10:13:42', '2018-06-27 10:13:42', NULL),
(70, 27, 220, '2018-06-27 10:13:42', '2018-06-27 10:13:42', NULL),
(71, 30, 503, '2018-06-27 10:13:42', '2018-06-27 10:13:42', NULL),
(72, 22, 162, '2018-06-27 10:13:42', '2018-06-27 10:13:42', NULL),
(73, 29, 263, '2018-06-27 10:13:42', '2018-06-27 10:13:42', NULL),
(74, 24, 127, '2018-06-27 10:13:42', '2018-06-27 10:13:42', NULL),
(75, 29, 658, '2018-06-27 10:13:42', '2018-06-27 10:13:42', NULL),
(76, 1, 419, '2018-06-27 10:13:42', '2018-06-27 10:13:42', NULL),
(77, 23, 22, '2018-06-27 10:13:42', '2018-06-27 10:13:42', NULL),
(78, 29, 609, '2018-06-27 10:13:42', '2018-06-27 10:13:42', NULL),
(79, 25, 110, '2018-06-27 10:13:42', '2018-06-27 10:13:42', NULL),
(80, 29, 612, '2018-06-27 10:13:42', '2018-06-27 10:13:42', NULL),
(81, 30, 515, '2018-06-27 10:13:42', '2018-06-27 10:13:42', NULL),
(82, 23, 69, '2018-06-27 10:13:42', '2018-06-27 10:13:42', NULL),
(83, 30, 172, '2018-06-27 10:13:42', '2018-06-27 10:13:42', NULL),
(84, 24, 153, '2018-06-27 10:13:42', '2018-06-27 10:13:42', NULL),
(85, 29, 686, '2018-06-27 10:13:42', '2018-06-27 10:13:42', NULL),
(86, 31, 9, '2018-06-27 10:13:42', '2018-06-27 10:13:42', NULL),
(87, 1, 129, '2018-06-27 10:13:42', '2018-06-27 10:13:42', NULL),
(88, 24, 338, '2018-06-27 10:13:42', '2018-06-27 10:13:42', NULL),
(89, 24, 74, '2018-06-27 10:13:42', '2018-06-27 10:13:42', NULL),
(90, 23, 618, '2018-06-27 10:13:42', '2018-06-27 10:13:42', NULL),
(91, 28, 46, '2018-06-27 10:13:42', '2018-06-27 10:13:42', NULL),
(92, 22, 67, '2018-06-27 10:13:42', '2018-06-27 10:13:42', NULL),
(93, 28, 149, '2018-06-27 10:13:42', '2018-06-27 10:13:42', NULL),
(94, 25, 479, '2018-06-27 10:13:42', '2018-06-27 10:13:42', NULL),
(95, 30, 274, '2018-06-27 10:13:42', '2018-06-27 10:13:42', NULL),
(96, 28, 339, '2018-06-27 10:13:42', '2018-06-27 10:13:42', NULL),
(97, 28, 207, '2018-06-27 10:13:42', '2018-06-27 10:13:42', NULL),
(98, 22, 276, '2018-06-27 10:13:42', '2018-06-27 10:13:42', NULL),
(99, 30, 481, '2018-06-27 10:13:42', '2018-06-27 10:13:42', NULL),
(100, 25, 374, '2018-06-27 10:13:42', '2018-06-27 10:13:42', NULL),
(101, 1, 324, '2018-06-27 10:13:42', '2018-06-27 10:13:42', NULL),
(102, 24, 532, '2018-06-27 10:13:42', '2018-06-27 10:13:42', NULL),
(103, 26, 685, '2018-06-27 10:13:42', '2018-06-27 10:13:42', NULL),
(104, 30, 761, '2018-06-27 10:13:42', '2018-06-27 10:13:42', NULL),
(105, 26, 284, '2018-06-27 10:13:42', '2018-06-27 10:13:42', NULL),
(106, 26, 428, '2018-06-27 10:13:42', '2018-06-27 10:13:42', NULL),
(107, 31, 602, '2018-06-27 10:13:42', '2018-06-27 10:13:42', NULL),
(108, 27, 28, '2018-06-27 10:13:42', '2018-06-27 10:13:42', NULL),
(109, 26, 700, '2018-06-27 10:13:42', '2018-06-27 10:13:42', NULL),
(110, 27, 53, '2018-06-27 10:13:42', '2018-06-27 10:13:42', NULL),
(111, 22, 340, '2018-06-27 10:13:42', '2018-06-27 10:13:42', NULL),
(112, 25, 610, '2018-06-27 10:13:42', '2018-06-27 10:13:42', NULL),
(113, 27, 213, '2018-06-27 10:13:42', '2018-06-27 10:13:42', NULL),
(114, 24, 767, '2018-06-27 10:13:42', '2018-06-27 10:13:42', NULL),
(115, 26, 343, '2018-06-27 10:13:42', '2018-06-27 10:13:42', NULL),
(116, 26, 414, '2018-06-27 10:13:42', '2018-06-27 10:13:42', NULL),
(117, 31, 120, '2018-06-27 10:13:42', '2018-06-27 10:13:42', NULL),
(118, 22, 236, '2018-06-27 10:13:42', '2018-06-27 10:13:42', NULL),
(119, 23, 674, '2018-06-27 10:13:42', '2018-06-27 10:13:42', NULL),
(120, 25, 441, '2018-06-27 10:13:42', '2018-06-27 10:13:42', NULL),
(121, 27, 372, '2018-06-27 10:13:42', '2018-06-27 10:13:42', NULL),
(122, 27, 264, '2018-06-27 10:13:42', '2018-06-27 10:13:42', NULL),
(123, 24, 216, '2018-06-27 10:13:42', '2018-06-27 10:13:42', NULL),
(124, 29, 3, '2018-06-27 10:13:42', '2018-06-27 10:13:42', NULL),
(125, 29, 452, '2018-06-27 10:13:42', '2018-06-27 10:13:42', NULL),
(126, 24, 116, '2018-06-27 10:13:42', '2018-06-27 10:13:42', NULL),
(127, 24, 119, '2018-06-27 10:13:42', '2018-06-27 10:13:42', NULL),
(128, 22, 498, '2018-06-27 10:13:43', '2018-06-27 10:13:43', NULL),
(129, 25, 533, '2018-06-27 10:13:43', '2018-06-27 10:13:43', NULL),
(130, 25, 90, '2018-06-27 10:13:43', '2018-06-27 10:13:43', NULL),
(131, 28, 61, '2018-06-27 10:13:43', '2018-06-27 10:13:43', NULL),
(132, 31, 164, '2018-06-27 10:13:43', '2018-06-27 10:13:43', NULL),
(133, 24, 21, '2018-06-27 10:13:43', '2018-06-27 10:13:43', NULL),
(134, 24, 298, '2018-06-27 10:13:43', '2018-06-27 10:13:43', NULL),
(135, 24, 151, '2018-06-27 10:13:43', '2018-06-27 10:13:43', NULL),
(136, 29, 312, '2018-06-27 10:13:43', '2018-06-27 10:13:43', NULL),
(137, 31, 352, '2018-06-27 10:13:43', '2018-06-27 10:13:43', NULL),
(138, 1, 271, '2018-06-27 10:13:43', '2018-06-27 10:13:43', NULL),
(139, 30, 758, '2018-06-27 10:13:43', '2018-06-27 10:13:43', NULL),
(140, 27, 4, '2018-06-27 10:13:43', '2018-06-27 10:13:43', NULL),
(141, 28, 507, '2018-06-27 10:13:43', '2018-06-27 10:13:43', NULL),
(142, 23, 773, '2018-06-27 10:13:43', '2018-06-27 10:13:43', NULL),
(143, 30, 608, '2018-06-27 10:13:43', '2018-06-27 10:13:43', NULL),
(144, 25, 345, '2018-06-27 10:13:43', '2018-06-27 10:13:43', NULL),
(145, 30, 336, '2018-06-27 10:13:43', '2018-06-27 10:13:43', NULL),
(146, 29, 208, '2018-06-27 10:13:43', '2018-06-27 10:13:43', NULL),
(147, 27, 607, '2018-06-27 10:13:43', '2018-06-27 10:13:43', NULL),
(148, 27, 702, '2018-06-27 10:13:43', '2018-06-27 10:13:43', NULL),
(149, 27, 294, '2018-06-27 10:13:43', '2018-06-27 10:13:43', NULL),
(150, 1, 378, '2018-06-27 10:13:43', '2018-06-27 10:13:43', NULL),
(151, 1, 586, '2018-06-27 10:13:43', '2018-06-27 10:13:43', NULL),
(152, 23, 5, '2018-06-27 10:13:43', '2018-06-27 10:13:43', NULL),
(153, 29, 206, '2018-06-27 10:13:43', '2018-06-27 10:13:43', NULL),
(154, 26, 51, '2018-06-27 10:13:43', '2018-06-27 10:13:43', NULL),
(155, 26, 84, '2018-06-27 10:13:43', '2018-06-27 10:13:43', NULL),
(156, 24, 735, '2018-06-27 10:13:43', '2018-06-27 10:13:43', NULL),
(157, 28, 15, '2018-06-27 10:13:43', '2018-06-27 10:13:43', NULL),
(158, 28, 635, '2018-06-27 10:13:43', '2018-06-27 10:13:43', NULL),
(159, 26, 628, '2018-06-27 10:13:43', '2018-06-27 10:13:43', NULL),
(160, 1, 463, '2018-06-27 10:13:43', '2018-06-27 10:13:43', NULL),
(161, 28, 140, '2018-06-27 10:13:43', '2018-06-27 10:13:43', NULL),
(162, 31, 655, '2018-06-27 10:13:43', '2018-06-27 10:13:43', NULL),
(163, 22, 422, '2018-06-27 10:13:43', '2018-06-27 10:13:43', NULL),
(164, 28, 421, '2018-06-27 10:13:43', '2018-06-27 10:13:43', NULL),
(165, 28, 135, '2018-06-27 10:13:43', '2018-06-27 10:13:43', NULL),
(166, 24, 118, '2018-06-27 10:13:43', '2018-06-27 10:13:43', NULL),
(167, 22, 617, '2018-06-27 10:13:43', '2018-06-27 10:13:43', NULL),
(168, 31, 170, '2018-06-27 10:13:43', '2018-06-27 10:13:43', NULL),
(169, 22, 646, '2018-06-27 10:13:43', '2018-06-27 10:13:43', NULL),
(170, 28, 366, '2018-06-27 10:13:43', '2018-06-27 10:13:43', NULL),
(171, 29, 779, '2018-06-27 10:13:43', '2018-06-27 10:13:43', NULL),
(172, 26, 545, '2018-06-27 10:13:43', '2018-06-27 10:13:43', NULL),
(173, 24, 386, '2018-06-27 10:13:43', '2018-06-27 10:13:43', NULL),
(174, 31, 749, '2018-06-27 10:13:43', '2018-06-27 10:13:43', NULL),
(175, 26, 731, '2018-06-27 10:13:43', '2018-06-27 10:13:43', NULL),
(176, 23, 288, '2018-06-27 10:13:43', '2018-06-27 10:13:43', NULL),
(177, 22, 201, '2018-06-27 10:13:43', '2018-06-27 10:13:43', NULL),
(178, 31, 228, '2018-06-27 10:13:43', '2018-06-27 10:13:43', NULL),
(179, 24, 382, '2018-06-27 10:13:43', '2018-06-27 10:13:43', NULL),
(180, 22, 656, '2018-06-27 10:13:43', '2018-06-27 10:13:43', NULL),
(181, 31, 103, '2018-06-27 10:13:43', '2018-06-27 10:13:43', NULL),
(182, 22, 707, '2018-06-27 10:13:43', '2018-06-27 10:13:43', NULL),
(183, 28, 62, '2018-06-27 10:13:43', '2018-06-27 10:13:43', NULL),
(184, 23, 563, '2018-06-27 10:13:43', '2018-06-27 10:13:43', NULL),
(185, 22, 424, '2018-06-27 10:13:43', '2018-06-27 10:13:43', NULL),
(186, 27, 712, '2018-06-27 10:13:43', '2018-06-27 10:13:43', NULL),
(187, 25, 570, '2018-06-27 10:13:43', '2018-06-27 10:13:43', NULL),
(188, 25, 584, '2018-06-27 10:13:43', '2018-06-27 10:13:43', NULL),
(189, 23, 44, '2018-06-27 10:13:43', '2018-06-27 10:13:43', NULL),
(190, 23, 671, '2018-06-27 10:13:43', '2018-06-27 10:13:43', NULL),
(191, 24, 227, '2018-06-27 10:13:43', '2018-06-27 10:13:43', NULL),
(192, 1, 589, '2018-06-27 10:13:43', '2018-06-27 10:13:43', NULL),
(193, 29, 525, '2018-06-27 10:13:43', '2018-06-27 10:13:43', NULL),
(194, 24, 580, '2018-06-27 10:13:43', '2018-06-27 10:13:43', NULL),
(195, 22, 257, '2018-06-27 10:13:43', '2018-06-27 10:13:43', NULL),
(196, 27, 23, '2018-06-27 10:13:43', '2018-06-27 10:13:43', NULL),
(197, 29, 150, '2018-06-27 10:13:43', '2018-06-27 10:13:43', NULL),
(198, 31, 590, '2018-06-27 10:13:43', '2018-06-27 10:13:43', NULL),
(199, 30, 255, '2018-06-27 10:13:43', '2018-06-27 10:13:43', NULL),
(200, 27, 748, '2018-06-27 10:13:43', '2018-06-27 10:13:43', NULL),
(201, 1, 196, '2018-06-27 10:13:43', '2018-06-27 10:13:43', NULL),
(202, 26, 499, '2018-06-27 10:13:43', '2018-06-27 10:13:43', NULL),
(203, 1, 583, '2018-06-27 10:13:43', '2018-06-27 10:13:43', NULL),
(204, 25, 82, '2018-06-27 10:13:43', '2018-06-27 10:13:43', NULL),
(205, 23, 26, '2018-06-27 10:13:43', '2018-06-27 10:13:43', NULL),
(206, 28, 68, '2018-06-27 10:13:43', '2018-06-27 10:13:43', NULL),
(207, 24, 160, '2018-06-27 10:13:43', '2018-06-27 10:13:43', NULL),
(208, 26, 460, '2018-06-27 10:13:43', '2018-06-27 10:13:43', NULL),
(209, 22, 757, '2018-06-27 10:13:43', '2018-06-27 10:13:43', NULL),
(210, 24, 415, '2018-06-27 10:13:43', '2018-06-27 10:13:43', NULL),
(211, 24, 242, '2018-06-27 10:13:43', '2018-06-27 10:13:43', NULL),
(212, 1, 497, '2018-06-27 10:13:43', '2018-06-27 10:13:43', NULL),
(213, 22, 496, '2018-06-27 10:13:43', '2018-06-27 10:13:43', NULL),
(214, 31, 621, '2018-06-27 10:13:43', '2018-06-27 10:13:43', NULL),
(215, 31, 524, '2018-06-27 10:13:43', '2018-06-27 10:13:43', NULL),
(216, 25, 229, '2018-06-27 10:13:43', '2018-06-27 10:13:43', NULL),
(217, 23, 726, '2018-06-27 10:13:44', '2018-06-27 10:13:44', NULL),
(218, 27, 465, '2018-06-27 10:13:44', '2018-06-27 10:13:44', NULL),
(219, 27, 57, '2018-06-27 10:13:44', '2018-06-27 10:13:44', NULL),
(220, 22, 289, '2018-06-27 10:13:44', '2018-06-27 10:13:44', NULL),
(221, 31, 476, '2018-06-27 10:13:44', '2018-06-27 10:13:44', NULL),
(222, 25, 286, '2018-06-27 10:13:44', '2018-06-27 10:13:44', NULL),
(223, 27, 644, '2018-06-27 10:13:44', '2018-06-27 10:13:44', NULL),
(224, 23, 375, '2018-06-27 10:13:44', '2018-06-27 10:13:44', NULL),
(225, 23, 598, '2018-06-27 10:13:44', '2018-06-27 10:13:44', NULL),
(226, 1, 165, '2018-06-27 10:13:44', '2018-06-27 10:13:44', NULL),
(227, 23, 76, '2018-06-27 10:13:44', '2018-06-27 10:13:44', NULL),
(228, 25, 239, '2018-06-27 10:13:44', '2018-06-27 10:13:44', NULL),
(229, 27, 10, '2018-06-27 10:13:44', '2018-06-27 10:13:44', NULL),
(230, 30, 389, '2018-06-27 10:13:44', '2018-06-27 10:13:44', NULL),
(231, 29, 42, '2018-06-27 10:13:44', '2018-06-27 10:13:44', NULL),
(232, 27, 657, '2018-06-27 10:13:44', '2018-06-27 10:13:44', NULL),
(233, 24, 429, '2018-06-27 10:13:44', '2018-06-27 10:13:44', NULL),
(234, 29, 537, '2018-06-27 10:13:44', '2018-06-27 10:13:44', NULL),
(235, 27, 642, '2018-06-27 10:13:44', '2018-06-27 10:13:44', NULL),
(236, 29, 624, '2018-06-27 10:13:44', '2018-06-27 10:13:44', NULL),
(237, 23, 500, '2018-06-27 10:13:44', '2018-06-27 10:13:44', NULL),
(238, 25, 697, '2018-06-27 10:13:44', '2018-06-27 10:13:44', NULL),
(239, 23, 703, '2018-06-27 10:13:44', '2018-06-27 10:13:44', NULL),
(240, 23, 307, '2018-06-27 10:13:44', '2018-06-27 10:13:44', NULL),
(241, 23, 405, '2018-06-27 10:13:44', '2018-06-27 10:13:44', NULL),
(242, 24, 538, '2018-06-27 10:13:44', '2018-06-27 10:13:44', NULL),
(243, 25, 63, '2018-06-27 10:13:44', '2018-06-27 10:13:44', NULL),
(244, 27, 565, '2018-06-27 10:13:44', '2018-06-27 10:13:44', NULL),
(245, 27, 326, '2018-06-27 10:13:44', '2018-06-27 10:13:44', NULL),
(246, 23, 41, '2018-06-27 10:13:44', '2018-06-27 10:13:44', NULL),
(247, 25, 402, '2018-06-27 10:13:44', '2018-06-27 10:13:44', NULL),
(248, 31, 776, '2018-06-27 10:13:44', '2018-06-27 10:13:44', NULL),
(249, 30, 393, '2018-06-27 10:13:44', '2018-06-27 10:13:44', NULL),
(250, 31, 475, '2018-06-27 10:13:44', '2018-06-27 10:13:44', NULL),
(251, 28, 603, '2018-06-27 10:13:44', '2018-06-27 10:13:44', NULL),
(252, 28, 300, '2018-06-27 10:13:44', '2018-06-27 10:13:44', NULL),
(253, 27, 670, '2018-06-27 10:13:44', '2018-06-27 10:13:44', NULL),
(254, 30, 782, '2018-06-27 10:13:44', '2018-06-27 10:13:44', NULL),
(255, 24, 191, '2018-06-27 10:13:44', '2018-06-27 10:13:44', NULL),
(256, 1, 445, '2018-06-27 10:13:44', '2018-06-27 10:13:44', NULL),
(257, 26, 718, '2018-06-27 10:13:44', '2018-06-27 10:13:44', NULL),
(258, 24, 368, '2018-06-27 10:13:44', '2018-06-27 10:13:44', NULL),
(259, 25, 249, '2018-06-27 10:13:44', '2018-06-27 10:13:44', NULL),
(260, 23, 567, '2018-06-27 10:13:44', '2018-06-27 10:13:44', NULL),
(261, 1, 548, '2018-06-27 10:13:44', '2018-06-27 10:13:44', NULL),
(262, 27, 412, '2018-06-27 10:13:44', '2018-06-27 10:13:44', NULL),
(263, 1, 297, '2018-06-27 10:13:44', '2018-06-27 10:13:44', NULL),
(264, 22, 759, '2018-06-27 10:13:44', '2018-06-27 10:13:44', NULL),
(265, 24, 194, '2018-06-27 10:13:44', '2018-06-27 10:13:44', NULL),
(266, 24, 536, '2018-06-27 10:13:44', '2018-06-27 10:13:44', NULL),
(267, 27, 575, '2018-06-27 10:13:44', '2018-06-27 10:13:44', NULL),
(268, 30, 447, '2018-06-27 10:13:44', '2018-06-27 10:13:44', NULL),
(269, 30, 564, '2018-06-27 10:13:44', '2018-06-27 10:13:44', NULL),
(270, 25, 693, '2018-06-27 10:13:44', '2018-06-27 10:13:44', NULL),
(271, 31, 654, '2018-06-27 10:13:44', '2018-06-27 10:13:44', NULL),
(272, 31, 715, '2018-06-27 10:13:44', '2018-06-27 10:13:44', NULL),
(273, 28, 751, '2018-06-27 10:13:44', '2018-06-27 10:13:44', NULL),
(274, 28, 292, '2018-06-27 10:13:44', '2018-06-27 10:13:44', NULL),
(275, 1, 117, '2018-06-27 10:13:44', '2018-06-27 10:13:44', NULL),
(276, 23, 130, '2018-06-27 10:13:44', '2018-06-27 10:13:44', NULL),
(277, 28, 456, '2018-06-27 10:13:44', '2018-06-27 10:13:44', NULL),
(278, 30, 304, '2018-06-27 10:13:44', '2018-06-27 10:13:44', NULL),
(279, 26, 14, '2018-06-27 10:13:44', '2018-06-27 10:13:44', NULL),
(280, 31, 92, '2018-06-27 10:13:44', '2018-06-27 10:13:44', NULL),
(281, 23, 724, '2018-06-27 10:13:44', '2018-06-27 10:13:44', NULL),
(282, 28, 198, '2018-06-27 10:13:44', '2018-06-27 10:13:44', NULL),
(283, 26, 137, '2018-06-27 10:13:44', '2018-06-27 10:13:44', NULL),
(284, 25, 34, '2018-06-27 10:13:44', '2018-06-27 10:13:44', NULL),
(285, 24, 444, '2018-06-27 10:13:44', '2018-06-27 10:13:44', NULL),
(286, 28, 79, '2018-06-27 10:13:44', '2018-06-27 10:13:44', NULL),
(287, 22, 606, '2018-06-27 10:13:44', '2018-06-27 10:13:44', NULL),
(288, 26, 478, '2018-06-27 10:13:44', '2018-06-27 10:13:44', NULL),
(289, 30, 318, '2018-06-27 10:13:44', '2018-06-27 10:13:44', NULL),
(290, 30, 100, '2018-06-27 10:13:44', '2018-06-27 10:13:44', NULL),
(291, 31, 544, '2018-06-27 10:13:44', '2018-06-27 10:13:44', NULL),
(292, 24, 348, '2018-06-27 10:13:45', '2018-06-27 10:13:45', NULL),
(293, 28, 181, '2018-06-27 10:13:45', '2018-06-27 10:13:45', NULL),
(294, 27, 528, '2018-06-27 10:13:45', '2018-06-27 10:13:45', NULL),
(295, 31, 596, '2018-06-27 10:13:45', '2018-06-27 10:13:45', NULL),
(296, 25, 774, '2018-06-27 10:13:45', '2018-06-27 10:13:45', NULL),
(297, 25, 314, '2018-06-27 10:13:45', '2018-06-27 10:13:45', NULL),
(298, 1, 578, '2018-06-27 10:13:45', '2018-06-27 10:13:45', NULL),
(299, 26, 73, '2018-06-27 10:13:45', '2018-06-27 10:13:45', NULL),
(300, 22, 778, '2018-06-27 10:13:45', '2018-06-27 10:13:45', NULL),
(301, 29, 296, '2018-06-27 10:13:45', '2018-06-27 10:13:45', NULL),
(302, 28, 569, '2018-06-27 10:13:45', '2018-06-27 10:13:45', NULL),
(303, 26, 592, '2018-06-27 10:13:45', '2018-06-27 10:13:45', NULL),
(304, 1, 662, '2018-06-27 10:13:45', '2018-06-27 10:13:45', NULL),
(305, 22, 694, '2018-06-27 10:13:45', '2018-06-27 10:13:45', NULL),
(306, 22, 287, '2018-06-27 10:13:45', '2018-06-27 10:13:45', NULL),
(307, 28, 753, '2018-06-27 10:13:45', '2018-06-27 10:13:45', NULL),
(308, 28, 746, '2018-06-27 10:13:45', '2018-06-27 10:13:45', NULL),
(309, 25, 17, '2018-06-27 10:13:45', '2018-06-27 10:13:45', NULL),
(310, 26, 8, '2018-06-27 10:13:45', '2018-06-27 10:13:45', NULL),
(311, 1, 627, '2018-06-27 10:13:45', '2018-06-27 10:13:45', NULL),
(312, 31, 219, '2018-06-27 10:13:45', '2018-06-27 10:13:45', NULL),
(313, 26, 459, '2018-06-27 10:13:45', '2018-06-27 10:13:45', NULL),
(314, 1, 542, '2018-06-27 10:13:45', '2018-06-27 10:13:45', NULL),
(315, 30, 36, '2018-06-27 10:13:45', '2018-06-27 10:13:45', NULL),
(316, 26, 18, '2018-06-27 10:13:45', '2018-06-27 10:13:45', NULL),
(317, 27, 408, '2018-06-27 10:13:45', '2018-06-27 10:13:45', NULL),
(318, 30, 489, '2018-06-27 10:13:45', '2018-06-27 10:13:45', NULL),
(319, 29, 661, '2018-06-27 10:13:45', '2018-06-27 10:13:45', NULL),
(320, 22, 541, '2018-06-27 10:13:45', '2018-06-27 10:13:45', NULL),
(321, 1, 534, '2018-06-27 10:13:45', '2018-06-27 10:13:45', NULL),
(322, 25, 267, '2018-06-27 10:13:45', '2018-06-27 10:13:45', NULL),
(323, 25, 579, '2018-06-27 10:13:45', '2018-06-27 10:13:45', NULL),
(324, 28, 134, '2018-06-27 10:13:45', '2018-06-27 10:13:45', NULL),
(325, 31, 303, '2018-06-27 10:13:45', '2018-06-27 10:13:45', NULL),
(326, 28, 468, '2018-06-27 10:13:45', '2018-06-27 10:13:45', NULL),
(327, 1, 593, '2018-06-27 10:13:45', '2018-06-27 10:13:45', NULL),
(328, 22, 32, '2018-06-27 10:13:45', '2018-06-27 10:13:45', NULL),
(329, 29, 546, '2018-06-27 10:13:45', '2018-06-27 10:13:45', NULL),
(330, 31, 637, '2018-06-27 10:13:45', '2018-06-27 10:13:45', NULL),
(331, 1, 75, '2018-06-27 10:13:45', '2018-06-27 10:13:45', NULL),
(332, 29, 431, '2018-06-27 10:13:45', '2018-06-27 10:13:45', NULL),
(333, 23, 265, '2018-06-27 10:13:45', '2018-06-27 10:13:45', NULL),
(334, 22, 437, '2018-06-27 10:13:45', '2018-06-27 10:13:45', NULL),
(335, 26, 33, '2018-06-27 10:13:45', '2018-06-27 10:13:45', NULL),
(336, 27, 396, '2018-06-27 10:13:45', '2018-06-27 10:13:45', NULL),
(337, 27, 687, '2018-06-27 10:13:45', '2018-06-27 10:13:45', NULL),
(338, 24, 573, '2018-06-27 10:13:45', '2018-06-27 10:13:45', NULL),
(339, 31, 309, '2018-06-27 10:13:45', '2018-06-27 10:13:45', NULL),
(340, 29, 330, '2018-06-27 10:13:45', '2018-06-27 10:13:45', NULL),
(341, 30, 390, '2018-06-27 10:13:45', '2018-06-27 10:13:45', NULL),
(342, 29, 373, '2018-06-27 10:13:45', '2018-06-27 10:13:45', NULL),
(343, 24, 346, '2018-06-27 10:13:45', '2018-06-27 10:13:45', NULL),
(344, 29, 234, '2018-06-27 10:13:45', '2018-06-27 10:13:45', NULL),
(345, 29, 102, '2018-06-27 10:13:45', '2018-06-27 10:13:45', NULL),
(346, 23, 504, '2018-06-27 10:13:45', '2018-06-27 10:13:45', NULL),
(347, 24, 254, '2018-06-27 10:13:45', '2018-06-27 10:13:45', NULL),
(348, 27, 736, '2018-06-27 10:13:45', '2018-06-27 10:13:45', NULL),
(349, 31, 59, '2018-06-27 10:13:45', '2018-06-27 10:13:45', NULL),
(350, 23, 436, '2018-06-27 10:13:45', '2018-06-27 10:13:45', NULL),
(351, 23, 356, '2018-06-27 10:13:45', '2018-06-27 10:13:45', NULL),
(352, 27, 418, '2018-06-27 10:13:45', '2018-06-27 10:13:45', NULL),
(353, 24, 361, '2018-06-27 10:13:45', '2018-06-27 10:13:45', NULL),
(354, 28, 131, '2018-06-27 10:13:45', '2018-06-27 10:13:45', NULL),
(355, 22, 266, '2018-06-27 10:13:45', '2018-06-27 10:13:45', NULL),
(356, 26, 224, '2018-06-27 10:13:45', '2018-06-27 10:13:45', NULL),
(357, 31, 24, '2018-06-27 10:13:45', '2018-06-27 10:13:45', NULL),
(358, 30, 123, '2018-06-27 10:13:45', '2018-06-27 10:13:45', NULL),
(359, 28, 94, '2018-06-27 10:13:45', '2018-06-27 10:13:45', NULL),
(360, 30, 217, '2018-06-27 10:13:45', '2018-06-27 10:13:45', NULL),
(361, 23, 651, '2018-06-27 10:13:46', '2018-06-27 10:13:46', NULL),
(362, 23, 351, '2018-06-27 10:13:46', '2018-06-27 10:13:46', NULL),
(363, 1, 189, '2018-06-27 10:13:46', '2018-06-27 10:13:46', NULL),
(364, 23, 235, '2018-06-27 10:13:46', '2018-06-27 10:13:46', NULL),
(365, 1, 112, '2018-06-27 10:13:46', '2018-06-27 10:13:46', NULL),
(366, 26, 139, '2018-06-27 10:13:46', '2018-06-27 10:13:46', NULL),
(367, 27, 620, '2018-06-27 10:13:46', '2018-06-27 10:13:46', NULL),
(368, 31, 60, '2018-06-27 10:13:46', '2018-06-27 10:13:46', NULL),
(369, 27, 7, '2018-06-27 10:13:46', '2018-06-27 10:13:46', NULL),
(370, 26, 317, '2018-06-27 10:13:46', '2018-06-27 10:13:46', NULL),
(371, 24, 409, '2018-06-27 10:13:46', '2018-06-27 10:13:46', NULL),
(372, 1, 97, '2018-06-27 10:13:46', '2018-06-27 10:13:46', NULL),
(373, 31, 145, '2018-06-27 10:13:46', '2018-06-27 10:13:46', NULL),
(374, 23, 486, '2018-06-27 10:13:46', '2018-06-27 10:13:46', NULL),
(375, 26, 215, '2018-06-27 10:13:46', '2018-06-27 10:13:46', NULL),
(376, 24, 708, '2018-06-27 10:13:46', '2018-06-27 10:13:46', NULL),
(377, 22, 595, '2018-06-27 10:13:46', '2018-06-27 10:13:46', NULL),
(378, 27, 282, '2018-06-27 10:13:46', '2018-06-27 10:13:46', NULL),
(379, 24, 31, '2018-06-27 10:13:46', '2018-06-27 10:13:46', NULL),
(380, 25, 159, '2018-06-27 10:13:46', '2018-06-27 10:13:46', NULL),
(381, 23, 551, '2018-06-27 10:13:46', '2018-06-27 10:13:46', NULL),
(382, 22, 530, '2018-06-27 10:13:46', '2018-06-27 10:13:46', NULL),
(383, 23, 238, '2018-06-27 10:13:46', '2018-06-27 10:13:46', NULL),
(384, 30, 20, '2018-06-27 10:13:46', '2018-06-27 10:13:46', NULL),
(385, 22, 66, '2018-06-27 10:13:46', '2018-06-27 10:13:46', NULL),
(386, 28, 721, '2018-06-27 10:13:46', '2018-06-27 10:13:46', NULL),
(387, 22, 175, '2018-06-27 10:13:46', '2018-06-27 10:13:46', NULL),
(388, 27, 633, '2018-06-27 10:13:46', '2018-06-27 10:13:46', NULL),
(389, 1, 771, '2018-06-27 10:13:46', '2018-06-27 10:13:46', NULL),
(390, 25, 764, '2018-06-27 10:13:46', '2018-06-27 10:13:46', NULL),
(391, 27, 469, '2018-06-27 10:13:46', '2018-06-27 10:13:46', NULL),
(392, 31, 458, '2018-06-27 10:13:46', '2018-06-27 10:13:46', NULL),
(393, 25, 243, '2018-06-27 10:13:46', '2018-06-27 10:13:46', NULL),
(394, 29, 768, '2018-06-27 10:13:46', '2018-06-27 10:13:46', NULL),
(395, 23, 673, '2018-06-27 10:13:46', '2018-06-27 10:13:46', NULL),
(396, 22, 766, '2018-06-27 10:13:46', '2018-06-27 10:13:46', NULL),
(397, 29, 197, '2018-06-27 10:13:46', '2018-06-27 10:13:46', NULL),
(398, 24, 367, '2018-06-27 10:13:46', '2018-06-27 10:13:46', NULL),
(399, 24, 308, '2018-06-27 10:13:46', '2018-06-27 10:13:46', NULL),
(400, 25, 167, '2018-06-27 10:13:46', '2018-06-27 10:13:46', NULL),
(401, 30, 470, '2018-06-27 10:13:46', '2018-06-27 10:13:46', NULL),
(402, 29, 13, '2018-06-27 10:13:46', '2018-06-27 10:13:46', NULL),
(403, 31, 40, '2018-06-27 10:13:46', '2018-06-27 10:13:46', NULL),
(404, 30, 138, '2018-06-27 10:13:46', '2018-06-27 10:13:46', NULL),
(405, 26, 738, '2018-06-27 10:13:46', '2018-06-27 10:13:46', NULL),
(406, 23, 365, '2018-06-27 10:13:46', '2018-06-27 10:13:46', NULL),
(407, 24, 370, '2018-06-27 10:13:46', '2018-06-27 10:13:46', NULL),
(408, 28, 763, '2018-06-27 10:13:46', '2018-06-27 10:13:46', NULL),
(409, 28, 680, '2018-06-27 10:13:46', '2018-06-27 10:13:46', NULL),
(410, 29, 560, '2018-06-27 10:13:46', '2018-06-27 10:13:46', NULL),
(411, 24, 555, '2018-06-27 10:13:46', '2018-06-27 10:13:46', NULL),
(412, 23, 647, '2018-06-27 10:13:46', '2018-06-27 10:13:46', NULL),
(413, 22, 426, '2018-06-27 10:13:46', '2018-06-27 10:13:46', NULL),
(414, 27, 692, '2018-06-27 10:13:46', '2018-06-27 10:13:46', NULL),
(415, 1, 508, '2018-06-27 10:13:46', '2018-06-27 10:13:46', NULL),
(416, 22, 754, '2018-06-27 10:13:46', '2018-06-27 10:13:46', NULL),
(417, 31, 701, '2018-06-27 10:13:46', '2018-06-27 10:13:46', NULL),
(418, 22, 98, '2018-06-27 10:13:46', '2018-06-27 10:13:46', NULL),
(419, 1, 660, '2018-06-27 10:13:46', '2018-06-27 10:13:46', NULL),
(420, 30, 675, '2018-06-27 10:13:46', '2018-06-27 10:13:46', NULL),
(421, 24, 142, '2018-06-27 10:13:46', '2018-06-27 10:13:46', NULL),
(422, 23, 320, '2018-06-27 10:13:46', '2018-06-27 10:13:46', NULL),
(423, 25, 491, '2018-06-27 10:13:46', '2018-06-27 10:13:46', NULL),
(424, 22, 484, '2018-06-27 10:13:46', '2018-06-27 10:13:46', NULL),
(425, 31, 262, '2018-06-27 10:13:46', '2018-06-27 10:13:46', NULL),
(426, 25, 760, '2018-06-27 10:13:46', '2018-06-27 10:13:46', NULL),
(427, 1, 413, '2018-06-27 10:13:46', '2018-06-27 10:13:46', NULL),
(428, 28, 783, '2018-06-27 10:13:46', '2018-06-27 10:13:46', NULL),
(429, 1, 446, '2018-06-27 10:13:46', '2018-06-27 10:13:46', NULL),
(430, 31, 449, '2018-06-27 10:13:46', '2018-06-27 10:13:46', NULL),
(431, 30, 29, '2018-06-27 10:13:46', '2018-06-27 10:13:46', NULL),
(432, 24, 251, '2018-06-27 10:13:46', '2018-06-27 10:13:46', NULL),
(433, 1, 417, '2018-06-27 10:13:47', '2018-06-27 10:13:47', NULL),
(434, 27, 513, '2018-06-27 10:13:47', '2018-06-27 10:13:47', NULL),
(435, 22, 376, '2018-06-27 10:13:47', '2018-06-27 10:13:47', NULL),
(436, 24, 523, '2018-06-27 10:13:47', '2018-06-27 10:13:47', NULL),
(437, 28, 451, '2018-06-27 10:13:47', '2018-06-27 10:13:47', NULL),
(438, 25, 65, '2018-06-27 10:13:47', '2018-06-27 10:13:47', NULL),
(439, 1, 27, '2018-06-27 10:13:47', '2018-06-27 10:13:47', NULL),
(440, 26, 357, '2018-06-27 10:13:47', '2018-06-27 10:13:47', NULL),
(441, 31, 322, '2018-06-27 10:13:47', '2018-06-27 10:13:47', NULL),
(442, 29, 403, '2018-06-27 10:13:47', '2018-06-27 10:13:47', NULL),
(443, 24, 136, '2018-06-27 10:13:47', '2018-06-27 10:13:47', NULL),
(444, 27, 199, '2018-06-27 10:13:47', '2018-06-27 10:13:47', NULL),
(445, 24, 614, '2018-06-27 10:13:47', '2018-06-27 10:13:47', NULL),
(446, 23, 204, '2018-06-27 10:13:47', '2018-06-27 10:13:47', NULL),
(447, 1, 78, '2018-06-27 10:13:47', '2018-06-27 10:13:47', NULL),
(448, 25, 154, '2018-06-27 10:13:47', '2018-06-27 10:13:47', NULL),
(449, 30, 643, '2018-06-27 10:13:47', '2018-06-27 10:13:47', NULL),
(450, 30, 683, '2018-06-27 10:13:47', '2018-06-27 10:13:47', NULL),
(451, 24, 174, '2018-06-27 10:13:47', '2018-06-27 10:13:47', NULL),
(452, 23, 665, '2018-06-27 10:13:47', '2018-06-27 10:13:47', NULL),
(453, 28, 695, '2018-06-27 10:13:47', '2018-06-27 10:13:47', NULL),
(454, 31, 719, '2018-06-27 10:13:47', '2018-06-27 10:13:47', NULL),
(455, 26, 742, '2018-06-27 10:13:47', '2018-06-27 10:13:47', NULL),
(456, 29, 192, '2018-06-27 10:13:47', '2018-06-27 10:13:47', NULL),
(457, 27, 689, '2018-06-27 10:13:47', '2018-06-27 10:13:47', NULL),
(458, 1, 450, '2018-06-27 10:13:47', '2018-06-27 10:13:47', NULL),
(459, 23, 440, '2018-06-27 10:13:47', '2018-06-27 10:13:47', NULL),
(460, 29, 741, '2018-06-27 10:13:47', '2018-06-27 10:13:47', NULL),
(461, 31, 363, '2018-06-27 10:13:47', '2018-06-27 10:13:47', NULL),
(462, 27, 225, '2018-06-27 10:13:47', '2018-06-27 10:13:47', NULL),
(463, 25, 531, '2018-06-27 10:13:47', '2018-06-27 10:13:47', NULL),
(464, 28, 52, '2018-06-27 10:13:47', '2018-06-27 10:13:47', NULL),
(465, 25, 443, '2018-06-27 10:13:47', '2018-06-27 10:13:47', NULL),
(466, 30, 316, '2018-06-27 10:13:47', '2018-06-27 10:13:47', NULL),
(467, 1, 439, '2018-06-27 10:13:47', '2018-06-27 10:13:47', NULL),
(468, 28, 176, '2018-06-27 10:13:47', '2018-06-27 10:13:47', NULL),
(469, 23, 200, '2018-06-27 10:13:47', '2018-06-27 10:13:47', NULL),
(470, 23, 260, '2018-06-27 10:13:47', '2018-06-27 10:13:47', NULL),
(471, 23, 325, '2018-06-27 10:13:47', '2018-06-27 10:13:47', NULL),
(472, 25, 211, '2018-06-27 10:13:47', '2018-06-27 10:13:47', NULL),
(473, 22, 588, '2018-06-27 10:13:47', '2018-06-27 10:13:47', NULL),
(474, 30, 425, '2018-06-27 10:13:47', '2018-06-27 10:13:47', NULL),
(475, 31, 743, '2018-06-27 10:13:47', '2018-06-27 10:13:47', NULL),
(476, 29, 521, '2018-06-27 10:13:47', '2018-06-27 10:13:47', NULL),
(477, 29, 277, '2018-06-27 10:13:47', '2018-06-27 10:13:47', NULL),
(478, 25, 585, '2018-06-27 10:13:47', '2018-06-27 10:13:47', NULL),
(479, 22, 321, '2018-06-27 10:13:47', '2018-06-27 10:13:47', NULL),
(480, 1, 488, '2018-06-27 10:13:47', '2018-06-27 10:13:47', NULL),
(481, 25, 527, '2018-06-27 10:13:47', '2018-06-27 10:13:47', NULL),
(482, 31, 780, '2018-06-27 10:13:47', '2018-06-27 10:13:47', NULL),
(483, 24, 64, '2018-06-27 10:13:47', '2018-06-27 10:13:47', NULL),
(484, 22, 407, '2018-06-27 10:13:47', '2018-06-27 10:13:47', NULL),
(485, 23, 371, '2018-06-27 10:13:47', '2018-06-27 10:13:47', NULL),
(486, 28, 2, '2018-06-27 10:13:47', '2018-06-27 10:13:47', NULL),
(487, 28, 604, '2018-06-27 10:13:47', '2018-06-27 10:13:47', NULL),
(488, 24, 659, '2018-06-27 10:13:47', '2018-06-27 10:13:47', NULL),
(489, 27, 152, '2018-06-27 10:13:47', '2018-06-27 10:13:47', NULL),
(490, 25, 184, '2018-06-27 10:13:47', '2018-06-27 10:13:47', NULL),
(491, 23, 611, '2018-06-27 10:13:47', '2018-06-27 10:13:47', NULL),
(492, 28, 246, '2018-06-27 10:13:47', '2018-06-27 10:13:47', NULL),
(493, 30, 319, '2018-06-27 10:13:47', '2018-06-27 10:13:47', NULL),
(494, 27, 744, '2018-06-27 10:13:47', '2018-06-27 10:13:47', NULL),
(495, 29, 379, '2018-06-27 10:13:47', '2018-06-27 10:13:47', NULL),
(496, 31, 482, '2018-06-27 10:13:47', '2018-06-27 10:13:47', NULL),
(497, 26, 400, '2018-06-27 10:13:47', '2018-06-27 10:13:47', NULL),
(498, 28, 50, '2018-06-27 10:13:47', '2018-06-27 10:13:47', NULL),
(499, 22, 156, '2018-06-27 10:13:47', '2018-06-27 10:13:47', NULL),
(500, 28, 750, '2018-06-27 10:13:47', '2018-06-27 10:13:47', NULL),
(501, 28, 677, '2018-06-27 10:13:47', '2018-06-27 10:13:47', NULL),
(502, 24, 535, '2018-06-27 10:13:47', '2018-06-27 10:13:47', NULL),
(503, 30, 462, '2018-06-27 10:13:47', '2018-06-27 10:13:47', NULL),
(504, 25, 714, '2018-06-27 10:13:47', '2018-06-27 10:13:47', NULL),
(505, 26, 315, '2018-06-27 10:13:47', '2018-06-27 10:13:47', NULL),
(506, 1, 223, '2018-06-27 10:13:47', '2018-06-27 10:13:47', NULL),
(507, 22, 556, '2018-06-27 10:13:47', '2018-06-27 10:13:47', NULL),
(508, 30, 202, '2018-06-27 10:13:48', '2018-06-27 10:13:48', NULL),
(509, 29, 381, '2018-06-27 10:13:48', '2018-06-27 10:13:48', NULL),
(510, 23, 549, '2018-06-27 10:13:48', '2018-06-27 10:13:48', NULL),
(511, 23, 141, '2018-06-27 10:13:48', '2018-06-27 10:13:48', NULL),
(512, 27, 739, '2018-06-27 10:13:48', '2018-06-27 10:13:48', NULL),
(513, 29, 501, '2018-06-27 10:13:48', '2018-06-27 10:13:48', NULL),
(514, 30, 350, '2018-06-27 10:13:48', '2018-06-27 10:13:48', NULL),
(515, 31, 518, '2018-06-27 10:13:48', '2018-06-27 10:13:48', NULL),
(516, 23, 572, '2018-06-27 10:13:48', '2018-06-27 10:13:48', NULL),
(517, 23, 490, '2018-06-27 10:13:48', '2018-06-27 10:13:48', NULL),
(518, 23, 559, '2018-06-27 10:13:48', '2018-06-27 10:13:48', NULL),
(519, 27, 740, '2018-06-27 10:13:48', '2018-06-27 10:13:48', NULL),
(520, 28, 203, '2018-06-27 10:13:48', '2018-06-27 10:13:48', NULL),
(521, 30, 466, '2018-06-27 10:13:48', '2018-06-27 10:13:48', NULL),
(522, 22, 529, '2018-06-27 10:13:48', '2018-06-27 10:13:48', NULL),
(523, 26, 19, '2018-06-27 10:13:48', '2018-06-27 10:13:48', NULL),
(524, 30, 722, '2018-06-27 10:13:48', '2018-06-27 10:13:48', NULL),
(525, 30, 438, '2018-06-27 10:13:48', '2018-06-27 10:13:48', NULL),
(526, 25, 155, '2018-06-27 10:13:48', '2018-06-27 10:13:48', NULL),
(527, 28, 99, '2018-06-27 10:13:48', '2018-06-27 10:13:48', NULL),
(528, 24, 126, '2018-06-27 10:13:48', '2018-06-27 10:13:48', NULL),
(529, 22, 105, '2018-06-27 10:13:48', '2018-06-27 10:13:48', NULL),
(530, 1, 599, '2018-06-27 10:13:48', '2018-06-27 10:13:48', NULL),
(531, 29, 613, '2018-06-27 10:13:48', '2018-06-27 10:13:48', NULL),
(532, 1, 554, '2018-06-27 10:13:48', '2018-06-27 10:13:48', NULL),
(533, 25, 48, '2018-06-27 10:13:48', '2018-06-27 10:13:48', NULL),
(534, 29, 720, '2018-06-27 10:13:48', '2018-06-27 10:13:48', NULL),
(535, 31, 54, '2018-06-27 10:13:48', '2018-06-27 10:13:48', NULL),
(536, 26, 672, '2018-06-27 10:13:48', '2018-06-27 10:13:48', NULL),
(537, 31, 171, '2018-06-27 10:13:48', '2018-06-27 10:13:48', NULL),
(538, 23, 631, '2018-06-27 10:13:48', '2018-06-27 10:13:48', NULL),
(539, 28, 122, '2018-06-27 10:13:48', '2018-06-27 10:13:48', NULL),
(540, 28, 394, '2018-06-27 10:13:48', '2018-06-27 10:13:48', NULL),
(541, 24, 147, '2018-06-27 10:13:48', '2018-06-27 10:13:48', NULL),
(542, 1, 35, '2018-06-27 10:13:48', '2018-06-27 10:13:48', NULL),
(543, 25, 331, '2018-06-27 10:13:48', '2018-06-27 10:13:48', NULL),
(544, 22, 329, '2018-06-27 10:13:48', '2018-06-27 10:13:48', NULL),
(545, 25, 483, '2018-06-27 10:13:48', '2018-06-27 10:13:48', NULL),
(546, 22, 104, '2018-06-27 10:13:48', '2018-06-27 10:13:48', NULL),
(547, 22, 283, '2018-06-27 10:13:48', '2018-06-27 10:13:48', NULL),
(548, 23, 781, '2018-06-27 10:13:48', '2018-06-27 10:13:48', NULL),
(549, 28, 195, '2018-06-27 10:13:48', '2018-06-27 10:13:48', NULL),
(550, 25, 713, '2018-06-27 10:13:48', '2018-06-27 10:13:48', NULL),
(551, 29, 337, '2018-06-27 10:13:48', '2018-06-27 10:13:48', NULL),
(552, 27, 430, '2018-06-27 10:13:48', '2018-06-27 10:13:48', NULL),
(553, 26, 293, '2018-06-27 10:13:48', '2018-06-27 10:13:48', NULL),
(554, 24, 514, '2018-06-27 10:13:48', '2018-06-27 10:13:48', NULL),
(555, 23, 182, '2018-06-27 10:13:48', '2018-06-27 10:13:48', NULL),
(556, 27, 364, '2018-06-27 10:13:48', '2018-06-27 10:13:48', NULL),
(557, 27, 248, '2018-06-27 10:13:48', '2018-06-27 10:13:48', NULL),
(558, 25, 342, '2018-06-27 10:13:48', '2018-06-27 10:13:48', NULL),
(559, 28, 725, '2018-06-27 10:13:48', '2018-06-27 10:13:48', NULL),
(560, 24, 55, '2018-06-27 10:13:48', '2018-06-27 10:13:48', NULL),
(561, 26, 511, '2018-06-27 10:13:48', '2018-06-27 10:13:48', NULL),
(562, 28, 11, '2018-06-27 10:13:48', '2018-06-27 10:13:48', NULL),
(563, 29, 193, '2018-06-27 10:13:48', '2018-06-27 10:13:48', NULL),
(564, 31, 333, '2018-06-27 10:13:48', '2018-06-27 10:13:48', NULL),
(565, 28, 101, '2018-06-27 10:13:48', '2018-06-27 10:13:48', NULL),
(566, 31, 457, '2018-06-27 10:13:48', '2018-06-27 10:13:48', NULL),
(567, 31, 480, '2018-06-27 10:13:48', '2018-06-27 10:13:48', NULL),
(568, 31, 526, '2018-06-27 10:13:48', '2018-06-27 10:13:48', NULL),
(569, 31, 591, '2018-06-27 10:13:48', '2018-06-27 10:13:48', NULL),
(570, 26, 512, '2018-06-27 10:13:48', '2018-06-27 10:13:48', NULL),
(571, 27, 173, '2018-06-27 10:13:48', '2018-06-27 10:13:48', NULL),
(572, 1, 406, '2018-06-27 10:13:48', '2018-06-27 10:13:48', NULL),
(573, 29, 638, '2018-06-27 10:13:48', '2018-06-27 10:13:48', NULL),
(574, 28, 663, '2018-06-27 10:13:48', '2018-06-27 10:13:48', NULL),
(575, 25, 696, '2018-06-27 10:13:48', '2018-06-27 10:13:48', NULL),
(576, 30, 355, '2018-06-27 10:13:48', '2018-06-27 10:13:48', NULL),
(577, 27, 520, '2018-06-27 10:13:48', '2018-06-27 10:13:48', NULL),
(578, 23, 240, '2018-06-27 10:13:48', '2018-06-27 10:13:48', NULL),
(579, 31, 505, '2018-06-27 10:13:48', '2018-06-27 10:13:48', NULL),
(580, 29, 398, '2018-06-27 10:13:48', '2018-06-27 10:13:48', NULL),
(581, 28, 93, '2018-06-27 10:13:48', '2018-06-27 10:13:48', NULL),
(582, 1, 448, '2018-06-27 10:13:48', '2018-06-27 10:13:48', NULL),
(583, 22, 455, '2018-06-27 10:13:48', '2018-06-27 10:13:48', NULL),
(584, 23, 487, '2018-06-27 10:13:48', '2018-06-27 10:13:48', NULL),
(585, 27, 756, '2018-06-27 10:13:49', '2018-06-27 10:13:49', NULL),
(586, 1, 737, '2018-06-27 10:13:49', '2018-06-27 10:13:49', NULL),
(587, 30, 601, '2018-06-27 10:13:49', '2018-06-27 10:13:49', NULL),
(588, 30, 231, '2018-06-27 10:13:49', '2018-06-27 10:13:49', NULL),
(589, 31, 752, '2018-06-27 10:13:49', '2018-06-27 10:13:49', NULL),
(590, 1, 244, '2018-06-27 10:13:49', '2018-06-27 10:13:49', NULL),
(591, 23, 353, '2018-06-27 10:13:49', '2018-06-27 10:13:49', NULL),
(592, 24, 711, '2018-06-27 10:13:49', '2018-06-27 10:13:49', NULL),
(593, 25, 571, '2018-06-27 10:13:49', '2018-06-27 10:13:49', NULL),
(594, 23, 377, '2018-06-27 10:13:49', '2018-06-27 10:13:49', NULL),
(595, 30, 682, '2018-06-27 10:13:49', '2018-06-27 10:13:49', NULL),
(596, 30, 125, '2018-06-27 10:13:49', '2018-06-27 10:13:49', NULL),
(597, 25, 237, '2018-06-27 10:13:49', '2018-06-27 10:13:49', NULL),
(598, 28, 729, '2018-06-27 10:13:49', '2018-06-27 10:13:49', NULL),
(599, 29, 47, '2018-06-27 10:13:49', '2018-06-27 10:13:49', NULL),
(600, 1, 679, '2018-06-27 10:13:49', '2018-06-27 10:13:49', NULL),
(601, 24, 230, '2018-06-27 10:13:49', '2018-06-27 10:13:49', NULL),
(602, 28, 684, '2018-06-27 10:13:49', '2018-06-27 10:13:49', NULL),
(603, 31, 471, '2018-06-27 10:13:49', '2018-06-27 10:13:49', NULL),
(604, 25, 311, '2018-06-27 10:13:49', '2018-06-27 10:13:49', NULL),
(605, 28, 6, '2018-06-27 10:13:49', '2018-06-27 10:13:49', NULL),
(606, 22, 587, '2018-06-27 10:13:49', '2018-06-27 10:13:49', NULL),
(607, 28, 313, '2018-06-27 10:13:49', '2018-06-27 10:13:49', NULL),
(608, 22, 645, '2018-06-27 10:13:49', '2018-06-27 10:13:49', NULL),
(609, 26, 328, '2018-06-27 10:13:49', '2018-06-27 10:13:49', NULL),
(610, 1, 86, '2018-06-27 10:13:49', '2018-06-27 10:13:49', NULL),
(611, 30, 594, '2018-06-27 10:13:49', '2018-06-27 10:13:49', NULL),
(612, 24, 698, '2018-06-27 10:13:49', '2018-06-27 10:13:49', NULL),
(613, 23, 245, '2018-06-27 10:13:49', '2018-06-27 10:13:49', NULL),
(614, 28, 769, '2018-06-27 10:13:49', '2018-06-27 10:13:49', NULL),
(615, 30, 43, '2018-06-27 10:13:49', '2018-06-27 10:13:49', NULL),
(616, 27, 269, '2018-06-27 10:13:49', '2018-06-27 10:13:49', NULL),
(617, 28, 88, '2018-06-27 10:13:49', '2018-06-27 10:13:49', NULL),
(618, 23, 12, '2018-06-27 10:13:49', '2018-06-27 10:13:49', NULL),
(619, 26, 114, '2018-06-27 10:13:49', '2018-06-27 10:13:49', NULL),
(620, 25, 710, '2018-06-27 10:13:49', '2018-06-27 10:13:49', NULL),
(621, 28, 146, '2018-06-27 10:13:49', '2018-06-27 10:13:49', NULL),
(622, 1, 653, '2018-06-27 10:13:49', '2018-06-27 10:13:49', NULL),
(623, 27, 467, '2018-06-27 10:13:49', '2018-06-27 10:13:49', NULL),
(624, 1, 108, '2018-06-27 10:13:49', '2018-06-27 10:13:49', NULL),
(625, 26, 209, '2018-06-27 10:13:49', '2018-06-27 10:13:49', NULL),
(626, 30, 625, '2018-06-27 10:13:49', '2018-06-27 10:13:49', NULL),
(627, 30, 388, '2018-06-27 10:13:49', '2018-06-27 10:13:49', NULL),
(628, 26, 279, '2018-06-27 10:13:49', '2018-06-27 10:13:49', NULL),
(629, 22, 727, '2018-06-27 10:13:49', '2018-06-27 10:13:49', NULL),
(630, 1, 168, '2018-06-27 10:13:49', '2018-06-27 10:13:49', NULL),
(631, 24, 323, '2018-06-27 10:13:49', '2018-06-27 10:13:49', NULL),
(632, 22, 745, '2018-06-27 10:13:49', '2018-06-27 10:13:49', NULL),
(633, 26, 442, '2018-06-27 10:13:49', '2018-06-27 10:13:49', NULL),
(634, 29, 16, '2018-06-27 10:13:49', '2018-06-27 10:13:49', NULL),
(635, 26, 539, '2018-06-27 10:13:49', '2018-06-27 10:13:49', NULL),
(636, 22, 252, '2018-06-27 10:13:49', '2018-06-27 10:13:49', NULL),
(637, 22, 566, '2018-06-27 10:13:49', '2018-06-27 10:13:49', NULL),
(638, 22, 258, '2018-06-27 10:13:49', '2018-06-27 10:13:49', NULL),
(639, 25, 775, '2018-06-27 10:13:49', '2018-06-27 10:13:49', NULL),
(640, 29, 214, '2018-06-27 10:13:49', '2018-06-27 10:13:49', NULL),
(641, 23, 509, '2018-06-27 10:13:49', '2018-06-27 10:13:49', NULL),
(642, 31, 723, '2018-06-27 10:13:49', '2018-06-27 10:13:49', NULL),
(643, 31, 568, '2018-06-27 10:13:49', '2018-06-27 10:13:49', NULL),
(644, 29, 574, '2018-06-27 10:13:49', '2018-06-27 10:13:49', NULL),
(645, 1, 582, '2018-06-27 10:13:49', '2018-06-27 10:13:49', NULL),
(646, 30, 1, '2018-06-27 10:13:49', '2018-06-27 10:13:49', NULL),
(647, 28, 188, '2018-06-27 10:13:49', '2018-06-27 10:13:49', NULL),
(648, 27, 310, '2018-06-27 10:13:49', '2018-06-27 10:13:49', NULL),
(649, 24, 634, '2018-06-27 10:13:49', '2018-06-27 10:13:49', NULL),
(650, 24, 49, '2018-06-27 10:13:49', '2018-06-27 10:13:49', NULL),
(651, 23, 77, '2018-06-27 10:13:49', '2018-06-27 10:13:49', NULL),
(652, 24, 410, '2018-06-27 10:13:49', '2018-06-27 10:13:49', NULL),
(653, 26, 270, '2018-06-27 10:13:49', '2018-06-27 10:13:49', NULL),
(654, 26, 493, '2018-06-27 10:13:49', '2018-06-27 10:13:49', NULL),
(655, 1, 360, '2018-06-27 10:13:49', '2018-06-27 10:13:49', NULL),
(656, 22, 218, '2018-06-27 10:13:49', '2018-06-27 10:13:49', NULL),
(657, 23, 619, '2018-06-27 10:13:49', '2018-06-27 10:13:49', NULL),
(658, 30, 623, '2018-06-27 10:13:49', '2018-06-27 10:13:49', NULL),
(659, 25, 706, '2018-06-27 10:13:50', '2018-06-27 10:13:50', NULL),
(660, 23, 384, '2018-06-27 10:13:50', '2018-06-27 10:13:50', NULL),
(661, 30, 256, '2018-06-27 10:13:50', '2018-06-27 10:13:50', NULL),
(662, 27, 641, '2018-06-27 10:13:50', '2018-06-27 10:13:50', NULL),
(663, 22, 344, '2018-06-27 10:13:50', '2018-06-27 10:13:50', NULL),
(664, 29, 241, '2018-06-27 10:13:50', '2018-06-27 10:13:50', NULL),
(665, 22, 562, '2018-06-27 10:13:50', '2018-06-27 10:13:50', NULL),
(666, 29, 158, '2018-06-27 10:13:50', '2018-06-27 10:13:50', NULL),
(667, 26, 222, '2018-06-27 10:13:50', '2018-06-27 10:13:50', NULL),
(668, 26, 494, '2018-06-27 10:13:50', '2018-06-27 10:13:50', NULL),
(669, 26, 347, '2018-06-27 10:13:50', '2018-06-27 10:13:50', NULL),
(670, 25, 666, '2018-06-27 10:13:50', '2018-06-27 10:13:50', NULL),
(671, 31, 688, '2018-06-27 10:13:50', '2018-06-27 10:13:50', NULL),
(672, 26, 747, '2018-06-27 10:13:50', '2018-06-27 10:13:50', NULL),
(673, 25, 212, '2018-06-27 10:13:50', '2018-06-27 10:13:50', NULL),
(674, 29, 89, '2018-06-27 10:13:50', '2018-06-27 10:13:50', NULL),
(675, 27, 268, '2018-06-27 10:13:50', '2018-06-27 10:13:50', NULL),
(676, 23, 161, '2018-06-27 10:13:50', '2018-06-27 10:13:50', NULL),
(677, 22, 359, '2018-06-27 10:13:50', '2018-06-27 10:13:50', NULL),
(678, 26, 143, '2018-06-27 10:13:50', '2018-06-27 10:13:50', NULL),
(679, 26, 187, '2018-06-27 10:13:50', '2018-06-27 10:13:50', NULL),
(680, 27, 280, '2018-06-27 10:13:50', '2018-06-27 10:13:50', NULL),
(681, 1, 492, '2018-06-27 10:13:50', '2018-06-27 10:13:50', NULL),
(682, 27, 291, '2018-06-27 10:13:50', '2018-06-27 10:13:50', NULL),
(683, 27, 755, '2018-06-27 10:13:50', '2018-06-27 10:13:50', NULL),
(684, 31, 474, '2018-06-27 10:13:50', '2018-06-27 10:13:50', NULL),
(685, 29, 272, '2018-06-27 10:13:50', '2018-06-27 10:13:50', NULL),
(686, 25, 506, '2018-06-27 10:13:50', '2018-06-27 10:13:50', NULL),
(687, 30, 552, '2018-06-27 10:13:50', '2018-06-27 10:13:50', NULL),
(688, 25, 416, '2018-06-27 10:13:50', '2018-06-27 10:13:50', NULL),
(689, 31, 332, '2018-06-27 10:13:50', '2018-06-27 10:13:50', NULL),
(690, 25, 121, '2018-06-27 10:13:50', '2018-06-27 10:13:50', NULL),
(691, 22, 87, '2018-06-27 10:13:50', '2018-06-27 10:13:50', NULL),
(692, 23, 600, '2018-06-27 10:13:50', '2018-06-27 10:13:50', NULL),
(693, 22, 247, '2018-06-27 10:13:50', '2018-06-27 10:13:50', NULL),
(694, 31, 558, '2018-06-27 10:13:50', '2018-06-27 10:13:50', NULL),
(695, 30, 301, '2018-06-27 10:13:50', '2018-06-27 10:13:50', NULL),
(696, 29, 690, '2018-06-27 10:13:50', '2018-06-27 10:13:50', NULL),
(697, 22, 632, '2018-06-27 10:13:50', '2018-06-27 10:13:50', NULL),
(698, 29, 179, '2018-06-27 10:13:50', '2018-06-27 10:13:50', NULL),
(699, 25, 543, '2018-06-27 10:13:50', '2018-06-27 10:13:50', NULL),
(700, 29, 124, '2018-06-27 10:13:50', '2018-06-27 10:13:50', NULL),
(701, 1, 699, '2018-06-27 10:13:50', '2018-06-27 10:13:50', NULL),
(702, 29, 233, '2018-06-27 10:13:50', '2018-06-27 10:13:50', NULL),
(703, 26, 166, '2018-06-27 10:13:50', '2018-06-27 10:13:50', NULL),
(704, 28, 183, '2018-06-27 10:13:50', '2018-06-27 10:13:50', NULL),
(705, 1, 777, '2018-06-27 10:13:50', '2018-06-27 10:13:50', NULL),
(706, 28, 540, '2018-06-27 10:13:50', '2018-06-27 10:13:50', NULL),
(707, 27, 109, '2018-06-27 10:13:50', '2018-06-27 10:13:50', NULL),
(708, 22, 626, '2018-06-27 10:13:50', '2018-06-27 10:13:50', NULL),
(709, 26, 261, '2018-06-27 10:13:50', '2018-06-27 10:13:50', NULL),
(710, 23, 107, '2018-06-27 10:13:50', '2018-06-27 10:13:50', NULL),
(711, 1, 454, '2018-06-27 10:13:50', '2018-06-27 10:13:50', NULL),
(712, 30, 133, '2018-06-27 10:13:50', '2018-06-27 10:13:50', NULL),
(713, 28, 399, '2018-06-27 10:13:50', '2018-06-27 10:13:50', NULL),
(714, 28, 397, '2018-06-27 10:13:50', '2018-06-27 10:13:50', NULL),
(715, 25, 38, '2018-06-27 10:13:50', '2018-06-27 10:13:50', NULL),
(716, 22, 636, '2018-06-27 10:13:50', '2018-06-27 10:13:50', NULL),
(717, 29, 385, '2018-06-27 10:13:50', '2018-06-27 10:13:50', NULL),
(718, 29, 629, '2018-06-27 10:13:50', '2018-06-27 10:13:50', NULL),
(719, 1, 157, '2018-06-27 10:13:50', '2018-06-27 10:13:50', NULL),
(720, 28, 453, '2018-06-27 10:13:50', '2018-06-27 10:13:50', NULL),
(721, 22, 691, '2018-06-27 10:13:50', '2018-06-27 10:13:50', NULL),
(722, 29, 132, '2018-06-27 10:13:50', '2018-06-27 10:13:50', NULL),
(723, 24, 148, '2018-06-27 10:13:50', '2018-06-27 10:13:50', NULL),
(724, 26, 391, '2018-06-27 10:13:50', '2018-06-27 10:13:50', NULL),
(725, 26, 358, '2018-06-27 10:13:50', '2018-06-27 10:13:50', NULL),
(726, 24, 576, '2018-06-27 10:13:50', '2018-06-27 10:13:50', NULL),
(727, 28, 45, '2018-06-27 10:13:50', '2018-06-27 10:13:50', NULL),
(728, 26, 477, '2018-06-27 10:13:50', '2018-06-27 10:13:50', NULL),
(729, 31, 83, '2018-06-27 10:13:50', '2018-06-27 10:13:50', NULL),
(730, 22, 411, '2018-06-27 10:13:50', '2018-06-27 10:13:50', NULL),
(731, 23, 85, '2018-06-27 10:13:50', '2018-06-27 10:13:50', NULL),
(732, 23, 485, '2018-06-27 10:13:50', '2018-06-27 10:13:50', NULL),
(733, 27, 669, '2018-06-27 10:13:50', '2018-06-27 10:13:50', NULL),
(734, 25, 387, '2018-06-27 10:13:50', '2018-06-27 10:13:50', NULL),
(735, 27, 652, '2018-06-27 10:13:50', '2018-06-27 10:13:50', NULL),
(736, 25, 717, '2018-06-27 10:13:50', '2018-06-27 10:13:50', NULL),
(737, 25, 640, '2018-06-27 10:13:50', '2018-06-27 10:13:50', NULL),
(738, 26, 335, '2018-06-27 10:13:50', '2018-06-27 10:13:50', NULL),
(739, 26, 772, '2018-06-27 10:13:51', '2018-06-27 10:13:51', NULL),
(740, 26, 290, '2018-06-27 10:13:51', '2018-06-27 10:13:51', NULL),
(741, 24, 177, '2018-06-27 10:13:51', '2018-06-27 10:13:51', NULL),
(742, 29, 37, '2018-06-27 10:13:51', '2018-06-27 10:13:51', NULL),
(743, 29, 650, '2018-06-27 10:13:51', '2018-06-27 10:13:51', NULL),
(744, 24, 581, '2018-06-27 10:13:51', '2018-06-27 10:13:51', NULL),
(745, 31, 349, '2018-06-27 10:13:51', '2018-06-27 10:13:51', NULL),
(746, 25, 71, '2018-06-27 10:13:51', '2018-06-27 10:13:51', NULL),
(747, 30, 597, '2018-06-27 10:13:51', '2018-06-27 10:13:51', NULL),
(748, 23, 461, '2018-06-27 10:13:51', '2018-06-27 10:13:51', NULL),
(749, 22, 81, '2018-06-27 10:13:51', '2018-06-27 10:13:51', NULL),
(750, 1, 432, '2018-06-27 10:13:51', '2018-06-27 10:13:51', NULL),
(751, 29, 519, '2018-06-27 10:13:51', '2018-06-27 10:13:51', NULL),
(752, 29, 423, '2018-06-27 10:13:51', '2018-06-27 10:13:51', NULL),
(753, 25, 734, '2018-06-27 10:13:51', '2018-06-27 10:13:51', NULL),
(754, 25, 553, '2018-06-27 10:13:51', '2018-06-27 10:13:51', NULL),
(755, 31, 401, '2018-06-27 10:13:51', '2018-06-27 10:13:51', NULL),
(756, 31, 259, '2018-06-27 10:13:51', '2018-06-27 10:13:51', NULL),
(757, 25, 784, '2018-06-27 10:13:51', '2018-06-27 10:13:51', NULL),
(758, 28, 299, '2018-06-27 10:13:51', '2018-06-27 10:13:51', NULL),
(759, 26, 383, '2018-06-27 10:13:51', '2018-06-27 10:13:51', NULL),
(760, 29, 305, '2018-06-27 10:13:51', '2018-06-27 10:13:51', NULL);
INSERT INTO `user_contact` (`id`, `user_id`, `contact_id`, `created_at`, `updated_at`, `deleted_at`) VALUES
(761, 30, 232, '2018-06-27 10:13:51', '2018-06-27 10:13:51', NULL),
(762, 23, 111, '2018-06-27 10:13:51', '2018-06-27 10:13:51', NULL),
(763, 1, 169, '2018-06-27 10:13:51', '2018-06-27 10:13:51', NULL),
(764, 26, 664, '2018-06-27 10:13:51', '2018-06-27 10:13:51', NULL),
(765, 27, 25, '2018-06-27 10:13:51', '2018-06-27 10:13:51', NULL),
(766, 22, 178, '2018-06-27 10:13:51', '2018-06-27 10:13:51', NULL),
(767, 22, 275, '2018-06-27 10:13:51', '2018-06-27 10:13:51', NULL),
(768, 27, 369, '2018-06-27 10:13:51', '2018-06-27 10:13:51', NULL),
(769, 24, 510, '2018-06-27 10:13:51', '2018-06-27 10:13:51', NULL),
(770, 28, 435, '2018-06-27 10:13:51', '2018-06-27 10:13:51', NULL),
(771, 29, 404, '2018-06-27 10:13:51', '2018-06-27 10:13:51', NULL),
(772, 23, 704, '2018-06-27 10:13:51', '2018-06-27 10:13:51', NULL),
(773, 24, 285, '2018-06-27 10:13:51', '2018-06-27 10:13:51', NULL),
(774, 24, 106, '2018-06-27 10:13:51', '2018-06-27 10:13:51', NULL),
(775, 26, 281, '2018-06-27 10:13:51', '2018-06-27 10:13:51', NULL),
(776, 23, 705, '2018-06-27 10:13:51', '2018-06-27 10:13:51', NULL),
(777, 1, 380, '2018-06-27 10:13:51', '2018-06-27 10:13:51', NULL),
(778, 23, 605, '2018-06-27 10:13:51', '2018-06-27 10:13:51', NULL),
(779, 31, 516, '2018-06-27 10:13:51', '2018-06-27 10:13:51', NULL),
(780, 29, 70, '2018-06-27 10:13:51', '2018-06-27 10:13:51', NULL),
(781, 28, 681, '2018-06-27 10:13:51', '2018-06-27 10:13:51', NULL),
(782, 25, 667, '2018-06-27 10:13:51', '2018-06-27 10:13:51', NULL),
(783, 29, 732, '2018-06-27 10:13:51', '2018-06-27 10:13:51', NULL),
(784, 1, 302, '2018-06-27 10:13:51', '2018-06-27 10:13:51', NULL);

-- --------------------------------------------------------

--
-- Table structure for table `user_kpi_group`
--

CREATE TABLE `user_kpi_group` (
  `id` int(11) NOT NULL,
  `user_id` int(11) NOT NULL,
  `kpi_group_id` int(11) NOT NULL,
  `created_at` datetime DEFAULT NULL,
  `updated_at` datetime DEFAULT NULL,
  `deleted_at` datetime DEFAULT NULL
) ENGINE=InnoDB DEFAULT CHARSET=utf8;

--
-- Dumping data for table `user_kpi_group`
--

INSERT INTO `user_kpi_group` (`id`, `user_id`, `kpi_group_id`, `created_at`, `updated_at`, `deleted_at`) VALUES
(1, 22, 2, '2018-06-06 07:45:05', '2018-06-06 08:00:48', NULL),
(2, 23, 3, '2018-06-06 07:45:05', '2018-06-06 07:52:40', NULL),
(3, 24, 1, '2018-06-06 07:45:05', '2018-06-06 07:45:05', NULL),
(4, 25, 1, '2018-06-06 07:45:05', '2018-06-06 07:45:05', NULL),
(5, 26, 1, '2018-06-06 07:45:05', '2018-06-06 07:45:05', NULL),
(6, 27, 1, '2018-06-06 07:45:05', '2018-06-06 07:45:05', NULL),
(7, 28, 1, '2018-06-06 07:45:05', '2018-06-06 07:45:05', NULL),
(8, 29, 1, '2018-06-06 07:45:05', '2018-06-06 07:45:05', NULL),
(9, 30, 1, '2018-06-06 07:45:05', '2018-06-06 07:45:05', NULL),
(10, 31, 5, '2018-06-06 07:45:05', '2018-06-11 11:10:52', NULL),
(11, 1, 6, '2018-06-06 07:45:48', '2018-06-18 07:23:15', NULL),
(12, 22, 6, '2018-06-18 07:23:24', '2018-06-18 07:23:24', NULL);

-- --------------------------------------------------------

--
-- Table structure for table `user_role`
--

CREATE TABLE `user_role` (
  `id` int(11) NOT NULL,
  `user_id` int(11) NOT NULL,
  `role_id` int(11) NOT NULL,
  `created_at` datetime DEFAULT NULL,
  `updated_at` datetime DEFAULT NULL,
  `deleted_at` datetime DEFAULT NULL
) ENGINE=InnoDB DEFAULT CHARSET=utf8;

--
-- Dumping data for table `user_role`
--

INSERT INTO `user_role` (`id`, `user_id`, `role_id`, `created_at`, `updated_at`, `deleted_at`) VALUES
(1, 1, 1, '2018-05-17 12:17:21', '2018-05-17 12:17:21', NULL),
(15, 22, 3, '2018-06-01 03:10:52', '2018-06-01 03:10:52', NULL),
(16, 23, 3, '2018-06-01 03:11:12', '2018-06-01 03:11:12', NULL),
(17, 24, 3, '2018-06-01 03:11:28', '2018-06-01 03:11:28', NULL),
(18, 25, 3, '2018-06-01 03:11:49', '2018-06-01 03:11:49', NULL),
(19, 26, 3, '2018-06-01 03:12:03', '2018-06-01 03:12:03', NULL),
(20, 27, 3, '2018-06-01 06:13:43', '2018-06-01 06:13:43', NULL),
(21, 28, 3, '2018-06-01 06:14:38', '2018-06-01 06:14:38', NULL),
(22, 29, 3, '2018-06-01 06:14:51', '2018-06-01 06:14:51', NULL),
(23, 30, 3, '2018-06-01 06:15:02', '2018-06-01 06:15:02', NULL),
(24, 31, 3, '2018-06-01 06:15:16', '2018-06-01 06:15:16', NULL);

-- --------------------------------------------------------

--
-- Table structure for table `user_sale_group`
--

CREATE TABLE `user_sale_group` (
  `id` int(11) NOT NULL,
  `user_id` int(11) NOT NULL,
  `sale_group_id` int(11) NOT NULL,
  `created_at` datetime DEFAULT NULL,
  `updated_at` datetime DEFAULT NULL,
  `deleted_at` datetime DEFAULT NULL
) ENGINE=InnoDB DEFAULT CHARSET=utf8;

--
-- Dumping data for table `user_sale_group`
--

INSERT INTO `user_sale_group` (`id`, `user_id`, `sale_group_id`, `created_at`, `updated_at`, `deleted_at`) VALUES
(1, 22, 1, '2018-06-15 08:32:32', '2018-06-15 08:32:32', NULL),
(2, 23, 1, '2018-06-15 08:32:32', '2018-06-15 08:32:32', NULL),
(3, 25, 2, '2018-06-15 08:32:40', '2018-06-15 08:32:40', NULL),
(4, 26, 2, '2018-06-15 08:32:40', '2018-06-15 08:32:40', NULL),
(5, 24, 1, '2018-06-27 09:20:36', '2018-06-27 09:20:36', NULL),
(6, 27, 2, '2018-06-27 09:20:42', '2018-06-27 09:20:42', NULL),
(7, 28, 3, '2018-06-27 09:20:51', '2018-06-27 09:20:51', NULL),
(8, 29, 3, '2018-06-27 09:20:51', '2018-06-27 09:20:51', NULL),
(9, 30, 3, '2018-06-27 09:20:51', '2018-06-27 09:20:51', NULL),
(10, 31, 3, '2018-06-27 09:20:51', '2018-06-27 09:20:51', NULL);

--
-- Indexes for dumped tables
--

--
-- Indexes for table `call_history`
--
ALTER TABLE `call_history`
  ADD PRIMARY KEY (`id`),
  ADD KEY `qttt_report_idx` (`created_at`,`user_id`,`level_id`) USING BTREE,
  ADD KEY `laravel_idx` (`id`,`deleted_at`) USING BTREE;

--
-- Indexes for table `call_history_comment`
--
ALTER TABLE `call_history_comment`
  ADD PRIMARY KEY (`id`);

--
-- Indexes for table `call_history_status_comment`
--
ALTER TABLE `call_history_status_comment`
  ADD PRIMARY KEY (`id`);

--
-- Indexes for table `call_quality`
--
ALTER TABLE `call_quality`
  ADD PRIMARY KEY (`id`);

--
-- Indexes for table `call_quality_level`
--
ALTER TABLE `call_quality_level`
  ADD PRIMARY KEY (`id`);

--
-- Indexes for table `channel`
--
ALTER TABLE `channel`
  ADD PRIMARY KEY (`id`),
  ADD KEY `laravel_idx` (`id`,`deleted_at`) USING BTREE;

--
-- Indexes for table `contact`
--
ALTER TABLE `contact`
  ADD PRIMARY KEY (`id`),
  ADD KEY `laravel_idx` (`id`,`deleted_at`) USING BTREE,
  ADD KEY `report_idx` (`id`,`source_id`,`channel_id`) USING BTREE;

--
-- Indexes for table `contact_course`
--
ALTER TABLE `contact_course`
  ADD PRIMARY KEY (`id`),
  ADD KEY `qttt_report_idx` (`id`,`user_id`,`course_price`) USING BTREE;

--
-- Indexes for table `course`
--
ALTER TABLE `course`
  ADD PRIMARY KEY (`id`);

--
-- Indexes for table `course_price`
--
ALTER TABLE `course_price`
  ADD PRIMARY KEY (`id`);

--
-- Indexes for table `email_template`
--
ALTER TABLE `email_template`
  ADD PRIMARY KEY (`id`);

--
-- Indexes for table `file`
--
ALTER TABLE `file`
  ADD PRIMARY KEY (`id`),
  ADD KEY `laravel_idx` (`id`,`deleted_at`);

--
-- Indexes for table `file_contact`
--
ALTER TABLE `file_contact`
  ADD PRIMARY KEY (`id`),
  ADD KEY `laravel_idx` (`id`,`deleted_at`),
  ADD KEY `report_idx` (`id`,`contact_id`,`file_id`,`deleted_at`);

--
-- Indexes for table `kpi_group`
--
ALTER TABLE `kpi_group`
  ADD PRIMARY KEY (`id`);

--
-- Indexes for table `level`
--
ALTER TABLE `level`
  ADD PRIMARY KEY (`id`),
  ADD KEY `laravel_idx` (`id`,`deleted_at`);

--
-- Indexes for table `log`
--
ALTER TABLE `log`
  ADD PRIMARY KEY (`id`);

--
-- Indexes for table `page`
--
ALTER TABLE `page`
  ADD PRIMARY KEY (`id`),
  ADD KEY `cache_idx` (`id`,`root_id`,`deleted_at`) USING BTREE,
  ADD KEY `laravel_idx` (`id`,`deleted_at`) USING BTREE;

--
-- Indexes for table `role`
--
ALTER TABLE `role`
  ADD PRIMARY KEY (`id`),
  ADD KEY `laravel_idx` (`id`,`deleted_at`) USING BTREE;

--
-- Indexes for table `role_page`
--
ALTER TABLE `role_page`
  ADD PRIMARY KEY (`id`),
  ADD KEY `laravel_idx` (`id`,`deleted_at`),
  ADD KEY `cache_idx` (`id`,`role_id`,`deleted_at`,`page_id`) USING BTREE;

--
-- Indexes for table `sale_group`
--
ALTER TABLE `sale_group`
  ADD PRIMARY KEY (`id`);

--
-- Indexes for table `source`
--
ALTER TABLE `source`
  ADD PRIMARY KEY (`id`),
  ADD UNIQUE KEY `laravel_idx` (`id`,`deleted_at`);

--
-- Indexes for table `source_channel`
--
ALTER TABLE `source_channel`
  ADD PRIMARY KEY (`id`);

--
-- Indexes for table `status_call`
--
ALTER TABLE `status_call`
  ADD PRIMARY KEY (`id`);

--
-- Indexes for table `status_service`
--
ALTER TABLE `status_service`
  ADD PRIMARY KEY (`id`);

--
-- Indexes for table `temp`
--
ALTER TABLE `temp`
  ADD PRIMARY KEY (`emp_id`,`data_id`);

--
-- Indexes for table `user`
--
ALTER TABLE `user`
  ADD PRIMARY KEY (`id`),
  ADD KEY `laravel_idx` (`id`,`deleted_at`) USING BTREE;

--
-- Indexes for table `user_contact`
--
ALTER TABLE `user_contact`
  ADD PRIMARY KEY (`id`);

--
-- Indexes for table `user_kpi_group`
--
ALTER TABLE `user_kpi_group`
  ADD PRIMARY KEY (`id`,`user_id`);

--
-- Indexes for table `user_role`
--
ALTER TABLE `user_role`
  ADD PRIMARY KEY (`id`),
  ADD KEY `laravel_idx` (`id`,`deleted_at`),
  ADD KEY `cache_idx` (`id`,`user_id`,`role_id`);

--
-- Indexes for table `user_sale_group`
--
ALTER TABLE `user_sale_group`
  ADD PRIMARY KEY (`id`,`user_id`),
  ADD KEY `qttt_report_idx` (`user_id`,`sale_group_id`);

--
-- AUTO_INCREMENT for dumped tables
--

--
-- AUTO_INCREMENT for table `call_history`
--
ALTER TABLE `call_history`
  MODIFY `id` int(11) NOT NULL AUTO_INCREMENT, AUTO_INCREMENT=3521;

--
-- AUTO_INCREMENT for table `call_history_comment`
--
ALTER TABLE `call_history_comment`
  MODIFY `id` int(11) NOT NULL AUTO_INCREMENT;

--
-- AUTO_INCREMENT for table `call_history_status_comment`
--
ALTER TABLE `call_history_status_comment`
  MODIFY `id` int(11) NOT NULL AUTO_INCREMENT;

--
-- AUTO_INCREMENT for table `call_quality`
--
ALTER TABLE `call_quality`
  MODIFY `id` int(11) NOT NULL AUTO_INCREMENT, AUTO_INCREMENT=3;

--
-- AUTO_INCREMENT for table `call_quality_level`
--
ALTER TABLE `call_quality_level`
  MODIFY `id` int(11) NOT NULL AUTO_INCREMENT, AUTO_INCREMENT=5;

--
-- AUTO_INCREMENT for table `channel`
--
ALTER TABLE `channel`
  MODIFY `id` int(11) NOT NULL AUTO_INCREMENT, AUTO_INCREMENT=28;

--
-- AUTO_INCREMENT for table `contact`
--
ALTER TABLE `contact`
  MODIFY `id` int(11) NOT NULL AUTO_INCREMENT, AUTO_INCREMENT=785;

--
-- AUTO_INCREMENT for table `contact_course`
--
ALTER TABLE `contact_course`
  MODIFY `id` int(11) NOT NULL AUTO_INCREMENT, AUTO_INCREMENT=282;

--
-- AUTO_INCREMENT for table `course`
--
ALTER TABLE `course`
  MODIFY `id` int(11) NOT NULL AUTO_INCREMENT, AUTO_INCREMENT=3;

--
-- AUTO_INCREMENT for table `course_price`
--
ALTER TABLE `course_price`
  MODIFY `id` int(11) NOT NULL AUTO_INCREMENT, AUTO_INCREMENT=3;

--
-- AUTO_INCREMENT for table `email_template`
--
ALTER TABLE `email_template`
  MODIFY `id` int(11) NOT NULL AUTO_INCREMENT;

--
-- AUTO_INCREMENT for table `file`
--
ALTER TABLE `file`
  MODIFY `id` int(11) NOT NULL AUTO_INCREMENT, AUTO_INCREMENT=164;

--
-- AUTO_INCREMENT for table `file_contact`
--
ALTER TABLE `file_contact`
  MODIFY `id` int(11) NOT NULL AUTO_INCREMENT, AUTO_INCREMENT=2373;

--
-- AUTO_INCREMENT for table `kpi_group`
--
ALTER TABLE `kpi_group`
  MODIFY `id` int(11) NOT NULL AUTO_INCREMENT, AUTO_INCREMENT=7;

--
-- AUTO_INCREMENT for table `level`
--
ALTER TABLE `level`
  MODIFY `id` int(11) NOT NULL AUTO_INCREMENT, AUTO_INCREMENT=9;

--
-- AUTO_INCREMENT for table `log`
--
ALTER TABLE `log`
  MODIFY `id` int(11) NOT NULL AUTO_INCREMENT, AUTO_INCREMENT=16;

--
-- AUTO_INCREMENT for table `page`
--
ALTER TABLE `page`
  MODIFY `id` int(11) NOT NULL AUTO_INCREMENT, AUTO_INCREMENT=31;

--
-- AUTO_INCREMENT for table `role`
--
ALTER TABLE `role`
  MODIFY `id` int(11) NOT NULL AUTO_INCREMENT, AUTO_INCREMENT=5;

--
-- AUTO_INCREMENT for table `role_page`
--
ALTER TABLE `role_page`
  MODIFY `id` int(11) NOT NULL AUTO_INCREMENT, AUTO_INCREMENT=81;

--
-- AUTO_INCREMENT for table `sale_group`
--
ALTER TABLE `sale_group`
  MODIFY `id` int(11) NOT NULL AUTO_INCREMENT, AUTO_INCREMENT=4;

--
-- AUTO_INCREMENT for table `source`
--
ALTER TABLE `source`
  MODIFY `id` int(11) NOT NULL AUTO_INCREMENT, AUTO_INCREMENT=7;

--
-- AUTO_INCREMENT for table `source_channel`
--
ALTER TABLE `source_channel`
  MODIFY `id` int(11) NOT NULL AUTO_INCREMENT, AUTO_INCREMENT=26;

--
-- AUTO_INCREMENT for table `status_call`
--
ALTER TABLE `status_call`
  MODIFY `id` int(11) NOT NULL AUTO_INCREMENT, AUTO_INCREMENT=4;

--
-- AUTO_INCREMENT for table `status_service`
--
ALTER TABLE `status_service`
  MODIFY `id` int(11) NOT NULL AUTO_INCREMENT, AUTO_INCREMENT=3;

--
-- AUTO_INCREMENT for table `user`
--
ALTER TABLE `user`
  MODIFY `id` int(11) NOT NULL AUTO_INCREMENT, AUTO_INCREMENT=32;

--
-- AUTO_INCREMENT for table `user_contact`
--
ALTER TABLE `user_contact`
  MODIFY `id` int(11) NOT NULL AUTO_INCREMENT, AUTO_INCREMENT=785;

--
-- AUTO_INCREMENT for table `user_kpi_group`
--
ALTER TABLE `user_kpi_group`
  MODIFY `id` int(11) NOT NULL AUTO_INCREMENT, AUTO_INCREMENT=13;

--
-- AUTO_INCREMENT for table `user_role`
--
ALTER TABLE `user_role`
  MODIFY `id` int(11) NOT NULL AUTO_INCREMENT, AUTO_INCREMENT=25;

--
-- AUTO_INCREMENT for table `user_sale_group`
--
ALTER TABLE `user_sale_group`
  MODIFY `id` int(11) NOT NULL AUTO_INCREMENT, AUTO_INCREMENT=11;
COMMIT;

/*!40101 SET CHARACTER_SET_CLIENT=@OLD_CHARACTER_SET_CLIENT */;
/*!40101 SET CHARACTER_SET_RESULTS=@OLD_CHARACTER_SET_RESULTS */;
/*!40101 SET COLLATION_CONNECTION=@OLD_COLLATION_CONNECTION */;
