-- phpMyAdmin SQL Dump
-- version 4.8.0.1
-- https://www.phpmyadmin.net/
--
-- Host: 127.0.0.1
-- Generation Time: Jun 12, 2018 at 09:54 AM
-- Server version: 10.2.14-MariaDB
-- PHP Version: 7.1.16

SET SQL_MODE = "NO_AUTO_VALUE_ON_ZERO";
SET AUTOCOMMIT = 0;
START TRANSACTION;
SET time_zone = "+00:00";


/*!40101 SET @OLD_CHARACTER_SET_CLIENT=@@CHARACTER_SET_CLIENT */;
/*!40101 SET @OLD_CHARACTER_SET_RESULTS=@@CHARACTER_SET_RESULTS */;
/*!40101 SET @OLD_COLLATION_CONNECTION=@@COLLATION_CONNECTION */;
/*!40101 SET NAMES utf8mb4 */;

--
-- Database: `NTL`
--

-- --------------------------------------------------------

--
-- Table structure for table `call_history`
--

CREATE TABLE `call_history` (
  `id` int(11) NOT NULL,
  `contact_id` int(11) NOT NULL,
  `user_id` int(11) NOT NULL,
  `level_id` int(11) NOT NULL,
  `call_quality_level_id` int(11) DEFAULT NULL,
  `status_service_id` int(11) NOT NULL,
  `status_call_id` int(11) DEFAULT NULL,
  `created_at` datetime DEFAULT NULL,
  `updated_at` datetime DEFAULT NULL,
  `deleted_at` datetime DEFAULT NULL
) ENGINE=InnoDB DEFAULT CHARSET=utf8;

--
-- Dumping data for table `call_history`
--

INSERT INTO `call_history` (`id`, `contact_id`, `user_id`, `level_id`, `call_quality_level_id`, `status_service_id`, `status_call_id`, `created_at`, `updated_at`, `deleted_at`) VALUES
(1, 654, 22, 3, 1, 1, 1, '2018-06-06 00:00:00', '2018-06-06 00:00:00', NULL),
(2, 359, 26, 8, 1, 1, 1, '2018-06-06 00:00:00', '2018-06-06 00:00:00', NULL),
(3, 233, 25, 6, 1, 1, 1, '2018-06-03 00:00:00', '2018-06-03 00:00:00', NULL),
(4, 663, 26, 1, 1, 1, 1, '2018-06-02 00:00:00', '2018-06-02 00:00:00', NULL),
(5, 208, 24, 7, 1, 1, 1, '2018-05-31 00:00:00', '2018-05-31 00:00:00', NULL),
(6, 596, 23, 4, 1, 1, 1, '2018-06-01 00:00:00', '2018-06-01 00:00:00', NULL),
(7, 388, 25, 1, 1, 1, 1, '2018-06-06 00:00:00', '2018-06-06 00:00:00', NULL),
(8, 802, 22, 2, 1, 1, 1, '2018-06-03 00:00:00', '2018-06-03 00:00:00', NULL),
(9, 445, 24, 4, 1, 1, 1, '2018-06-02 00:00:00', '2018-06-02 00:00:00', NULL),
(10, 473, 24, 2, 1, 1, 1, '2018-06-02 00:00:00', '2018-06-02 00:00:00', NULL),
(11, 481, 23, 7, 1, 1, 1, '2018-06-01 00:00:00', '2018-06-01 00:00:00', NULL),
(12, 272, 24, 6, 1, 1, 1, '2018-06-06 00:00:00', '2018-06-06 00:00:00', NULL),
(13, 452, 25, 2, 1, 1, 1, '2018-06-04 00:00:00', '2018-06-04 00:00:00', NULL),
(14, 519, 22, 2, 1, 1, 1, '2018-06-07 00:00:00', '2018-06-07 00:00:00', NULL),
(15, 36, 24, 8, 1, 1, 1, '2018-06-03 00:00:00', '2018-06-03 00:00:00', NULL),
(16, 121, 26, 1, 1, 1, 1, '2018-06-06 00:00:00', '2018-06-06 00:00:00', NULL),
(17, 617, 22, 3, 1, 1, 1, '2018-06-05 00:00:00', '2018-06-05 00:00:00', NULL),
(18, 666, 23, 3, 1, 1, 1, '2018-06-02 00:00:00', '2018-06-02 00:00:00', NULL),
(19, 703, 24, 5, 1, 1, 1, '2018-05-31 00:00:00', '2018-05-31 00:00:00', NULL),
(20, 321, 25, 2, 1, 1, 1, '2018-06-03 00:00:00', '2018-06-03 00:00:00', NULL),
(21, 226, 25, 3, 1, 1, 1, '2018-06-06 00:00:00', '2018-06-06 00:00:00', NULL),
(22, 53, 23, 6, 1, 1, 1, '2018-06-06 00:00:00', '2018-06-06 00:00:00', NULL),
(23, 317, 23, 3, 1, 1, 1, '2018-06-01 00:00:00', '2018-06-01 00:00:00', NULL),
(24, 101, 22, 6, 1, 1, 1, '2018-06-05 00:00:00', '2018-06-05 00:00:00', NULL),
(25, 52, 24, 8, 1, 1, 1, '2018-06-05 00:00:00', '2018-06-05 00:00:00', NULL),
(26, 567, 23, 7, 1, 1, 1, '2018-06-03 00:00:00', '2018-06-03 00:00:00', NULL),
(27, 288, 26, 6, 1, 1, 1, '2018-06-02 00:00:00', '2018-06-02 00:00:00', NULL),
(28, 315, 22, 2, 1, 1, 1, '2018-06-07 00:00:00', '2018-06-07 00:00:00', NULL),
(29, 388, 22, 5, 1, 1, 1, '2018-06-07 00:00:00', '2018-06-07 00:00:00', NULL),
(30, 284, 25, 7, 1, 1, 1, '2018-06-06 00:00:00', '2018-06-06 00:00:00', NULL),
(31, 570, 24, 4, 1, 1, 1, '2018-06-05 00:00:00', '2018-06-05 00:00:00', NULL),
(32, 551, 24, 5, 1, 1, 1, '2018-06-03 00:00:00', '2018-06-03 00:00:00', NULL),
(33, 604, 25, 6, 1, 1, 1, '2018-06-04 00:00:00', '2018-06-04 00:00:00', NULL),
(34, 273, 24, 4, 1, 1, 1, '2018-06-06 00:00:00', '2018-06-06 00:00:00', NULL),
(35, 206, 25, 6, 1, 1, 1, '2018-06-01 00:00:00', '2018-06-01 00:00:00', NULL),
(36, 164, 25, 8, 1, 1, 1, '2018-06-03 00:00:00', '2018-06-03 00:00:00', NULL),
(37, 180, 24, 2, 1, 1, 1, '2018-06-07 00:00:00', '2018-06-07 00:00:00', NULL),
(38, 70, 22, 4, 1, 1, 1, '2018-06-03 00:00:00', '2018-06-03 00:00:00', NULL),
(39, 202, 24, 2, 1, 1, 1, '2018-05-31 00:00:00', '2018-05-31 00:00:00', NULL),
(40, 402, 24, 1, 1, 1, 1, '2018-06-04 00:00:00', '2018-06-04 00:00:00', NULL),
(41, 338, 26, 3, 1, 1, 1, '2018-06-06 00:00:00', '2018-06-06 00:00:00', NULL),
(42, 473, 25, 7, 1, 1, 1, '2018-06-03 00:00:00', '2018-06-03 00:00:00', NULL),
(43, 204, 24, 6, 1, 1, 1, '2018-06-02 00:00:00', '2018-06-02 00:00:00', NULL),
(44, 43, 25, 3, 1, 1, 1, '2018-06-07 00:00:00', '2018-06-07 00:00:00', NULL),
(45, 694, 23, 6, 1, 1, 1, '2018-06-02 00:00:00', '2018-06-02 00:00:00', NULL),
(46, 549, 23, 6, 1, 1, 1, '2018-06-03 00:00:00', '2018-06-03 00:00:00', NULL),
(47, 122, 26, 2, 1, 1, 1, '2018-06-03 00:00:00', '2018-06-03 00:00:00', NULL),
(48, 462, 22, 8, 1, 1, 1, '2018-06-02 00:00:00', '2018-06-02 00:00:00', NULL),
(49, 414, 26, 5, 1, 1, 1, '2018-06-02 00:00:00', '2018-06-02 00:00:00', NULL),
(50, 384, 25, 7, 1, 1, 1, '2018-06-01 00:00:00', '2018-06-01 00:00:00', NULL),
(51, 54, 26, 1, 1, 1, 1, '2018-06-07 00:00:00', '2018-06-07 00:00:00', NULL),
(52, 684, 22, 8, 1, 1, 1, '2018-06-06 00:00:00', '2018-06-06 00:00:00', NULL),
(53, 261, 24, 2, 1, 1, 1, '2018-06-07 00:00:00', '2018-06-07 00:00:00', NULL),
(54, 308, 26, 6, 1, 1, 1, '2018-06-04 00:00:00', '2018-06-04 00:00:00', NULL),
(55, 112, 25, 2, 1, 1, 1, '2018-06-05 00:00:00', '2018-06-05 00:00:00', NULL),
(56, 752, 26, 2, 1, 1, 1, '2018-05-31 00:00:00', '2018-05-31 00:00:00', NULL),
(57, 320, 22, 1, 1, 1, 1, '2018-05-31 00:00:00', '2018-05-31 00:00:00', NULL),
(58, 386, 22, 2, 1, 1, 1, '2018-06-03 00:00:00', '2018-06-03 00:00:00', NULL),
(59, 491, 23, 7, 1, 1, 1, '2018-06-01 00:00:00', '2018-06-01 00:00:00', NULL),
(60, 623, 25, 8, 1, 1, 1, '2018-06-04 00:00:00', '2018-06-04 00:00:00', NULL),
(61, 737, 22, 3, 1, 1, 1, '2018-05-31 00:00:00', '2018-05-31 00:00:00', NULL),
(62, 536, 23, 8, 1, 1, 1, '2018-06-06 00:00:00', '2018-06-06 00:00:00', NULL),
(63, 435, 25, 6, 1, 1, 1, '2018-06-07 00:00:00', '2018-06-07 00:00:00', NULL),
(64, 299, 22, 8, 1, 1, 1, '2018-05-31 00:00:00', '2018-05-31 00:00:00', NULL),
(65, 555, 25, 3, 1, 1, 1, '2018-06-03 00:00:00', '2018-06-03 00:00:00', NULL),
(66, 161, 23, 8, 1, 1, 1, '2018-06-07 00:00:00', '2018-06-07 00:00:00', NULL),
(67, 638, 26, 5, 1, 1, 1, '2018-06-05 00:00:00', '2018-06-05 00:00:00', NULL),
(68, 102, 25, 5, 1, 1, 1, '2018-05-31 00:00:00', '2018-05-31 00:00:00', NULL),
(69, 336, 24, 4, 1, 1, 1, '2018-06-04 00:00:00', '2018-06-04 00:00:00', NULL),
(70, 374, 22, 8, 1, 1, 1, '2018-06-02 00:00:00', '2018-06-02 00:00:00', NULL),
(71, 242, 25, 1, 1, 1, 1, '2018-06-07 00:00:00', '2018-06-07 00:00:00', NULL),
(72, 46, 23, 1, 1, 1, 1, '2018-06-01 00:00:00', '2018-06-01 00:00:00', NULL),
(73, 504, 24, 6, 1, 1, 1, '2018-06-02 00:00:00', '2018-06-02 00:00:00', NULL),
(74, 175, 26, 3, 1, 1, 1, '2018-06-03 00:00:00', '2018-06-03 00:00:00', NULL),
(75, 83, 24, 5, 1, 1, 1, '2018-06-02 00:00:00', '2018-06-02 00:00:00', NULL),
(76, 149, 24, 2, 1, 1, 1, '2018-06-01 00:00:00', '2018-06-01 00:00:00', NULL),
(77, 766, 25, 1, 1, 1, 1, '2018-06-04 00:00:00', '2018-06-04 00:00:00', NULL),
(78, 304, 24, 6, 1, 1, 1, '2018-06-01 00:00:00', '2018-06-01 00:00:00', NULL),
(79, 299, 26, 3, 1, 1, 1, '2018-06-02 00:00:00', '2018-06-02 00:00:00', NULL),
(80, 173, 23, 6, 1, 1, 1, '2018-06-06 00:00:00', '2018-06-06 00:00:00', NULL),
(81, 174, 24, 8, 1, 1, 1, '2018-05-31 00:00:00', '2018-05-31 00:00:00', NULL),
(82, 652, 23, 2, 1, 1, 1, '2018-06-07 00:00:00', '2018-06-07 00:00:00', NULL),
(83, 118, 24, 4, 1, 1, 1, '2018-06-02 00:00:00', '2018-06-02 00:00:00', NULL),
(84, 408, 25, 4, 1, 1, 1, '2018-06-05 00:00:00', '2018-06-05 00:00:00', NULL),
(85, 795, 25, 2, 1, 1, 1, '2018-05-31 00:00:00', '2018-05-31 00:00:00', NULL),
(86, 538, 24, 6, 1, 1, 1, '2018-06-06 00:00:00', '2018-06-06 00:00:00', NULL),
(87, 753, 25, 2, 1, 1, 1, '2018-05-31 00:00:00', '2018-05-31 00:00:00', NULL),
(88, 438, 26, 4, 1, 1, 1, '2018-06-07 00:00:00', '2018-06-07 00:00:00', NULL),
(89, 790, 23, 2, 1, 1, 1, '2018-06-03 00:00:00', '2018-06-03 00:00:00', NULL),
(90, 205, 24, 7, 1, 1, 1, '2018-06-05 00:00:00', '2018-06-05 00:00:00', NULL),
(91, 157, 26, 8, 1, 1, 1, '2018-05-31 00:00:00', '2018-05-31 00:00:00', NULL),
(92, 784, 25, 7, 1, 1, 1, '2018-06-02 00:00:00', '2018-06-02 00:00:00', NULL),
(93, 584, 24, 2, 1, 1, 1, '2018-06-01 00:00:00', '2018-06-01 00:00:00', NULL),
(94, 676, 23, 8, 1, 1, 1, '2018-06-07 00:00:00', '2018-06-07 00:00:00', NULL),
(95, 586, 22, 6, 1, 1, 1, '2018-06-02 00:00:00', '2018-06-02 00:00:00', NULL),
(96, 529, 26, 6, 1, 1, 1, '2018-05-31 00:00:00', '2018-05-31 00:00:00', NULL),
(97, 512, 26, 3, 1, 1, 1, '2018-06-05 00:00:00', '2018-06-05 00:00:00', NULL),
(98, 429, 23, 2, 1, 1, 1, '2018-06-07 00:00:00', '2018-06-07 00:00:00', NULL),
(99, 674, 26, 4, 1, 1, 1, '2018-06-03 00:00:00', '2018-06-03 00:00:00', NULL),
(100, 270, 26, 5, 1, 1, 1, '2018-06-05 00:00:00', '2018-06-05 00:00:00', NULL),
(101, 336, 23, 2, 1, 1, 1, '2018-06-02 00:00:00', '2018-06-02 00:00:00', NULL),
(102, 202, 24, 8, 1, 1, 1, '2018-06-04 00:00:00', '2018-06-04 00:00:00', NULL),
(103, 389, 23, 3, 1, 1, 1, '2018-06-06 00:00:00', '2018-06-06 00:00:00', NULL),
(104, 30, 23, 4, 1, 1, 1, '2018-06-03 00:00:00', '2018-06-03 00:00:00', NULL),
(105, 110, 26, 3, 1, 1, 1, '2018-05-31 00:00:00', '2018-05-31 00:00:00', NULL),
(106, 258, 24, 3, 1, 1, 1, '2018-06-02 00:00:00', '2018-06-02 00:00:00', NULL),
(107, 213, 25, 1, 1, 1, 1, '2018-06-03 00:00:00', '2018-06-03 00:00:00', NULL),
(108, 157, 22, 6, 1, 1, 1, '2018-06-02 00:00:00', '2018-06-02 00:00:00', NULL),
(109, 178, 22, 3, 1, 1, 1, '2018-06-06 00:00:00', '2018-06-06 00:00:00', NULL),
(110, 365, 24, 1, 1, 1, 1, '2018-06-01 00:00:00', '2018-06-01 00:00:00', NULL),
(111, 504, 26, 8, 1, 1, 1, '2018-06-04 00:00:00', '2018-06-04 00:00:00', NULL),
(112, 300, 26, 7, 1, 1, 1, '2018-06-02 00:00:00', '2018-06-02 00:00:00', NULL),
(113, 39, 25, 7, 1, 1, 1, '2018-06-06 00:00:00', '2018-06-06 00:00:00', NULL),
(114, 742, 26, 4, 1, 1, 1, '2018-06-01 00:00:00', '2018-06-01 00:00:00', NULL),
(115, 161, 25, 1, 1, 1, 1, '2018-05-31 00:00:00', '2018-05-31 00:00:00', NULL),
(116, 122, 24, 5, 1, 1, 1, '2018-06-03 00:00:00', '2018-06-03 00:00:00', NULL),
(117, 144, 24, 4, 1, 1, 1, '2018-06-02 00:00:00', '2018-06-02 00:00:00', NULL),
(118, 223, 24, 1, 1, 1, 1, '2018-06-04 00:00:00', '2018-06-04 00:00:00', NULL),
(119, 116, 23, 5, 1, 1, 1, '2018-05-31 00:00:00', '2018-05-31 00:00:00', NULL),
(120, 477, 25, 2, 1, 1, 1, '2018-06-06 00:00:00', '2018-06-06 00:00:00', NULL),
(121, 378, 24, 4, 1, 1, 1, '2018-06-02 00:00:00', '2018-06-02 00:00:00', NULL),
(122, 119, 24, 4, 1, 1, 1, '2018-06-03 00:00:00', '2018-06-03 00:00:00', NULL),
(123, 266, 26, 2, 1, 1, 1, '2018-06-07 00:00:00', '2018-06-07 00:00:00', NULL),
(124, 168, 23, 3, 1, 1, 1, '2018-06-04 00:00:00', '2018-06-04 00:00:00', NULL),
(125, 368, 25, 4, 1, 1, 1, '2018-06-02 00:00:00', '2018-06-02 00:00:00', NULL),
(126, 310, 22, 6, 1, 1, 1, '2018-06-01 00:00:00', '2018-06-01 00:00:00', NULL),
(127, 180, 22, 4, 1, 1, 1, '2018-06-03 00:00:00', '2018-06-03 00:00:00', NULL),
(128, 175, 23, 1, 1, 1, 1, '2018-05-31 00:00:00', '2018-05-31 00:00:00', NULL),
(129, 187, 23, 1, 1, 1, 1, '2018-06-04 00:00:00', '2018-06-04 00:00:00', NULL),
(130, 132, 24, 7, 1, 1, 1, '2018-06-01 00:00:00', '2018-06-01 00:00:00', NULL),
(131, 254, 26, 8, 1, 1, 1, '2018-06-04 00:00:00', '2018-06-04 00:00:00', NULL),
(132, 718, 22, 2, 1, 1, 1, '2018-06-05 00:00:00', '2018-06-05 00:00:00', NULL),
(133, 137, 23, 5, 1, 1, 1, '2018-06-02 00:00:00', '2018-06-02 00:00:00', NULL),
(134, 427, 22, 4, 1, 1, 1, '2018-06-06 00:00:00', '2018-06-06 00:00:00', NULL),
(135, 402, 26, 6, 1, 1, 1, '2018-06-01 00:00:00', '2018-06-01 00:00:00', NULL),
(136, 238, 22, 6, 1, 1, 1, '2018-06-04 00:00:00', '2018-06-04 00:00:00', NULL),
(137, 613, 26, 3, 1, 1, 1, '2018-06-02 00:00:00', '2018-06-02 00:00:00', NULL),
(138, 55, 23, 6, 1, 1, 1, '2018-06-04 00:00:00', '2018-06-04 00:00:00', NULL),
(139, 249, 26, 6, 1, 1, 1, '2018-06-04 00:00:00', '2018-06-04 00:00:00', NULL),
(140, 384, 22, 5, 1, 1, 1, '2018-06-05 00:00:00', '2018-06-05 00:00:00', NULL),
(141, 68, 24, 5, 1, 1, 1, '2018-06-02 00:00:00', '2018-06-02 00:00:00', NULL),
(142, 235, 25, 4, 1, 1, 1, '2018-06-01 00:00:00', '2018-06-01 00:00:00', NULL),
(143, 46, 26, 2, 1, 1, 1, '2018-06-03 00:00:00', '2018-06-03 00:00:00', NULL),
(144, 140, 22, 8, 1, 1, 1, '2018-06-01 00:00:00', '2018-06-01 00:00:00', NULL),
(145, 356, 26, 7, 1, 1, 1, '2018-06-03 00:00:00', '2018-06-03 00:00:00', NULL),
(146, 464, 26, 8, 1, 1, 1, '2018-06-03 00:00:00', '2018-06-03 00:00:00', NULL),
(147, 209, 25, 1, 1, 1, 1, '2018-06-01 00:00:00', '2018-06-01 00:00:00', NULL),
(148, 104, 26, 7, 1, 1, 1, '2018-06-03 00:00:00', '2018-06-03 00:00:00', NULL),
(149, 23, 24, 5, 1, 1, 1, '2018-06-02 00:00:00', '2018-06-02 00:00:00', NULL),
(150, 418, 26, 2, 1, 1, 1, '2018-06-06 00:00:00', '2018-06-06 00:00:00', NULL),
(151, 191, 23, 8, 1, 1, 1, '2018-06-06 00:00:00', '2018-06-06 00:00:00', NULL),
(152, 389, 25, 5, 1, 1, 1, '2018-06-06 00:00:00', '2018-06-06 00:00:00', NULL),
(153, 38, 23, 7, 1, 1, 1, '2018-06-01 00:00:00', '2018-06-01 00:00:00', NULL),
(154, 752, 23, 5, 1, 1, 1, '2018-06-03 00:00:00', '2018-06-03 00:00:00', NULL),
(155, 233, 23, 5, 1, 1, 1, '2018-06-05 00:00:00', '2018-06-05 00:00:00', NULL),
(156, 621, 26, 6, 1, 1, 1, '2018-06-03 00:00:00', '2018-06-03 00:00:00', NULL),
(157, 36, 24, 6, 1, 1, 1, '2018-06-04 00:00:00', '2018-06-04 00:00:00', NULL),
(158, 196, 26, 1, 1, 1, 1, '2018-06-01 00:00:00', '2018-06-01 00:00:00', NULL),
(159, 461, 23, 2, 1, 1, 1, '2018-06-07 00:00:00', '2018-06-07 00:00:00', NULL),
(160, 38, 23, 2, 1, 1, 1, '2018-05-31 00:00:00', '2018-05-31 00:00:00', NULL),
(161, 617, 24, 7, 1, 1, 1, '2018-06-06 00:00:00', '2018-06-06 00:00:00', NULL),
(162, 527, 22, 1, 1, 1, 1, '2018-06-07 00:00:00', '2018-06-07 00:00:00', NULL),
(163, 151, 22, 7, 1, 1, 1, '2018-05-31 00:00:00', '2018-05-31 00:00:00', NULL),
(164, 493, 24, 3, 1, 1, 1, '2018-06-07 00:00:00', '2018-06-07 00:00:00', NULL),
(165, 319, 22, 5, 1, 1, 1, '2018-06-07 00:00:00', '2018-06-07 00:00:00', NULL),
(166, 288, 24, 5, 1, 1, 1, '2018-06-06 00:00:00', '2018-06-06 00:00:00', NULL),
(167, 444, 27, 3, 1, 1, 1, '2018-06-03 00:00:00', '2018-06-03 00:00:00', NULL),
(168, 360, 27, 5, 1, 1, 1, '2018-06-04 00:00:00', '2018-06-04 00:00:00', NULL),
(169, 99, 24, 3, 1, 1, 1, '2018-06-05 00:00:00', '2018-06-05 00:00:00', NULL),
(170, 64, 25, 3, 1, 1, 1, '2018-06-06 00:00:00', '2018-06-06 00:00:00', NULL),
(171, 710, 28, 4, 1, 1, 1, '2018-06-05 00:00:00', '2018-06-05 00:00:00', NULL),
(172, 113, 23, 4, 1, 1, 1, '2018-06-06 00:00:00', '2018-06-06 00:00:00', NULL),
(173, 313, 28, 6, 1, 1, 1, '2018-06-03 00:00:00', '2018-06-03 00:00:00', NULL),
(174, 206, 26, 6, 1, 1, 1, '2018-06-07 00:00:00', '2018-06-07 00:00:00', NULL),
(175, 263, 28, 3, 1, 1, 1, '2018-06-07 00:00:00', '2018-06-07 00:00:00', NULL),
(176, 432, 31, 4, 1, 1, 1, '2018-06-03 00:00:00', '2018-06-03 00:00:00', NULL),
(177, 509, 31, 1, 1, 1, 1, '2018-06-03 00:00:00', '2018-06-03 00:00:00', NULL),
(178, 458, 30, 1, 1, 1, 1, '2018-06-05 00:00:00', '2018-06-05 00:00:00', NULL),
(179, 693, 26, 5, 1, 1, 1, '2018-06-05 00:00:00', '2018-06-05 00:00:00', NULL),
(180, 217, 24, 1, 1, 1, 1, '2018-06-07 00:00:00', '2018-06-07 00:00:00', NULL),
(181, 509, 29, 7, 1, 1, 1, '2018-06-07 00:00:00', '2018-06-07 00:00:00', NULL),
(182, 780, 29, 6, 1, 1, 1, '2018-06-04 00:00:00', '2018-06-04 00:00:00', NULL),
(183, 125, 27, 1, 1, 1, 1, '2018-06-02 00:00:00', '2018-06-02 00:00:00', NULL),
(184, 793, 29, 1, 1, 1, 1, '2018-06-04 00:00:00', '2018-06-04 00:00:00', NULL),
(185, 24, 24, 8, 1, 1, 1, '2018-06-02 00:00:00', '2018-06-02 00:00:00', NULL),
(186, 660, 25, 2, 1, 1, 1, '2018-06-02 00:00:00', '2018-06-02 00:00:00', NULL),
(187, 591, 25, 5, 1, 1, 1, '2018-06-03 00:00:00', '2018-06-03 00:00:00', NULL),
(188, 803, 26, 1, 1, 1, 1, '2018-06-03 00:00:00', '2018-06-03 00:00:00', NULL),
(189, 486, 26, 3, 1, 1, 1, '2018-06-06 00:00:00', '2018-06-06 00:00:00', NULL),
(190, 400, 28, 1, 1, 1, 1, '2018-06-03 00:00:00', '2018-06-03 00:00:00', NULL),
(191, 626, 29, 6, 1, 1, 1, '2018-06-01 00:00:00', '2018-06-01 00:00:00', NULL),
(192, 797, 26, 8, 1, 1, 1, '2018-06-05 00:00:00', '2018-06-05 00:00:00', NULL),
(193, 455, 27, 8, 1, 1, 1, '2018-06-03 00:00:00', '2018-06-03 00:00:00', NULL),
(194, 526, 22, 7, 1, 1, 1, '2018-06-01 00:00:00', '2018-06-01 00:00:00', NULL),
(195, 367, 28, 5, 1, 1, 1, '2018-06-02 00:00:00', '2018-06-02 00:00:00', NULL),
(196, 463, 30, 8, 1, 1, 1, '2018-06-04 00:00:00', '2018-06-04 00:00:00', NULL),
(197, 738, 24, 4, 1, 1, 1, '2018-06-04 00:00:00', '2018-06-04 00:00:00', NULL),
(198, 785, 22, 5, 1, 1, 1, '2018-06-04 00:00:00', '2018-06-04 00:00:00', NULL),
(199, 239, 27, 8, 1, 1, 1, '2018-06-01 00:00:00', '2018-06-01 00:00:00', NULL),
(200, 217, 29, 3, 1, 1, 1, '2018-06-03 00:00:00', '2018-06-03 00:00:00', NULL),
(201, 635, 22, 4, 1, 1, 1, '2018-05-31 00:00:00', '2018-05-31 00:00:00', NULL),
(202, 722, 24, 7, 1, 1, 1, '2018-05-31 00:00:00', '2018-05-31 00:00:00', NULL),
(203, 205, 24, 2, 1, 1, 1, '2018-06-01 00:00:00', '2018-06-01 00:00:00', NULL),
(204, 588, 27, 2, 1, 1, 1, '2018-06-02 00:00:00', '2018-06-02 00:00:00', NULL),
(205, 597, 29, 5, 1, 1, 1, '2018-06-02 00:00:00', '2018-06-02 00:00:00', NULL),
(206, 590, 25, 5, 1, 1, 1, '2018-06-02 00:00:00', '2018-06-02 00:00:00', NULL),
(207, 657, 30, 4, 1, 1, 1, '2018-06-05 00:00:00', '2018-06-05 00:00:00', NULL),
(208, 76, 25, 7, 1, 1, 1, '2018-06-07 00:00:00', '2018-06-07 00:00:00', NULL),
(209, 394, 29, 1, 1, 1, 1, '2018-06-04 00:00:00', '2018-06-04 00:00:00', NULL),
(210, 660, 28, 8, 1, 1, 1, '2018-06-05 00:00:00', '2018-06-05 00:00:00', NULL),
(211, 741, 26, 8, 1, 1, 1, '2018-06-02 00:00:00', '2018-06-02 00:00:00', NULL),
(212, 701, 29, 6, 1, 1, 1, '2018-06-07 00:00:00', '2018-06-07 00:00:00', NULL),
(213, 777, 28, 8, 1, 1, 1, '2018-05-31 00:00:00', '2018-05-31 00:00:00', NULL),
(214, 218, 29, 7, 1, 1, 1, '2018-06-03 00:00:00', '2018-06-03 00:00:00', NULL),
(215, 634, 23, 8, 1, 1, 1, '2018-06-07 00:00:00', '2018-06-07 00:00:00', NULL),
(216, 769, 27, 1, 1, 1, 1, '2018-06-03 00:00:00', '2018-06-03 00:00:00', NULL),
(217, 82, 28, 6, 1, 1, 1, '2018-06-03 00:00:00', '2018-06-03 00:00:00', NULL),
(218, 593, 28, 4, 1, 1, 1, '2018-05-31 00:00:00', '2018-05-31 00:00:00', NULL),
(219, 774, 22, 3, 1, 1, 1, '2018-06-07 00:00:00', '2018-06-07 00:00:00', NULL),
(220, 678, 22, 4, 1, 1, 1, '2018-05-31 00:00:00', '2018-05-31 00:00:00', NULL),
(221, 80, 29, 1, 1, 1, 1, '2018-06-01 00:00:00', '2018-06-01 00:00:00', NULL),
(222, 318, 22, 5, 1, 1, 1, '2018-06-07 00:00:00', '2018-06-07 00:00:00', NULL),
(223, 42, 28, 3, 1, 1, 1, '2018-06-03 00:00:00', '2018-06-03 00:00:00', NULL),
(224, 690, 30, 8, 1, 1, 1, '2018-06-01 00:00:00', '2018-06-01 00:00:00', NULL),
(225, 293, 30, 4, 1, 1, 1, '2018-06-03 00:00:00', '2018-06-03 00:00:00', NULL),
(226, 411, 25, 8, 1, 1, 1, '2018-06-01 00:00:00', '2018-06-01 00:00:00', NULL),
(227, 462, 25, 2, 1, 1, 1, '2018-05-31 00:00:00', '2018-05-31 00:00:00', NULL),
(228, 668, 26, 8, 1, 1, 1, '2018-06-02 00:00:00', '2018-06-02 00:00:00', NULL),
(229, 700, 22, 7, 1, 1, 1, '2018-06-03 00:00:00', '2018-06-03 00:00:00', NULL),
(230, 713, 31, 4, 1, 1, 1, '2018-06-07 00:00:00', '2018-06-07 00:00:00', NULL),
(231, 349, 23, 1, 1, 1, 1, '2018-06-03 00:00:00', '2018-06-03 00:00:00', NULL),
(232, 233, 24, 3, 1, 1, 1, '2018-06-06 00:00:00', '2018-06-06 00:00:00', NULL),
(233, 795, 27, 4, 1, 1, 1, '2018-06-05 00:00:00', '2018-06-05 00:00:00', NULL),
(234, 426, 27, 8, 1, 1, 1, '2018-06-01 00:00:00', '2018-06-01 00:00:00', NULL),
(235, 494, 29, 5, 1, 1, 1, '2018-05-31 00:00:00', '2018-05-31 00:00:00', NULL),
(236, 569, 28, 2, 1, 1, 1, '2018-05-31 00:00:00', '2018-05-31 00:00:00', NULL),
(237, 575, 25, 6, 1, 1, 1, '2018-06-06 00:00:00', '2018-06-06 00:00:00', NULL),
(238, 705, 29, 7, 1, 1, 1, '2018-06-06 00:00:00', '2018-06-06 00:00:00', NULL),
(239, 87, 29, 3, 1, 1, 1, '2018-06-03 00:00:00', '2018-06-03 00:00:00', NULL),
(240, 4, 22, 7, 1, 1, 1, '2018-06-04 00:00:00', '2018-06-04 00:00:00', NULL),
(241, 660, 23, 6, 1, 1, 1, '2018-06-02 00:00:00', '2018-06-02 00:00:00', NULL),
(242, 220, 28, 6, 1, 1, 1, '2018-06-05 00:00:00', '2018-06-05 00:00:00', NULL),
(243, 463, 30, 5, 1, 1, 1, '2018-06-01 00:00:00', '2018-06-01 00:00:00', NULL),
(244, 134, 28, 3, 1, 1, 1, '2018-06-07 00:00:00', '2018-06-07 00:00:00', NULL),
(245, 205, 23, 4, 1, 1, 1, '2018-06-07 00:00:00', '2018-06-07 00:00:00', NULL),
(246, 242, 24, 1, 1, 1, 1, '2018-06-03 00:00:00', '2018-06-03 00:00:00', NULL),
(247, 199, 23, 3, 1, 1, 1, '2018-05-31 00:00:00', '2018-05-31 00:00:00', NULL),
(248, 570, 26, 2, 1, 1, 1, '2018-06-02 00:00:00', '2018-06-02 00:00:00', NULL),
(249, 541, 31, 8, 1, 1, 1, '2018-06-06 00:00:00', '2018-06-06 00:00:00', NULL),
(250, 758, 23, 5, 1, 1, 1, '2018-06-05 00:00:00', '2018-06-05 00:00:00', NULL),
(251, 585, 22, 8, 1, 1, 1, '2018-06-06 00:00:00', '2018-06-06 00:00:00', NULL),
(252, 575, 30, 2, 1, 1, 1, '2018-06-06 00:00:00', '2018-06-06 00:00:00', NULL),
(253, 345, 30, 3, 1, 1, 1, '2018-06-03 00:00:00', '2018-06-03 00:00:00', NULL),
(254, 802, 29, 7, 1, 1, 1, '2018-06-07 00:00:00', '2018-06-07 00:00:00', NULL),
(255, 412, 27, 1, 1, 1, 1, '2018-06-07 00:00:00', '2018-06-07 00:00:00', NULL),
(256, 309, 27, 3, 1, 1, 1, '2018-06-03 00:00:00', '2018-06-03 00:00:00', NULL),
(257, 322, 27, 1, 1, 1, 1, '2018-06-04 00:00:00', '2018-06-04 00:00:00', NULL),
(258, 332, 24, 7, 1, 1, 1, '2018-06-02 00:00:00', '2018-06-02 00:00:00', NULL),
(259, 36, 29, 5, 1, 1, 1, '2018-06-04 00:00:00', '2018-06-04 00:00:00', NULL),
(260, 776, 25, 1, 1, 1, 1, '2018-06-04 00:00:00', '2018-06-04 00:00:00', NULL),
(261, 767, 31, 4, 1, 1, 1, '2018-06-06 00:00:00', '2018-06-06 00:00:00', NULL),
(262, 38, 26, 2, 1, 1, 1, '2018-05-31 00:00:00', '2018-05-31 00:00:00', NULL),
(263, 224, 27, 7, 1, 1, 1, '2018-05-31 00:00:00', '2018-05-31 00:00:00', NULL),
(264, 685, 22, 3, 1, 1, 1, '2018-06-07 00:00:00', '2018-06-07 00:00:00', NULL),
(265, 606, 23, 2, 1, 1, 1, '2018-06-07 00:00:00', '2018-06-07 00:00:00', NULL),
(266, 92, 25, 3, 1, 1, 1, '2018-06-01 00:00:00', '2018-06-01 00:00:00', NULL),
(267, 115, 27, 4, 1, 1, 1, '2018-06-06 00:00:00', '2018-06-06 00:00:00', NULL),
(268, 239, 31, 2, 1, 1, 1, '2018-06-06 00:00:00', '2018-06-06 00:00:00', NULL),
(269, 634, 28, 8, 1, 1, 1, '2018-06-01 00:00:00', '2018-06-01 00:00:00', NULL),
(270, 707, 25, 8, 1, 1, 1, '2018-06-01 00:00:00', '2018-06-01 00:00:00', NULL),
(271, 514, 28, 5, 1, 1, 1, '2018-06-05 00:00:00', '2018-06-05 00:00:00', NULL),
(272, 524, 29, 5, 1, 1, 1, '2018-06-06 00:00:00', '2018-06-06 00:00:00', NULL),
(273, 171, 27, 6, 1, 1, 1, '2018-06-01 00:00:00', '2018-06-01 00:00:00', NULL),
(274, 104, 24, 8, 1, 1, 1, '2018-05-31 00:00:00', '2018-05-31 00:00:00', NULL),
(275, 521, 22, 1, 1, 1, 1, '2018-06-02 00:00:00', '2018-06-02 00:00:00', NULL),
(276, 553, 26, 3, 1, 1, 1, '2018-06-05 00:00:00', '2018-06-05 00:00:00', NULL),
(277, 140, 23, 5, 1, 1, 1, '2018-05-31 00:00:00', '2018-05-31 00:00:00', NULL),
(278, 73, 30, 3, 1, 1, 1, '2018-06-02 00:00:00', '2018-06-02 00:00:00', NULL),
(279, 385, 31, 4, 1, 1, 1, '2018-06-03 00:00:00', '2018-06-03 00:00:00', NULL),
(280, 262, 22, 5, 1, 1, 1, '2018-06-04 00:00:00', '2018-06-04 00:00:00', NULL),
(281, 727, 25, 8, 1, 1, 1, '2018-06-03 00:00:00', '2018-06-03 00:00:00', NULL),
(282, 404, 30, 6, 1, 1, 1, '2018-06-06 00:00:00', '2018-06-06 00:00:00', NULL),
(283, 532, 26, 7, 1, 1, 1, '2018-06-04 00:00:00', '2018-06-04 00:00:00', NULL),
(284, 480, 26, 8, 1, 1, 1, '2018-06-04 00:00:00', '2018-06-04 00:00:00', NULL),
(285, 492, 30, 4, 1, 1, 1, '2018-06-06 00:00:00', '2018-06-06 00:00:00', NULL),
(286, 626, 30, 6, 1, 1, 1, '2018-06-03 00:00:00', '2018-06-03 00:00:00', NULL),
(287, 461, 24, 3, 1, 1, 1, '2018-06-01 00:00:00', '2018-06-01 00:00:00', NULL),
(288, 633, 27, 8, 1, 1, 1, '2018-06-01 00:00:00', '2018-06-01 00:00:00', NULL),
(289, 376, 25, 7, 1, 1, 1, '2018-06-05 00:00:00', '2018-06-05 00:00:00', NULL),
(290, 542, 28, 6, 1, 1, 1, '2018-06-07 00:00:00', '2018-06-07 00:00:00', NULL),
(291, 619, 31, 1, 1, 1, 1, '2018-06-04 00:00:00', '2018-06-04 00:00:00', NULL),
(292, 2, 30, 2, 1, 1, 1, '2018-06-06 00:00:00', '2018-06-06 00:00:00', NULL),
(293, 442, 24, 3, 1, 1, 1, '2018-06-07 00:00:00', '2018-06-07 00:00:00', NULL),
(294, 153, 29, 6, 1, 1, 1, '2018-06-03 00:00:00', '2018-06-03 00:00:00', NULL),
(295, 229, 28, 7, 1, 1, 1, '2018-06-05 00:00:00', '2018-06-05 00:00:00', NULL),
(296, 466, 22, 4, 1, 1, 1, '2018-05-31 00:00:00', '2018-05-31 00:00:00', NULL),
(297, 498, 27, 4, 1, 1, 1, '2018-06-06 00:00:00', '2018-06-06 00:00:00', NULL),
(298, 496, 27, 8, 1, 1, 1, '2018-06-03 00:00:00', '2018-06-03 00:00:00', NULL),
(299, 758, 28, 1, 1, 1, 1, '2018-06-04 00:00:00', '2018-06-04 00:00:00', NULL),
(300, 102, 26, 8, 1, 1, 1, '2018-06-07 00:00:00', '2018-06-07 00:00:00', NULL),
(301, 327, 29, 1, 1, 1, 1, '2018-06-03 00:00:00', '2018-06-03 00:00:00', NULL),
(302, 183, 30, 7, 1, 1, 1, '2018-06-05 00:00:00', '2018-06-05 00:00:00', NULL),
(303, 692, 22, 3, 1, 1, 1, '2018-06-02 00:00:00', '2018-06-02 00:00:00', NULL),
(304, 693, 27, 8, 1, 1, 1, '2018-06-05 00:00:00', '2018-06-05 00:00:00', NULL),
(305, 602, 29, 3, 1, 1, 1, '2018-06-04 00:00:00', '2018-06-04 00:00:00', NULL),
(306, 170, 27, 4, 1, 1, 1, '2018-06-02 00:00:00', '2018-06-02 00:00:00', NULL),
(307, 554, 26, 4, 1, 1, 1, '2018-06-01 00:00:00', '2018-06-01 00:00:00', NULL),
(308, 511, 26, 5, 1, 1, 1, '2018-06-03 00:00:00', '2018-06-03 00:00:00', NULL),
(309, 539, 26, 4, 1, 1, 1, '2018-06-05 00:00:00', '2018-06-05 00:00:00', NULL),
(310, 633, 26, 4, 1, 1, 1, '2018-06-03 00:00:00', '2018-06-03 00:00:00', NULL),
(311, 232, 29, 6, 1, 1, 1, '2018-06-05 00:00:00', '2018-06-05 00:00:00', NULL),
(312, 92, 28, 5, 1, 1, 1, '2018-06-07 00:00:00', '2018-06-07 00:00:00', NULL),
(313, 182, 24, 8, 1, 1, 1, '2018-06-04 00:00:00', '2018-06-04 00:00:00', NULL),
(314, 294, 25, 6, 1, 1, 1, '2018-06-02 00:00:00', '2018-06-02 00:00:00', NULL),
(315, 46, 26, 6, 1, 1, 1, '2018-06-03 00:00:00', '2018-06-03 00:00:00', NULL),
(316, 789, 30, 2, 1, 1, 1, '2018-06-07 00:00:00', '2018-06-07 00:00:00', NULL),
(317, 703, 29, 5, 1, 1, 1, '2018-06-01 00:00:00', '2018-06-01 00:00:00', NULL),
(318, 611, 28, 8, 1, 1, 1, '2018-06-02 00:00:00', '2018-06-02 00:00:00', NULL),
(319, 139, 29, 8, 1, 1, 1, '2018-06-01 00:00:00', '2018-06-01 00:00:00', NULL),
(320, 114, 24, 7, 1, 1, 1, '2018-06-03 00:00:00', '2018-06-03 00:00:00', NULL),
(321, 145, 22, 3, 1, 1, 1, '2018-06-02 00:00:00', '2018-06-02 00:00:00', NULL),
(322, 183, 23, 7, 1, 1, 1, '2018-06-07 00:00:00', '2018-06-07 00:00:00', NULL),
(323, 360, 27, 5, 1, 1, 1, '2018-06-01 00:00:00', '2018-06-01 00:00:00', NULL),
(324, 511, 31, 8, 1, 1, 1, '2018-05-31 00:00:00', '2018-05-31 00:00:00', NULL),
(325, 562, 24, 4, 1, 1, 1, '2018-06-07 00:00:00', '2018-06-07 00:00:00', NULL),
(326, 368, 28, 4, 1, 1, 1, '2018-06-05 00:00:00', '2018-06-05 00:00:00', NULL),
(327, 652, 31, 4, 1, 1, 1, '2018-06-07 00:00:00', '2018-06-07 00:00:00', NULL),
(328, 660, 28, 5, 1, 1, 1, '2018-06-02 00:00:00', '2018-06-02 00:00:00', NULL),
(329, 662, 30, 8, 1, 1, 1, '2018-06-04 00:00:00', '2018-06-04 00:00:00', NULL),
(330, 448, 27, 4, 1, 1, 1, '2018-06-02 00:00:00', '2018-06-02 00:00:00', NULL),
(331, 612, 24, 6, 1, 1, 1, '2018-05-31 00:00:00', '2018-05-31 00:00:00', NULL),
(332, 524, 27, 1, 1, 1, 1, '2018-05-31 00:00:00', '2018-05-31 00:00:00', NULL),
(333, 774, 25, 2, 1, 1, 1, '2018-06-07 00:00:00', '2018-06-07 00:00:00', NULL),
(334, 331, 26, 3, 1, 1, 1, '2018-06-06 00:00:00', '2018-06-06 00:00:00', NULL),
(335, 154, 26, 2, 1, 1, 1, '2018-06-02 00:00:00', '2018-06-02 00:00:00', NULL),
(336, 191, 25, 1, 1, 1, 1, '2018-06-04 00:00:00', '2018-06-04 00:00:00', NULL),
(337, 170, 22, 7, 1, 1, 1, '2018-06-06 00:00:00', '2018-06-06 00:00:00', NULL),
(338, 531, 25, 3, 1, 1, 1, '2018-06-06 00:00:00', '2018-06-06 00:00:00', NULL),
(339, 196, 28, 5, 1, 1, 1, '2018-06-04 00:00:00', '2018-06-04 00:00:00', NULL),
(340, 100, 25, 6, 1, 1, 1, '2018-06-05 00:00:00', '2018-06-05 00:00:00', NULL),
(341, 165, 24, 7, 1, 1, 1, '2018-06-03 00:00:00', '2018-06-03 00:00:00', NULL),
(342, 755, 26, 8, 1, 1, 1, '2018-06-05 00:00:00', '2018-06-05 00:00:00', NULL),
(343, 104, 31, 6, 1, 1, 1, '2018-06-06 00:00:00', '2018-06-06 00:00:00', NULL),
(344, 764, 29, 7, 1, 1, 1, '2018-06-05 00:00:00', '2018-06-05 00:00:00', NULL),
(345, 336, 30, 8, 1, 1, 1, '2018-05-31 00:00:00', '2018-05-31 00:00:00', NULL),
(346, 236, 31, 6, 1, 1, 1, '2018-05-31 00:00:00', '2018-05-31 00:00:00', NULL),
(347, 402, 27, 3, 1, 1, 1, '2018-06-07 00:00:00', '2018-06-07 00:00:00', NULL),
(348, 290, 28, 4, 1, 1, 1, '2018-06-06 00:00:00', '2018-06-06 00:00:00', NULL),
(349, 440, 28, 2, 1, 1, 1, '2018-06-05 00:00:00', '2018-06-05 00:00:00', NULL),
(350, 239, 22, 6, 1, 1, 1, '2018-05-31 00:00:00', '2018-05-31 00:00:00', NULL),
(351, 433, 30, 3, 1, 1, 1, '2018-06-06 00:00:00', '2018-06-06 00:00:00', NULL),
(352, 219, 30, 5, 1, 1, 1, '2018-06-03 00:00:00', '2018-06-03 00:00:00', NULL),
(353, 225, 27, 2, 1, 1, 1, '2018-06-06 00:00:00', '2018-06-06 00:00:00', NULL),
(354, 531, 28, 1, 1, 1, 1, '2018-06-04 00:00:00', '2018-06-04 00:00:00', NULL),
(355, 218, 28, 3, 1, 1, 1, '2018-06-04 00:00:00', '2018-06-04 00:00:00', NULL),
(356, 86, 28, 1, 1, 1, 1, '2018-05-31 00:00:00', '2018-05-31 00:00:00', NULL),
(357, 193, 22, 5, 1, 1, 1, '2018-05-31 00:00:00', '2018-05-31 00:00:00', NULL),
(358, 616, 31, 2, 1, 1, 1, '2018-06-06 00:00:00', '2018-06-06 00:00:00', NULL),
(359, 792, 25, 8, 1, 1, 1, '2018-05-31 00:00:00', '2018-05-31 00:00:00', NULL),
(360, 462, 22, 7, 1, 1, 1, '2018-06-04 00:00:00', '2018-06-04 00:00:00', NULL),
(361, 192, 26, 2, 1, 1, 1, '2018-06-02 00:00:00', '2018-06-02 00:00:00', NULL),
(362, 246, 28, 7, 1, 1, 1, '2018-06-07 00:00:00', '2018-06-07 00:00:00', NULL),
(363, 499, 29, 7, 1, 1, 1, '2018-06-02 00:00:00', '2018-06-02 00:00:00', NULL),
(364, 796, 30, 2, 1, 1, 1, '2018-06-07 00:00:00', '2018-06-07 00:00:00', NULL),
(365, 674, 31, 2, 1, 1, 1, '2018-06-07 00:00:00', '2018-06-07 00:00:00', NULL),
(366, 507, 30, 8, 1, 1, 1, '2018-06-05 00:00:00', '2018-06-05 00:00:00', NULL),
(367, 559, 31, 5, 1, 1, 1, '2018-06-04 00:00:00', '2018-06-04 00:00:00', NULL),
(368, 202, 27, 7, 1, 1, 1, '2018-06-04 00:00:00', '2018-06-04 00:00:00', NULL),
(369, 86, 27, 2, 1, 1, 1, '2018-06-04 00:00:00', '2018-06-04 00:00:00', NULL),
(370, 674, 27, 8, 1, 1, 1, '2018-06-07 00:00:00', '2018-06-07 00:00:00', NULL),
(371, 167, 29, 6, 1, 1, 1, '2018-06-05 00:00:00', '2018-06-05 00:00:00', NULL),
(372, 277, 29, 2, 1, 1, 1, '2018-06-07 00:00:00', '2018-06-07 00:00:00', NULL),
(373, 124, 28, 7, 1, 1, 1, '2018-06-03 00:00:00', '2018-06-03 00:00:00', NULL),
(374, 172, 22, 4, 1, 1, 1, '2018-05-31 00:00:00', '2018-05-31 00:00:00', NULL),
(375, 458, 23, 2, 1, 1, 1, '2018-06-07 00:00:00', '2018-06-07 00:00:00', NULL),
(376, 224, 28, 4, 1, 1, 1, '2018-06-01 00:00:00', '2018-06-01 00:00:00', NULL),
(377, 264, 28, 4, 1, 1, 1, '2018-06-06 00:00:00', '2018-06-06 00:00:00', NULL),
(378, 319, 27, 5, 1, 1, 1, '2018-06-05 00:00:00', '2018-06-05 00:00:00', NULL),
(379, 260, 23, 2, 1, 1, 1, '2018-06-01 00:00:00', '2018-06-01 00:00:00', NULL),
(380, 120, 28, 2, 1, 1, 1, '2018-06-05 00:00:00', '2018-06-05 00:00:00', NULL),
(381, 205, 29, 3, 1, 1, 1, '2018-06-03 00:00:00', '2018-06-03 00:00:00', NULL),
(382, 441, 28, 5, 1, 1, 1, '2018-06-07 00:00:00', '2018-06-07 00:00:00', NULL),
(383, 580, 26, 7, 1, 1, 1, '2018-06-06 00:00:00', '2018-06-06 00:00:00', NULL),
(384, 311, 28, 2, 1, 1, 1, '2018-05-31 00:00:00', '2018-05-31 00:00:00', NULL),
(385, 473, 22, 5, 1, 1, 1, '2018-06-07 00:00:00', '2018-06-07 00:00:00', NULL),
(386, 476, 27, 2, 1, 1, 1, '2018-06-05 00:00:00', '2018-06-05 00:00:00', NULL),
(387, 287, 25, 8, 1, 1, 1, '2018-06-06 00:00:00', '2018-06-06 00:00:00', NULL),
(388, 94, 22, 6, 1, 1, 1, '2018-06-01 00:00:00', '2018-06-01 00:00:00', NULL),
(389, 436, 31, 7, 1, 1, 1, '2018-06-05 00:00:00', '2018-06-05 00:00:00', NULL),
(390, 690, 27, 7, 1, 1, 1, '2018-06-06 00:00:00', '2018-06-06 00:00:00', NULL),
(391, 329, 24, 5, 1, 1, 1, '2018-06-01 00:00:00', '2018-06-01 00:00:00', NULL),
(392, 560, 23, 5, 1, 1, 1, '2018-05-31 00:00:00', '2018-05-31 00:00:00', NULL),
(393, 663, 27, 7, 1, 1, 1, '2018-06-04 00:00:00', '2018-06-04 00:00:00', NULL),
(394, 600, 30, 6, 1, 1, 1, '2018-06-05 00:00:00', '2018-06-05 00:00:00', NULL),
(395, 601, 27, 4, 1, 1, 1, '2018-06-07 00:00:00', '2018-06-07 00:00:00', NULL),
(396, 531, 27, 5, 1, 1, 1, '2018-06-01 00:00:00', '2018-06-01 00:00:00', NULL),
(397, 678, 23, 1, 1, 1, 1, '2018-06-05 00:00:00', '2018-06-05 00:00:00', NULL),
(398, 136, 22, 8, 1, 1, 1, '2018-06-07 00:00:00', '2018-06-07 00:00:00', NULL),
(399, 415, 22, 4, 1, 1, 1, '2018-06-05 00:00:00', '2018-06-05 00:00:00', NULL),
(400, 289, 29, 8, 1, 1, 1, '2018-06-02 00:00:00', '2018-06-02 00:00:00', NULL),
(401, 32, 22, 6, 1, 1, 1, '2018-06-05 00:00:00', '2018-06-05 00:00:00', NULL),
(402, 384, 26, 7, 1, 1, 1, '2018-06-06 00:00:00', '2018-06-06 00:00:00', NULL),
(403, 344, 29, 1, 1, 1, 1, '2018-06-02 00:00:00', '2018-06-02 00:00:00', NULL),
(404, 625, 25, 4, 1, 1, 1, '2018-05-31 00:00:00', '2018-05-31 00:00:00', NULL),
(405, 248, 24, 5, 1, 1, 1, '2018-06-03 00:00:00', '2018-06-03 00:00:00', NULL),
(406, 634, 31, 3, 1, 1, 1, '2018-06-01 00:00:00', '2018-06-01 00:00:00', NULL),
(407, 327, 28, 1, 1, 1, 1, '2018-06-02 00:00:00', '2018-06-02 00:00:00', NULL),
(408, 675, 22, 7, 1, 1, 1, '2018-06-04 00:00:00', '2018-06-04 00:00:00', NULL),
(409, 503, 28, 4, 1, 1, 1, '2018-05-31 00:00:00', '2018-05-31 00:00:00', NULL),
(410, 706, 23, 2, 1, 1, 1, '2018-05-31 00:00:00', '2018-05-31 00:00:00', NULL),
(411, 791, 28, 2, 1, 1, 1, '2018-05-31 00:00:00', '2018-05-31 00:00:00', NULL),
(412, 643, 30, 2, 1, 1, 1, '2018-05-31 00:00:00', '2018-05-31 00:00:00', NULL),
(413, 674, 28, 3, 1, 1, 1, '2018-06-06 00:00:00', '2018-06-06 00:00:00', NULL),
(414, 348, 26, 3, 1, 1, 1, '2018-06-01 00:00:00', '2018-06-01 00:00:00', NULL),
(415, 452, 27, 4, 1, 1, 1, '2018-06-07 00:00:00', '2018-06-07 00:00:00', NULL),
(416, 709, 23, 5, 1, 1, 1, '2018-06-04 00:00:00', '2018-06-04 00:00:00', NULL),
(417, 573, 22, 4, 1, 1, 1, '2018-06-04 00:00:00', '2018-06-04 00:00:00', NULL),
(418, 52, 23, 3, 1, 1, 1, '2018-06-04 00:00:00', '2018-06-04 00:00:00', NULL),
(419, 788, 23, 4, 1, 1, 1, '2018-06-05 00:00:00', '2018-06-05 00:00:00', NULL),
(420, 205, 29, 6, 1, 1, 1, '2018-06-05 00:00:00', '2018-06-05 00:00:00', NULL),
(421, 366, 29, 6, 1, 1, 1, '2018-06-02 00:00:00', '2018-06-02 00:00:00', NULL),
(422, 370, 24, 3, 1, 1, 1, '2018-06-07 00:00:00', '2018-06-07 00:00:00', NULL),
(423, 752, 24, 5, 1, 1, 1, '2018-06-07 00:00:00', '2018-06-07 00:00:00', NULL),
(424, 154, 24, 7, 1, 1, 1, '2018-06-07 00:00:00', '2018-06-07 00:00:00', NULL),
(425, 729, 23, 6, 1, 1, 1, '2018-06-01 00:00:00', '2018-06-01 00:00:00', NULL),
(426, 793, 30, 4, 1, 1, 1, '2018-06-06 00:00:00', '2018-06-06 00:00:00', NULL),
(427, 4, 24, 5, 1, 1, 1, '2018-06-02 00:00:00', '2018-06-02 00:00:00', NULL),
(428, 315, 23, 6, 1, 1, 1, '2018-06-06 00:00:00', '2018-06-06 00:00:00', NULL),
(429, 224, 24, 4, 1, 1, 1, '2018-06-01 00:00:00', '2018-06-01 00:00:00', NULL),
(430, 246, 31, 7, 1, 1, 1, '2018-06-05 00:00:00', '2018-06-05 00:00:00', NULL),
(431, 331, 26, 1, 1, 1, 1, '2018-06-01 00:00:00', '2018-06-01 00:00:00', NULL),
(432, 757, 31, 3, 1, 1, 1, '2018-06-05 00:00:00', '2018-06-05 00:00:00', NULL),
(433, 29, 23, 4, 1, 1, 1, '2018-06-02 00:00:00', '2018-06-02 00:00:00', NULL),
(434, 597, 25, 8, 1, 1, 1, '2018-06-01 00:00:00', '2018-06-01 00:00:00', NULL),
(435, 683, 25, 4, 1, 1, 1, '2018-06-02 00:00:00', '2018-06-02 00:00:00', NULL),
(436, 290, 25, 7, 1, 1, 1, '2018-05-31 00:00:00', '2018-05-31 00:00:00', NULL),
(437, 278, 27, 3, 1, 1, 1, '2018-06-05 00:00:00', '2018-06-05 00:00:00', NULL),
(438, 462, 25, 4, 1, 1, 1, '2018-06-01 00:00:00', '2018-06-01 00:00:00', NULL),
(439, 186, 25, 6, 1, 1, 1, '2018-06-04 00:00:00', '2018-06-04 00:00:00', NULL),
(440, 321, 23, 7, 1, 1, 1, '2018-06-06 00:00:00', '2018-06-06 00:00:00', NULL),
(441, 33, 31, 5, 1, 1, 1, '2018-06-03 00:00:00', '2018-06-03 00:00:00', NULL),
(442, 312, 25, 7, 1, 1, 1, '2018-06-07 00:00:00', '2018-06-07 00:00:00', NULL),
(443, 153, 23, 6, 1, 1, 1, '2018-05-31 00:00:00', '2018-05-31 00:00:00', NULL),
(444, 344, 29, 7, 1, 1, 1, '2018-06-07 00:00:00', '2018-06-07 00:00:00', NULL),
(445, 77, 24, 5, 1, 1, 1, '2018-06-04 00:00:00', '2018-06-04 00:00:00', NULL),
(446, 311, 28, 3, 1, 1, 1, '2018-06-03 00:00:00', '2018-06-03 00:00:00', NULL),
(447, 29, 30, 1, 1, 1, 1, '2018-05-31 00:00:00', '2018-05-31 00:00:00', NULL),
(448, 225, 22, 2, 1, 1, 1, '2018-06-04 00:00:00', '2018-06-04 00:00:00', NULL),
(449, 129, 30, 2, 1, 1, 1, '2018-06-06 00:00:00', '2018-06-06 00:00:00', NULL),
(450, 21, 27, 8, 1, 1, 1, '2018-06-02 00:00:00', '2018-06-02 00:00:00', NULL),
(451, 350, 30, 1, 1, 1, 1, '2018-06-02 00:00:00', '2018-06-02 00:00:00', NULL),
(452, 56, 25, 4, 1, 1, 1, '2018-06-04 00:00:00', '2018-06-04 00:00:00', NULL),
(453, 709, 30, 6, 1, 1, 1, '2018-06-02 00:00:00', '2018-06-02 00:00:00', NULL),
(454, 103, 25, 3, 1, 1, 1, '2018-06-05 00:00:00', '2018-06-05 00:00:00', NULL),
(455, 535, 25, 4, 1, 1, 1, '2018-06-01 00:00:00', '2018-06-01 00:00:00', NULL),
(456, 248, 22, 8, 1, 1, 1, '2018-05-31 00:00:00', '2018-05-31 00:00:00', NULL),
(457, 306, 25, 4, 1, 1, 1, '2018-06-01 00:00:00', '2018-06-01 00:00:00', NULL),
(458, 368, 31, 3, 1, 1, 1, '2018-05-31 00:00:00', '2018-05-31 00:00:00', NULL),
(459, 92, 23, 7, 1, 1, 1, '2018-06-04 00:00:00', '2018-06-04 00:00:00', NULL),
(460, 419, 27, 3, 1, 1, 1, '2018-06-02 00:00:00', '2018-06-02 00:00:00', NULL),
(461, 373, 31, 6, 1, 1, 1, '2018-06-07 00:00:00', '2018-06-07 00:00:00', NULL),
(462, 551, 28, 4, 1, 1, 1, '2018-06-04 00:00:00', '2018-06-04 00:00:00', NULL),
(463, 422, 25, 1, 1, 1, 1, '2018-06-03 00:00:00', '2018-06-03 00:00:00', NULL),
(464, 347, 24, 8, 1, 1, 1, '2018-06-01 00:00:00', '2018-06-01 00:00:00', NULL),
(465, 394, 23, 8, 1, 1, 1, '2018-06-01 00:00:00', '2018-06-01 00:00:00', NULL),
(466, 663, 31, 8, 1, 1, 1, '2018-06-05 00:00:00', '2018-06-05 00:00:00', NULL),
(467, 29, 23, 2, 1, 1, 1, '2018-06-02 00:00:00', '2018-06-02 00:00:00', NULL),
(468, 254, 28, 7, 1, 1, 1, '2018-06-04 00:00:00', '2018-06-04 00:00:00', NULL),
(469, 685, 30, 7, 1, 1, 1, '2018-06-07 00:00:00', '2018-06-07 00:00:00', NULL),
(470, 613, 24, 4, 1, 1, 1, '2018-06-07 00:00:00', '2018-06-07 00:00:00', NULL),
(471, 343, 30, 3, 1, 1, 1, '2018-06-01 00:00:00', '2018-06-01 00:00:00', NULL),
(472, 513, 27, 2, 1, 1, 1, '2018-06-01 00:00:00', '2018-06-01 00:00:00', NULL),
(473, 740, 22, 4, 1, 1, 1, '2018-06-02 00:00:00', '2018-06-02 00:00:00', NULL),
(474, 669, 27, 3, 1, 1, 1, '2018-06-01 00:00:00', '2018-06-01 00:00:00', NULL),
(475, 107, 23, 8, 1, 1, 1, '2018-06-01 00:00:00', '2018-06-01 00:00:00', NULL),
(476, 726, 27, 4, 1, 1, 1, '2018-05-31 00:00:00', '2018-05-31 00:00:00', NULL),
(477, 214, 25, 4, 1, 1, 1, '2018-06-04 00:00:00', '2018-06-04 00:00:00', NULL),
(478, 680, 27, 1, 1, 1, 1, '2018-06-07 00:00:00', '2018-06-07 00:00:00', NULL),
(479, 521, 31, 6, 1, 1, 1, '2018-06-01 00:00:00', '2018-06-01 00:00:00', NULL),
(480, 388, 23, 3, 1, 1, 1, '2018-06-03 00:00:00', '2018-06-03 00:00:00', NULL),
(481, 364, 30, 1, 1, 1, 1, '2018-05-31 00:00:00', '2018-05-31 00:00:00', NULL),
(482, 137, 29, 4, 1, 1, 1, '2018-06-07 00:00:00', '2018-06-07 00:00:00', NULL),
(483, 140, 30, 7, 1, 1, 1, '2018-06-01 00:00:00', '2018-06-01 00:00:00', NULL),
(484, 129, 28, 7, 1, 1, 1, '2018-06-02 00:00:00', '2018-06-02 00:00:00', NULL),
(485, 359, 29, 6, 1, 1, 1, '2018-06-02 00:00:00', '2018-06-02 00:00:00', NULL),
(486, 137, 27, 7, 1, 1, 1, '2018-06-01 00:00:00', '2018-06-01 00:00:00', NULL),
(487, 542, 26, 1, 1, 1, 1, '2018-06-05 00:00:00', '2018-06-05 00:00:00', NULL),
(488, 285, 29, 5, 1, 1, 1, '2018-05-31 00:00:00', '2018-05-31 00:00:00', NULL),
(489, 46, 22, 2, 1, 1, 1, '2018-06-04 00:00:00', '2018-06-04 00:00:00', NULL),
(490, 789, 28, 3, 1, 1, 1, '2018-06-02 00:00:00', '2018-06-02 00:00:00', NULL),
(491, 808, 31, 7, 1, 1, 1, '2018-06-03 00:00:00', '2018-06-03 00:00:00', NULL),
(492, 774, 27, 3, 1, 1, 1, '2018-06-03 00:00:00', '2018-06-03 00:00:00', NULL),
(493, 23, 23, 4, 1, 1, 1, '2018-06-04 00:00:00', '2018-06-04 00:00:00', NULL),
(494, 294, 31, 8, 1, 1, 1, '2018-06-05 00:00:00', '2018-06-05 00:00:00', NULL),
(495, 691, 23, 5, 1, 1, 1, '2018-06-04 00:00:00', '2018-06-04 00:00:00', NULL),
(496, 554, 30, 1, 1, 1, 1, '2018-06-07 00:00:00', '2018-06-07 00:00:00', NULL),
(497, 195, 31, 7, 1, 1, 1, '2018-06-01 00:00:00', '2018-06-01 00:00:00', NULL),
(498, 653, 25, 2, 1, 1, 1, '2018-06-04 00:00:00', '2018-06-04 00:00:00', NULL),
(499, 678, 24, 7, 1, 1, 1, '2018-06-06 00:00:00', '2018-06-06 00:00:00', NULL),
(500, 741, 30, 2, 1, 1, 1, '2018-06-05 00:00:00', '2018-06-05 00:00:00', NULL),
(501, 85, 26, 8, 1, 1, 1, '2018-06-03 00:00:00', '2018-06-03 00:00:00', NULL),
(502, 458, 26, 7, 1, 1, 1, '2018-06-06 00:00:00', '2018-06-06 00:00:00', NULL),
(503, 204, 29, 4, 1, 1, 1, '2018-05-31 00:00:00', '2018-05-31 00:00:00', NULL),
(504, 518, 31, 6, 1, 1, 1, '2018-06-07 00:00:00', '2018-06-07 00:00:00', NULL),
(505, 470, 26, 3, 1, 1, 1, '2018-05-31 00:00:00', '2018-05-31 00:00:00', NULL),
(506, 442, 26, 8, 1, 1, 1, '2018-06-01 00:00:00', '2018-06-01 00:00:00', NULL),
(507, 699, 22, 2, 1, 1, 1, '2018-06-01 00:00:00', '2018-06-01 00:00:00', NULL),
(508, 580, 30, 8, 1, 1, 1, '2018-06-06 00:00:00', '2018-06-06 00:00:00', NULL),
(509, 113, 26, 4, 1, 1, 1, '2018-06-04 00:00:00', '2018-06-04 00:00:00', NULL),
(510, 176, 26, 4, 1, 1, 1, '2018-06-03 00:00:00', '2018-06-03 00:00:00', NULL),
(511, 136, 27, 4, 1, 1, 1, '2018-06-02 00:00:00', '2018-06-02 00:00:00', NULL),
(512, 792, 29, 5, 1, 1, 1, '2018-05-31 00:00:00', '2018-05-31 00:00:00', NULL),
(513, 60, 26, 6, 1, 1, 1, '2018-05-31 00:00:00', '2018-05-31 00:00:00', NULL),
(514, 734, 30, 8, 1, 1, 1, '2018-06-02 00:00:00', '2018-06-02 00:00:00', NULL),
(515, 558, 26, 8, 1, 1, 1, '2018-06-01 00:00:00', '2018-06-01 00:00:00', NULL),
(516, 627, 26, 5, 1, 1, 1, '2018-06-05 00:00:00', '2018-06-05 00:00:00', NULL),
(517, 126, 30, 7, 1, 1, 1, '2018-06-02 00:00:00', '2018-06-02 00:00:00', NULL),
(518, 465, 24, 3, 1, 1, 1, '2018-06-03 00:00:00', '2018-06-03 00:00:00', NULL),
(519, 213, 24, 1, 1, 1, 1, '2018-06-03 00:00:00', '2018-06-03 00:00:00', NULL),
(520, 651, 30, 6, 1, 1, 1, '2018-06-07 00:00:00', '2018-06-07 00:00:00', NULL),
(521, 250, 27, 4, 1, 1, 1, '2018-06-01 00:00:00', '2018-06-01 00:00:00', NULL),
(522, 195, 22, 4, 1, 1, 1, '2018-06-03 00:00:00', '2018-06-03 00:00:00', NULL),
(523, 250, 29, 8, 1, 1, 1, '2018-06-07 00:00:00', '2018-06-07 00:00:00', NULL),
(524, 595, 22, 2, 1, 1, 1, '2018-06-07 00:00:00', '2018-06-07 00:00:00', NULL),
(525, 754, 26, 2, 1, 1, 1, '2018-06-05 00:00:00', '2018-06-05 00:00:00', NULL),
(526, 144, 28, 6, 1, 1, 1, '2018-05-31 00:00:00', '2018-05-31 00:00:00', NULL),
(527, 689, 24, 1, 1, 1, 1, '2018-06-04 00:00:00', '2018-06-04 00:00:00', NULL),
(528, 347, 23, 2, 1, 1, 1, '2018-06-04 00:00:00', '2018-06-04 00:00:00', NULL),
(529, 205, 24, 3, 1, 1, 1, '2018-06-01 00:00:00', '2018-06-01 00:00:00', NULL),
(530, 134, 23, 2, 1, 1, 1, '2018-05-31 00:00:00', '2018-05-31 00:00:00', NULL),
(531, 796, 28, 1, 1, 1, 1, '2018-06-02 00:00:00', '2018-06-02 00:00:00', NULL),
(532, 335, 28, 5, 1, 1, 1, '2018-06-07 00:00:00', '2018-06-07 00:00:00', NULL),
(533, 807, 24, 1, 1, 1, 1, '2018-06-05 00:00:00', '2018-06-05 00:00:00', NULL),
(534, 305, 22, 2, 1, 1, 1, '2018-06-02 00:00:00', '2018-06-02 00:00:00', NULL),
(535, 146, 29, 6, 1, 1, 1, '2018-05-31 00:00:00', '2018-05-31 00:00:00', NULL),
(536, 33, 28, 4, 1, 1, 1, '2018-06-05 00:00:00', '2018-06-05 00:00:00', NULL),
(537, 434, 25, 6, 1, 1, 1, '2018-06-04 00:00:00', '2018-06-04 00:00:00', NULL),
(538, 372, 29, 8, 1, 1, 1, '2018-06-02 00:00:00', '2018-06-02 00:00:00', NULL),
(539, 498, 25, 7, 1, 1, 1, '2018-06-02 00:00:00', '2018-06-02 00:00:00', NULL),
(540, 653, 29, 5, 1, 1, 1, '2018-06-02 00:00:00', '2018-06-02 00:00:00', NULL),
(541, 685, 25, 6, 1, 1, 1, '2018-06-02 00:00:00', '2018-06-02 00:00:00', NULL),
(542, 366, 24, 2, 1, 1, 1, '2018-06-04 00:00:00', '2018-06-04 00:00:00', NULL),
(543, 163, 28, 7, 1, 1, 1, '2018-05-31 00:00:00', '2018-05-31 00:00:00', NULL),
(544, 536, 31, 1, 1, 1, 1, '2018-06-01 00:00:00', '2018-06-01 00:00:00', NULL),
(545, 198, 22, 5, 1, 1, 1, '2018-06-02 00:00:00', '2018-06-02 00:00:00', NULL),
(546, 809, 29, 3, 1, 1, 1, '2018-05-31 00:00:00', '2018-05-31 00:00:00', NULL),
(547, 563, 29, 7, 1, 1, 1, '2018-06-02 00:00:00', '2018-06-02 00:00:00', NULL),
(548, 231, 25, 7, 1, 1, 1, '2018-06-01 00:00:00', '2018-06-01 00:00:00', NULL),
(549, 671, 22, 5, 1, 1, 1, '2018-06-05 00:00:00', '2018-06-05 00:00:00', NULL),
(550, 162, 29, 5, 1, 1, 1, '2018-06-06 00:00:00', '2018-06-06 00:00:00', NULL),
(551, 637, 28, 6, 1, 1, 1, '2018-06-02 00:00:00', '2018-06-02 00:00:00', NULL),
(552, 356, 27, 8, 1, 1, 1, '2018-05-31 00:00:00', '2018-05-31 00:00:00', NULL),
(553, 328, 22, 2, 1, 1, 1, '2018-06-05 00:00:00', '2018-06-05 00:00:00', NULL),
(554, 334, 27, 2, 1, 1, 1, '2018-06-02 00:00:00', '2018-06-02 00:00:00', NULL),
(555, 227, 29, 3, 1, 1, 1, '2018-06-03 00:00:00', '2018-06-03 00:00:00', NULL),
(556, 150, 26, 5, 1, 1, 1, '2018-06-03 00:00:00', '2018-06-03 00:00:00', NULL),
(557, 418, 26, 4, 1, 1, 1, '2018-06-04 00:00:00', '2018-06-04 00:00:00', NULL),
(558, 295, 22, 2, 1, 1, 1, '2018-05-31 00:00:00', '2018-05-31 00:00:00', NULL),
(559, 575, 24, 1, 1, 1, 1, '2018-06-04 00:00:00', '2018-06-04 00:00:00', NULL),
(560, 622, 24, 3, 1, 1, 1, '2018-06-04 00:00:00', '2018-06-04 00:00:00', NULL),
(561, 312, 23, 8, 1, 1, 1, '2018-06-02 00:00:00', '2018-06-02 00:00:00', NULL),
(562, 343, 27, 4, 1, 1, 1, '2018-06-07 00:00:00', '2018-06-07 00:00:00', NULL),
(563, 136, 24, 7, 1, 1, 1, '2018-06-07 00:00:00', '2018-06-07 00:00:00', NULL),
(564, 664, 30, 4, 1, 1, 1, '2018-06-03 00:00:00', '2018-06-03 00:00:00', NULL),
(565, 430, 23, 4, 1, 1, 1, '2018-06-05 00:00:00', '2018-06-05 00:00:00', NULL),
(566, 84, 29, 2, 1, 1, 1, '2018-06-02 00:00:00', '2018-06-02 00:00:00', NULL),
(567, 344, 25, 6, 1, 1, 1, '2018-06-01 00:00:00', '2018-06-01 00:00:00', NULL),
(568, 4, 24, 2, 1, 1, 1, '2018-06-05 00:00:00', '2018-06-05 00:00:00', NULL),
(569, 399, 30, 5, 1, 1, 1, '2018-05-31 00:00:00', '2018-05-31 00:00:00', NULL),
(570, 688, 24, 5, 1, 1, 1, '2018-06-04 00:00:00', '2018-06-04 00:00:00', NULL),
(571, 116, 28, 8, 1, 1, 1, '2018-06-02 00:00:00', '2018-06-02 00:00:00', NULL),
(572, 730, 31, 3, 1, 1, 1, '2018-06-05 00:00:00', '2018-06-05 00:00:00', NULL),
(573, 238, 28, 8, 1, 1, 1, '2018-06-05 00:00:00', '2018-06-05 00:00:00', NULL),
(574, 478, 26, 5, 1, 1, 1, '2018-06-06 00:00:00', '2018-06-06 00:00:00', NULL),
(575, 623, 30, 7, 1, 1, 1, '2018-06-01 00:00:00', '2018-06-01 00:00:00', NULL),
(576, 20, 22, 5, 1, 1, 1, '2018-05-31 00:00:00', '2018-05-31 00:00:00', NULL),
(577, 350, 31, 7, 1, 1, 1, '2018-06-03 00:00:00', '2018-06-03 00:00:00', NULL),
(578, 131, 25, 7, 1, 1, 1, '2018-06-03 00:00:00', '2018-06-03 00:00:00', NULL),
(579, 747, 26, 1, 1, 1, 1, '2018-06-04 00:00:00', '2018-06-04 00:00:00', NULL),
(580, 471, 31, 6, 1, 1, 1, '2018-06-06 00:00:00', '2018-06-06 00:00:00', NULL),
(581, 147, 30, 2, 1, 1, 1, '2018-06-05 00:00:00', '2018-06-05 00:00:00', NULL),
(582, 366, 29, 3, 1, 1, 1, '2018-06-04 00:00:00', '2018-06-04 00:00:00', NULL),
(583, 749, 30, 5, 1, 1, 1, '2018-06-04 00:00:00', '2018-06-04 00:00:00', NULL),
(584, 343, 29, 3, 1, 1, 1, '2018-06-06 00:00:00', '2018-06-06 00:00:00', NULL),
(585, 350, 26, 1, 1, 1, 1, '2018-06-01 00:00:00', '2018-06-01 00:00:00', NULL),
(586, 326, 23, 2, 1, 1, 1, '2018-06-03 00:00:00', '2018-06-03 00:00:00', NULL),
(587, 396, 25, 2, 1, 1, 1, '2018-06-02 00:00:00', '2018-06-02 00:00:00', NULL),
(588, 671, 23, 7, 1, 1, 1, '2018-06-01 00:00:00', '2018-06-01 00:00:00', NULL),
(589, 804, 24, 3, 1, 1, 1, '2018-06-04 00:00:00', '2018-06-04 00:00:00', NULL),
(590, 88, 30, 5, 1, 1, 1, '2018-06-04 00:00:00', '2018-06-04 00:00:00', NULL),
(591, 225, 28, 5, 1, 1, 1, '2018-06-05 00:00:00', '2018-06-05 00:00:00', NULL),
(592, 665, 24, 5, 1, 1, 1, '2018-06-02 00:00:00', '2018-06-02 00:00:00', NULL),
(593, 131, 24, 6, 1, 1, 1, '2018-05-31 00:00:00', '2018-05-31 00:00:00', NULL),
(594, 33, 30, 4, 1, 1, 1, '2018-06-05 00:00:00', '2018-06-05 00:00:00', NULL),
(595, 608, 25, 8, 1, 1, 1, '2018-06-01 00:00:00', '2018-06-01 00:00:00', NULL),
(596, 153, 29, 3, 1, 1, 1, '2018-06-03 00:00:00', '2018-06-03 00:00:00', NULL),
(597, 127, 27, 5, 1, 1, 1, '2018-06-01 00:00:00', '2018-06-01 00:00:00', NULL),
(598, 374, 24, 8, 1, 1, 1, '2018-06-03 00:00:00', '2018-06-03 00:00:00', NULL),
(599, 563, 25, 6, 1, 1, 1, '2018-06-01 00:00:00', '2018-06-01 00:00:00', NULL),
(600, 635, 28, 6, 1, 1, 1, '2018-06-01 00:00:00', '2018-06-01 00:00:00', NULL),
(601, 729, 24, 7, 1, 1, 1, '2018-06-02 00:00:00', '2018-06-02 00:00:00', NULL),
(602, 460, 24, 7, 1, 1, 1, '2018-06-06 00:00:00', '2018-06-06 00:00:00', NULL),
(603, 348, 30, 7, 1, 1, 1, '2018-06-06 00:00:00', '2018-06-06 00:00:00', NULL),
(604, 515, 29, 6, 1, 1, 1, '2018-06-05 00:00:00', '2018-06-05 00:00:00', NULL),
(605, 808, 31, 5, 1, 1, 1, '2018-06-04 00:00:00', '2018-06-04 00:00:00', NULL),
(606, 762, 27, 6, 1, 1, 1, '2018-06-06 00:00:00', '2018-06-06 00:00:00', NULL),
(607, 670, 29, 5, 1, 1, 1, '2018-06-04 00:00:00', '2018-06-04 00:00:00', NULL),
(608, 375, 31, 3, 1, 1, 1, '2018-06-07 00:00:00', '2018-06-07 00:00:00', NULL),
(609, 204, 31, 8, 1, 1, 1, '2018-06-01 00:00:00', '2018-06-01 00:00:00', NULL),
(610, 729, 25, 5, 1, 1, 1, '2018-06-07 00:00:00', '2018-06-07 00:00:00', NULL),
(611, 500, 29, 5, 1, 1, 1, '2018-06-07 00:00:00', '2018-06-07 00:00:00', NULL),
(612, 228, 29, 6, 1, 1, 1, '2018-06-06 00:00:00', '2018-06-06 00:00:00', NULL),
(613, 386, 29, 1, 1, 1, 1, '2018-06-05 00:00:00', '2018-06-05 00:00:00', NULL),
(614, 627, 26, 3, 1, 1, 1, '2018-06-01 00:00:00', '2018-06-01 00:00:00', NULL),
(615, 195, 28, 4, 1, 1, 1, '2018-06-06 00:00:00', '2018-06-06 00:00:00', NULL),
(616, 181, 22, 3, 1, 1, 1, '2018-06-03 00:00:00', '2018-06-03 00:00:00', NULL),
(617, 450, 24, 8, 1, 1, 1, '2018-06-04 00:00:00', '2018-06-04 00:00:00', NULL),
(618, 577, 27, 5, 1, 1, 1, '2018-06-01 00:00:00', '2018-06-01 00:00:00', NULL),
(619, 162, 23, 3, 1, 1, 1, '2018-06-04 00:00:00', '2018-06-04 00:00:00', NULL),
(620, 746, 22, 4, 1, 1, 1, '2018-06-02 00:00:00', '2018-06-02 00:00:00', NULL),
(621, 148, 29, 4, 1, 1, 1, '2018-06-04 00:00:00', '2018-06-04 00:00:00', NULL),
(622, 622, 26, 2, 1, 1, 1, '2018-05-31 00:00:00', '2018-05-31 00:00:00', NULL),
(623, 252, 24, 2, 1, 1, 1, '2018-06-03 00:00:00', '2018-06-03 00:00:00', NULL),
(624, 510, 26, 3, 1, 1, 1, '2018-06-03 00:00:00', '2018-06-03 00:00:00', NULL),
(625, 787, 27, 5, 1, 1, 1, '2018-06-07 00:00:00', '2018-06-07 00:00:00', NULL),
(626, 772, 23, 3, 1, 1, 1, '2018-06-03 00:00:00', '2018-06-03 00:00:00', NULL),
(627, 83, 24, 3, 1, 1, 1, '2018-05-31 00:00:00', '2018-05-31 00:00:00', NULL),
(628, 680, 30, 8, 1, 1, 1, '2018-06-03 00:00:00', '2018-06-03 00:00:00', NULL),
(629, 333, 26, 1, 1, 1, 1, '2018-06-03 00:00:00', '2018-06-03 00:00:00', NULL),
(630, 453, 31, 1, 1, 1, 1, '2018-06-02 00:00:00', '2018-06-02 00:00:00', NULL),
(631, 83, 30, 5, 1, 1, 1, '2018-06-04 00:00:00', '2018-06-04 00:00:00', NULL),
(632, 221, 26, 4, 1, 1, 1, '2018-06-03 00:00:00', '2018-06-03 00:00:00', NULL),
(633, 808, 27, 3, 1, 1, 1, '2018-05-31 00:00:00', '2018-05-31 00:00:00', NULL),
(634, 643, 25, 5, 1, 1, 1, '2018-06-06 00:00:00', '2018-06-06 00:00:00', NULL),
(635, 279, 30, 2, 1, 1, 1, '2018-06-01 00:00:00', '2018-06-01 00:00:00', NULL),
(636, 702, 27, 8, 1, 1, 1, '2018-06-07 00:00:00', '2018-06-07 00:00:00', NULL),
(637, 134, 28, 8, 1, 1, 1, '2018-06-05 00:00:00', '2018-06-05 00:00:00', NULL),
(638, 81, 22, 6, 1, 1, 1, '2018-05-31 00:00:00', '2018-05-31 00:00:00', NULL),
(639, 596, 30, 1, 1, 1, 1, '2018-06-05 00:00:00', '2018-06-05 00:00:00', NULL),
(640, 530, 23, 6, 1, 1, 1, '2018-06-07 00:00:00', '2018-06-07 00:00:00', NULL);
INSERT INTO `call_history` (`id`, `contact_id`, `user_id`, `level_id`, `call_quality_level_id`, `status_service_id`, `status_call_id`, `created_at`, `updated_at`, `deleted_at`) VALUES
(641, 776, 23, 6, 1, 1, 1, '2018-06-05 00:00:00', '2018-06-05 00:00:00', NULL),
(642, 46, 26, 4, 1, 1, 1, '2018-05-31 00:00:00', '2018-05-31 00:00:00', NULL),
(643, 597, 24, 7, 1, 1, 1, '2018-06-07 00:00:00', '2018-06-07 00:00:00', NULL),
(644, 655, 24, 7, 1, 1, 1, '2018-06-03 00:00:00', '2018-06-03 00:00:00', NULL),
(645, 438, 28, 1, 1, 1, 1, '2018-06-03 00:00:00', '2018-06-03 00:00:00', NULL),
(646, 107, 23, 5, 1, 1, 1, '2018-05-31 00:00:00', '2018-05-31 00:00:00', NULL),
(647, 68, 28, 8, 1, 1, 1, '2018-06-05 00:00:00', '2018-06-05 00:00:00', NULL),
(648, 698, 25, 8, 1, 1, 1, '2018-06-07 00:00:00', '2018-06-07 00:00:00', NULL),
(649, 521, 29, 2, 1, 1, 1, '2018-06-01 00:00:00', '2018-06-01 00:00:00', NULL),
(650, 182, 31, 7, 1, 1, 1, '2018-06-05 00:00:00', '2018-06-05 00:00:00', NULL),
(651, 116, 24, 6, 1, 1, 1, '2018-06-03 00:00:00', '2018-06-03 00:00:00', NULL),
(652, 707, 23, 3, 1, 1, 1, '2018-06-05 00:00:00', '2018-06-05 00:00:00', NULL),
(653, 632, 26, 5, 1, 1, 1, '2018-06-03 00:00:00', '2018-06-03 00:00:00', NULL),
(654, 147, 23, 2, 1, 1, 1, '2018-05-31 00:00:00', '2018-05-31 00:00:00', NULL),
(655, 406, 23, 1, 1, 1, 1, '2018-06-04 00:00:00', '2018-06-04 00:00:00', NULL),
(656, 655, 27, 5, 1, 1, 1, '2018-06-07 00:00:00', '2018-06-07 00:00:00', NULL),
(657, 626, 23, 4, 1, 1, 1, '2018-06-07 00:00:00', '2018-06-07 00:00:00', NULL),
(658, 555, 22, 6, 1, 1, 1, '2018-06-03 00:00:00', '2018-06-03 00:00:00', NULL),
(659, 664, 22, 7, 1, 1, 1, '2018-06-04 00:00:00', '2018-06-04 00:00:00', NULL),
(660, 225, 26, 3, 1, 1, 1, '2018-06-05 00:00:00', '2018-06-05 00:00:00', NULL),
(661, 313, 23, 6, 1, 1, 1, '2018-06-07 00:00:00', '2018-06-07 00:00:00', NULL),
(662, 417, 31, 2, 1, 1, 1, '2018-06-05 00:00:00', '2018-06-05 00:00:00', NULL),
(663, 182, 31, 6, 1, 1, 1, '2018-06-03 00:00:00', '2018-06-03 00:00:00', NULL),
(664, 243, 27, 2, 1, 1, 1, '2018-06-01 00:00:00', '2018-06-01 00:00:00', NULL),
(665, 608, 24, 2, 1, 1, 1, '2018-06-06 00:00:00', '2018-06-06 00:00:00', NULL),
(666, 300, 31, 5, 1, 1, 1, '2018-06-06 00:00:00', '2018-06-06 00:00:00', NULL),
(667, 297, 23, 7, 1, 1, 1, '2018-05-31 00:00:00', '2018-05-31 00:00:00', NULL),
(668, 29, 26, 1, 1, 1, 1, '2018-06-03 00:00:00', '2018-06-03 00:00:00', NULL),
(669, 740, 30, 8, 1, 1, 1, '2018-06-05 00:00:00', '2018-06-05 00:00:00', NULL),
(670, 470, 23, 8, 1, 1, 1, '2018-05-31 00:00:00', '2018-05-31 00:00:00', NULL),
(671, 80, 29, 3, 1, 1, 1, '2018-06-06 00:00:00', '2018-06-06 00:00:00', NULL),
(672, 151, 31, 3, 1, 1, 1, '2018-06-07 00:00:00', '2018-06-07 00:00:00', NULL),
(673, 686, 22, 5, 1, 1, 1, '2018-06-06 00:00:00', '2018-06-06 00:00:00', NULL),
(674, 705, 26, 3, 1, 1, 1, '2018-06-01 00:00:00', '2018-06-01 00:00:00', NULL),
(675, 520, 24, 3, 1, 1, 1, '2018-06-01 00:00:00', '2018-06-01 00:00:00', NULL),
(676, 756, 31, 4, 1, 1, 1, '2018-06-03 00:00:00', '2018-06-03 00:00:00', NULL),
(677, 499, 28, 5, 1, 1, 1, '2018-06-06 00:00:00', '2018-06-06 00:00:00', NULL),
(678, 617, 24, 7, 1, 1, 1, '2018-06-06 00:00:00', '2018-06-06 00:00:00', NULL),
(679, 101, 23, 1, 1, 1, 1, '2018-05-31 00:00:00', '2018-05-31 00:00:00', NULL),
(680, 304, 27, 4, 1, 1, 1, '2018-06-07 00:00:00', '2018-06-07 00:00:00', NULL),
(681, 103, 30, 7, 1, 1, 1, '2018-06-04 00:00:00', '2018-06-04 00:00:00', NULL),
(682, 440, 28, 7, 1, 1, 1, '2018-06-05 00:00:00', '2018-06-05 00:00:00', NULL),
(683, 155, 30, 4, 1, 1, 1, '2018-06-03 00:00:00', '2018-06-03 00:00:00', NULL),
(684, 507, 31, 3, 1, 1, 1, '2018-06-06 00:00:00', '2018-06-06 00:00:00', NULL),
(685, 249, 29, 3, 1, 1, 1, '2018-06-02 00:00:00', '2018-06-02 00:00:00', NULL),
(686, 768, 28, 8, 1, 1, 1, '2018-06-05 00:00:00', '2018-06-05 00:00:00', NULL),
(687, 453, 24, 6, 1, 1, 1, '2018-06-02 00:00:00', '2018-06-02 00:00:00', NULL),
(688, 375, 26, 8, 1, 1, 1, '2018-06-06 00:00:00', '2018-06-06 00:00:00', NULL),
(689, 516, 28, 1, 1, 1, 1, '2018-06-02 00:00:00', '2018-06-02 00:00:00', NULL),
(690, 21, 26, 6, 1, 1, 1, '2018-06-05 00:00:00', '2018-06-05 00:00:00', NULL),
(691, 762, 26, 2, 1, 1, 1, '2018-05-31 00:00:00', '2018-05-31 00:00:00', NULL),
(692, 174, 25, 8, 1, 1, 1, '2018-06-02 00:00:00', '2018-06-02 00:00:00', NULL),
(693, 272, 23, 1, 1, 1, 1, '2018-06-01 00:00:00', '2018-06-01 00:00:00', NULL),
(694, 716, 22, 4, 1, 1, 1, '2018-06-07 00:00:00', '2018-06-07 00:00:00', NULL),
(695, 745, 27, 7, 1, 1, 1, '2018-05-31 00:00:00', '2018-05-31 00:00:00', NULL),
(696, 380, 26, 6, 1, 1, 1, '2018-06-03 00:00:00', '2018-06-03 00:00:00', NULL),
(697, 703, 30, 5, 1, 1, 1, '2018-06-06 00:00:00', '2018-06-06 00:00:00', NULL),
(698, 679, 24, 8, 1, 1, 1, '2018-05-31 00:00:00', '2018-05-31 00:00:00', NULL),
(699, 214, 29, 6, 1, 1, 1, '2018-06-05 00:00:00', '2018-06-05 00:00:00', NULL),
(700, 417, 31, 5, 1, 1, 1, '2018-06-03 00:00:00', '2018-06-03 00:00:00', NULL),
(701, 427, 31, 3, 1, 1, 1, '2018-06-02 00:00:00', '2018-06-02 00:00:00', NULL),
(702, 760, 30, 8, 1, 1, 1, '2018-06-06 00:00:00', '2018-06-06 00:00:00', NULL),
(703, 223, 28, 4, 1, 1, 1, '2018-06-05 00:00:00', '2018-06-05 00:00:00', NULL),
(704, 603, 27, 4, 1, 1, 1, '2018-06-06 00:00:00', '2018-06-06 00:00:00', NULL),
(705, 243, 23, 4, 1, 1, 1, '2018-06-06 00:00:00', '2018-06-06 00:00:00', NULL),
(706, 455, 24, 7, 1, 1, 1, '2018-06-04 00:00:00', '2018-06-04 00:00:00', NULL),
(707, 305, 27, 7, 1, 1, 1, '2018-06-06 00:00:00', '2018-06-06 00:00:00', NULL),
(708, 376, 26, 1, 1, 1, 1, '2018-05-31 00:00:00', '2018-05-31 00:00:00', NULL),
(709, 771, 22, 4, 1, 1, 1, '2018-06-01 00:00:00', '2018-06-01 00:00:00', NULL),
(710, 652, 29, 6, 1, 1, 1, '2018-06-02 00:00:00', '2018-06-02 00:00:00', NULL),
(711, 38, 22, 5, 1, 1, 1, '2018-06-03 00:00:00', '2018-06-03 00:00:00', NULL),
(712, 75, 31, 8, 1, 1, 1, '2018-05-31 00:00:00', '2018-05-31 00:00:00', NULL),
(713, 148, 22, 7, 1, 1, 1, '2018-06-05 00:00:00', '2018-06-05 00:00:00', NULL),
(714, 239, 22, 5, 1, 1, 1, '2018-06-02 00:00:00', '2018-06-02 00:00:00', NULL),
(715, 234, 26, 7, 1, 1, 1, '2018-06-01 00:00:00', '2018-06-01 00:00:00', NULL),
(716, 723, 28, 4, 1, 1, 1, '2018-06-03 00:00:00', '2018-06-03 00:00:00', NULL),
(717, 334, 30, 3, 1, 1, 1, '2018-06-01 00:00:00', '2018-06-01 00:00:00', NULL),
(718, 733, 29, 1, 1, 1, 1, '2018-06-06 00:00:00', '2018-06-06 00:00:00', NULL),
(719, 435, 25, 4, 1, 1, 1, '2018-05-31 00:00:00', '2018-05-31 00:00:00', NULL),
(720, 619, 31, 4, 1, 1, 1, '2018-06-06 00:00:00', '2018-06-06 00:00:00', NULL),
(721, 450, 22, 4, 1, 1, 1, '2018-05-31 00:00:00', '2018-05-31 00:00:00', NULL),
(722, 681, 28, 3, 1, 1, 1, '2018-06-04 00:00:00', '2018-06-04 00:00:00', NULL),
(723, 352, 29, 4, 1, 1, 1, '2018-05-31 00:00:00', '2018-05-31 00:00:00', NULL),
(724, 414, 28, 8, 1, 1, 1, '2018-06-06 00:00:00', '2018-06-06 00:00:00', NULL),
(725, 664, 31, 5, 1, 1, 1, '2018-06-07 00:00:00', '2018-06-07 00:00:00', NULL),
(726, 614, 26, 5, 1, 1, 1, '2018-06-04 00:00:00', '2018-06-04 00:00:00', NULL),
(727, 479, 25, 2, 1, 1, 1, '2018-06-02 00:00:00', '2018-06-02 00:00:00', NULL),
(728, 797, 28, 4, 1, 1, 1, '2018-06-02 00:00:00', '2018-06-02 00:00:00', NULL),
(729, 113, 31, 1, 1, 1, 1, '2018-06-07 00:00:00', '2018-06-07 00:00:00', NULL),
(730, 108, 26, 2, 1, 1, 1, '2018-05-31 00:00:00', '2018-05-31 00:00:00', NULL),
(731, 709, 23, 7, 1, 1, 1, '2018-06-06 00:00:00', '2018-06-06 00:00:00', NULL),
(732, 442, 23, 1, 1, 1, 1, '2018-06-04 00:00:00', '2018-06-04 00:00:00', NULL),
(733, 530, 25, 2, 1, 1, 1, '2018-06-02 00:00:00', '2018-06-02 00:00:00', NULL),
(734, 204, 30, 8, 1, 1, 1, '2018-05-31 00:00:00', '2018-05-31 00:00:00', NULL),
(735, 157, 25, 3, 1, 1, 1, '2018-06-05 00:00:00', '2018-06-05 00:00:00', NULL),
(736, 714, 23, 5, 1, 1, 1, '2018-05-31 00:00:00', '2018-05-31 00:00:00', NULL),
(737, 407, 24, 5, 1, 1, 1, '2018-05-31 00:00:00', '2018-05-31 00:00:00', NULL),
(738, 799, 26, 6, 1, 1, 1, '2018-06-05 00:00:00', '2018-06-05 00:00:00', NULL),
(739, 496, 31, 2, 1, 1, 1, '2018-06-06 00:00:00', '2018-06-06 00:00:00', NULL),
(740, 688, 22, 6, 1, 1, 1, '2018-06-01 00:00:00', '2018-06-01 00:00:00', NULL),
(741, 186, 22, 6, 1, 1, 1, '2018-06-02 00:00:00', '2018-06-02 00:00:00', NULL),
(742, 615, 27, 2, 1, 1, 1, '2018-06-05 00:00:00', '2018-06-05 00:00:00', NULL),
(743, 208, 24, 1, 1, 1, 1, '2018-06-04 00:00:00', '2018-06-04 00:00:00', NULL),
(744, 151, 31, 7, 1, 1, 1, '2018-06-01 00:00:00', '2018-06-01 00:00:00', NULL),
(745, 589, 26, 1, 1, 1, 1, '2018-06-06 00:00:00', '2018-06-06 00:00:00', NULL),
(746, 67, 25, 4, 1, 1, 1, '2018-06-05 00:00:00', '2018-06-05 00:00:00', NULL),
(747, 429, 23, 1, 1, 1, 1, '2018-06-05 00:00:00', '2018-06-05 00:00:00', NULL),
(748, 515, 23, 3, 1, 1, 1, '2018-06-05 00:00:00', '2018-06-05 00:00:00', NULL),
(749, 503, 29, 7, 1, 1, 1, '2018-06-01 00:00:00', '2018-06-01 00:00:00', NULL),
(750, 646, 29, 1, 1, 1, 1, '2018-06-07 00:00:00', '2018-06-07 00:00:00', NULL),
(751, 590, 26, 7, 1, 1, 1, '2018-05-31 00:00:00', '2018-05-31 00:00:00', NULL),
(752, 644, 26, 7, 1, 1, 1, '2018-06-01 00:00:00', '2018-06-01 00:00:00', NULL),
(753, 736, 28, 7, 1, 1, 1, '2018-06-02 00:00:00', '2018-06-02 00:00:00', NULL),
(754, 417, 29, 2, 1, 1, 1, '2018-06-05 00:00:00', '2018-06-05 00:00:00', NULL),
(755, 327, 24, 2, 1, 1, 1, '2018-06-03 00:00:00', '2018-06-03 00:00:00', NULL),
(756, 444, 31, 8, 1, 1, 1, '2018-06-05 00:00:00', '2018-06-05 00:00:00', NULL),
(757, 121, 25, 4, 1, 1, 1, '2018-06-02 00:00:00', '2018-06-02 00:00:00', NULL),
(758, 207, 30, 3, 1, 1, 1, '2018-06-07 00:00:00', '2018-06-07 00:00:00', NULL),
(759, 758, 30, 8, 1, 1, 1, '2018-05-31 00:00:00', '2018-05-31 00:00:00', NULL),
(760, 489, 24, 4, 1, 1, 1, '2018-06-05 00:00:00', '2018-06-05 00:00:00', NULL),
(761, 163, 28, 4, 1, 1, 1, '2018-06-02 00:00:00', '2018-06-02 00:00:00', NULL),
(762, 306, 24, 7, 1, 1, 1, '2018-06-01 00:00:00', '2018-06-01 00:00:00', NULL),
(763, 629, 24, 4, 1, 1, 1, '2018-06-04 00:00:00', '2018-06-04 00:00:00', NULL),
(764, 616, 23, 1, 1, 1, 1, '2018-06-06 00:00:00', '2018-06-06 00:00:00', NULL),
(765, 379, 29, 6, 1, 1, 1, '2018-05-31 00:00:00', '2018-05-31 00:00:00', NULL),
(766, 296, 25, 2, 1, 1, 1, '2018-06-04 00:00:00', '2018-06-04 00:00:00', NULL),
(767, 487, 31, 7, 1, 1, 1, '2018-06-05 00:00:00', '2018-06-05 00:00:00', NULL),
(768, 633, 29, 6, 1, 1, 1, '2018-06-01 00:00:00', '2018-06-01 00:00:00', NULL),
(769, 308, 30, 5, 1, 1, 1, '2018-06-06 00:00:00', '2018-06-06 00:00:00', NULL),
(770, 325, 24, 3, 1, 1, 1, '2018-06-05 00:00:00', '2018-06-05 00:00:00', NULL),
(771, 282, 31, 4, 1, 1, 1, '2018-06-06 00:00:00', '2018-06-06 00:00:00', NULL),
(772, 158, 30, 5, 1, 1, 1, '2018-06-06 00:00:00', '2018-06-06 00:00:00', NULL),
(773, 476, 24, 5, 1, 1, 1, '2018-06-02 00:00:00', '2018-06-02 00:00:00', NULL),
(774, 682, 31, 1, 1, 1, 1, '2018-06-07 00:00:00', '2018-06-07 00:00:00', NULL),
(775, 55, 22, 1, 1, 1, 1, '2018-06-07 00:00:00', '2018-06-07 00:00:00', NULL),
(776, 655, 30, 6, 1, 1, 1, '2018-06-05 00:00:00', '2018-06-05 00:00:00', NULL),
(777, 381, 25, 8, 1, 1, 1, '2018-06-02 00:00:00', '2018-06-02 00:00:00', NULL),
(778, 270, 30, 4, 1, 1, 1, '2018-05-31 00:00:00', '2018-05-31 00:00:00', NULL),
(779, 439, 23, 3, 1, 1, 1, '2018-06-07 00:00:00', '2018-06-07 00:00:00', NULL),
(780, 390, 24, 1, 1, 1, 1, '2018-06-05 00:00:00', '2018-06-05 00:00:00', NULL),
(781, 114, 24, 3, 1, 1, 1, '2018-06-04 00:00:00', '2018-06-04 00:00:00', NULL),
(782, 163, 22, 2, 1, 1, 1, '2018-06-06 00:00:00', '2018-06-06 00:00:00', NULL),
(783, 312, 27, 6, 1, 1, 1, '2018-06-01 00:00:00', '2018-06-01 00:00:00', NULL),
(784, 240, 24, 7, 1, 1, 1, '2018-05-31 00:00:00', '2018-05-31 00:00:00', NULL),
(785, 729, 26, 1, 1, 1, 1, '2018-06-06 00:00:00', '2018-06-06 00:00:00', NULL),
(786, 632, 26, 4, 1, 1, 1, '2018-06-01 00:00:00', '2018-06-01 00:00:00', NULL),
(787, 272, 24, 4, 1, 1, 1, '2018-05-31 00:00:00', '2018-05-31 00:00:00', NULL),
(788, 178, 28, 2, 1, 1, 1, '2018-06-02 00:00:00', '2018-06-02 00:00:00', NULL),
(789, 627, 22, 8, 1, 1, 1, '2018-05-31 00:00:00', '2018-05-31 00:00:00', NULL),
(790, 554, 30, 6, 1, 1, 1, '2018-06-05 00:00:00', '2018-06-05 00:00:00', NULL),
(791, 760, 22, 7, 1, 1, 1, '2018-06-02 00:00:00', '2018-06-02 00:00:00', NULL),
(792, 150, 30, 7, 1, 1, 1, '2018-05-31 00:00:00', '2018-05-31 00:00:00', NULL),
(793, 230, 27, 3, 1, 1, 1, '2018-06-06 00:00:00', '2018-06-06 00:00:00', NULL),
(794, 480, 31, 1, 1, 1, 1, '2018-05-31 00:00:00', '2018-05-31 00:00:00', NULL),
(795, 244, 27, 1, 1, 1, 1, '2018-06-01 00:00:00', '2018-06-01 00:00:00', NULL),
(796, 776, 23, 5, 1, 1, 1, '2018-06-03 00:00:00', '2018-06-03 00:00:00', NULL),
(797, 536, 27, 7, 1, 1, 1, '2018-06-01 00:00:00', '2018-06-01 00:00:00', NULL),
(798, 164, 26, 8, 1, 1, 1, '2018-06-03 00:00:00', '2018-06-03 00:00:00', NULL),
(799, 65, 24, 5, 1, 1, 1, '2018-06-02 00:00:00', '2018-06-02 00:00:00', NULL),
(800, 80, 24, 8, 1, 1, 1, '2018-06-01 00:00:00', '2018-06-01 00:00:00', NULL),
(801, 403, 31, 5, 1, 1, 1, '2018-06-02 00:00:00', '2018-06-02 00:00:00', NULL),
(802, 663, 27, 4, 1, 1, 1, '2018-06-05 00:00:00', '2018-06-05 00:00:00', NULL),
(803, 157, 30, 2, 1, 1, 1, '2018-06-02 00:00:00', '2018-06-02 00:00:00', NULL),
(804, 800, 31, 7, 1, 1, 1, '2018-06-07 00:00:00', '2018-06-07 00:00:00', NULL),
(805, 581, 22, 7, 1, 1, 1, '2018-05-31 00:00:00', '2018-05-31 00:00:00', NULL),
(806, 409, 25, 2, 1, 1, 1, '2018-06-01 00:00:00', '2018-06-01 00:00:00', NULL),
(807, 300, 26, 1, 1, 1, 1, '2018-06-02 00:00:00', '2018-06-02 00:00:00', NULL),
(808, 421, 30, 4, 1, 1, 1, '2018-06-01 00:00:00', '2018-06-01 00:00:00', NULL),
(809, 445, 27, 1, 1, 1, 1, '2018-05-31 00:00:00', '2018-05-31 00:00:00', NULL),
(810, 277, 26, 1, 1, 1, 1, '2018-06-04 00:00:00', '2018-06-04 00:00:00', NULL),
(811, 592, 31, 7, 1, 1, 1, '2018-05-31 00:00:00', '2018-05-31 00:00:00', NULL),
(812, 640, 25, 4, 1, 1, 1, '2018-06-06 00:00:00', '2018-06-06 00:00:00', NULL),
(813, 507, 30, 3, 1, 1, 1, '2018-06-02 00:00:00', '2018-06-02 00:00:00', NULL),
(814, 312, 28, 8, 1, 1, 1, '2018-06-02 00:00:00', '2018-06-02 00:00:00', NULL),
(815, 423, 22, 2, 1, 1, 1, '2018-05-31 00:00:00', '2018-05-31 00:00:00', NULL),
(816, 308, 22, 8, 1, 1, 1, '2018-05-31 00:00:00', '2018-05-31 00:00:00', NULL),
(817, 673, 28, 3, 1, 1, 1, '2018-06-01 00:00:00', '2018-06-01 00:00:00', NULL),
(818, 689, 24, 5, 1, 1, 1, '2018-06-04 00:00:00', '2018-06-04 00:00:00', NULL),
(819, 433, 26, 3, 1, 1, 1, '2018-06-06 00:00:00', '2018-06-06 00:00:00', NULL),
(820, 95, 28, 2, 1, 1, 1, '2018-06-05 00:00:00', '2018-06-05 00:00:00', NULL),
(821, 628, 23, 4, 1, 1, 1, '2018-06-01 00:00:00', '2018-06-01 00:00:00', NULL),
(822, 725, 25, 5, 1, 1, 1, '2018-06-01 00:00:00', '2018-06-01 00:00:00', NULL),
(823, 385, 31, 6, 1, 1, 1, '2018-06-07 00:00:00', '2018-06-07 00:00:00', NULL),
(824, 235, 25, 4, 1, 1, 1, '2018-06-07 00:00:00', '2018-06-07 00:00:00', NULL),
(825, 144, 28, 4, 1, 1, 1, '2018-06-01 00:00:00', '2018-06-01 00:00:00', NULL),
(826, 327, 31, 6, 1, 1, 1, '2018-06-05 00:00:00', '2018-06-05 00:00:00', NULL),
(827, 2, 26, 7, 1, 1, 1, '2018-06-07 00:00:00', '2018-06-07 00:00:00', NULL),
(828, 182, 25, 5, 1, 1, 1, '2018-06-07 00:00:00', '2018-06-07 00:00:00', NULL),
(829, 544, 23, 3, 1, 1, 1, '2018-06-01 00:00:00', '2018-06-01 00:00:00', NULL),
(830, 671, 27, 2, 1, 1, 1, '2018-05-31 00:00:00', '2018-05-31 00:00:00', NULL),
(831, 755, 31, 2, 1, 1, 1, '2018-06-02 00:00:00', '2018-06-02 00:00:00', NULL),
(832, 65, 24, 6, 1, 1, 1, '2018-05-31 00:00:00', '2018-05-31 00:00:00', NULL),
(833, 362, 24, 2, 1, 1, 1, '2018-06-04 00:00:00', '2018-06-04 00:00:00', NULL),
(834, 782, 22, 5, 1, 1, 1, '2018-05-31 00:00:00', '2018-05-31 00:00:00', NULL),
(835, 566, 30, 3, 1, 1, 1, '2018-06-01 00:00:00', '2018-06-01 00:00:00', NULL),
(836, 356, 23, 4, 1, 1, 1, '2018-06-07 00:00:00', '2018-06-07 00:00:00', NULL),
(837, 335, 28, 2, 1, 1, 1, '2018-06-01 00:00:00', '2018-06-01 00:00:00', NULL),
(838, 242, 22, 3, 1, 1, 1, '2018-06-03 00:00:00', '2018-06-03 00:00:00', NULL),
(839, 627, 30, 3, 1, 1, 1, '2018-05-31 00:00:00', '2018-05-31 00:00:00', NULL),
(840, 298, 24, 6, 1, 1, 1, '2018-06-03 00:00:00', '2018-06-03 00:00:00', NULL),
(841, 474, 22, 6, 1, 1, 1, '2018-06-05 00:00:00', '2018-06-05 00:00:00', NULL),
(842, 147, 27, 5, 1, 1, 1, '2018-05-31 00:00:00', '2018-05-31 00:00:00', NULL),
(843, 235, 26, 6, 1, 1, 1, '2018-06-02 00:00:00', '2018-06-02 00:00:00', NULL),
(844, 120, 30, 7, 1, 1, 1, '2018-06-03 00:00:00', '2018-06-03 00:00:00', NULL),
(845, 233, 26, 3, 1, 1, 1, '2018-06-01 00:00:00', '2018-06-01 00:00:00', NULL),
(846, 260, 22, 5, 1, 1, 1, '2018-05-31 00:00:00', '2018-05-31 00:00:00', NULL),
(847, 691, 23, 5, 1, 1, 1, '2018-06-04 00:00:00', '2018-06-04 00:00:00', NULL),
(848, 527, 29, 1, 1, 1, 1, '2018-06-05 00:00:00', '2018-06-05 00:00:00', NULL),
(849, 585, 27, 3, 1, 1, 1, '2018-06-06 00:00:00', '2018-06-06 00:00:00', NULL),
(850, 84, 27, 5, 1, 1, 1, '2018-06-06 00:00:00', '2018-06-06 00:00:00', NULL),
(851, 730, 26, 1, 1, 1, 1, '2018-06-01 00:00:00', '2018-06-01 00:00:00', NULL),
(852, 441, 22, 7, 1, 1, 1, '2018-06-05 00:00:00', '2018-06-05 00:00:00', NULL),
(853, 177, 29, 3, 1, 1, 1, '2018-06-06 00:00:00', '2018-06-06 00:00:00', NULL),
(854, 108, 31, 6, 1, 1, 1, '2018-06-03 00:00:00', '2018-06-03 00:00:00', NULL),
(855, 89, 31, 2, 1, 1, 1, '2018-06-07 00:00:00', '2018-06-07 00:00:00', NULL),
(856, 217, 23, 6, 1, 1, 1, '2018-06-06 00:00:00', '2018-06-06 00:00:00', NULL),
(857, 475, 25, 5, 1, 1, 1, '2018-06-05 00:00:00', '2018-06-05 00:00:00', NULL),
(858, 378, 27, 2, 1, 1, 1, '2018-06-03 00:00:00', '2018-06-03 00:00:00', NULL),
(859, 303, 24, 3, 1, 1, 1, '2018-06-07 00:00:00', '2018-06-07 00:00:00', NULL),
(860, 787, 28, 1, 1, 1, 1, '2018-06-05 00:00:00', '2018-06-05 00:00:00', NULL),
(861, 413, 26, 2, 1, 1, 1, '2018-06-04 00:00:00', '2018-06-04 00:00:00', NULL),
(862, 212, 27, 5, 1, 1, 1, '2018-06-02 00:00:00', '2018-06-02 00:00:00', NULL),
(863, 151, 26, 1, 1, 1, 1, '2018-05-31 00:00:00', '2018-05-31 00:00:00', NULL),
(864, 665, 22, 8, 1, 1, 1, '2018-06-05 00:00:00', '2018-06-05 00:00:00', NULL),
(865, 625, 24, 8, 1, 1, 1, '2018-06-04 00:00:00', '2018-06-04 00:00:00', NULL),
(866, 122, 26, 1, 1, 1, 1, '2018-05-31 00:00:00', '2018-05-31 00:00:00', NULL),
(867, 674, 28, 2, 1, 1, 1, '2018-05-31 00:00:00', '2018-05-31 00:00:00', NULL),
(868, 299, 26, 1, 1, 1, 1, '2018-06-02 00:00:00', '2018-06-02 00:00:00', NULL),
(869, 766, 26, 7, 1, 1, 1, '2018-05-31 00:00:00', '2018-05-31 00:00:00', NULL),
(870, 105, 27, 4, 1, 1, 1, '2018-06-01 00:00:00', '2018-06-01 00:00:00', NULL),
(871, 725, 28, 1, 1, 1, 1, '2018-06-01 00:00:00', '2018-06-01 00:00:00', NULL),
(872, 695, 22, 7, 1, 1, 1, '2018-06-02 00:00:00', '2018-06-02 00:00:00', NULL),
(873, 104, 24, 8, 1, 1, 1, '2018-06-03 00:00:00', '2018-06-03 00:00:00', NULL),
(874, 404, 27, 1, 1, 1, 1, '2018-06-02 00:00:00', '2018-06-02 00:00:00', NULL),
(875, 292, 25, 8, 1, 1, 1, '2018-06-05 00:00:00', '2018-06-05 00:00:00', NULL),
(876, 364, 31, 3, 1, 1, 1, '2018-06-01 00:00:00', '2018-06-01 00:00:00', NULL),
(877, 532, 26, 2, 1, 1, 1, '2018-06-03 00:00:00', '2018-06-03 00:00:00', NULL),
(878, 487, 26, 2, 1, 1, 1, '2018-06-07 00:00:00', '2018-06-07 00:00:00', NULL),
(879, 512, 27, 5, 1, 1, 1, '2018-06-04 00:00:00', '2018-06-04 00:00:00', NULL),
(880, 85, 28, 8, 1, 1, 1, '2018-06-07 00:00:00', '2018-06-07 00:00:00', NULL),
(881, 594, 22, 2, 1, 1, 1, '2018-06-04 00:00:00', '2018-06-04 00:00:00', NULL),
(882, 751, 30, 4, 1, 1, 1, '2018-06-02 00:00:00', '2018-06-02 00:00:00', NULL),
(883, 746, 28, 6, 1, 1, 1, '2018-06-04 00:00:00', '2018-06-04 00:00:00', NULL),
(884, 237, 30, 2, 1, 1, 1, '2018-06-07 00:00:00', '2018-06-07 00:00:00', NULL),
(885, 72, 26, 1, 1, 1, 1, '2018-06-03 00:00:00', '2018-06-03 00:00:00', NULL),
(886, 175, 25, 3, 1, 1, 1, '2018-06-07 00:00:00', '2018-06-07 00:00:00', NULL),
(887, 803, 28, 3, 1, 1, 1, '2018-06-02 00:00:00', '2018-06-02 00:00:00', NULL),
(888, 47, 25, 8, 1, 1, 1, '2018-05-31 00:00:00', '2018-05-31 00:00:00', NULL),
(889, 675, 30, 6, 1, 1, 1, '2018-06-02 00:00:00', '2018-06-02 00:00:00', NULL),
(890, 655, 29, 8, 1, 1, 1, '2018-06-02 00:00:00', '2018-06-02 00:00:00', NULL),
(891, 609, 27, 2, 1, 1, 1, '2018-06-01 00:00:00', '2018-06-01 00:00:00', NULL),
(892, 784, 28, 3, 1, 1, 1, '2018-06-05 00:00:00', '2018-06-05 00:00:00', NULL),
(893, 765, 29, 6, 1, 1, 1, '2018-06-04 00:00:00', '2018-06-04 00:00:00', NULL),
(894, 572, 23, 3, 1, 1, 1, '2018-05-31 00:00:00', '2018-05-31 00:00:00', NULL),
(895, 599, 23, 4, 1, 1, 1, '2018-06-01 00:00:00', '2018-06-01 00:00:00', NULL),
(896, 701, 22, 1, 1, 1, 1, '2018-06-04 00:00:00', '2018-06-04 00:00:00', NULL),
(897, 428, 24, 4, 1, 1, 1, '2018-06-01 00:00:00', '2018-06-01 00:00:00', NULL),
(898, 433, 25, 2, 1, 1, 1, '2018-06-03 00:00:00', '2018-06-03 00:00:00', NULL),
(899, 71, 22, 1, 1, 1, 1, '2018-06-05 00:00:00', '2018-06-05 00:00:00', NULL),
(900, 545, 28, 1, 1, 1, 1, '2018-06-01 00:00:00', '2018-06-01 00:00:00', NULL),
(901, 459, 27, 1, 1, 1, 1, '2018-06-05 00:00:00', '2018-06-05 00:00:00', NULL),
(902, 703, 29, 7, 1, 1, 1, '2018-06-04 00:00:00', '2018-06-04 00:00:00', NULL),
(903, 710, 22, 3, 1, 1, 1, '2018-06-05 00:00:00', '2018-06-05 00:00:00', NULL),
(904, 654, 26, 2, 1, 1, 1, '2018-06-03 00:00:00', '2018-06-03 00:00:00', NULL),
(905, 84, 31, 3, 1, 1, 1, '2018-06-02 00:00:00', '2018-06-02 00:00:00', NULL),
(906, 428, 28, 6, 1, 1, 1, '2018-06-06 00:00:00', '2018-06-06 00:00:00', NULL),
(907, 663, 29, 2, 1, 1, 1, '2018-05-31 00:00:00', '2018-05-31 00:00:00', NULL),
(908, 213, 30, 7, 1, 1, 1, '2018-06-05 00:00:00', '2018-06-05 00:00:00', NULL),
(909, 282, 24, 8, 1, 1, 1, '2018-06-02 00:00:00', '2018-06-02 00:00:00', NULL),
(910, 699, 28, 6, 1, 1, 1, '2018-06-07 00:00:00', '2018-06-07 00:00:00', NULL),
(911, 301, 27, 3, 1, 1, 1, '2018-06-04 00:00:00', '2018-06-04 00:00:00', NULL),
(912, 756, 22, 6, 1, 1, 1, '2018-05-31 00:00:00', '2018-05-31 00:00:00', NULL),
(913, 398, 27, 7, 1, 1, 1, '2018-06-02 00:00:00', '2018-06-02 00:00:00', NULL),
(914, 394, 31, 7, 1, 1, 1, '2018-06-01 00:00:00', '2018-06-01 00:00:00', NULL),
(915, 748, 23, 2, 1, 1, 1, '2018-06-05 00:00:00', '2018-06-05 00:00:00', NULL),
(916, 742, 24, 1, 1, 1, 1, '2018-06-03 00:00:00', '2018-06-03 00:00:00', NULL),
(917, 79, 26, 3, 1, 1, 1, '2018-06-01 00:00:00', '2018-06-01 00:00:00', NULL),
(918, 91, 22, 6, 1, 1, 1, '2018-06-07 00:00:00', '2018-06-07 00:00:00', NULL),
(919, 777, 25, 6, 1, 1, 1, '2018-06-06 00:00:00', '2018-06-06 00:00:00', NULL),
(920, 645, 27, 7, 1, 1, 1, '2018-06-02 00:00:00', '2018-06-02 00:00:00', NULL),
(921, 38, 31, 4, 1, 1, 1, '2018-06-03 00:00:00', '2018-06-03 00:00:00', NULL),
(922, 482, 28, 3, 1, 1, 1, '2018-06-06 00:00:00', '2018-06-06 00:00:00', NULL),
(923, 89, 31, 8, 1, 1, 1, '2018-06-04 00:00:00', '2018-06-04 00:00:00', NULL),
(924, 51, 23, 6, 1, 1, 1, '2018-06-03 00:00:00', '2018-06-03 00:00:00', NULL),
(925, 382, 29, 6, 1, 1, 1, '2018-06-02 00:00:00', '2018-06-02 00:00:00', NULL),
(926, 124, 22, 3, 1, 1, 1, '2018-06-07 00:00:00', '2018-06-07 00:00:00', NULL),
(927, 192, 22, 5, 1, 1, 1, '2018-06-02 00:00:00', '2018-06-02 00:00:00', NULL),
(928, 206, 22, 6, 1, 1, 1, '2018-06-03 00:00:00', '2018-06-03 00:00:00', NULL),
(929, 788, 27, 7, 1, 1, 1, '2018-06-01 00:00:00', '2018-06-01 00:00:00', NULL),
(930, 651, 25, 1, 1, 1, 1, '2018-06-07 00:00:00', '2018-06-07 00:00:00', NULL),
(931, 105, 23, 7, 1, 1, 1, '2018-06-07 00:00:00', '2018-06-07 00:00:00', NULL),
(932, 569, 30, 4, 1, 1, 1, '2018-06-05 00:00:00', '2018-06-05 00:00:00', NULL),
(933, 691, 29, 5, 1, 1, 1, '2018-06-06 00:00:00', '2018-06-06 00:00:00', NULL),
(934, 300, 23, 3, 1, 1, 1, '2018-06-03 00:00:00', '2018-06-03 00:00:00', NULL),
(935, 59, 23, 7, 1, 1, 1, '2018-06-04 00:00:00', '2018-06-04 00:00:00', NULL),
(936, 275, 22, 7, 1, 1, 1, '2018-06-04 00:00:00', '2018-06-04 00:00:00', NULL),
(937, 262, 26, 1, 1, 1, 1, '2018-06-01 00:00:00', '2018-06-01 00:00:00', NULL),
(938, 594, 29, 8, 1, 1, 1, '2018-05-31 00:00:00', '2018-05-31 00:00:00', NULL),
(939, 21, 29, 8, 1, 1, 1, '2018-06-04 00:00:00', '2018-06-04 00:00:00', NULL),
(940, 603, 29, 5, 1, 1, 1, '2018-06-01 00:00:00', '2018-06-01 00:00:00', NULL),
(941, 90, 29, 6, 1, 1, 1, '2018-06-04 00:00:00', '2018-06-04 00:00:00', NULL),
(942, 508, 31, 4, 1, 1, 1, '2018-06-05 00:00:00', '2018-06-05 00:00:00', NULL),
(943, 655, 28, 5, 1, 1, 1, '2018-06-05 00:00:00', '2018-06-05 00:00:00', NULL),
(944, 95, 29, 6, 1, 1, 1, '2018-06-04 00:00:00', '2018-06-04 00:00:00', NULL),
(945, 4, 27, 5, 1, 1, 1, '2018-05-31 00:00:00', '2018-05-31 00:00:00', NULL),
(946, 343, 25, 4, 1, 1, 1, '2018-06-02 00:00:00', '2018-06-02 00:00:00', NULL),
(947, 88, 25, 5, 1, 1, 1, '2018-06-02 00:00:00', '2018-06-02 00:00:00', NULL),
(948, 287, 26, 4, 1, 1, 1, '2018-06-04 00:00:00', '2018-06-04 00:00:00', NULL),
(949, 85, 31, 3, 1, 1, 1, '2018-06-03 00:00:00', '2018-06-03 00:00:00', NULL),
(950, 797, 29, 2, 1, 1, 1, '2018-06-02 00:00:00', '2018-06-02 00:00:00', NULL),
(951, 467, 29, 3, 1, 1, 1, '2018-06-01 00:00:00', '2018-06-01 00:00:00', NULL),
(952, 389, 28, 6, 1, 1, 1, '2018-06-04 00:00:00', '2018-06-04 00:00:00', NULL),
(953, 193, 29, 4, 1, 1, 1, '2018-06-01 00:00:00', '2018-06-01 00:00:00', NULL),
(954, 168, 24, 2, 1, 1, 1, '2018-06-07 00:00:00', '2018-06-07 00:00:00', NULL),
(955, 665, 24, 2, 1, 1, 1, '2018-06-01 00:00:00', '2018-06-01 00:00:00', NULL),
(956, 791, 25, 7, 1, 1, 1, '2018-06-07 00:00:00', '2018-06-07 00:00:00', NULL),
(957, 239, 24, 5, 1, 1, 1, '2018-06-05 00:00:00', '2018-06-05 00:00:00', NULL),
(958, 50, 29, 4, 1, 1, 1, '2018-06-07 00:00:00', '2018-06-07 00:00:00', NULL),
(959, 311, 26, 7, 1, 1, 1, '2018-06-03 00:00:00', '2018-06-03 00:00:00', NULL),
(960, 645, 22, 5, 1, 1, 1, '2018-06-03 00:00:00', '2018-06-03 00:00:00', NULL),
(961, 587, 28, 1, 1, 1, 1, '2018-06-03 00:00:00', '2018-06-03 00:00:00', NULL),
(962, 90, 23, 6, 1, 1, 1, '2018-06-06 00:00:00', '2018-06-06 00:00:00', NULL),
(963, 434, 26, 7, 1, 1, 1, '2018-06-03 00:00:00', '2018-06-03 00:00:00', NULL),
(964, 190, 27, 6, 1, 1, 1, '2018-06-02 00:00:00', '2018-06-02 00:00:00', NULL),
(965, 192, 27, 8, 1, 1, 1, '2018-06-03 00:00:00', '2018-06-03 00:00:00', NULL),
(966, 527, 23, 6, 1, 1, 1, '2018-06-05 00:00:00', '2018-06-05 00:00:00', NULL),
(967, 699, 28, 5, 1, 1, 1, '2018-06-01 00:00:00', '2018-06-01 00:00:00', NULL),
(968, 368, 26, 6, 1, 1, 1, '2018-06-01 00:00:00', '2018-06-01 00:00:00', NULL),
(969, 23, 23, 1, 1, 1, 1, '2018-06-04 00:00:00', '2018-06-04 00:00:00', NULL),
(970, 737, 30, 3, 1, 1, 1, '2018-06-05 00:00:00', '2018-06-05 00:00:00', NULL),
(971, 112, 29, 2, 1, 1, 1, '2018-06-05 00:00:00', '2018-06-05 00:00:00', NULL),
(972, 514, 29, 8, 1, 1, 1, '2018-06-05 00:00:00', '2018-06-05 00:00:00', NULL),
(973, 321, 24, 7, 1, 1, 1, '2018-05-31 00:00:00', '2018-05-31 00:00:00', NULL),
(974, 587, 29, 6, 1, 1, 1, '2018-06-06 00:00:00', '2018-06-06 00:00:00', NULL),
(975, 21, 24, 5, 1, 1, 1, '2018-06-03 00:00:00', '2018-06-03 00:00:00', NULL),
(976, 320, 23, 7, 1, 1, 1, '2018-06-02 00:00:00', '2018-06-02 00:00:00', NULL),
(977, 77, 31, 2, 1, 1, 1, '2018-06-02 00:00:00', '2018-06-02 00:00:00', NULL),
(978, 580, 30, 2, 1, 1, 1, '2018-05-31 00:00:00', '2018-05-31 00:00:00', NULL),
(979, 618, 24, 4, 1, 1, 1, '2018-06-06 00:00:00', '2018-06-06 00:00:00', NULL),
(980, 783, 22, 1, 1, 1, 1, '2018-05-31 00:00:00', '2018-05-31 00:00:00', NULL),
(981, 763, 31, 8, 1, 1, 1, '2018-06-05 00:00:00', '2018-06-05 00:00:00', NULL),
(982, 771, 25, 3, 1, 1, 1, '2018-06-03 00:00:00', '2018-06-03 00:00:00', NULL),
(983, 162, 22, 6, 1, 1, 1, '2018-05-31 00:00:00', '2018-05-31 00:00:00', NULL),
(984, 649, 31, 4, 1, 1, 1, '2018-06-03 00:00:00', '2018-06-03 00:00:00', NULL),
(985, 674, 22, 6, 1, 1, 1, '2018-05-31 00:00:00', '2018-05-31 00:00:00', NULL),
(986, 302, 28, 3, 1, 1, 1, '2018-05-31 00:00:00', '2018-05-31 00:00:00', NULL),
(987, 133, 30, 4, 1, 1, 1, '2018-06-03 00:00:00', '2018-06-03 00:00:00', NULL),
(988, 727, 31, 4, 1, 1, 1, '2018-05-31 00:00:00', '2018-05-31 00:00:00', NULL),
(989, 483, 22, 7, 1, 1, 1, '2018-06-01 00:00:00', '2018-06-01 00:00:00', NULL),
(990, 29, 23, 4, 1, 1, 1, '2018-06-06 00:00:00', '2018-06-06 00:00:00', NULL),
(991, 41, 26, 8, 1, 1, 1, '2018-06-06 00:00:00', '2018-06-06 00:00:00', NULL),
(992, 431, 28, 3, 1, 1, 1, '2018-06-07 00:00:00', '2018-06-07 00:00:00', NULL),
(993, 291, 29, 8, 1, 1, 1, '2018-05-31 00:00:00', '2018-05-31 00:00:00', NULL),
(994, 148, 29, 8, 1, 1, 1, '2018-06-06 00:00:00', '2018-06-06 00:00:00', NULL),
(995, 162, 25, 8, 1, 1, 1, '2018-06-06 00:00:00', '2018-06-06 00:00:00', NULL),
(996, 468, 28, 4, 1, 1, 1, '2018-06-03 00:00:00', '2018-06-03 00:00:00', NULL),
(997, 160, 29, 1, 1, 1, 1, '2018-06-07 00:00:00', '2018-06-07 00:00:00', NULL),
(998, 201, 27, 5, 1, 1, 1, '2018-06-06 00:00:00', '2018-06-06 00:00:00', NULL),
(999, 189, 27, 8, 1, 1, 1, '2018-06-01 00:00:00', '2018-06-01 00:00:00', NULL),
(1000, 737, 25, 4, 1, 1, 1, '2018-06-06 00:00:00', '2018-06-06 00:00:00', NULL),
(1001, 597, 24, 3, 1, 1, 1, '2018-05-31 00:00:00', '2018-05-31 00:00:00', NULL),
(1002, 775, 30, 6, 1, 1, 1, '2018-05-31 00:00:00', '2018-05-31 00:00:00', NULL),
(1003, 769, 30, 4, 1, 1, 1, '2018-06-07 00:00:00', '2018-06-07 00:00:00', NULL),
(1004, 548, 24, 7, 1, 1, 1, '2018-06-02 00:00:00', '2018-06-02 00:00:00', NULL),
(1005, 669, 26, 1, 1, 1, 1, '2018-06-05 00:00:00', '2018-06-05 00:00:00', NULL),
(1006, 495, 27, 8, 1, 1, 1, '2018-06-04 00:00:00', '2018-06-04 00:00:00', NULL),
(1007, 369, 29, 6, 1, 1, 1, '2018-06-05 00:00:00', '2018-06-05 00:00:00', NULL),
(1008, 114, 30, 7, 1, 1, 1, '2018-05-31 00:00:00', '2018-05-31 00:00:00', NULL),
(1009, 115, 26, 1, 1, 1, 1, '2018-06-07 00:00:00', '2018-06-07 00:00:00', NULL),
(1010, 204, 27, 2, 1, 1, 1, '2018-06-02 00:00:00', '2018-06-02 00:00:00', NULL),
(1011, 515, 29, 4, 1, 1, 1, '2018-06-07 00:00:00', '2018-06-07 00:00:00', NULL),
(1012, 350, 28, 2, 1, 1, 1, '2018-06-06 00:00:00', '2018-06-06 00:00:00', NULL),
(1013, 374, 25, 7, 1, 1, 1, '2018-06-02 00:00:00', '2018-06-02 00:00:00', NULL),
(1014, 145, 29, 6, 1, 1, 1, '2018-06-04 00:00:00', '2018-06-04 00:00:00', NULL),
(1015, 542, 29, 2, 1, 1, 1, '2018-06-05 00:00:00', '2018-06-05 00:00:00', NULL),
(1016, 221, 31, 3, 1, 1, 1, '2018-06-03 00:00:00', '2018-06-03 00:00:00', NULL),
(1017, 552, 23, 5, 1, 1, 1, '2018-06-05 00:00:00', '2018-06-05 00:00:00', NULL),
(1018, 97, 25, 2, 1, 1, 1, '2018-06-06 00:00:00', '2018-06-06 00:00:00', NULL),
(1019, 636, 23, 1, 1, 1, 1, '2018-06-02 00:00:00', '2018-06-02 00:00:00', NULL),
(1020, 46, 31, 1, 1, 1, 1, '2018-06-05 00:00:00', '2018-06-05 00:00:00', NULL),
(1021, 410, 25, 2, 1, 1, 1, '2018-06-04 00:00:00', '2018-06-04 00:00:00', NULL),
(1022, 576, 29, 6, 1, 1, 1, '2018-06-06 00:00:00', '2018-06-06 00:00:00', NULL),
(1023, 320, 29, 1, 1, 1, 1, '2018-06-06 00:00:00', '2018-06-06 00:00:00', NULL),
(1024, 255, 30, 4, 1, 1, 1, '2018-06-04 00:00:00', '2018-06-04 00:00:00', NULL),
(1025, 257, 31, 2, 1, 1, 1, '2018-06-04 00:00:00', '2018-06-04 00:00:00', NULL),
(1026, 700, 27, 7, 1, 1, 1, '2018-05-31 00:00:00', '2018-05-31 00:00:00', NULL),
(1027, 86, 31, 2, 1, 1, 1, '2018-06-04 00:00:00', '2018-06-04 00:00:00', NULL),
(1028, 60, 27, 6, 1, 1, 1, '2018-06-06 00:00:00', '2018-06-06 00:00:00', NULL),
(1029, 154, 27, 8, 1, 1, 1, '2018-06-02 00:00:00', '2018-06-02 00:00:00', NULL),
(1030, 544, 25, 1, 1, 1, 1, '2018-06-03 00:00:00', '2018-06-03 00:00:00', NULL),
(1031, 251, 29, 6, 1, 1, 1, '2018-06-03 00:00:00', '2018-06-03 00:00:00', NULL),
(1032, 766, 27, 2, 1, 1, 1, '2018-06-03 00:00:00', '2018-06-03 00:00:00', NULL),
(1033, 652, 23, 4, 1, 1, 1, '2018-06-04 00:00:00', '2018-06-04 00:00:00', NULL),
(1034, 223, 25, 8, 1, 1, 1, '2018-06-02 00:00:00', '2018-06-02 00:00:00', NULL),
(1035, 617, 30, 7, 1, 1, 1, '2018-06-05 00:00:00', '2018-06-05 00:00:00', NULL),
(1036, 306, 25, 3, 1, 1, 1, '2018-06-03 00:00:00', '2018-06-03 00:00:00', NULL),
(1037, 104, 24, 8, 1, 1, 1, '2018-06-05 00:00:00', '2018-06-05 00:00:00', NULL),
(1038, 355, 25, 7, 1, 1, 1, '2018-06-06 00:00:00', '2018-06-06 00:00:00', NULL),
(1039, 281, 25, 8, 1, 1, 1, '2018-06-02 00:00:00', '2018-06-02 00:00:00', NULL),
(1040, 586, 30, 8, 1, 1, 1, '2018-06-03 00:00:00', '2018-06-03 00:00:00', NULL),
(1041, 721, 23, 4, 1, 1, 1, '2018-05-31 00:00:00', '2018-05-31 00:00:00', NULL),
(1042, 331, 24, 2, 1, 1, 1, '2018-05-31 00:00:00', '2018-05-31 00:00:00', NULL),
(1043, 801, 23, 4, 1, 1, 1, '2018-06-06 00:00:00', '2018-06-06 00:00:00', NULL),
(1044, 635, 25, 6, 1, 1, 1, '2018-06-04 00:00:00', '2018-06-04 00:00:00', NULL),
(1045, 404, 27, 3, 1, 1, 1, '2018-06-07 00:00:00', '2018-06-07 00:00:00', NULL),
(1046, 96, 24, 3, 1, 1, 1, '2018-06-04 00:00:00', '2018-06-04 00:00:00', NULL),
(1047, 2, 29, 8, 1, 1, 1, '2018-06-05 00:00:00', '2018-06-05 00:00:00', NULL),
(1048, 543, 29, 2, 1, 1, 1, '2018-06-02 00:00:00', '2018-06-02 00:00:00', NULL),
(1049, 297, 27, 5, 1, 1, 1, '2018-06-07 00:00:00', '2018-06-07 00:00:00', NULL),
(1050, 182, 23, 3, 1, 1, 1, '2018-06-04 00:00:00', '2018-06-04 00:00:00', NULL),
(1051, 806, 31, 8, 1, 1, 1, '2018-06-02 00:00:00', '2018-06-02 00:00:00', NULL),
(1052, 633, 24, 7, 1, 1, 1, '2018-06-07 00:00:00', '2018-06-07 00:00:00', NULL),
(1053, 784, 22, 3, 1, 1, 1, '2018-06-01 00:00:00', '2018-06-01 00:00:00', NULL),
(1054, 300, 22, 6, 1, 1, 1, '2018-06-01 00:00:00', '2018-06-01 00:00:00', NULL),
(1055, 146, 23, 7, 1, 1, 1, '2018-06-03 00:00:00', '2018-06-03 00:00:00', NULL),
(1056, 138, 25, 4, 1, 1, 1, '2018-06-04 00:00:00', '2018-06-04 00:00:00', NULL),
(1057, 223, 24, 2, 1, 1, 1, '2018-06-01 00:00:00', '2018-06-01 00:00:00', NULL),
(1058, 390, 22, 5, 1, 1, 1, '2018-06-01 00:00:00', '2018-06-01 00:00:00', NULL),
(1059, 235, 23, 4, 1, 1, 1, '2018-06-05 00:00:00', '2018-06-05 00:00:00', NULL),
(1060, 129, 22, 2, 1, 1, 1, '2018-06-02 00:00:00', '2018-06-02 00:00:00', NULL),
(1061, 180, 24, 3, 1, 1, 1, '2018-06-07 00:00:00', '2018-06-07 00:00:00', NULL),
(1062, 69, 22, 8, 1, 1, 1, '2018-06-07 00:00:00', '2018-06-07 00:00:00', NULL),
(1063, 144, 25, 4, 1, 1, 1, '2018-06-03 00:00:00', '2018-06-03 00:00:00', NULL),
(1064, 790, 28, 5, 1, 1, 1, '2018-06-02 00:00:00', '2018-06-02 00:00:00', NULL),
(1065, 359, 27, 3, 1, 1, 1, '2018-06-02 00:00:00', '2018-06-02 00:00:00', NULL),
(1066, 80, 23, 7, 1, 1, 1, '2018-06-05 00:00:00', '2018-06-05 00:00:00', NULL),
(1067, 482, 24, 8, 1, 1, 1, '2018-05-31 00:00:00', '2018-05-31 00:00:00', NULL),
(1068, 767, 27, 2, 1, 1, 1, '2018-05-31 00:00:00', '2018-05-31 00:00:00', NULL),
(1069, 149, 31, 1, 1, 1, 1, '2018-06-04 00:00:00', '2018-06-04 00:00:00', NULL),
(1070, 243, 29, 1, 1, 1, 1, '2018-06-01 00:00:00', '2018-06-01 00:00:00', NULL),
(1071, 230, 30, 8, 1, 1, 1, '2018-06-02 00:00:00', '2018-06-02 00:00:00', NULL),
(1072, 478, 27, 3, 1, 1, 1, '2018-06-04 00:00:00', '2018-06-04 00:00:00', NULL),
(1073, 94, 23, 1, 1, 1, 1, '2018-06-05 00:00:00', '2018-06-05 00:00:00', NULL),
(1074, 640, 22, 6, 1, 1, 1, '2018-06-01 00:00:00', '2018-06-01 00:00:00', NULL),
(1075, 578, 29, 7, 1, 1, 1, '2018-06-03 00:00:00', '2018-06-03 00:00:00', NULL),
(1076, 495, 25, 6, 1, 1, 1, '2018-06-01 00:00:00', '2018-06-01 00:00:00', NULL),
(1077, 480, 30, 8, 1, 1, 1, '2018-06-06 00:00:00', '2018-06-06 00:00:00', NULL),
(1078, 565, 27, 1, 1, 1, 1, '2018-06-04 00:00:00', '2018-06-04 00:00:00', NULL),
(1079, 500, 29, 7, 1, 1, 1, '2018-06-06 00:00:00', '2018-06-06 00:00:00', NULL),
(1080, 663, 29, 6, 1, 1, 1, '2018-06-07 00:00:00', '2018-06-07 00:00:00', NULL),
(1081, 600, 23, 3, 1, 1, 1, '2018-05-31 00:00:00', '2018-05-31 00:00:00', NULL),
(1082, 54, 25, 7, 1, 1, 1, '2018-06-02 00:00:00', '2018-06-02 00:00:00', NULL),
(1083, 601, 23, 2, 1, 1, 1, '2018-06-03 00:00:00', '2018-06-03 00:00:00', NULL),
(1084, 770, 24, 2, 1, 1, 1, '2018-06-03 00:00:00', '2018-06-03 00:00:00', NULL),
(1085, 483, 22, 4, 1, 1, 1, '2018-06-01 00:00:00', '2018-06-01 00:00:00', NULL),
(1086, 462, 25, 7, 1, 1, 1, '2018-06-07 00:00:00', '2018-06-07 00:00:00', NULL),
(1087, 600, 30, 6, 1, 1, 1, '2018-06-05 00:00:00', '2018-06-05 00:00:00', NULL),
(1088, 450, 30, 3, 1, 1, 1, '2018-06-06 00:00:00', '2018-06-06 00:00:00', NULL),
(1089, 322, 23, 2, 1, 1, 1, '2018-05-31 00:00:00', '2018-05-31 00:00:00', NULL),
(1090, 160, 22, 1, 1, 1, 1, '2018-06-01 00:00:00', '2018-06-01 00:00:00', NULL),
(1091, 71, 25, 1, 1, 1, 1, '2018-06-07 00:00:00', '2018-06-07 00:00:00', NULL),
(1092, 128, 24, 2, 1, 1, 1, '2018-06-04 00:00:00', '2018-06-04 00:00:00', NULL),
(1093, 27, 24, 2, 1, 1, 1, '2018-06-01 00:00:00', '2018-06-01 00:00:00', NULL),
(1094, 109, 26, 8, 1, 1, 1, '2018-06-07 00:00:00', '2018-06-07 00:00:00', NULL),
(1095, 510, 24, 5, 1, 1, 1, '2018-06-07 00:00:00', '2018-06-07 00:00:00', NULL),
(1096, 252, 31, 2, 1, 1, 1, '2018-06-04 00:00:00', '2018-06-04 00:00:00', NULL),
(1097, 222, 24, 4, 1, 1, 1, '2018-06-02 00:00:00', '2018-06-02 00:00:00', NULL),
(1098, 263, 22, 8, 1, 1, 1, '2018-06-05 00:00:00', '2018-06-05 00:00:00', NULL),
(1099, 638, 28, 3, 1, 1, 1, '2018-06-02 00:00:00', '2018-06-02 00:00:00', NULL),
(1100, 276, 29, 3, 1, 1, 1, '2018-05-31 00:00:00', '2018-05-31 00:00:00', NULL),
(1101, 532, 28, 5, 1, 1, 1, '2018-06-01 00:00:00', '2018-06-01 00:00:00', NULL),
(1102, 218, 24, 7, 1, 1, 1, '2018-06-05 00:00:00', '2018-06-05 00:00:00', NULL),
(1103, 362, 30, 7, 1, 1, 1, '2018-06-06 00:00:00', '2018-06-06 00:00:00', NULL),
(1104, 568, 27, 1, 1, 1, 1, '2018-06-03 00:00:00', '2018-06-03 00:00:00', NULL),
(1105, 85, 28, 4, 1, 1, 1, '2018-06-03 00:00:00', '2018-06-03 00:00:00', NULL),
(1106, 440, 24, 4, 1, 1, 1, '2018-06-02 00:00:00', '2018-06-02 00:00:00', NULL),
(1107, 148, 25, 7, 1, 1, 1, '2018-06-05 00:00:00', '2018-06-05 00:00:00', NULL),
(1108, 121, 29, 1, 1, 1, 1, '2018-06-05 00:00:00', '2018-06-05 00:00:00', NULL),
(1109, 388, 25, 1, 1, 1, 1, '2018-06-02 00:00:00', '2018-06-02 00:00:00', NULL),
(1110, 294, 30, 6, 1, 1, 1, '2018-06-01 00:00:00', '2018-06-01 00:00:00', NULL),
(1111, 347, 29, 1, 1, 1, 1, '2018-06-06 00:00:00', '2018-06-06 00:00:00', NULL),
(1112, 552, 29, 8, 1, 1, 1, '2018-05-31 00:00:00', '2018-05-31 00:00:00', NULL),
(1113, 776, 23, 5, 1, 1, 1, '2018-06-06 00:00:00', '2018-06-06 00:00:00', NULL),
(1114, 460, 25, 8, 1, 1, 1, '2018-06-02 00:00:00', '2018-06-02 00:00:00', NULL),
(1115, 153, 27, 6, 1, 1, 1, '2018-06-01 00:00:00', '2018-06-01 00:00:00', NULL),
(1116, 88, 25, 1, 1, 1, 1, '2018-06-01 00:00:00', '2018-06-01 00:00:00', NULL),
(1117, 38, 25, 3, 1, 1, 1, '2018-06-03 00:00:00', '2018-06-03 00:00:00', NULL),
(1118, 643, 29, 6, 1, 1, 1, '2018-06-02 00:00:00', '2018-06-02 00:00:00', NULL),
(1119, 560, 25, 5, 1, 1, 1, '2018-06-01 00:00:00', '2018-06-01 00:00:00', NULL),
(1120, 314, 28, 6, 1, 1, 1, '2018-06-07 00:00:00', '2018-06-07 00:00:00', NULL),
(1121, 420, 31, 5, 1, 1, 1, '2018-06-02 00:00:00', '2018-06-02 00:00:00', NULL),
(1122, 472, 29, 2, 1, 1, 1, '2018-06-07 00:00:00', '2018-06-07 00:00:00', NULL),
(1123, 775, 23, 7, 1, 1, 1, '2018-06-03 00:00:00', '2018-06-03 00:00:00', NULL),
(1124, 315, 31, 2, 1, 1, 1, '2018-06-06 00:00:00', '2018-06-06 00:00:00', NULL),
(1125, 808, 29, 1, 1, 1, 1, '2018-06-06 00:00:00', '2018-06-06 00:00:00', NULL),
(1126, 740, 24, 5, 1, 1, 1, '2018-06-05 00:00:00', '2018-06-05 00:00:00', NULL),
(1127, 298, 27, 1, 1, 1, 1, '2018-06-01 00:00:00', '2018-06-01 00:00:00', NULL),
(1128, 215, 24, 2, 1, 1, 1, '2018-06-07 00:00:00', '2018-06-07 00:00:00', NULL),
(1129, 287, 25, 2, 1, 1, 1, '2018-06-07 00:00:00', '2018-06-07 00:00:00', NULL),
(1130, 738, 27, 2, 1, 1, 1, '2018-06-02 00:00:00', '2018-06-02 00:00:00', NULL),
(1131, 427, 29, 3, 1, 1, 1, '2018-06-02 00:00:00', '2018-06-02 00:00:00', NULL),
(1132, 434, 28, 6, 1, 1, 1, '2018-06-05 00:00:00', '2018-06-05 00:00:00', NULL),
(1133, 555, 25, 5, 1, 1, 1, '2018-06-01 00:00:00', '2018-06-01 00:00:00', NULL),
(1134, 645, 22, 8, 1, 1, 1, '2018-06-01 00:00:00', '2018-06-01 00:00:00', NULL),
(1135, 618, 23, 4, 1, 1, 1, '2018-06-07 00:00:00', '2018-06-07 00:00:00', NULL),
(1136, 490, 31, 5, 1, 1, 1, '2018-06-04 00:00:00', '2018-06-04 00:00:00', NULL),
(1137, 300, 24, 8, 1, 1, 1, '2018-06-01 00:00:00', '2018-06-01 00:00:00', NULL),
(1138, 473, 31, 1, 1, 1, 1, '2018-06-03 00:00:00', '2018-06-03 00:00:00', NULL),
(1139, 43, 23, 2, 1, 1, 1, '2018-06-04 00:00:00', '2018-06-04 00:00:00', NULL),
(1140, 678, 27, 4, 1, 1, 1, '2018-06-05 00:00:00', '2018-06-05 00:00:00', NULL),
(1141, 477, 23, 1, 1, 1, 1, '2018-06-06 00:00:00', '2018-06-06 00:00:00', NULL),
(1142, 277, 29, 3, 1, 1, 1, '2018-05-31 00:00:00', '2018-05-31 00:00:00', NULL),
(1143, 354, 25, 1, 1, 1, 1, '2018-05-31 00:00:00', '2018-05-31 00:00:00', NULL),
(1144, 226, 25, 7, 1, 1, 1, '2018-06-01 00:00:00', '2018-06-01 00:00:00', NULL),
(1145, 485, 30, 6, 1, 1, 1, '2018-06-02 00:00:00', '2018-06-02 00:00:00', NULL),
(1146, 806, 28, 4, 1, 1, 1, '2018-06-02 00:00:00', '2018-06-02 00:00:00', NULL),
(1147, 767, 27, 7, 1, 1, 1, '2018-06-03 00:00:00', '2018-06-03 00:00:00', NULL),
(1148, 577, 23, 7, 1, 1, 1, '2018-05-31 00:00:00', '2018-05-31 00:00:00', NULL),
(1149, 562, 25, 2, 1, 1, 1, '2018-06-02 00:00:00', '2018-06-02 00:00:00', NULL),
(1150, 481, 26, 8, 1, 1, 1, '2018-06-01 00:00:00', '2018-06-01 00:00:00', NULL),
(1151, 239, 25, 5, 1, 1, 1, '2018-06-02 00:00:00', '2018-06-02 00:00:00', NULL),
(1152, 138, 22, 1, 1, 1, 1, '2018-06-02 00:00:00', '2018-06-02 00:00:00', NULL),
(1153, 414, 22, 6, 1, 1, 1, '2018-06-05 00:00:00', '2018-06-05 00:00:00', NULL),
(1154, 357, 30, 1, 1, 1, 1, '2018-06-07 00:00:00', '2018-06-07 00:00:00', NULL),
(1155, 576, 25, 7, 1, 1, 1, '2018-06-05 00:00:00', '2018-06-05 00:00:00', NULL),
(1156, 409, 31, 1, 1, 1, 1, '2018-06-05 00:00:00', '2018-06-05 00:00:00', NULL),
(1157, 64, 31, 8, 1, 1, 1, '2018-06-03 00:00:00', '2018-06-03 00:00:00', NULL),
(1158, 194, 26, 3, 1, 1, 1, '2018-06-06 00:00:00', '2018-06-06 00:00:00', NULL),
(1159, 577, 30, 3, 1, 1, 1, '2018-05-31 00:00:00', '2018-05-31 00:00:00', NULL),
(1160, 43, 29, 8, 1, 1, 1, '2018-05-31 00:00:00', '2018-05-31 00:00:00', NULL),
(1161, 135, 30, 7, 1, 1, 1, '2018-06-06 00:00:00', '2018-06-06 00:00:00', NULL),
(1162, 191, 24, 2, 1, 1, 1, '2018-06-04 00:00:00', '2018-06-04 00:00:00', NULL),
(1163, 701, 26, 5, 1, 1, 1, '2018-06-06 00:00:00', '2018-06-06 00:00:00', NULL),
(1164, 87, 27, 5, 1, 1, 1, '2018-06-05 00:00:00', '2018-06-05 00:00:00', NULL),
(1165, 366, 25, 5, 1, 1, 1, '2018-06-06 00:00:00', '2018-06-06 00:00:00', NULL),
(1166, 539, 29, 8, 1, 1, 1, '2018-06-02 00:00:00', '2018-06-02 00:00:00', NULL),
(1167, 215, 28, 6, 1, 1, 1, '2018-06-03 00:00:00', '2018-06-03 00:00:00', NULL),
(1168, 401, 23, 3, 1, 1, 1, '2018-06-05 00:00:00', '2018-06-05 00:00:00', NULL),
(1169, 545, 25, 2, 1, 1, 1, '2018-06-03 00:00:00', '2018-06-03 00:00:00', NULL),
(1170, 42, 25, 2, 1, 1, 1, '2018-06-03 00:00:00', '2018-06-03 00:00:00', NULL),
(1171, 88, 24, 2, 1, 1, 1, '2018-06-05 00:00:00', '2018-06-05 00:00:00', NULL),
(1172, 392, 22, 8, 1, 1, 1, '2018-06-03 00:00:00', '2018-06-03 00:00:00', NULL),
(1173, 504, 31, 3, 1, 1, 1, '2018-06-07 00:00:00', '2018-06-07 00:00:00', NULL),
(1174, 503, 24, 5, 1, 1, 1, '2018-06-01 00:00:00', '2018-06-01 00:00:00', NULL),
(1175, 651, 26, 7, 1, 1, 1, '2018-05-31 00:00:00', '2018-05-31 00:00:00', NULL),
(1176, 387, 29, 8, 1, 1, 1, '2018-06-07 00:00:00', '2018-06-07 00:00:00', NULL),
(1177, 761, 24, 3, 1, 1, 1, '2018-06-01 00:00:00', '2018-06-01 00:00:00', NULL),
(1178, 403, 24, 8, 1, 1, 1, '2018-05-31 00:00:00', '2018-05-31 00:00:00', NULL),
(1179, 635, 27, 8, 1, 1, 1, '2018-05-31 00:00:00', '2018-05-31 00:00:00', NULL),
(1180, 295, 30, 6, 1, 1, 1, '2018-06-07 00:00:00', '2018-06-07 00:00:00', NULL),
(1181, 119, 26, 2, 1, 1, 1, '2018-06-06 00:00:00', '2018-06-06 00:00:00', NULL),
(1182, 169, 22, 2, 1, 1, 1, '2018-05-31 00:00:00', '2018-05-31 00:00:00', NULL),
(1183, 64, 29, 2, 1, 1, 1, '2018-05-31 00:00:00', '2018-05-31 00:00:00', NULL),
(1184, 212, 26, 3, 1, 1, 1, '2018-06-01 00:00:00', '2018-06-01 00:00:00', NULL),
(1185, 303, 24, 3, 1, 1, 1, '2018-05-31 00:00:00', '2018-05-31 00:00:00', NULL),
(1186, 107, 26, 7, 1, 1, 1, '2018-06-06 00:00:00', '2018-06-06 00:00:00', NULL),
(1187, 61, 23, 4, 1, 1, 1, '2018-06-07 00:00:00', '2018-06-07 00:00:00', NULL),
(1188, 631, 30, 4, 1, 1, 1, '2018-06-03 00:00:00', '2018-06-03 00:00:00', NULL),
(1189, 382, 24, 1, 1, 1, 1, '2018-06-01 00:00:00', '2018-06-01 00:00:00', NULL),
(1190, 42, 27, 7, 1, 1, 1, '2018-06-02 00:00:00', '2018-06-02 00:00:00', NULL),
(1191, 46, 29, 4, 1, 1, 1, '2018-06-04 00:00:00', '2018-06-04 00:00:00', NULL),
(1192, 475, 27, 7, 1, 1, 1, '2018-06-06 00:00:00', '2018-06-06 00:00:00', NULL),
(1193, 435, 28, 5, 1, 1, 1, '2018-06-03 00:00:00', '2018-06-03 00:00:00', NULL),
(1194, 615, 26, 2, 1, 1, 1, '2018-06-05 00:00:00', '2018-06-05 00:00:00', NULL),
(1195, 238, 28, 5, 1, 1, 1, '2018-06-06 00:00:00', '2018-06-06 00:00:00', NULL),
(1196, 296, 27, 3, 1, 1, 1, '2018-06-05 00:00:00', '2018-06-05 00:00:00', NULL),
(1197, 755, 22, 1, 1, 1, 1, '2018-06-02 00:00:00', '2018-06-02 00:00:00', NULL),
(1198, 139, 30, 6, 1, 1, 1, '2018-06-03 00:00:00', '2018-06-03 00:00:00', NULL),
(1199, 130, 27, 7, 1, 1, 1, '2018-06-04 00:00:00', '2018-06-04 00:00:00', NULL),
(1200, 398, 29, 5, 1, 1, 1, '2018-06-05 00:00:00', '2018-06-05 00:00:00', NULL),
(1201, 709, 26, 3, 1, 1, 1, '2018-06-03 00:00:00', '2018-06-03 00:00:00', NULL),
(1202, 495, 30, 2, 1, 1, 1, '2018-05-31 00:00:00', '2018-05-31 00:00:00', NULL),
(1203, 512, 22, 6, 1, 1, 1, '2018-05-31 00:00:00', '2018-05-31 00:00:00', NULL),
(1204, 385, 26, 7, 1, 1, 1, '2018-06-01 00:00:00', '2018-06-01 00:00:00', NULL),
(1205, 543, 26, 1, 1, 1, 1, '2018-06-07 00:00:00', '2018-06-07 00:00:00', NULL),
(1206, 201, 23, 4, 1, 1, 1, '2018-05-31 00:00:00', '2018-05-31 00:00:00', NULL),
(1207, 165, 24, 4, 1, 1, 1, '2018-05-31 00:00:00', '2018-05-31 00:00:00', NULL),
(1208, 482, 31, 1, 1, 1, 1, '2018-05-31 00:00:00', '2018-05-31 00:00:00', NULL),
(1209, 198, 27, 6, 1, 1, 1, '2018-06-07 00:00:00', '2018-06-07 00:00:00', NULL),
(1210, 406, 23, 5, 1, 1, 1, '2018-06-04 00:00:00', '2018-06-04 00:00:00', NULL),
(1211, 246, 24, 2, 1, 1, 1, '2018-06-06 00:00:00', '2018-06-06 00:00:00', NULL),
(1212, 616, 26, 7, 1, 1, 1, '2018-06-03 00:00:00', '2018-06-03 00:00:00', NULL),
(1213, 500, 26, 5, 1, 1, 1, '2018-06-04 00:00:00', '2018-06-04 00:00:00', NULL),
(1214, 31, 26, 4, 1, 1, 1, '2018-06-02 00:00:00', '2018-06-02 00:00:00', NULL),
(1215, 329, 30, 1, 1, 1, 1, '2018-06-07 00:00:00', '2018-06-07 00:00:00', NULL),
(1216, 416, 29, 6, 1, 1, 1, '2018-06-02 00:00:00', '2018-06-02 00:00:00', NULL),
(1217, 507, 26, 6, 1, 1, 1, '2018-06-04 00:00:00', '2018-06-04 00:00:00', NULL),
(1218, 381, 25, 1, 1, 1, 1, '2018-06-04 00:00:00', '2018-06-04 00:00:00', NULL),
(1219, 394, 23, 6, 1, 1, 1, '2018-06-06 00:00:00', '2018-06-06 00:00:00', NULL),
(1220, 139, 29, 2, 1, 1, 1, '2018-06-01 00:00:00', '2018-06-01 00:00:00', NULL),
(1221, 521, 24, 2, 1, 1, 1, '2018-06-05 00:00:00', '2018-06-05 00:00:00', NULL),
(1222, 725, 25, 8, 1, 1, 1, '2018-06-04 00:00:00', '2018-06-04 00:00:00', NULL),
(1223, 385, 26, 2, 1, 1, 1, '2018-06-06 00:00:00', '2018-06-06 00:00:00', NULL),
(1224, 619, 29, 1, 1, 1, 1, '2018-06-03 00:00:00', '2018-06-03 00:00:00', NULL),
(1225, 550, 27, 3, 1, 1, 1, '2018-06-01 00:00:00', '2018-06-01 00:00:00', NULL),
(1226, 325, 26, 4, 1, 1, 1, '2018-06-03 00:00:00', '2018-06-03 00:00:00', NULL),
(1227, 527, 30, 4, 1, 1, 1, '2018-06-06 00:00:00', '2018-06-06 00:00:00', NULL),
(1228, 650, 23, 5, 1, 1, 1, '2018-06-04 00:00:00', '2018-06-04 00:00:00', NULL),
(1229, 42, 27, 2, 1, 1, 1, '2018-06-01 00:00:00', '2018-06-01 00:00:00', NULL),
(1230, 148, 22, 3, 1, 1, 1, '2018-06-04 00:00:00', '2018-06-04 00:00:00', NULL),
(1231, 622, 26, 6, 1, 1, 1, '2018-06-05 00:00:00', '2018-06-05 00:00:00', NULL),
(1232, 136, 28, 7, 1, 1, 1, '2018-06-04 00:00:00', '2018-06-04 00:00:00', NULL),
(1233, 589, 24, 1, 1, 1, 1, '2018-06-01 00:00:00', '2018-06-01 00:00:00', NULL),
(1234, 91, 30, 4, 1, 1, 1, '2018-05-31 00:00:00', '2018-05-31 00:00:00', NULL),
(1235, 31, 23, 2, 1, 1, 1, '2018-06-07 00:00:00', '2018-06-07 00:00:00', NULL),
(1236, 142, 25, 8, 1, 1, 1, '2018-06-05 00:00:00', '2018-06-05 00:00:00', NULL),
(1237, 639, 30, 7, 1, 1, 1, '2018-06-05 00:00:00', '2018-06-05 00:00:00', NULL),
(1238, 538, 27, 1, 1, 1, 1, '2018-06-06 00:00:00', '2018-06-06 00:00:00', NULL),
(1239, 745, 28, 4, 1, 1, 1, '2018-06-05 00:00:00', '2018-06-05 00:00:00', NULL),
(1240, 727, 23, 7, 1, 1, 1, '2018-06-02 00:00:00', '2018-06-02 00:00:00', NULL),
(1241, 332, 22, 8, 1, 1, 1, '2018-06-06 00:00:00', '2018-06-06 00:00:00', NULL),
(1242, 349, 28, 8, 1, 1, 1, '2018-06-04 00:00:00', '2018-06-04 00:00:00', NULL),
(1243, 306, 24, 8, 1, 1, 1, '2018-06-02 00:00:00', '2018-06-02 00:00:00', NULL),
(1244, 227, 26, 4, 1, 1, 1, '2018-06-04 00:00:00', '2018-06-04 00:00:00', NULL),
(1245, 643, 23, 3, 1, 1, 1, '2018-05-31 00:00:00', '2018-05-31 00:00:00', NULL),
(1246, 185, 31, 3, 1, 1, 1, '2018-06-06 00:00:00', '2018-06-06 00:00:00', NULL),
(1247, 149, 22, 1, 1, 1, 1, '2018-06-07 00:00:00', '2018-06-07 00:00:00', NULL),
(1248, 670, 25, 2, 1, 1, 1, '2018-06-06 00:00:00', '2018-06-06 00:00:00', NULL),
(1249, 625, 28, 8, 1, 1, 1, '2018-06-06 00:00:00', '2018-06-06 00:00:00', NULL),
(1250, 634, 28, 3, 1, 1, 1, '2018-05-31 00:00:00', '2018-05-31 00:00:00', NULL),
(1251, 605, 29, 8, 1, 1, 1, '2018-06-01 00:00:00', '2018-06-01 00:00:00', NULL),
(1252, 71, 31, 5, 1, 1, 1, '2018-06-03 00:00:00', '2018-06-03 00:00:00', NULL),
(1253, 804, 26, 2, 1, 1, 1, '2018-06-05 00:00:00', '2018-06-05 00:00:00', NULL),
(1254, 631, 23, 2, 1, 1, 1, '2018-06-07 00:00:00', '2018-06-07 00:00:00', NULL),
(1255, 440, 24, 1, 1, 1, 1, '2018-06-01 00:00:00', '2018-06-01 00:00:00', NULL),
(1256, 255, 28, 2, 1, 1, 1, '2018-06-06 00:00:00', '2018-06-06 00:00:00', NULL),
(1257, 185, 29, 2, 1, 1, 1, '2018-06-04 00:00:00', '2018-06-04 00:00:00', NULL),
(1258, 368, 26, 5, 1, 1, 1, '2018-05-31 00:00:00', '2018-05-31 00:00:00', NULL),
(1259, 406, 29, 8, 1, 1, 1, '2018-06-01 00:00:00', '2018-06-01 00:00:00', NULL),
(1260, 304, 25, 7, 1, 1, 1, '2018-05-31 00:00:00', '2018-05-31 00:00:00', NULL),
(1261, 470, 22, 6, 1, 1, 1, '2018-06-01 00:00:00', '2018-06-01 00:00:00', NULL),
(1262, 684, 24, 3, 1, 1, 1, '2018-06-07 00:00:00', '2018-06-07 00:00:00', NULL),
(1263, 510, 25, 6, 1, 1, 1, '2018-05-31 00:00:00', '2018-05-31 00:00:00', NULL),
(1264, 66, 30, 6, 1, 1, 1, '2018-06-03 00:00:00', '2018-06-03 00:00:00', NULL),
(1265, 573, 23, 1, 1, 1, 1, '2018-06-03 00:00:00', '2018-06-03 00:00:00', NULL),
(1266, 787, 30, 4, 1, 1, 1, '2018-06-05 00:00:00', '2018-06-05 00:00:00', NULL),
(1267, 372, 24, 2, 1, 1, 1, '2018-06-04 00:00:00', '2018-06-04 00:00:00', NULL),
(1268, 625, 22, 7, 1, 1, 1, '2018-06-06 00:00:00', '2018-06-06 00:00:00', NULL),
(1269, 641, 28, 6, 1, 1, 1, '2018-06-07 00:00:00', '2018-06-07 00:00:00', NULL),
(1270, 804, 25, 8, 1, 1, 1, '2018-06-01 00:00:00', '2018-06-01 00:00:00', NULL),
(1271, 667, 28, 6, 1, 1, 1, '2018-05-31 00:00:00', '2018-05-31 00:00:00', NULL),
(1272, 177, 24, 6, 1, 1, 1, '2018-06-05 00:00:00', '2018-06-05 00:00:00', NULL),
(1273, 780, 24, 8, 1, 1, 1, '2018-06-07 00:00:00', '2018-06-07 00:00:00', NULL),
(1274, 684, 23, 6, 1, 1, 1, '2018-06-03 00:00:00', '2018-06-03 00:00:00', NULL),
(1275, 357, 24, 3, 1, 1, 1, '2018-06-07 00:00:00', '2018-06-07 00:00:00', NULL),
(1276, 425, 31, 2, 1, 1, 1, '2018-06-02 00:00:00', '2018-06-02 00:00:00', NULL);
INSERT INTO `call_history` (`id`, `contact_id`, `user_id`, `level_id`, `call_quality_level_id`, `status_service_id`, `status_call_id`, `created_at`, `updated_at`, `deleted_at`) VALUES
(1277, 681, 23, 4, 1, 1, 1, '2018-06-01 00:00:00', '2018-06-01 00:00:00', NULL),
(1278, 487, 30, 5, 1, 1, 1, '2018-06-04 00:00:00', '2018-06-04 00:00:00', NULL),
(1279, 657, 26, 5, 1, 1, 1, '2018-06-06 00:00:00', '2018-06-06 00:00:00', NULL),
(1280, 359, 26, 8, 1, 1, 1, '2018-06-02 00:00:00', '2018-06-02 00:00:00', NULL),
(1281, 91, 27, 4, 1, 1, 1, '2018-06-06 00:00:00', '2018-06-06 00:00:00', NULL),
(1282, 175, 27, 8, 1, 1, 1, '2018-06-03 00:00:00', '2018-06-03 00:00:00', NULL),
(1283, 250, 24, 6, 1, 1, 1, '2018-06-03 00:00:00', '2018-06-03 00:00:00', NULL),
(1284, 684, 24, 2, 1, 1, 1, '2018-06-06 00:00:00', '2018-06-06 00:00:00', NULL),
(1285, 455, 26, 8, 1, 1, 1, '2018-06-01 00:00:00', '2018-06-01 00:00:00', NULL),
(1286, 138, 26, 1, 1, 1, 1, '2018-06-03 00:00:00', '2018-06-03 00:00:00', NULL),
(1287, 262, 31, 6, 1, 1, 1, '2018-05-31 00:00:00', '2018-05-31 00:00:00', NULL),
(1288, 582, 30, 6, 1, 1, 1, '2018-06-06 00:00:00', '2018-06-06 00:00:00', NULL),
(1289, 729, 27, 2, 1, 1, 1, '2018-06-03 00:00:00', '2018-06-03 00:00:00', NULL),
(1290, 68, 27, 1, 1, 1, 1, '2018-06-07 00:00:00', '2018-06-07 00:00:00', NULL),
(1291, 202, 27, 7, 1, 1, 1, '2018-06-03 00:00:00', '2018-06-03 00:00:00', NULL),
(1292, 137, 26, 1, 1, 1, 1, '2018-06-01 00:00:00', '2018-06-01 00:00:00', NULL),
(1293, 552, 30, 5, 1, 1, 1, '2018-06-04 00:00:00', '2018-06-04 00:00:00', NULL),
(1294, 90, 31, 2, 1, 1, 1, '2018-06-03 00:00:00', '2018-06-03 00:00:00', NULL),
(1295, 551, 28, 8, 1, 1, 1, '2018-06-04 00:00:00', '2018-06-04 00:00:00', NULL),
(1296, 239, 24, 1, 1, 1, 1, '2018-06-03 00:00:00', '2018-06-03 00:00:00', NULL),
(1297, 118, 22, 1, 1, 1, 1, '2018-06-02 00:00:00', '2018-06-02 00:00:00', NULL),
(1298, 789, 29, 4, 1, 1, 1, '2018-05-31 00:00:00', '2018-05-31 00:00:00', NULL),
(1299, 125, 30, 4, 1, 1, 1, '2018-06-07 00:00:00', '2018-06-07 00:00:00', NULL),
(1300, 286, 28, 7, 1, 1, 1, '2018-06-06 00:00:00', '2018-06-06 00:00:00', NULL),
(1301, 647, 27, 3, 1, 1, 1, '2018-06-03 00:00:00', '2018-06-03 00:00:00', NULL),
(1302, 710, 29, 2, 1, 1, 1, '2018-06-04 00:00:00', '2018-06-04 00:00:00', NULL),
(1303, 424, 26, 4, 1, 1, 1, '2018-06-06 00:00:00', '2018-06-06 00:00:00', NULL),
(1304, 43, 30, 3, 1, 1, 1, '2018-06-07 00:00:00', '2018-06-07 00:00:00', NULL),
(1305, 102, 22, 2, 1, 1, 1, '2018-06-06 00:00:00', '2018-06-06 00:00:00', NULL),
(1306, 47, 27, 8, 1, 1, 1, '2018-06-07 00:00:00', '2018-06-07 00:00:00', NULL),
(1307, 517, 31, 5, 1, 1, 1, '2018-06-02 00:00:00', '2018-06-02 00:00:00', NULL),
(1308, 603, 23, 3, 1, 1, 1, '2018-06-04 00:00:00', '2018-06-04 00:00:00', NULL),
(1309, 423, 27, 5, 1, 1, 1, '2018-06-05 00:00:00', '2018-06-05 00:00:00', NULL),
(1310, 33, 27, 1, 1, 1, 1, '2018-06-04 00:00:00', '2018-06-04 00:00:00', NULL),
(1311, 66, 31, 2, 1, 1, 1, '2018-06-03 00:00:00', '2018-06-03 00:00:00', NULL),
(1312, 607, 29, 1, 1, 1, 1, '2018-06-03 00:00:00', '2018-06-03 00:00:00', NULL),
(1313, 516, 28, 2, 1, 1, 1, '2018-06-02 00:00:00', '2018-06-02 00:00:00', NULL),
(1314, 654, 30, 1, 1, 1, 1, '2018-06-04 00:00:00', '2018-06-04 00:00:00', NULL),
(1315, 23, 27, 3, 1, 1, 1, '2018-06-02 00:00:00', '2018-06-02 00:00:00', NULL),
(1316, 181, 29, 1, 1, 1, 1, '2018-06-02 00:00:00', '2018-06-02 00:00:00', NULL),
(1317, 761, 30, 5, 1, 1, 1, '2018-06-03 00:00:00', '2018-06-03 00:00:00', NULL),
(1318, 111, 27, 5, 1, 1, 1, '2018-06-05 00:00:00', '2018-06-05 00:00:00', NULL),
(1319, 690, 28, 8, 1, 1, 1, '2018-06-07 00:00:00', '2018-06-07 00:00:00', NULL),
(1320, 304, 31, 6, 1, 1, 1, '2018-06-06 00:00:00', '2018-06-06 00:00:00', NULL),
(1321, 441, 26, 3, 1, 1, 1, '2018-06-02 00:00:00', '2018-06-02 00:00:00', NULL),
(1322, 490, 24, 1, 1, 1, 1, '2018-05-31 00:00:00', '2018-05-31 00:00:00', NULL),
(1323, 480, 27, 3, 1, 1, 1, '2018-06-02 00:00:00', '2018-06-02 00:00:00', NULL),
(1324, 674, 26, 2, 1, 1, 1, '2018-06-01 00:00:00', '2018-06-01 00:00:00', NULL),
(1325, 768, 27, 3, 1, 1, 1, '2018-06-03 00:00:00', '2018-06-03 00:00:00', NULL),
(1326, 479, 30, 1, 1, 1, 1, '2018-06-04 00:00:00', '2018-06-04 00:00:00', NULL),
(1327, 531, 24, 2, 1, 1, 1, '2018-05-31 00:00:00', '2018-05-31 00:00:00', NULL),
(1328, 194, 24, 3, 1, 1, 1, '2018-06-06 00:00:00', '2018-06-06 00:00:00', NULL),
(1329, 346, 25, 6, 1, 1, 1, '2018-06-01 00:00:00', '2018-06-01 00:00:00', NULL),
(1330, 79, 29, 2, 1, 1, 1, '2018-06-02 00:00:00', '2018-06-02 00:00:00', NULL),
(1331, 429, 27, 1, 1, 1, 1, '2018-06-07 00:00:00', '2018-06-07 00:00:00', NULL),
(1332, 478, 23, 4, 1, 1, 1, '2018-06-03 00:00:00', '2018-06-03 00:00:00', NULL),
(1333, 561, 28, 4, 1, 1, 1, '2018-06-07 00:00:00', '2018-06-07 00:00:00', NULL),
(1334, 290, 31, 5, 1, 1, 1, '2018-06-05 00:00:00', '2018-06-05 00:00:00', NULL),
(1335, 163, 25, 4, 1, 1, 1, '2018-06-02 00:00:00', '2018-06-02 00:00:00', NULL),
(1336, 515, 22, 4, 1, 1, 1, '2018-06-04 00:00:00', '2018-06-04 00:00:00', NULL),
(1337, 275, 28, 8, 1, 1, 1, '2018-06-03 00:00:00', '2018-06-03 00:00:00', NULL),
(1338, 49, 24, 6, 1, 1, 1, '2018-06-06 00:00:00', '2018-06-06 00:00:00', NULL),
(1339, 106, 24, 5, 1, 1, 1, '2018-05-31 00:00:00', '2018-05-31 00:00:00', NULL),
(1340, 70, 24, 4, 1, 1, 1, '2018-06-07 00:00:00', '2018-06-07 00:00:00', NULL),
(1341, 476, 27, 4, 1, 1, 1, '2018-06-02 00:00:00', '2018-06-02 00:00:00', NULL),
(1342, 48, 22, 2, 1, 1, 1, '2018-06-05 00:00:00', '2018-06-05 00:00:00', NULL),
(1343, 789, 22, 8, 1, 1, 1, '2018-06-06 00:00:00', '2018-06-06 00:00:00', NULL),
(1344, 341, 28, 8, 1, 1, 1, '2018-06-03 00:00:00', '2018-06-03 00:00:00', NULL),
(1345, 264, 24, 5, 1, 1, 1, '2018-06-03 00:00:00', '2018-06-03 00:00:00', NULL),
(1346, 654, 23, 8, 1, 1, 1, '2018-06-07 00:00:00', '2018-06-07 00:00:00', NULL),
(1347, 362, 29, 5, 1, 1, 1, '2018-06-02 00:00:00', '2018-06-02 00:00:00', NULL),
(1348, 744, 25, 8, 1, 1, 1, '2018-06-03 00:00:00', '2018-06-03 00:00:00', NULL),
(1349, 44, 24, 3, 1, 1, 1, '2018-06-07 00:00:00', '2018-06-07 00:00:00', NULL),
(1350, 258, 22, 2, 1, 1, 1, '2018-06-01 00:00:00', '2018-06-01 00:00:00', NULL),
(1351, 111, 23, 6, 1, 1, 1, '2018-06-03 00:00:00', '2018-06-03 00:00:00', NULL),
(1352, 646, 29, 7, 1, 1, 1, '2018-06-04 00:00:00', '2018-06-04 00:00:00', NULL),
(1353, 566, 25, 8, 1, 1, 1, '2018-06-02 00:00:00', '2018-06-02 00:00:00', NULL),
(1354, 44, 26, 8, 1, 1, 1, '2018-06-01 00:00:00', '2018-06-01 00:00:00', NULL),
(1355, 443, 30, 8, 1, 1, 1, '2018-06-07 00:00:00', '2018-06-07 00:00:00', NULL),
(1356, 151, 31, 2, 1, 1, 1, '2018-06-05 00:00:00', '2018-06-05 00:00:00', NULL),
(1357, 331, 24, 3, 1, 1, 1, '2018-06-05 00:00:00', '2018-06-05 00:00:00', NULL),
(1358, 220, 26, 5, 1, 1, 1, '2018-06-01 00:00:00', '2018-06-01 00:00:00', NULL),
(1359, 796, 25, 5, 1, 1, 1, '2018-06-05 00:00:00', '2018-06-05 00:00:00', NULL),
(1360, 738, 26, 3, 1, 1, 1, '2018-06-02 00:00:00', '2018-06-02 00:00:00', NULL),
(1361, 303, 26, 7, 1, 1, 1, '2018-06-07 00:00:00', '2018-06-07 00:00:00', NULL),
(1362, 565, 27, 6, 1, 1, 1, '2018-06-04 00:00:00', '2018-06-04 00:00:00', NULL),
(1363, 286, 27, 6, 1, 1, 1, '2018-06-03 00:00:00', '2018-06-03 00:00:00', NULL),
(1364, 362, 28, 1, 1, 1, 1, '2018-06-02 00:00:00', '2018-06-02 00:00:00', NULL),
(1365, 336, 22, 1, 1, 1, 1, '2018-06-06 00:00:00', '2018-06-06 00:00:00', NULL),
(1366, 754, 22, 8, 1, 1, 1, '2018-06-03 00:00:00', '2018-06-03 00:00:00', NULL),
(1367, 111, 26, 4, 1, 1, 1, '2018-06-07 00:00:00', '2018-06-07 00:00:00', NULL),
(1368, 726, 31, 4, 1, 1, 1, '2018-06-04 00:00:00', '2018-06-04 00:00:00', NULL),
(1369, 771, 23, 4, 1, 1, 1, '2018-05-31 00:00:00', '2018-05-31 00:00:00', NULL),
(1370, 233, 23, 4, 1, 1, 1, '2018-06-05 00:00:00', '2018-06-05 00:00:00', NULL),
(1371, 626, 27, 2, 1, 1, 1, '2018-06-01 00:00:00', '2018-06-01 00:00:00', NULL),
(1372, 117, 31, 1, 1, 1, 1, '2018-06-03 00:00:00', '2018-06-03 00:00:00', NULL),
(1373, 484, 24, 1, 1, 1, 1, '2018-06-05 00:00:00', '2018-06-05 00:00:00', NULL),
(1374, 210, 31, 8, 1, 1, 1, '2018-06-06 00:00:00', '2018-06-06 00:00:00', NULL),
(1375, 137, 24, 8, 1, 1, 1, '2018-06-03 00:00:00', '2018-06-03 00:00:00', NULL),
(1376, 271, 29, 4, 1, 1, 1, '2018-06-04 00:00:00', '2018-06-04 00:00:00', NULL),
(1377, 703, 24, 2, 1, 1, 1, '2018-06-02 00:00:00', '2018-06-02 00:00:00', NULL),
(1378, 667, 31, 8, 1, 1, 1, '2018-06-04 00:00:00', '2018-06-04 00:00:00', NULL),
(1379, 559, 24, 5, 1, 1, 1, '2018-05-31 00:00:00', '2018-05-31 00:00:00', NULL),
(1380, 187, 31, 6, 1, 1, 1, '2018-06-02 00:00:00', '2018-06-02 00:00:00', NULL),
(1381, 286, 29, 7, 1, 1, 1, '2018-06-03 00:00:00', '2018-06-03 00:00:00', NULL),
(1382, 85, 22, 3, 1, 1, 1, '2018-05-31 00:00:00', '2018-05-31 00:00:00', NULL),
(1383, 112, 28, 4, 1, 1, 1, '2018-06-02 00:00:00', '2018-06-02 00:00:00', NULL),
(1384, 171, 23, 7, 1, 1, 1, '2018-06-05 00:00:00', '2018-06-05 00:00:00', NULL),
(1385, 191, 25, 2, 1, 1, 1, '2018-05-31 00:00:00', '2018-05-31 00:00:00', NULL),
(1386, 572, 30, 6, 1, 1, 1, '2018-06-04 00:00:00', '2018-06-04 00:00:00', NULL),
(1387, 150, 25, 4, 1, 1, 1, '2018-06-02 00:00:00', '2018-06-02 00:00:00', NULL),
(1388, 649, 28, 2, 1, 1, 1, '2018-06-03 00:00:00', '2018-06-03 00:00:00', NULL),
(1389, 730, 26, 2, 1, 1, 1, '2018-06-01 00:00:00', '2018-06-01 00:00:00', NULL),
(1390, 669, 22, 1, 1, 1, 1, '2018-06-02 00:00:00', '2018-06-02 00:00:00', NULL),
(1391, 454, 27, 1, 1, 1, 1, '2018-06-05 00:00:00', '2018-06-05 00:00:00', NULL),
(1392, 675, 25, 5, 1, 1, 1, '2018-06-04 00:00:00', '2018-06-04 00:00:00', NULL),
(1393, 557, 24, 3, 1, 1, 1, '2018-06-07 00:00:00', '2018-06-07 00:00:00', NULL),
(1394, 715, 26, 3, 1, 1, 1, '2018-06-03 00:00:00', '2018-06-03 00:00:00', NULL),
(1395, 690, 30, 2, 1, 1, 1, '2018-06-04 00:00:00', '2018-06-04 00:00:00', NULL),
(1396, 410, 28, 5, 1, 1, 1, '2018-06-07 00:00:00', '2018-06-07 00:00:00', NULL),
(1397, 118, 28, 4, 1, 1, 1, '2018-06-01 00:00:00', '2018-06-01 00:00:00', NULL),
(1398, 206, 23, 4, 1, 1, 1, '2018-06-04 00:00:00', '2018-06-04 00:00:00', NULL),
(1399, 270, 30, 1, 1, 1, 1, '2018-06-01 00:00:00', '2018-06-01 00:00:00', NULL),
(1400, 635, 28, 7, 1, 1, 1, '2018-06-01 00:00:00', '2018-06-01 00:00:00', NULL),
(1401, 598, 23, 8, 1, 1, 1, '2018-06-05 00:00:00', '2018-06-05 00:00:00', NULL),
(1402, 740, 29, 7, 1, 1, 1, '2018-06-02 00:00:00', '2018-06-02 00:00:00', NULL),
(1403, 563, 30, 1, 1, 1, 1, '2018-06-04 00:00:00', '2018-06-04 00:00:00', NULL),
(1404, 47, 29, 5, 1, 1, 1, '2018-06-07 00:00:00', '2018-06-07 00:00:00', NULL),
(1405, 505, 28, 2, 1, 1, 1, '2018-06-01 00:00:00', '2018-06-01 00:00:00', NULL),
(1406, 739, 22, 1, 1, 1, 1, '2018-06-04 00:00:00', '2018-06-04 00:00:00', NULL),
(1407, 67, 27, 8, 1, 1, 1, '2018-06-03 00:00:00', '2018-06-03 00:00:00', NULL),
(1408, 434, 25, 8, 1, 1, 1, '2018-06-07 00:00:00', '2018-06-07 00:00:00', NULL),
(1409, 629, 30, 3, 1, 1, 1, '2018-06-02 00:00:00', '2018-06-02 00:00:00', NULL),
(1410, 674, 26, 3, 1, 1, 1, '2018-06-05 00:00:00', '2018-06-05 00:00:00', NULL),
(1411, 679, 28, 3, 1, 1, 1, '2018-06-03 00:00:00', '2018-06-03 00:00:00', NULL),
(1412, 431, 24, 7, 1, 1, 1, '2018-06-07 00:00:00', '2018-06-07 00:00:00', NULL),
(1413, 535, 29, 2, 1, 1, 1, '2018-06-06 00:00:00', '2018-06-06 00:00:00', NULL),
(1414, 128, 31, 5, 1, 1, 1, '2018-06-07 00:00:00', '2018-06-07 00:00:00', NULL),
(1415, 544, 24, 4, 1, 1, 1, '2018-06-04 00:00:00', '2018-06-04 00:00:00', NULL),
(1416, 482, 26, 1, 1, 1, 1, '2018-06-05 00:00:00', '2018-06-05 00:00:00', NULL),
(1417, 419, 28, 5, 1, 1, 1, '2018-06-06 00:00:00', '2018-06-06 00:00:00', NULL),
(1418, 477, 23, 8, 1, 1, 1, '2018-06-05 00:00:00', '2018-06-05 00:00:00', NULL),
(1419, 89, 23, 7, 1, 1, 1, '2018-06-07 00:00:00', '2018-06-07 00:00:00', NULL),
(1420, 702, 25, 3, 1, 1, 1, '2018-05-31 00:00:00', '2018-05-31 00:00:00', NULL),
(1421, 487, 29, 2, 1, 1, 1, '2018-06-03 00:00:00', '2018-06-03 00:00:00', NULL),
(1422, 560, 31, 6, 1, 1, 1, '2018-06-03 00:00:00', '2018-06-03 00:00:00', NULL),
(1423, 290, 25, 5, 1, 1, 1, '2018-06-07 00:00:00', '2018-06-07 00:00:00', NULL),
(1424, 316, 28, 4, 1, 1, 1, '2018-06-01 00:00:00', '2018-06-01 00:00:00', NULL),
(1425, 194, 24, 7, 1, 1, 1, '2018-06-02 00:00:00', '2018-06-02 00:00:00', NULL),
(1426, 130, 24, 8, 1, 1, 1, '2018-06-07 00:00:00', '2018-06-07 00:00:00', NULL),
(1427, 479, 26, 4, 1, 1, 1, '2018-06-01 00:00:00', '2018-06-01 00:00:00', NULL),
(1428, 502, 29, 3, 1, 1, 1, '2018-06-05 00:00:00', '2018-06-05 00:00:00', NULL),
(1429, 490, 26, 8, 1, 1, 1, '2018-06-03 00:00:00', '2018-06-03 00:00:00', NULL),
(1430, 402, 30, 3, 1, 1, 1, '2018-06-02 00:00:00', '2018-06-02 00:00:00', NULL),
(1431, 592, 30, 3, 1, 1, 1, '2018-05-31 00:00:00', '2018-05-31 00:00:00', NULL),
(1432, 184, 22, 1, 1, 1, 1, '2018-06-01 00:00:00', '2018-06-01 00:00:00', NULL),
(1433, 508, 27, 1, 1, 1, 1, '2018-06-04 00:00:00', '2018-06-04 00:00:00', NULL),
(1434, 49, 25, 4, 1, 1, 1, '2018-06-02 00:00:00', '2018-06-02 00:00:00', NULL),
(1435, 638, 27, 8, 1, 1, 1, '2018-06-04 00:00:00', '2018-06-04 00:00:00', NULL),
(1436, 576, 29, 3, 1, 1, 1, '2018-06-01 00:00:00', '2018-06-01 00:00:00', NULL),
(1437, 149, 25, 1, 1, 1, 1, '2018-06-06 00:00:00', '2018-06-06 00:00:00', NULL),
(1438, 277, 28, 6, 1, 1, 1, '2018-06-01 00:00:00', '2018-06-01 00:00:00', NULL),
(1439, 688, 31, 7, 1, 1, 1, '2018-06-04 00:00:00', '2018-06-04 00:00:00', NULL),
(1440, 534, 29, 5, 1, 1, 1, '2018-06-07 00:00:00', '2018-06-07 00:00:00', NULL),
(1441, 358, 31, 6, 1, 1, 1, '2018-06-06 00:00:00', '2018-06-06 00:00:00', NULL),
(1442, 752, 31, 8, 1, 1, 1, '2018-06-03 00:00:00', '2018-06-03 00:00:00', NULL),
(1443, 638, 29, 6, 1, 1, 1, '2018-06-01 00:00:00', '2018-06-01 00:00:00', NULL),
(1444, 107, 30, 2, 1, 1, 1, '2018-05-31 00:00:00', '2018-05-31 00:00:00', NULL),
(1445, 743, 22, 2, 1, 1, 1, '2018-06-06 00:00:00', '2018-06-06 00:00:00', NULL),
(1446, 555, 23, 5, 1, 1, 1, '2018-06-03 00:00:00', '2018-06-03 00:00:00', NULL),
(1447, 711, 25, 2, 1, 1, 1, '2018-06-02 00:00:00', '2018-06-02 00:00:00', NULL),
(1448, 786, 30, 1, 1, 1, 1, '2018-06-04 00:00:00', '2018-06-04 00:00:00', NULL),
(1449, 507, 24, 8, 1, 1, 1, '2018-06-03 00:00:00', '2018-06-03 00:00:00', NULL),
(1450, 509, 22, 8, 1, 1, 1, '2018-06-01 00:00:00', '2018-06-01 00:00:00', NULL),
(1451, 412, 28, 5, 1, 1, 1, '2018-06-03 00:00:00', '2018-06-03 00:00:00', NULL),
(1452, 55, 27, 2, 1, 1, 1, '2018-06-06 00:00:00', '2018-06-06 00:00:00', NULL),
(1453, 314, 31, 5, 1, 1, 1, '2018-06-07 00:00:00', '2018-06-07 00:00:00', NULL),
(1454, 493, 22, 7, 1, 1, 1, '2018-06-01 00:00:00', '2018-06-01 00:00:00', NULL),
(1455, 805, 22, 6, 1, 1, 1, '2018-06-06 00:00:00', '2018-06-06 00:00:00', NULL),
(1456, 152, 27, 3, 1, 1, 1, '2018-06-07 00:00:00', '2018-06-07 00:00:00', NULL),
(1457, 378, 27, 6, 1, 1, 1, '2018-06-06 00:00:00', '2018-06-06 00:00:00', NULL),
(1458, 437, 28, 1, 1, 1, 1, '2018-06-05 00:00:00', '2018-06-05 00:00:00', NULL),
(1459, 645, 29, 1, 1, 1, 1, '2018-06-07 00:00:00', '2018-06-07 00:00:00', NULL),
(1460, 554, 29, 7, 1, 1, 1, '2018-06-05 00:00:00', '2018-06-05 00:00:00', NULL),
(1461, 288, 23, 5, 1, 1, 1, '2018-06-06 00:00:00', '2018-06-06 00:00:00', NULL),
(1462, 147, 29, 7, 1, 1, 1, '2018-06-07 00:00:00', '2018-06-07 00:00:00', NULL),
(1463, 628, 27, 6, 1, 1, 1, '2018-06-03 00:00:00', '2018-06-03 00:00:00', NULL),
(1464, 525, 27, 2, 1, 1, 1, '2018-06-02 00:00:00', '2018-06-02 00:00:00', NULL),
(1465, 266, 23, 3, 1, 1, 1, '2018-06-06 00:00:00', '2018-06-06 00:00:00', NULL),
(1466, 409, 31, 5, 1, 1, 1, '2018-06-01 00:00:00', '2018-06-01 00:00:00', NULL),
(1467, 59, 29, 8, 1, 1, 1, '2018-06-05 00:00:00', '2018-06-05 00:00:00', NULL),
(1468, 736, 25, 2, 1, 1, 1, '2018-06-05 00:00:00', '2018-06-05 00:00:00', NULL),
(1469, 169, 30, 3, 1, 1, 1, '2018-06-07 00:00:00', '2018-06-07 00:00:00', NULL),
(1470, 60, 24, 8, 1, 1, 1, '2018-06-04 00:00:00', '2018-06-04 00:00:00', NULL),
(1471, 700, 26, 5, 1, 1, 1, '2018-05-31 00:00:00', '2018-05-31 00:00:00', NULL),
(1472, 4, 26, 7, 1, 1, 1, '2018-06-02 00:00:00', '2018-06-02 00:00:00', NULL),
(1473, 606, 27, 2, 1, 1, 1, '2018-06-02 00:00:00', '2018-06-02 00:00:00', NULL),
(1474, 622, 28, 5, 1, 1, 1, '2018-06-06 00:00:00', '2018-06-06 00:00:00', NULL),
(1475, 403, 30, 7, 1, 1, 1, '2018-06-01 00:00:00', '2018-06-01 00:00:00', NULL),
(1476, 547, 31, 1, 1, 1, 1, '2018-06-01 00:00:00', '2018-06-01 00:00:00', NULL),
(1477, 193, 28, 8, 1, 1, 1, '2018-06-06 00:00:00', '2018-06-06 00:00:00', NULL),
(1478, 484, 31, 2, 1, 1, 1, '2018-06-07 00:00:00', '2018-06-07 00:00:00', NULL),
(1479, 427, 22, 2, 1, 1, 1, '2018-06-03 00:00:00', '2018-06-03 00:00:00', NULL),
(1480, 70, 25, 2, 1, 1, 1, '2018-06-07 00:00:00', '2018-06-07 00:00:00', NULL),
(1481, 632, 25, 1, 1, 1, 1, '2018-06-07 00:00:00', '2018-06-07 00:00:00', NULL),
(1482, 295, 28, 8, 1, 1, 1, '2018-06-05 00:00:00', '2018-06-05 00:00:00', NULL),
(1483, 223, 28, 7, 1, 1, 1, '2018-06-07 00:00:00', '2018-06-07 00:00:00', NULL),
(1484, 724, 30, 1, 1, 1, 1, '2018-06-03 00:00:00', '2018-06-03 00:00:00', NULL),
(1485, 679, 22, 6, 1, 1, 1, '2018-06-02 00:00:00', '2018-06-02 00:00:00', NULL),
(1486, 126, 30, 7, 1, 1, 1, '2018-06-04 00:00:00', '2018-06-04 00:00:00', NULL),
(1487, 595, 26, 1, 1, 1, 1, '2018-05-31 00:00:00', '2018-05-31 00:00:00', NULL),
(1488, 517, 22, 1, 1, 1, 1, '2018-06-05 00:00:00', '2018-06-05 00:00:00', NULL),
(1489, 460, 26, 5, 1, 1, 1, '2018-06-03 00:00:00', '2018-06-03 00:00:00', NULL),
(1490, 172, 31, 2, 1, 1, 1, '2018-06-03 00:00:00', '2018-06-03 00:00:00', NULL),
(1491, 86, 29, 2, 1, 1, 1, '2018-06-07 00:00:00', '2018-06-07 00:00:00', NULL),
(1492, 658, 25, 2, 1, 1, 1, '2018-06-06 00:00:00', '2018-06-06 00:00:00', NULL),
(1493, 207, 22, 5, 1, 1, 1, '2018-06-07 00:00:00', '2018-06-07 00:00:00', NULL),
(1494, 727, 27, 8, 1, 1, 1, '2018-06-02 00:00:00', '2018-06-02 00:00:00', NULL),
(1495, 207, 30, 7, 1, 1, 1, '2018-05-31 00:00:00', '2018-05-31 00:00:00', NULL),
(1496, 163, 28, 6, 1, 1, 1, '2018-06-02 00:00:00', '2018-06-02 00:00:00', NULL),
(1497, 109, 24, 2, 1, 1, 1, '2018-06-06 00:00:00', '2018-06-06 00:00:00', NULL),
(1498, 117, 29, 2, 1, 1, 1, '2018-06-05 00:00:00', '2018-06-05 00:00:00', NULL),
(1499, 779, 24, 4, 1, 1, 1, '2018-06-06 00:00:00', '2018-06-06 00:00:00', NULL),
(1500, 540, 25, 1, 1, 1, 1, '2018-06-03 00:00:00', '2018-06-03 00:00:00', NULL),
(1501, 592, 25, 8, 1, 1, 1, '2018-06-04 00:00:00', '2018-06-04 00:00:00', NULL),
(1502, 565, 28, 4, 1, 1, 1, '2018-06-07 00:00:00', '2018-06-07 00:00:00', NULL),
(1503, 605, 25, 1, 1, 1, 1, '2018-06-07 00:00:00', '2018-06-07 00:00:00', NULL),
(1504, 183, 25, 7, 1, 1, 1, '2018-05-31 00:00:00', '2018-05-31 00:00:00', NULL),
(1505, 469, 24, 3, 1, 1, 1, '2018-06-03 00:00:00', '2018-06-03 00:00:00', NULL),
(1506, 728, 29, 6, 1, 1, 1, '2018-06-07 00:00:00', '2018-06-07 00:00:00', NULL),
(1507, 514, 30, 6, 1, 1, 1, '2018-06-04 00:00:00', '2018-06-04 00:00:00', NULL),
(1508, 249, 26, 3, 1, 1, 1, '2018-06-06 00:00:00', '2018-06-06 00:00:00', NULL),
(1509, 757, 23, 3, 1, 1, 1, '2018-06-07 00:00:00', '2018-06-07 00:00:00', NULL),
(1510, 275, 24, 7, 1, 1, 1, '2018-06-02 00:00:00', '2018-06-02 00:00:00', NULL),
(1511, 548, 28, 4, 1, 1, 1, '2018-06-07 00:00:00', '2018-06-07 00:00:00', NULL),
(1512, 676, 31, 3, 1, 1, 1, '2018-06-05 00:00:00', '2018-06-05 00:00:00', NULL),
(1513, 183, 24, 7, 1, 1, 1, '2018-06-01 00:00:00', '2018-06-01 00:00:00', NULL),
(1514, 760, 29, 8, 1, 1, 1, '2018-06-04 00:00:00', '2018-06-04 00:00:00', NULL),
(1515, 98, 27, 1, 1, 1, 1, '2018-05-31 00:00:00', '2018-05-31 00:00:00', NULL),
(1516, 646, 22, 5, 1, 1, 1, '2018-06-02 00:00:00', '2018-06-02 00:00:00', NULL),
(1517, 473, 30, 3, 1, 1, 1, '2018-05-31 00:00:00', '2018-05-31 00:00:00', NULL),
(1518, 294, 24, 8, 1, 1, 1, '2018-06-05 00:00:00', '2018-06-05 00:00:00', NULL),
(1519, 629, 23, 8, 1, 1, 1, '2018-06-01 00:00:00', '2018-06-01 00:00:00', NULL),
(1520, 284, 26, 4, 1, 1, 1, '2018-06-01 00:00:00', '2018-06-01 00:00:00', NULL),
(1521, 631, 27, 4, 1, 1, 1, '2018-06-02 00:00:00', '2018-06-02 00:00:00', NULL),
(1522, 387, 23, 8, 1, 1, 1, '2018-06-02 00:00:00', '2018-06-02 00:00:00', NULL),
(1523, 165, 25, 7, 1, 1, 1, '2018-05-31 00:00:00', '2018-05-31 00:00:00', NULL),
(1524, 287, 28, 7, 1, 1, 1, '2018-06-07 00:00:00', '2018-06-07 00:00:00', NULL),
(1525, 310, 27, 8, 1, 1, 1, '2018-06-07 00:00:00', '2018-06-07 00:00:00', NULL),
(1526, 444, 22, 6, 1, 1, 1, '2018-06-05 00:00:00', '2018-06-05 00:00:00', NULL),
(1527, 113, 30, 2, 1, 1, 1, '2018-06-04 00:00:00', '2018-06-04 00:00:00', NULL),
(1528, 766, 22, 2, 1, 1, 1, '2018-06-05 00:00:00', '2018-06-05 00:00:00', NULL),
(1529, 150, 27, 8, 1, 1, 1, '2018-06-07 00:00:00', '2018-06-07 00:00:00', NULL),
(1530, 71, 30, 7, 1, 1, 1, '2018-06-04 00:00:00', '2018-06-04 00:00:00', NULL),
(1531, 474, 31, 4, 1, 1, 1, '2018-06-03 00:00:00', '2018-06-03 00:00:00', NULL),
(1532, 666, 29, 2, 1, 1, 1, '2018-06-01 00:00:00', '2018-06-01 00:00:00', NULL),
(1533, 637, 25, 8, 1, 1, 1, '2018-06-04 00:00:00', '2018-06-04 00:00:00', NULL),
(1534, 201, 22, 1, 1, 1, 1, '2018-06-05 00:00:00', '2018-06-05 00:00:00', NULL),
(1535, 51, 25, 7, 1, 1, 1, '2018-06-04 00:00:00', '2018-06-04 00:00:00', NULL),
(1536, 261, 24, 6, 1, 1, 1, '2018-06-07 00:00:00', '2018-06-07 00:00:00', NULL),
(1537, 57, 24, 4, 1, 1, 1, '2018-06-03 00:00:00', '2018-06-03 00:00:00', NULL),
(1538, 142, 26, 8, 1, 1, 1, '2018-06-07 00:00:00', '2018-06-07 00:00:00', NULL),
(1539, 559, 27, 8, 1, 1, 1, '2018-06-06 00:00:00', '2018-06-06 00:00:00', NULL),
(1540, 50, 29, 7, 1, 1, 1, '2018-06-07 00:00:00', '2018-06-07 00:00:00', NULL);

-- --------------------------------------------------------

--
-- Table structure for table `call_history_comment`
--

CREATE TABLE `call_history_comment` (
  `id` int(11) NOT NULL,
  `call_history_id` int(11) NOT NULL,
  `type` varchar(50) NOT NULL,
  `text` text NOT NULL,
  `created_at` datetime DEFAULT NULL,
  `updated_at` datetime DEFAULT NULL,
  `deleted_at` datetime DEFAULT NULL
) ENGINE=InnoDB DEFAULT CHARSET=utf8;

-- --------------------------------------------------------

--
-- Table structure for table `call_history_status_comment`
--

CREATE TABLE `call_history_status_comment` (
  `id` int(11) NOT NULL,
  `call_history_id` int(11) NOT NULL,
  `call_status_comment` varchar(255) NOT NULL,
  `service_status_comment` varchar(255) NOT NULL,
  `created_at` datetime DEFAULT NULL,
  `updated_at` datetime DEFAULT NULL,
  `deleted_at` datetime DEFAULT NULL
) ENGINE=InnoDB DEFAULT CHARSET=utf8;

-- --------------------------------------------------------

--
-- Table structure for table `call_quality`
--

CREATE TABLE `call_quality` (
  `id` int(11) NOT NULL,
  `name` varchar(45) DEFAULT NULL,
  `description` varchar(255) DEFAULT NULL,
  `created_at` datetime DEFAULT NULL,
  `updated_at` datetime DEFAULT NULL,
  `deleted_at` datetime DEFAULT NULL
) ENGINE=InnoDB DEFAULT CHARSET=utf8;

--
-- Dumping data for table `call_quality`
--

INSERT INTO `call_quality` (`id`, `name`, `description`, `created_at`, `updated_at`, `deleted_at`) VALUES
(1, 'Call Quality 1', 'Call Quality 1', '2018-05-28 00:00:00', '2018-05-28 00:00:00', NULL),
(2, 'Call Quality 2', 'Call Quality 2', '2018-05-28 00:00:00', '2018-05-28 00:00:00', NULL);

-- --------------------------------------------------------

--
-- Table structure for table `call_quality_level`
--

CREATE TABLE `call_quality_level` (
  `id` int(11) NOT NULL,
  `call_quality_id` int(11) NOT NULL,
  `level_id` int(11) NOT NULL,
  `created_at` datetime DEFAULT NULL,
  `updated_at` datetime DEFAULT NULL,
  `deleted_at` datetime DEFAULT NULL
) ENGINE=InnoDB DEFAULT CHARSET=utf8;

--
-- Dumping data for table `call_quality_level`
--

INSERT INTO `call_quality_level` (`id`, `call_quality_id`, `level_id`, `created_at`, `updated_at`, `deleted_at`) VALUES
(1, 1, 1, '2018-05-29 00:00:00', '2018-05-29 00:00:00', NULL),
(2, 1, 2, '2018-05-29 00:00:00', '2018-05-29 00:00:00', NULL),
(3, 2, 2, '2018-05-29 00:00:00', '2018-05-29 00:00:00', NULL),
(4, 1, 3, '2018-05-29 00:00:00', '2018-05-29 00:00:00', NULL);

-- --------------------------------------------------------

--
-- Table structure for table `channel`
--

CREATE TABLE `channel` (
  `id` int(11) NOT NULL,
  `name` varchar(100) DEFAULT NULL,
  `created_at` datetime DEFAULT NULL,
  `updated_at` datetime DEFAULT NULL,
  `deleted_at` datetime DEFAULT NULL
) ENGINE=InnoDB DEFAULT CHARSET=utf8;

--
-- Dumping data for table `channel`
--

INSERT INTO `channel` (`id`, `name`, `created_at`, `updated_at`, `deleted_at`) VALUES
(1, 'Channel A', '2018-05-21 00:00:00', '2018-05-21 00:00:00', NULL),
(2, 'Channel B', '2018-05-21 00:00:00', '2018-05-21 00:00:00', NULL),
(3, 'NTL_FA video_102', '2018-05-24 12:13:35', '2018-05-24 12:13:35', NULL),
(4, 'FA TET 03', '2018-05-24 12:13:35', '2018-05-24 12:13:35', NULL),
(5, 'FA TET 05', '2018-05-24 12:13:35', '2018-05-24 12:13:35', NULL),
(6, 'topicanative_asia', '2018-05-24 12:13:35', '2018-05-24 12:13:35', NULL),
(7, 'LINE- TL', '2018-05-24 12:13:35', '2018-05-24 12:13:35', NULL),
(8, 'NTL_FABR_04', '2018-05-31 09:46:29', '2018-05-31 09:46:29', NULL),
(9, 'NTL_FABR_03', '2018-05-31 09:46:29', '2018-05-31 09:46:29', NULL),
(10, 'NTL_FABR_07', '2018-05-31 09:46:29', '2018-05-31 09:46:29', NULL),
(11, 'FA TET BR16', '2018-05-31 09:46:29', '2018-05-31 09:46:29', NULL),
(12, 'FA TET 06', '2018-05-31 09:46:29', '2018-05-31 09:46:29', NULL),
(13, 'FA TET 04', '2018-05-31 09:46:29', '2018-05-31 09:46:29', NULL),
(14, 'Branding_FA', '2018-05-31 09:46:29', '2018-05-31 09:46:29', NULL),
(15, 'NTL_FABR_06', '2018-05-31 09:46:29', '2018-05-31 09:46:29', NULL),
(16, 'NTL_FABR_01', '2018-05-31 09:46:29', '2018-05-31 09:46:29', NULL),
(17, 'NTL_TK900', '2018-05-31 09:46:29', '2018-05-31 09:46:29', NULL),
(18, 'NTL_TK800', '2018-05-31 09:46:29', '2018-05-31 09:46:29', NULL),
(19, 'NTL_FABR_08', '2018-05-31 09:46:29', '2018-05-31 09:46:29', NULL),
(20, 'TK200_Video Marketing', '2018-05-31 09:46:29', '2018-05-31 09:46:29', NULL),
(21, 'NTL_FABR_02', '2018-05-31 09:46:30', '2018-05-31 09:46:30', NULL),
(22, 'NTL_FABR_09', '2018-05-31 09:46:30', '2018-05-31 09:46:30', NULL),
(23, 'NTL_FABR_05', '2018-05-31 09:46:31', '2018-05-31 09:46:31', NULL),
(24, 'english.topicanative.asia', '2018-05-31 09:46:34', '2018-05-31 09:46:34', NULL),
(25, 'Fanpage Facebook', '2018-05-31 09:46:34', '2018-05-31 09:46:34', NULL),
(26, 'Không xác định', '2018-05-31 09:46:34', '2018-05-31 09:46:34', NULL),
(27, 'Sub fanpage', '2018-05-31 09:46:34', '2018-05-31 09:46:34', NULL);

-- --------------------------------------------------------

--
-- Table structure for table `contact`
--

CREATE TABLE `contact` (
  `id` int(11) NOT NULL,
  `firstname` varchar(100) DEFAULT NULL,
  `lastname` varchar(100) DEFAULT NULL,
  `email` varchar(100) DEFAULT NULL,
  `telephone` int(20) DEFAULT NULL,
  `registration_date` datetime NOT NULL,
  `is_owned` int(1) NOT NULL DEFAULT 0,
  `contact_source_id` int(11) NOT NULL,
  `channel_id` int(11) NOT NULL,
  `created_at` datetime DEFAULT NULL,
  `updated_at` datetime DEFAULT NULL,
  `deleted_at` datetime DEFAULT NULL
) ENGINE=InnoDB DEFAULT CHARSET=utf8;

--
-- Dumping data for table `contact`
--

INSERT INTO `contact` (`id`, `firstname`, `lastname`, `email`, `telephone`, `registration_date`, `is_owned`, `contact_source_id`, `channel_id`, `created_at`, `updated_at`, `deleted_at`) VALUES
(1, 'Contact AF', 'Contact BF', 'contactA@topica.com', 891112222, '0000-00-00 00:00:00', 1, 1, 1, '2018-05-21 00:00:00', '2018-06-06 11:23:01', NULL),
(2, 'Contact BF', 'Contact BF', 'contactB@topica.com', 891113333, '0000-00-00 00:00:00', 1, 2, 2, '2018-05-21 00:00:00', '2018-06-06 11:23:01', NULL),
(3, 'contact CF', 'contact CL', NULL, NULL, '0000-00-00 00:00:00', 0, 2, 1, '2018-05-21 09:29:59', '2018-05-21 09:33:47', '2018-05-21 09:33:47'),
(4, 'contact DF1', 'contact DL1', 'contactD1@topica.com', 890004443, '0000-00-00 00:00:00', 1, 1, 2, '2018-05-21 09:33:43', '2018-06-06 11:23:01', NULL),
(20, 'จิ๊บ', '', 'jib2@hotmail.com', NULL, '2018-03-30 18:12:32', 0, 1, 3, '2018-05-31 09:46:29', '2018-05-31 09:46:29', NULL),
(21, 'ทรงพล', '', 'songphon2226@gmail.com', NULL, '2018-03-30 18:12:32', 0, 1, 4, '2018-05-31 09:46:29', '2018-05-31 09:46:29', NULL),
(22, 'Laksnara', '', 'kunlasatee1992@hotmail.com', NULL, '2018-03-30 18:12:32', 0, 1, 5, '2018-05-31 09:46:29', '2018-05-31 09:46:29', NULL),
(23, 'Kaewta', '', 'kaewta13184.kaew@gmail.com', NULL, '2018-03-30 18:12:32', 0, 1, 3, '2018-05-31 09:46:29', '2018-05-31 09:46:29', NULL),
(24, 'ภัณฑิรา', '', 'Natpantira41@gmail.com', NULL, '2018-03-30 18:12:32', 0, 1, 4, '2018-05-31 09:46:29', '2018-05-31 09:46:29', NULL),
(25, 'พิชญา', 'อินต๊ะสอน', 'inthv-pichaya@hotmail.com', NULL, '2018-03-30 18:12:32', 0, 1, 3, '2018-05-31 09:46:29', '2018-05-31 09:46:29', NULL),
(26, 'Saichon', '', 'ning10jitklang@gmail.com', NULL, '2018-03-30 18:12:32', 0, 1, 8, '2018-05-31 09:46:29', '2018-05-31 09:46:29', NULL),
(27, 'ศัลธยา', '', 'pookachamp2013@hotmail.com', NULL, '2018-03-30 18:12:32', 0, 1, 5, '2018-05-31 09:46:29', '2018-05-31 09:46:29', NULL),
(28, 'นส.ญาณัชชา', 'โยงยศ', 'supitchaya.3112@gmail.com', NULL, '2018-03-30 18:12:32', 0, 1, 3, '2018-05-31 09:46:29', '2018-05-31 09:46:29', NULL),
(29, 'อนิรุตร์', 'ชาญสิทธิ', 'chansit1@hotmail.com', NULL, '2018-03-30 18:12:32', 0, 1, 8, '2018-05-31 09:46:29', '2018-05-31 09:46:29', NULL),
(30, 'สมร', '', 'yave0409@gmail.com', NULL, '2018-03-30 18:12:32', 0, 1, 3, '2018-05-31 09:46:29', '2018-05-31 09:46:29', NULL),
(31, 'petch', '', 'usinsawatpetch@gmail.com', NULL, '2018-03-30 18:12:32', 0, 1, 3, '2018-05-31 09:46:29', '2018-05-31 09:46:29', NULL),
(32, 'Surainee', 'silae', 'suraineesilae0@gmail.com', NULL, '2018-03-30 18:12:32', 0, 1, 3, '2018-05-31 09:46:29', '2018-05-31 09:46:29', NULL),
(33, 'วรรณภา', 'เนตรสายคงคา', 'baitoey55555@hotmail.com', NULL, '2018-03-30 18:12:32', 0, 1, 9, '2018-05-31 09:46:29', '2018-05-31 09:46:29', NULL),
(34, 'อาซียะห์', '', 'aseeyah222.2558@gmail.com', NULL, '2018-03-30 18:12:32', 0, 1, 3, '2018-05-31 09:46:29', '2018-05-31 09:46:29', NULL),
(35, 'กรรนิกร', 'สิงห์ทอน', 'kannigons@gmail.com', NULL, '2018-03-30 18:12:32', 0, 1, 10, '2018-05-31 09:46:29', '2018-05-31 09:46:29', NULL),
(36, 'จิราทราย', 'วิรุฬรัตน์', 'meilyly1992@gmail.com', NULL, '2018-03-30 18:12:32', 0, 1, 8, '2018-05-31 09:46:29', '2018-05-31 09:46:29', NULL),
(37, 'อารียา', '', 'areeya.a789@gmail.com', NULL, '2018-03-30 18:12:32', 0, 1, 8, '2018-05-31 09:46:29', '2018-05-31 09:46:29', NULL),
(38, 'สูเอียน', 'แซ่เติ๋น', 'suaian.comnam@gmail.com', NULL, '2018-03-30 18:12:32', 0, 1, 11, '2018-05-31 09:46:29', '2018-05-31 09:46:29', NULL),
(39, 'อินทัช', 'ฉาบกลิ่นหอม', 'schabklinhxm@hotmail.com', NULL, '2018-03-30 18:12:32', 0, 1, 11, '2018-05-31 09:46:29', '2018-05-31 09:46:29', NULL),
(40, 'ดนุสรณ์', '', 'danusorn9088@hotmail.com', NULL, '2018-03-30 18:12:32', 0, 1, 8, '2018-05-31 09:46:29', '2018-05-31 09:46:29', NULL),
(41, 'Kanyalak', '', 'kanyalakmumint18@gmail.com', NULL, '2018-03-30 18:12:32', 0, 1, 3, '2018-05-31 09:46:29', '2018-05-31 09:46:29', NULL),
(42, 'Wittaya', 'chanpraprai', 'bansaw291@hotmail.com', NULL, '2018-03-30 18:12:32', 0, 1, 8, '2018-05-31 09:46:29', '2018-05-31 09:46:29', NULL),
(43, 'กันตยา', '', 'Gantaya.2540@gmail.com', NULL, '2018-03-30 18:12:32', 0, 1, 3, '2018-05-31 09:46:29', '2018-05-31 09:46:29', NULL),
(44, 'เพชร', '', 'petcasanove@hitmail.com', NULL, '2018-03-30 18:12:32', 0, 1, 12, '2018-05-31 09:46:29', '2018-05-31 09:46:29', NULL),
(45, 'ณัฐวุฒิ', '', 'bluesword25@gmail.com', NULL, '2018-03-30 18:12:32', 0, 1, 3, '2018-05-31 09:46:29', '2018-05-31 09:46:29', NULL),
(46, 'กรชนก', '', 'p_ric3_p_ris4@hotmail.com', NULL, '2018-03-30 18:12:32', 0, 1, 3, '2018-05-31 09:46:29', '2018-05-31 09:46:29', NULL),
(47, 'ศิริดวง', '', 'siriduang604@hotmail.com', NULL, '2018-03-30 18:12:32', 0, 1, 13, '2018-05-31 09:46:29', '2018-05-31 09:46:29', NULL),
(48, 'sasipimol', '', 'ying.adn@gmail.com', NULL, '2018-03-30 18:12:32', 0, 1, 3, '2018-05-31 09:46:29', '2018-05-31 09:46:29', NULL),
(49, 'วารัตดา', 'เพชรรักษ์', 'bbilebell@hotmail.com', NULL, '2018-03-30 18:12:32', 0, 1, 14, '2018-05-31 09:46:29', '2018-05-31 09:46:29', NULL),
(50, 'ภัสรา', 'คล้ายคลัง', 'in_mam1111@hotmail.com', NULL, '2018-03-30 18:12:32', 0, 1, 15, '2018-05-31 09:46:29', '2018-05-31 09:46:29', NULL),
(51, 'ราสน', '', 'hcvhff@gmail.com', NULL, '2018-03-30 18:12:32', 0, 1, 8, '2018-05-31 09:46:29', '2018-05-31 09:46:29', NULL),
(52, 'ศิริวิทย์', 'สังขพันธ์', 'siriwit.sungkhaphan@th.tesco.com', NULL, '2018-03-30 18:12:32', 0, 1, 8, '2018-05-31 09:46:29', '2018-05-31 09:46:29', NULL),
(53, 'วทันยา', '', 'soloday@gmail.com', NULL, '2018-03-30 18:12:32', 0, 1, 8, '2018-05-31 09:46:29', '2018-05-31 09:46:29', NULL),
(54, 'สิริปุณณ์', 'ยิ้มถนอม', 'sanarmeiei@hotmail.com', NULL, '2018-03-30 18:12:32', 0, 1, 3, '2018-05-31 09:46:29', '2018-05-31 09:46:29', NULL),
(55, 'วัชรชัย', '', 'w.meesaeng@gmail.com', NULL, '2018-03-30 18:12:32', 0, 1, 8, '2018-05-31 09:46:29', '2018-05-31 09:46:29', NULL),
(56, 'ต่อ', '', 'toa_nongbie@hotmail.com', NULL, '2018-03-30 18:12:32', 0, 1, 8, '2018-05-31 09:46:29', '2018-05-31 09:46:29', NULL),
(57, 'มุก', '', 'phatcharee.kmj11@hotmail.com', NULL, '2018-03-30 18:12:32', 0, 1, 16, '2018-05-31 09:46:29', '2018-05-31 09:46:29', NULL),
(58, 'อภิวิชญ์', 'นุราช', 'apiwish251038@gmail.com', NULL, '2018-03-30 18:12:32', 0, 1, 12, '2018-05-31 09:46:29', '2018-05-31 09:46:29', NULL),
(59, 'กมลเนตร', '', 'Kamonnetnook@hotmail.com', NULL, '2018-03-30 18:12:32', 0, 1, 8, '2018-05-31 09:46:29', '2018-05-31 09:46:29', NULL),
(60, 'กัลยารัตน์', 'กองพล', 'ann_black934@hotmail.com', NULL, '2018-03-30 18:12:32', 0, 1, 17, '2018-05-31 09:46:29', '2018-05-31 09:46:29', NULL),
(61, 'Kanjanut', '', 'tuk-ka-tik@msn.com', NULL, '2018-03-30 18:12:32', 0, 1, 3, '2018-05-31 09:46:29', '2018-05-31 09:46:29', NULL),
(62, 'คิม', '', 'lovely@gmail.com', NULL, '2018-03-30 18:12:32', 0, 1, 14, '2018-05-31 09:46:29', '2018-05-31 09:46:29', NULL),
(63, 'บุษญาภรณ์', '', 'the_dreammee@hotmail.com', NULL, '2018-03-30 18:12:32', 0, 1, 11, '2018-05-31 09:46:29', '2018-05-31 09:46:29', NULL),
(64, 'Aekachai', '', 'aekchai-21-09-37@hotmail.com', NULL, '2018-03-30 18:12:32', 0, 1, 11, '2018-05-31 09:46:29', '2018-05-31 09:46:29', NULL),
(65, 'ดด', '', 'tumoau@hotmail.com', NULL, '2018-03-30 18:12:32', 0, 1, 15, '2018-05-31 09:46:29', '2018-05-31 09:46:29', NULL),
(66, 'Supreeya', '', 'themoonfirthesun@gmail.com', NULL, '2018-03-30 18:12:32', 0, 1, 17, '2018-05-31 09:46:29', '2018-05-31 09:46:29', NULL),
(67, 'จินตหลา', '', 'poonlab@hotmail.com', NULL, '2018-03-30 18:12:32', 0, 1, 8, '2018-05-31 09:46:29', '2018-05-31 09:46:29', NULL),
(68, 'นว้องงงโมววว', '', 'shiroyasha@hotmail.co.th', NULL, '2018-03-30 18:12:32', 0, 1, 8, '2018-05-31 09:46:29', '2018-05-31 09:46:29', NULL),
(69, 'นิดา', 'คเชนทร', 'dada.nida96@gmail.com', NULL, '2018-03-30 18:12:32', 0, 1, 18, '2018-05-31 09:46:29', '2018-05-31 09:46:29', NULL),
(70, 'ทิต', '', 'norsang.ly@gmail.com', NULL, '2018-03-30 18:12:32', 0, 1, 15, '2018-05-31 09:46:29', '2018-05-31 09:46:29', NULL),
(71, 'มะยม', '', 'jeab_jada@hotmail.com', NULL, '2018-03-30 18:12:32', 0, 1, 3, '2018-05-31 09:46:29', '2018-05-31 09:46:29', NULL),
(72, 'จุฑามาศ', '', 'tuesday-aprul@hotmail.com', NULL, '2018-03-30 18:12:32', 0, 1, 17, '2018-05-31 09:46:29', '2018-05-31 09:46:29', NULL),
(73, '์Natthakarn', 'Chobsieng', 'nuttiikarn@gmail.com', NULL, '2018-03-30 18:12:32', 0, 1, 14, '2018-05-31 09:46:29', '2018-05-31 09:46:29', NULL),
(74, 'สส', '', 'nine.c@hotmail.com', NULL, '2018-03-30 18:12:32', 0, 1, 14, '2018-05-31 09:46:29', '2018-05-31 09:46:29', NULL),
(75, 'patcharapon', '', 'pa_ploy27343@hotmail.com', NULL, '2018-03-30 18:12:32', 0, 1, 3, '2018-05-31 09:46:29', '2018-05-31 09:46:29', NULL),
(76, 'อนงค์', 'ไชยวิเศษ', 'r.chaiwisate@gmail.com', NULL, '2018-03-30 18:12:32', 0, 1, 11, '2018-05-31 09:46:29', '2018-05-31 09:46:29', NULL),
(77, 'phavinee', 'teangyoo', 'pamja280@gmail.com', NULL, '2018-03-30 18:12:32', 0, 1, 4, '2018-05-31 09:46:29', '2018-05-31 09:46:29', NULL),
(78, 'Jiraporn', '', 'Jane77hunhan@gmail.com', NULL, '2018-03-30 18:12:32', 0, 1, 19, '2018-05-31 09:46:29', '2018-05-31 09:46:29', NULL),
(79, 'พัชราภา', '', 'patcharapa19955@gmail.com', NULL, '2018-03-30 18:12:32', 0, 1, 3, '2018-05-31 09:46:29', '2018-05-31 09:46:29', NULL),
(80, 'Patiparn', '', 'koa2540@gmail.com', NULL, '2018-03-30 18:12:32', 0, 1, 8, '2018-05-31 09:46:29', '2018-05-31 09:46:29', NULL),
(81, 'อัมรัตน์', '', 'ammarat.iat@hotmail.com', NULL, '2018-03-30 18:12:32', 0, 1, 3, '2018-05-31 09:46:29', '2018-05-31 09:46:29', NULL),
(82, 'อมรรัตน์', 'สาธร', 'amonrat.sathorn19@gmail.com', NULL, '2018-03-30 18:12:32', 0, 1, 11, '2018-05-31 09:46:29', '2018-05-31 09:46:29', NULL),
(83, 'นางสาว', 'นภาพร', 'Napopharn@hotmail.com', NULL, '2018-03-30 18:12:32', 0, 1, 4, '2018-05-31 09:46:29', '2018-05-31 09:46:29', NULL),
(84, 'เจณิตา', '', 'jcjny22@gmail.com', NULL, '2018-03-30 18:12:32', 0, 1, 9, '2018-05-31 09:46:29', '2018-05-31 09:46:29', NULL),
(85, 'ธันยา', '', 'vickymayer@ymail.com', NULL, '2018-03-30 18:12:32', 0, 1, 3, '2018-05-31 09:46:29', '2018-05-31 09:46:29', NULL),
(86, 'Sutthada', '', 'earn.sutthada@hotmail.com', NULL, '2018-03-30 18:12:32', 0, 1, 3, '2018-05-31 09:46:29', '2018-05-31 09:46:29', NULL),
(87, 'ธนวัฒน์', '', 'teotletan@gmail.com', NULL, '2018-03-30 18:12:32', 0, 1, 4, '2018-05-31 09:46:29', '2018-05-31 09:46:29', NULL),
(88, 'เลิศลักษณ์', 'สุบุญสันติ', 'ga_2501@yahoo.com', NULL, '2018-03-30 18:12:32', 0, 1, 3, '2018-05-31 09:46:29', '2018-05-31 09:46:29', NULL),
(89, 'Aof', '', 'asyo_aof7@hotmail.com', NULL, '2018-03-30 18:12:32', 0, 1, 8, '2018-05-31 09:46:29', '2018-05-31 09:46:29', NULL),
(90, 'ศุภกิตติ์', 'ชาง', 'supakitchang@gmail.com', NULL, '2018-03-30 18:12:32', 0, 1, 8, '2018-05-31 09:46:29', '2018-05-31 09:46:29', NULL),
(91, 'มด', '', 'mod123@hotmail.com', NULL, '2018-03-30 18:12:32', 0, 1, 8, '2018-05-31 09:46:29', '2018-05-31 09:46:29', NULL),
(92, 'Chanwaraphorn', '', 'baaitoei@hotmail.com', NULL, '2018-03-30 18:12:32', 0, 1, 8, '2018-05-31 09:46:29', '2018-05-31 09:46:29', NULL),
(93, 'ดนุสรณ์', '', 'toeysamut@gmail.com', NULL, '2018-03-30 18:12:32', 0, 1, 11, '2018-05-31 09:46:29', '2018-05-31 09:46:29', NULL),
(94, 'Nueng', '', 'nuengpm1@gmail.com', NULL, '2018-03-30 18:12:32', 0, 1, 3, '2018-05-31 09:46:29', '2018-05-31 09:46:29', NULL),
(95, 'Inruthai', '', 'inruthai22@gmail.com', NULL, '2018-03-30 18:12:32', 0, 1, 3, '2018-05-31 09:46:29', '2018-05-31 09:46:29', NULL),
(96, 'พลอย', '', 'ployprakay@hotmail.com', NULL, '2018-03-30 18:12:32', 0, 1, 8, '2018-05-31 09:46:29', '2018-05-31 09:46:29', NULL),
(97, 'Payupak', '', 'payupak3734@gmail.com', NULL, '2018-03-30 18:12:32', 0, 1, 3, '2018-05-31 09:46:29', '2018-05-31 09:46:29', NULL),
(98, 'สุรีย์รัตน์', '', 'aa0939480517@gmail.com', NULL, '2018-03-30 18:12:32', 0, 1, 16, '2018-05-31 09:46:29', '2018-05-31 09:46:29', NULL),
(99, 'บูรพา', '', 'malasoburapha@gmail.com', NULL, '2018-03-30 18:12:32', 0, 1, 11, '2018-05-31 09:46:29', '2018-05-31 09:46:29', NULL),
(100, 'ปิยะนุช', 'บ้างตำรวจ', 'ironman0233@gmail.com', NULL, '2018-03-30 18:12:32', 0, 1, 8, '2018-05-31 09:46:29', '2018-05-31 09:46:29', NULL),
(101, 'Jau', '', 'nut_cryy@hotmail.com', NULL, '2018-03-30 18:12:32', 0, 1, 8, '2018-05-31 09:46:29', '2018-05-31 09:46:29', NULL),
(102, 'Nattida', '', 'hanahana_naa@hotmail.com', NULL, '2018-03-30 18:12:32', 0, 1, 3, '2018-05-31 09:46:29', '2018-05-31 09:46:29', NULL),
(103, 'Atiwit', '', 'atiwitbb@gmail.com', NULL, '2018-03-30 18:12:32', 0, 1, 19, '2018-05-31 09:46:29', '2018-05-31 09:46:29', NULL),
(104, 'A', '', 'a_@hotmail.com', NULL, '2018-03-30 18:12:32', 0, 1, 8, '2018-05-31 09:46:29', '2018-05-31 09:46:29', NULL),
(105, 'เต้ย', '', 'rungtay@hotmail.com', NULL, '2018-03-30 18:12:32', 0, 1, 8, '2018-05-31 09:46:29', '2018-05-31 09:46:29', NULL),
(106, 'บุหงา', 'สีหะจิตต์', 'bunga2538@gmail.com', NULL, '2018-03-30 18:12:32', 0, 1, 19, '2018-05-31 09:46:29', '2018-05-31 09:46:29', NULL),
(107, 'วรนันท์', '', 'vetbeau@hotmail.com', NULL, '2018-03-30 18:12:32', 0, 1, 3, '2018-05-31 09:46:29', '2018-05-31 09:46:29', NULL),
(108, 'Tan', '', 'pompom_tan@hotmail.com', NULL, '2018-03-30 18:12:32', 0, 1, 11, '2018-05-31 09:46:29', '2018-05-31 09:46:29', NULL),
(109, 'patinya', '', 'patinya633@gmail.com', NULL, '2018-03-30 18:12:32', 0, 1, 3, '2018-05-31 09:46:29', '2018-05-31 09:46:29', NULL),
(110, 'กัลยาณี', 'สวัสดิ์', 'zimmy49476@gmail.com', NULL, '2018-03-30 18:12:32', 0, 1, 8, '2018-05-31 09:46:29', '2018-05-31 09:46:29', NULL),
(111, 'Ja', '', 'hhhg5465@hotmail.com', NULL, '2018-03-30 18:12:32', 0, 1, 20, '2018-05-31 09:46:29', '2018-05-31 09:46:29', NULL),
(112, 'ปิยธิดา', '', 'noii14112541@gmail.com', NULL, '2018-03-30 18:12:32', 0, 1, 17, '2018-05-31 09:46:29', '2018-05-31 09:46:29', NULL),
(113, 'Ruttana', '', 'laila-6337@hotmail.com', NULL, '2018-03-30 18:12:32', 0, 1, 11, '2018-05-31 09:46:29', '2018-05-31 09:46:29', NULL),
(114, 'pimwipa', 'wiriyawong', 'pimwipa44@hotmail.co.th', NULL, '2018-03-30 18:12:32', 0, 1, 15, '2018-05-31 09:46:29', '2018-05-31 09:46:29', NULL),
(115, 'ดลกมล', '', 'aey08@hotmail.com', NULL, '2018-03-30 18:12:32', 0, 1, 17, '2018-05-31 09:46:29', '2018-05-31 09:46:29', NULL),
(116, 'วรวิทย์', 'วิริยา', 'worawitwiriya@gmail.com', NULL, '2018-03-30 18:12:32', 0, 1, 8, '2018-05-31 09:46:29', '2018-05-31 09:46:29', NULL),
(117, 'Pui', '', 'pt_sirinapa@hotmail.com', NULL, '2018-03-30 18:12:32', 0, 1, 9, '2018-05-31 09:46:29', '2018-05-31 09:46:29', NULL),
(118, 'ชนกานต์', 'เสรีอำนวย', 'apchinjang@gmail.com', NULL, '2018-03-30 18:12:32', 0, 1, 11, '2018-05-31 09:46:29', '2018-05-31 09:46:29', NULL),
(119, 'Nanat', '', 'caesah30@gmail.com', NULL, '2018-03-30 18:12:32', 0, 1, 19, '2018-05-31 09:46:29', '2018-05-31 09:46:29', NULL),
(120, 'Natty', '', 'natty_jappy@hotmail.com', NULL, '2018-03-30 18:12:32', 0, 1, 3, '2018-05-31 09:46:29', '2018-05-31 09:46:29', NULL),
(121, 'โสภิดา', 'สะใบทอง', 'tour_best2009@hotmail.com', NULL, '2018-03-30 18:12:32', 0, 1, 11, '2018-05-31 09:46:29', '2018-05-31 09:46:29', NULL),
(122, 'Kanjana', 'Boonwang', 'BKanjana1996@gmail.com', NULL, '2018-03-30 18:12:32', 0, 1, 14, '2018-05-31 09:46:30', '2018-05-31 09:46:30', NULL),
(123, 'Rakkana', '', 'j_minai@hotmail.com', NULL, '2018-03-30 18:12:32', 0, 1, 3, '2018-05-31 09:46:30', '2018-05-31 09:46:30', NULL),
(124, 'พีระพรรณ', '', 'kantapon_43@gmail.com', NULL, '2018-03-30 18:12:32', 0, 1, 3, '2018-05-31 09:46:30', '2018-05-31 09:46:30', NULL),
(125, 'สุนิดา', 'โรจนบุรานนท์', 'sahakit@hotmail.co.th', NULL, '2018-03-30 18:12:32', 0, 1, 9, '2018-05-31 09:46:30', '2018-05-31 09:46:30', NULL),
(126, 'ณเดช', '', 'bananabarry@hotmail.com', NULL, '2018-03-30 18:12:32', 0, 1, 8, '2018-05-31 09:46:30', '2018-05-31 09:46:30', NULL),
(127, 'Pawinee', '', 'Pawinee06105@gmail.com', NULL, '2018-03-30 18:12:32', 0, 1, 3, '2018-05-31 09:46:30', '2018-05-31 09:46:30', NULL),
(128, 'Anchalee', '', 'anchaleenawanma@gmail.com', NULL, '2018-03-30 18:12:32', 0, 1, 3, '2018-05-31 09:46:30', '2018-05-31 09:46:30', NULL),
(129, 'เรณา', '', 'renasripirom@gmail.com', NULL, '2018-03-30 18:12:32', 0, 1, 21, '2018-05-31 09:46:30', '2018-05-31 09:46:30', NULL),
(130, 'กรรณิชา', 'ภาคสาลี', 'npaksalee@gmail.com', NULL, '2018-03-30 18:12:32', 0, 1, 3, '2018-05-31 09:46:30', '2018-05-31 09:46:30', NULL),
(131, 'parker', '', 'bussagron3011@gmail.com', NULL, '2018-03-30 18:12:32', 0, 1, 4, '2018-05-31 09:46:30', '2018-05-31 09:46:30', NULL),
(132, 'พรปวี', '', 'cosmetic_sale@hotmail.com', NULL, '2018-03-30 18:12:32', 0, 1, 5, '2018-05-31 09:46:30', '2018-05-31 09:46:30', NULL),
(133, 'ดวงฤทัย', 'ทะอินตา', 'toon275@gmail.com', NULL, '2018-03-30 18:12:32', 0, 1, 19, '2018-05-31 09:46:30', '2018-05-31 09:46:30', NULL),
(134, 'รัตนาวดี', 'หมื่นศรีภูมิ', 'kaewok@gmail.com', NULL, '2018-03-30 18:12:32', 0, 1, 17, '2018-05-31 09:46:30', '2018-05-31 09:46:30', NULL),
(135, 'ปาริฉัตร', 'ทับทิมหอม', 'winaum@hotmail.com', NULL, '2018-03-30 18:12:32', 0, 1, 3, '2018-05-31 09:46:30', '2018-05-31 09:46:30', NULL),
(136, 'วรรธนา', 'ธ.เชียงทอง', 'avarnz@gmail.com', NULL, '2018-03-30 18:12:32', 0, 1, 3, '2018-05-31 09:46:30', '2018-05-31 09:46:30', NULL),
(137, 'เฟิส', '', 'zearmoo_lm@hotmail.com', NULL, '2018-03-30 18:12:32', 0, 1, 8, '2018-05-31 09:46:30', '2018-05-31 09:46:30', NULL),
(138, 'ศิริดา', 'มากสิน', 'sirida.nattamon@gmail.com', NULL, '2018-03-30 18:12:32', 0, 1, 17, '2018-05-31 09:46:30', '2018-05-31 09:46:30', NULL),
(139, 'แยม', '', 'ii.yamstrawberry@hotmail.com', NULL, '2018-03-30 18:12:32', 0, 1, 15, '2018-05-31 09:46:30', '2018-05-31 09:46:30', NULL),
(140, 'วรรษมน', '', 'watsamon.pen@gmail.com', NULL, '2018-03-30 18:12:32', 0, 1, 3, '2018-05-31 09:46:30', '2018-05-31 09:46:30', NULL),
(141, 'มะลิวรรณ', 'จันตะเภา', 'fon390945@gmail.com', NULL, '2018-03-30 18:12:32', 0, 1, 18, '2018-05-31 09:46:30', '2018-05-31 09:46:30', NULL),
(142, 'ณิชารีย์', 'เจริญศิริมณี', 'eif.ncr@hotmail.com', NULL, '2018-03-30 18:12:32', 0, 1, 3, '2018-05-31 09:46:30', '2018-05-31 09:46:30', NULL),
(143, 'Goffy', '', 'GJ911@hotmail.co.th', NULL, '2018-03-30 18:12:32', 0, 1, 3, '2018-05-31 09:46:30', '2018-05-31 09:46:30', NULL),
(144, 'Narinnattamon', '', 'mint_11325@hotmail.com', NULL, '2018-03-30 18:12:32', 0, 1, 22, '2018-05-31 09:46:30', '2018-05-31 09:46:30', NULL),
(145, 'วาริน', 'ประทุมเม', 'Warinprathummea.1999@gmail.com', NULL, '2018-03-30 18:12:32', 0, 1, 3, '2018-05-31 09:46:30', '2018-05-31 09:46:30', NULL),
(146, 'ภูเมธ', 'ศรีสมปอง', 'bookok692@hotmail.com', NULL, '2018-03-30 18:12:32', 0, 1, 8, '2018-05-31 09:46:30', '2018-05-31 09:46:30', NULL),
(147, 'แหม่ม', '', 'puskul.lim@gmail.com', NULL, '2018-03-30 18:12:32', 0, 1, 3, '2018-05-31 09:46:30', '2018-05-31 09:46:30', NULL),
(148, 'fon', '', 'nipha.kcp@gmail.com', NULL, '2018-03-30 18:12:32', 0, 1, 21, '2018-05-31 09:46:30', '2018-05-31 09:46:30', NULL),
(149, 'Mod', '', 'thitima_0903@hotmail.com', NULL, '2018-03-30 18:12:32', 0, 1, 3, '2018-05-31 09:46:30', '2018-05-31 09:46:30', NULL),
(150, 'สาธุการณ์', 'พรเพชรัตน์', 'bowba253636@gmail.com', NULL, '2018-03-30 18:12:32', 0, 1, 11, '2018-05-31 09:46:30', '2018-05-31 09:46:30', NULL),
(151, 'Natpattee', '', 'pairoma2541@gmail.com', NULL, '2018-03-30 18:12:32', 0, 1, 3, '2018-05-31 09:46:30', '2018-05-31 09:46:30', NULL),
(152, 'วนิดา', '', 'bee.tonnam2011@gmail.com', NULL, '2018-03-30 18:12:32', 0, 1, 9, '2018-05-31 09:46:30', '2018-05-31 09:46:30', NULL),
(153, 'ภัทรพิมล', 'ทองทิพย์', 'phattharaphimont@gmail.com', NULL, '2018-03-30 18:12:32', 0, 1, 16, '2018-05-31 09:46:30', '2018-05-31 09:46:30', NULL),
(154, 'PALOY', '', 'siriruk_2@phaipit.ac.th', NULL, '2018-03-30 18:12:32', 0, 1, 16, '2018-05-31 09:46:30', '2018-05-31 09:46:30', NULL),
(155, 'หญิง', '', 'suchada.kes@gmail.com', NULL, '2018-03-30 18:12:32', 0, 1, 11, '2018-05-31 09:46:30', '2018-05-31 09:46:30', NULL),
(156, 'K', '', 'kao_fany@hotmail.com', NULL, '2018-03-30 18:12:32', 0, 1, 5, '2018-05-31 09:46:30', '2018-05-31 09:46:30', NULL),
(157, 'ณัฐกานต์', 'นานะตะ', 'nattakarnna.22@gmail.com', NULL, '2018-03-30 18:12:32', 0, 1, 10, '2018-05-31 09:46:30', '2018-05-31 09:46:30', NULL),
(158, 'ฐิสานันทน์', 'มาธวีชัยกุล', 'nunan_banana@hotmail.com', NULL, '2018-03-30 18:12:32', 0, 1, 3, '2018-05-31 09:46:30', '2018-05-31 09:46:30', NULL),
(159, 'พิริยาพร', '', 'piriyaporn2517@gmail.com', NULL, '2018-03-30 18:12:32', 0, 1, 3, '2018-05-31 09:46:30', '2018-05-31 09:46:30', NULL),
(160, 'ปัททุมมา', 'ผลเจริญ', 'tooklovel.1992@gmail.com', NULL, '2018-03-30 18:12:32', 0, 1, 4, '2018-05-31 09:46:30', '2018-05-31 09:46:30', NULL),
(161, 'ปริญญ์', '', 'parin_tid@hotmail.com', NULL, '2018-03-30 18:12:32', 0, 1, 3, '2018-05-31 09:46:30', '2018-05-31 09:46:30', NULL),
(162, 'Phattra', '', 'phattra.12318@gmail.com', NULL, '2018-03-30 18:12:32', 0, 1, 3, '2018-05-31 09:46:30', '2018-05-31 09:46:30', NULL),
(163, 'แสงชัย', '', 'worktime2528@gmail.com', NULL, '2018-03-30 18:12:32', 0, 1, 8, '2018-05-31 09:46:30', '2018-05-31 09:46:30', NULL),
(164, 'Nan', '', 'nancy@gmail.com', NULL, '2018-03-30 18:12:32', 0, 1, 3, '2018-05-31 09:46:30', '2018-05-31 09:46:30', NULL),
(165, 'patpong', 'manadee', 'patpongmanadee0@gmail.com', NULL, '2018-03-30 18:12:32', 0, 1, 4, '2018-05-31 09:46:30', '2018-05-31 09:46:30', NULL),
(166, 'เจริญศรี', 'สวรรค์ดอน', 'charoensi9278@gmail.com', NULL, '2018-03-30 18:12:32', 0, 1, 4, '2018-05-31 09:46:30', '2018-05-31 09:46:30', NULL),
(167, 'ศิริพร', 'แซ่อึ้ง', 'sae.ung.ram@gmail.com', NULL, '2018-03-30 18:12:32', 0, 1, 11, '2018-05-31 09:46:30', '2018-05-31 09:46:30', NULL),
(168, 'Mah', '', 'huzaimah.cs@gmail.com', NULL, '2018-03-30 18:12:32', 0, 1, 3, '2018-05-31 09:46:30', '2018-05-31 09:46:30', NULL),
(169, 'นายสมชายกันจันทึก', '', 'somchai.kuemchantuek@gmail.com', NULL, '2018-03-30 18:12:32', 0, 1, 5, '2018-05-31 09:46:30', '2018-05-31 09:46:30', NULL),
(170, 'ร.ต.ต.', 'อานนท์', 'gamexonfire843@gmail.com', NULL, '2018-03-30 18:12:32', 0, 1, 19, '2018-05-31 09:46:30', '2018-05-31 09:46:30', NULL),
(171, 'พีรพัฒน์', 'ชินวัฒนา', 'armsliferskn@hotmail.com', NULL, '2018-03-30 18:12:32', 0, 1, 20, '2018-05-31 09:46:30', '2018-05-31 09:46:30', NULL),
(172, 'นิภาพร', '', 'Nipaporn_090234@gmail.com', NULL, '2018-03-30 18:12:32', 0, 1, 18, '2018-05-31 09:46:30', '2018-05-31 09:46:30', NULL),
(173, 'Nadetchai', '', 'calmcell@outlook.com', NULL, '2018-03-30 18:12:32', 0, 1, 11, '2018-05-31 09:46:30', '2018-05-31 09:46:30', NULL),
(174, 'ปกาสัย', '', 'instep.alone@gmail.com', NULL, '2018-03-30 18:12:32', 0, 1, 8, '2018-05-31 09:46:30', '2018-05-31 09:46:30', NULL),
(175, 'suwikrom', 'juntrabha', 'suwikromtni@gmail.com', NULL, '2018-03-30 18:12:32', 0, 1, 8, '2018-05-31 09:46:30', '2018-05-31 09:46:30', NULL),
(176, 'หทัยรัทยา', 'ศรีภา', 'lovely_tai1994@hotmail.com', NULL, '2018-03-30 18:12:32', 0, 1, 17, '2018-05-31 09:46:30', '2018-05-31 09:46:30', NULL),
(177, 'chalida', '', 'chalida1965@gmail.com', NULL, '2018-03-30 18:12:32', 0, 1, 3, '2018-05-31 09:46:30', '2018-05-31 09:46:30', NULL),
(178, 'Si', '', 'jorjo6899@gmail.com', NULL, '2018-03-30 18:12:32', 0, 1, 3, '2018-05-31 09:46:30', '2018-05-31 09:46:30', NULL),
(179, 'วิภาไล', '', 'wipalaik@gmail.com', NULL, '2018-03-30 18:12:32', 0, 1, 3, '2018-05-31 09:46:30', '2018-05-31 09:46:30', NULL),
(180, 'Suchada', '', 'suchada212541@hotmail.com', NULL, '2018-03-30 18:12:32', 0, 1, 3, '2018-05-31 09:46:30', '2018-05-31 09:46:30', NULL),
(181, 'ออย', '', 'cheewaluk8@hotmail.com', NULL, '2018-03-30 18:12:32', 0, 1, 3, '2018-05-31 09:46:30', '2018-05-31 09:46:30', NULL),
(182, 'ศศิวิมล', '', 'Ploy.kayaak@gmail.com', NULL, '2018-03-30 18:12:32', 0, 1, 3, '2018-05-31 09:46:30', '2018-05-31 09:46:30', NULL),
(183, 'VA', '', 'saowakon50@hotmail.com', NULL, '2018-03-30 18:12:32', 0, 1, 3, '2018-05-31 09:46:30', '2018-05-31 09:46:30', NULL),
(184, 'shiriwann', '', 'shiriwann.wann@gmail.com', NULL, '2018-03-30 18:12:32', 0, 1, 21, '2018-05-31 09:46:30', '2018-05-31 09:46:30', NULL),
(185, 'การะเกด', '', '036548795@homeil.com', NULL, '2018-03-30 18:12:32', 0, 1, 3, '2018-05-31 09:46:30', '2018-05-31 09:46:30', NULL),
(186, 'วริษา', 'สิงหพันธุ์', 'paidoy555@hotmail.com', NULL, '2018-03-30 18:12:32', 0, 1, 3, '2018-05-31 09:46:30', '2018-05-31 09:46:30', NULL),
(187, 'AM', '', 'liviathan.ryu@hotmail.com', NULL, '2018-03-30 18:12:32', 0, 1, 3, '2018-05-31 09:46:30', '2018-05-31 09:46:30', NULL),
(188, 'วาสนา', 'หอมชิต', 'wasana32506@gmail.com', NULL, '2018-03-30 18:12:32', 0, 1, 3, '2018-05-31 09:46:30', '2018-05-31 09:46:30', NULL),
(189, 'ศิริรักษ์', 'ธรรมทอง', 'supisarapp27@gmail.com', NULL, '2018-03-30 18:12:32', 0, 1, 3, '2018-05-31 09:46:30', '2018-05-31 09:46:30', NULL),
(190, 'wassana', 'somjit', 'panimwassana@gmail.com', NULL, '2018-03-30 18:12:32', 0, 1, 3, '2018-05-31 09:46:30', '2018-05-31 09:46:30', NULL),
(191, 'ปานชีวิน', 'อยู่อย่างไท', 'duan.naruk@gmail.com', NULL, '2018-03-30 18:12:32', 0, 1, 3, '2018-05-31 09:46:30', '2018-05-31 09:46:30', NULL),
(192, 'ภาวัช', '', 'offy63@yahoo.com', NULL, '2018-03-30 18:12:32', 0, 1, 9, '2018-05-31 09:46:30', '2018-05-31 09:46:30', NULL),
(193, 'โน', '', 'gunthon007@hotmail.com', NULL, '2018-03-30 18:12:32', 0, 1, 21, '2018-05-31 09:46:30', '2018-05-31 09:46:30', NULL),
(194, 'กรรนิการ์', '', 'kannika.muham@gmail.com', NULL, '2018-03-30 18:12:32', 0, 1, 3, '2018-05-31 09:46:30', '2018-05-31 09:46:30', NULL),
(195, 'Kkkkk', '', 'k@gmail.com', NULL, '2018-03-30 18:12:32', 0, 1, 3, '2018-05-31 09:46:30', '2018-05-31 09:46:30', NULL),
(196, 'ภัควิภา', 'จิระนคร', 'pojikojang@gmail.com', NULL, '2018-03-30 18:12:32', 0, 1, 3, '2018-05-31 09:46:30', '2018-05-31 09:46:30', NULL),
(197, 'Sujitra', 'Phomkhaew', 'Fluk070542@gmail.com', NULL, '2018-03-30 18:12:32', 0, 1, 4, '2018-05-31 09:46:30', '2018-05-31 09:46:30', NULL),
(198, 'Nareert', '', 'nareeratbam@gmail.com', NULL, '2018-03-30 18:12:32', 0, 1, 8, '2018-05-31 09:46:30', '2018-05-31 09:46:30', NULL),
(199, 'นวัช', '', 'wut1114@hotmail.com', NULL, '2018-03-30 18:12:32', 0, 1, 5, '2018-05-31 09:46:30', '2018-05-31 09:46:30', NULL),
(200, 'อารีน่า', '', 'konaqueen18@gmail.com', NULL, '2018-03-30 18:12:32', 0, 1, 5, '2018-05-31 09:46:30', '2018-05-31 09:46:30', NULL),
(201, 'เสฏฐนันท์', 'ช่อฟ้า', 'dakdom@hotmail.com', NULL, '2018-03-30 18:12:32', 0, 1, 5, '2018-05-31 09:46:30', '2018-05-31 09:46:30', NULL),
(202, 'กนกวรรณ', '', 'yoyoza746@gmail.com', NULL, '2018-03-30 18:12:32', 0, 1, 4, '2018-05-31 09:46:30', '2018-05-31 09:46:30', NULL),
(203, 'Sasinipa', '', 'sasinipa.thao@bumail.net', NULL, '2018-03-30 18:12:32', 0, 1, 15, '2018-05-31 09:46:30', '2018-05-31 09:46:30', NULL),
(204, 'Supinya', '', 'own_owl@hotmail.com', NULL, '2018-03-30 18:12:32', 0, 1, 8, '2018-05-31 09:46:30', '2018-05-31 09:46:30', NULL),
(205, 'เสมอใจ', '', 'moslove1972@gmail.com', NULL, '2018-03-30 18:12:32', 0, 1, 3, '2018-05-31 09:46:30', '2018-05-31 09:46:30', NULL),
(206, 'Kat', '', 'sirikanyasrimanta@gmail.com', NULL, '2018-03-30 18:12:32', 0, 1, 15, '2018-05-31 09:46:30', '2018-05-31 09:46:30', NULL),
(207, 'ศิริยากร', 'ชาวประสันต์', 'siriyakron2543siriyakron@gmail.com', NULL, '2018-03-30 18:12:32', 0, 1, 4, '2018-05-31 09:46:30', '2018-05-31 09:46:30', NULL),
(208, 'นันท์นภัส', 'สุขประดับ', 'ppor1507@gmail.com', NULL, '2018-03-30 18:12:32', 0, 1, 3, '2018-05-31 09:46:30', '2018-05-31 09:46:30', NULL),
(209, 'บุษยา', '', 'bus2518@hotmail.com', NULL, '2018-03-30 18:12:32', 0, 1, 15, '2018-05-31 09:46:30', '2018-05-31 09:46:30', NULL),
(210, 'ีืunyarat', '', 'aomlove008.ab@gmail.com', NULL, '2018-03-30 18:12:32', 0, 1, 11, '2018-05-31 09:46:30', '2018-05-31 09:46:30', NULL),
(211, 'สุวิจักขณ์', '', 'suvijak1727@hotmail.com', NULL, '2018-03-30 18:12:32', 0, 1, 8, '2018-05-31 09:46:30', '2018-05-31 09:46:30', NULL),
(212, 'Paiya', 'yoobaisee', 'paiya3068@gmail.com', NULL, '2018-03-30 18:12:32', 0, 1, 5, '2018-05-31 09:46:30', '2018-05-31 09:46:30', NULL),
(213, 'Keeya', '', 'keeyapat.porry@gmail.com', NULL, '2018-03-30 18:12:32', 0, 1, 14, '2018-05-31 09:46:30', '2018-05-31 09:46:30', NULL),
(214, 'พิมพ์รดา', 'สีหานาม', '25560pimrada@gmail.com', NULL, '2018-03-30 18:12:32', 0, 1, 3, '2018-05-31 09:46:30', '2018-05-31 09:46:30', NULL),
(215, 'นะคะ', '', 'champkung81@gmail.com', NULL, '2018-03-30 18:12:32', 0, 1, 8, '2018-05-31 09:46:30', '2018-05-31 09:46:30', NULL),
(216, 'Chokchai', '', 'happylove12396@gmail.com', NULL, '2018-03-30 18:12:32', 0, 1, 17, '2018-05-31 09:46:30', '2018-05-31 09:46:30', NULL),
(217, 'Warot', '', 'varotseayang7@gmail.com', NULL, '2018-03-30 18:12:32', 0, 1, 21, '2018-05-31 09:46:30', '2018-05-31 09:46:30', NULL),
(218, 'Tanyarat', 'Rattana', 'www_doraemon_com@hotmail.com', NULL, '2018-03-30 18:12:32', 0, 1, 17, '2018-05-31 09:46:30', '2018-05-31 09:46:30', NULL),
(219, 'ณัฐธิดา', '', 'pladup_compoy@hotmail.com', NULL, '2018-03-30 18:12:32', 0, 1, 3, '2018-05-31 09:46:30', '2018-05-31 09:46:30', NULL),
(220, 'นก', '', 'namo_meanok@hotmail.com', NULL, '2018-03-30 18:12:32', 0, 1, 18, '2018-05-31 09:46:30', '2018-05-31 09:46:30', NULL),
(221, 'อัชรา', '', 'uschara.cpn@hotmail.com', NULL, '2018-03-30 18:12:32', 0, 1, 3, '2018-05-31 09:46:30', '2018-05-31 09:46:30', NULL),
(222, 'Wanthipa', 'Baiyoke', 'anett.adisuan@gmail.com', NULL, '2018-03-30 18:12:32', 0, 1, 8, '2018-05-31 09:46:30', '2018-05-31 09:46:30', NULL),
(223, 'Prapa', '', 'melody-of-life8380@msn.com', NULL, '2018-03-30 18:12:32', 0, 1, 8, '2018-05-31 09:46:30', '2018-05-31 09:46:30', NULL),
(224, 'สมใจ', '', 'jaijai197326@gmail.com', NULL, '2018-03-30 18:12:32', 0, 1, 9, '2018-05-31 09:46:30', '2018-05-31 09:46:30', NULL),
(225, 'Putticha', '', 'aom17492@gmail.com', NULL, '2018-03-30 18:12:32', 0, 1, 3, '2018-05-31 09:46:30', '2018-05-31 09:46:30', NULL),
(226, 'ภีรดลย์', 'ทองทะไว', 'peeradol.pmp@gmail.com', NULL, '2018-03-30 18:12:32', 0, 1, 16, '2018-05-31 09:46:30', '2018-05-31 09:46:30', NULL),
(227, 'ไอรดา', '', 'punim_15@hotmail.com', NULL, '2018-03-30 18:12:32', 0, 1, 3, '2018-05-31 09:46:30', '2018-05-31 09:46:30', NULL),
(228, 'กก', '', 'earth_korrapob@hotmail.com', NULL, '2018-03-30 18:12:32', 0, 1, 8, '2018-05-31 09:46:30', '2018-05-31 09:46:30', NULL),
(229, 'Últ', '', 'pondmadee@gmail.com', NULL, '2018-03-30 18:12:32', 0, 1, 8, '2018-05-31 09:46:30', '2018-05-31 09:46:30', NULL),
(230, '๋ส่เเ่าาสรี', '', 'fhhfyhji@gmail.com', NULL, '2018-03-30 18:12:32', 0, 1, 11, '2018-05-31 09:46:30', '2018-05-31 09:46:30', NULL),
(231, 'Max', '', 'munin_max@hotmail.com', NULL, '2018-03-30 18:12:32', 0, 1, 8, '2018-05-31 09:46:30', '2018-05-31 09:46:30', NULL),
(232, 'wongsathon', '', 'ohwongsathon@hotmail.com', NULL, '2018-03-30 18:12:32', 0, 1, 21, '2018-05-31 09:46:30', '2018-05-31 09:46:30', NULL),
(233, 'เนตรดาว', '', 'lovehairbysom@hotmail.com', NULL, '2018-03-30 18:12:32', 0, 1, 3, '2018-05-31 09:46:30', '2018-05-31 09:46:30', NULL),
(234, 'Wirada', '', 'doorbell.kook@gmail.com', NULL, '2018-03-30 18:12:32', 0, 1, 20, '2018-05-31 09:46:30', '2018-05-31 09:46:30', NULL),
(235, 'รัฐพล', 'กล่อมพงษ์', 'rklompong@gmail.com', NULL, '2018-03-30 18:12:32', 0, 1, 11, '2018-05-31 09:46:30', '2018-05-31 09:46:30', NULL),
(236, 'Weerada', 'Neeraphot', 'weerada1106@gmail.com', NULL, '2018-03-30 18:12:32', 0, 1, 11, '2018-05-31 09:46:30', '2018-05-31 09:46:30', NULL),
(237, 'วรพิชชา', 'พลสุวรรณ', 'nuchworapitcha@gmail.com', NULL, '2018-03-30 18:12:32', 0, 1, 17, '2018-05-31 09:46:30', '2018-05-31 09:46:30', NULL),
(238, 'Asma', '', 'mamaacuppp@gmail.com', NULL, '2018-03-30 18:12:32', 0, 1, 8, '2018-05-31 09:46:30', '2018-05-31 09:46:30', NULL),
(239, 'วสุนธรา', 'ช่วยอักษร', 'poogun1993@gmail.com', NULL, '2018-03-30 18:12:32', 0, 1, 3, '2018-05-31 09:46:30', '2018-05-31 09:46:30', NULL),
(240, 'นิว', '', 'new.nithinan@gmail.com', NULL, '2018-03-30 18:12:32', 0, 1, 18, '2018-05-31 09:46:30', '2018-05-31 09:46:30', NULL),
(241, 'รัสรินทร์', '', 'numnimrassarin@gmail.com', NULL, '2018-03-30 18:12:32', 0, 1, 3, '2018-05-31 09:46:30', '2018-05-31 09:46:30', NULL),
(242, 'ศรัณยธร', 'รัตน์ธนเกียรติ', 'happykajib16@gmail.com', NULL, '2018-03-30 18:12:32', 0, 1, 11, '2018-05-31 09:46:30', '2018-05-31 09:46:30', NULL),
(243, 'พิราวรรณ', 'บรูคส์', 'beeaomam@hotmail.com', NULL, '2018-03-30 18:12:32', 0, 1, 3, '2018-05-31 09:46:30', '2018-05-31 09:46:30', NULL),
(244, 'Wichanet', '', 'antivity1555@gmail.com', NULL, '2018-03-30 18:12:32', 0, 1, 21, '2018-05-31 09:46:30', '2018-05-31 09:46:30', NULL),
(245, 'Hansen', '', 'phunsak13@hotmail.co.uk', NULL, '2018-03-30 18:12:32', 0, 1, 8, '2018-05-31 09:46:30', '2018-05-31 09:46:30', NULL),
(246, 'Kim', '', 'peckim.l@gmail.com', NULL, '2018-03-30 18:12:32', 0, 1, 3, '2018-05-31 09:46:30', '2018-05-31 09:46:30', NULL),
(247, 'ธีวินท์', '', 'note.kantararom@gmail.com', NULL, '2018-03-30 18:12:32', 0, 1, 11, '2018-05-31 09:46:30', '2018-05-31 09:46:30', NULL),
(248, 'พิกุล', 'อุบลสวัสดิ์', 'krukul@hotmail.com', NULL, '2018-03-30 18:12:32', 0, 1, 3, '2018-05-31 09:46:30', '2018-05-31 09:46:30', NULL),
(249, 'กรกนก', '', 'noo_nanlovelove@hotmail.com', NULL, '2018-03-30 18:12:32', 0, 1, 8, '2018-05-31 09:46:30', '2018-05-31 09:46:30', NULL),
(250, 'วนิดา', 'แก้วมณี', 'wanida5462@gmail.com', NULL, '2018-03-30 18:12:32', 0, 1, 3, '2018-05-31 09:46:30', '2018-05-31 09:46:30', NULL),
(251, 'พีรพล', '', 'peeraponthamee@gmail.com', NULL, '2018-03-30 18:12:32', 0, 1, 8, '2018-05-31 09:46:30', '2018-05-31 09:46:30', NULL),
(252, 'ดอกไม้', '', 'Dokmaivolleyball@gmail.com', NULL, '2018-03-30 18:12:32', 0, 1, 4, '2018-05-31 09:46:30', '2018-05-31 09:46:30', NULL),
(253, 'Sutat', '', '-@hotmail.com', NULL, '2018-03-30 18:12:32', 0, 1, 3, '2018-05-31 09:46:30', '2018-05-31 09:46:30', NULL),
(254, 'koollavanee', 'ploykhaw', 'zeema_tm@hotmail.com', NULL, '2018-03-30 18:12:32', 0, 1, 15, '2018-05-31 09:46:30', '2018-05-31 09:46:30', NULL),
(255, 'Nataima', 'Sa-ard', 'nataima_neemls07@hotmail.com', NULL, '2018-03-30 18:12:32', 0, 1, 17, '2018-05-31 09:46:30', '2018-05-31 09:46:30', NULL),
(256, 'หิ้นดน', 'ยะระ', 'hindon68081@gmail.com', NULL, '2018-03-30 18:12:32', 0, 1, 3, '2018-05-31 09:46:30', '2018-05-31 09:46:30', NULL),
(257, 'โอ๋', '', 'ohh.ouyporn@gmail.com', NULL, '2018-03-30 18:12:32', 0, 1, 19, '2018-05-31 09:46:30', '2018-05-31 09:46:30', NULL),
(258, 'อวยพร', '', 'yingauymai@gmail.com', NULL, '2018-03-30 18:12:32', 0, 1, 17, '2018-05-31 09:46:30', '2018-05-31 09:46:30', NULL),
(259, 'กอฟ', '', 'tgopgap@gmail.com', NULL, '2018-03-30 18:12:32', 0, 1, 8, '2018-05-31 09:46:30', '2018-05-31 09:46:30', NULL),
(260, 'Kanchaya', '', 'kanchaya.nathong@ktb.co.th', NULL, '2018-03-30 18:12:32', 0, 1, 4, '2018-05-31 09:46:30', '2018-05-31 09:46:30', NULL),
(261, 'เยาวลักษณ์', 'จินดาชัย', 'koy236@gmail.com', NULL, '2018-03-30 18:12:32', 0, 1, 8, '2018-05-31 09:46:30', '2018-05-31 09:46:30', NULL),
(262, 'khatereh', '', 'travel_kh82@yahoo.com', NULL, '2018-03-30 18:12:32', 0, 1, 11, '2018-05-31 09:46:30', '2018-05-31 09:46:30', NULL),
(263, 'จตุพร', '', 'pinjaroenporn14@gmail.com', NULL, '2018-03-30 18:12:32', 0, 1, 5, '2018-05-31 09:46:30', '2018-05-31 09:46:30', NULL),
(264, 'กรนิภา', '', 'konnipar@gmail.com', NULL, '2018-03-30 18:12:32', 0, 1, 3, '2018-05-31 09:46:30', '2018-05-31 09:46:30', NULL),
(265, 'สำอางค์', '', 'Ang100228@gmail.com', NULL, '2018-03-30 18:12:32', 0, 1, 3, '2018-05-31 09:46:30', '2018-05-31 09:46:30', NULL),
(266, 'มโน', '', 'momotarolove97@gmail.com', NULL, '2018-03-30 18:12:32', 0, 1, 3, '2018-05-31 09:46:30', '2018-05-31 09:46:30', NULL),
(267, 'mild', '', 'mild_d300898@hotmail.com', NULL, '2018-03-30 18:12:32', 0, 1, 4, '2018-05-31 09:46:30', '2018-05-31 09:46:30', NULL),
(268, 'Ampon', 'Meewong', 'nsw_055@nsw2.go.th', NULL, '2018-03-30 18:12:32', 0, 1, 3, '2018-05-31 09:46:30', '2018-05-31 09:46:30', NULL),
(269, 'Iyada', '', 'iyadaphach@gmail.com', NULL, '2018-03-30 18:12:32', 0, 1, 4, '2018-05-31 09:46:30', '2018-05-31 09:46:30', NULL),
(270, 'นิตยา', 'ภิญโญ', 'nittayaphinyo715@gmail.com', NULL, '2018-03-30 18:12:32', 0, 1, 15, '2018-05-31 09:46:30', '2018-05-31 09:46:30', NULL),
(271, 'ยศกร', 'เทพบุตร', 'fusefamephone@gmail.com', NULL, '2018-03-30 18:12:32', 0, 1, 14, '2018-05-31 09:46:31', '2018-05-31 09:46:31', NULL),
(272, 'แก้วตา', '', 'kaewtakhe@gmail.com', NULL, '2018-03-30 18:12:32', 0, 1, 20, '2018-05-31 09:46:31', '2018-05-31 09:46:31', NULL),
(273, 'ชนิตา.', 'ศรีธรรมภาณ', 'mylove19121@gmail.com', NULL, '2018-03-30 18:12:32', 0, 1, 20, '2018-05-31 09:46:31', '2018-05-31 09:46:31', NULL),
(274, 'Ttttffh', '', 'hfdfhb@hotmail.com', NULL, '2018-03-30 18:12:32', 0, 1, 8, '2018-05-31 09:46:31', '2018-05-31 09:46:31', NULL),
(275, 'อภิชาติ', '', 'chart1972@hotmail.com', NULL, '2018-03-30 18:12:32', 0, 1, 8, '2018-05-31 09:46:31', '2018-05-31 09:46:31', NULL),
(276, 'Wunnisa', '', 'Yadam2540@gmail.com', NULL, '2018-03-30 18:12:32', 0, 1, 3, '2018-05-31 09:46:31', '2018-05-31 09:46:31', NULL),
(277, 'Kat', '', 'katt.katty@hotmail.com', NULL, '2018-03-30 18:12:32', 0, 1, 8, '2018-05-31 09:46:31', '2018-05-31 09:46:31', NULL),
(278, 'พีท', '', 'thanphisit4492@gmail.com', NULL, '2018-03-30 18:12:32', 0, 1, 8, '2018-05-31 09:46:31', '2018-05-31 09:46:31', NULL),
(279, 'โรสลีนา', '', 'rosleena_32@hotmail.co.th', NULL, '2018-03-30 18:12:32', 0, 1, 8, '2018-05-31 09:46:31', '2018-05-31 09:46:31', NULL),
(280, 'สิราวรรณ', 'อุดทา', 'sirawan7765ssd@gmail.com', NULL, '2018-03-30 18:12:32', 0, 1, 11, '2018-05-31 09:46:31', '2018-05-31 09:46:31', NULL),
(281, 'นนธิชา', 'ภูมิดอนเนาว์', 'pumdonnaotivha@gmail.com', NULL, '2018-03-30 18:12:32', 0, 1, 15, '2018-05-31 09:46:31', '2018-05-31 09:46:31', NULL),
(282, 'โบนัส', '', 'bonus_610YJ@hotmail.com', NULL, '2018-03-30 18:12:32', 0, 1, 19, '2018-05-31 09:46:31', '2018-05-31 09:46:31', NULL),
(283, 'มนีวรรณ', 'สว่างสุข', 'salinee@hotmail.com', NULL, '2018-03-30 18:12:32', 0, 1, 21, '2018-05-31 09:46:31', '2018-05-31 09:46:31', NULL),
(284, 'Chutima', '', 'a.am_smile@hotmail.com', NULL, '2018-03-30 18:12:32', 0, 1, 8, '2018-05-31 09:46:31', '2018-05-31 09:46:31', NULL),
(285, 'บังอร', '', 'bangonitcity@gmail.com', NULL, '2018-03-30 18:12:32', 0, 1, 11, '2018-05-31 09:46:31', '2018-05-31 09:46:31', NULL),
(286, 'อรทัย', 'มีใจดี', 'orathai_2912@hotmail.com', NULL, '2018-03-30 18:12:32', 0, 1, 3, '2018-05-31 09:46:31', '2018-05-31 09:46:31', NULL),
(287, 'ร่มฉัตร', 'ศรีพุทธชาติ', 'romchatkaiza939@gmail.com', NULL, '2018-03-30 18:12:32', 0, 1, 8, '2018-05-31 09:46:31', '2018-05-31 09:46:31', NULL),
(288, 'นครินทร์', '', 'nakarin_ck@hotmail.com', NULL, '2018-03-30 18:12:32', 0, 1, 8, '2018-05-31 09:46:31', '2018-05-31 09:46:31', NULL),
(289, 'สุริยา', 'รักษาเดช', 'zaminnie@gmail.com', NULL, '2018-03-30 18:12:32', 0, 1, 3, '2018-05-31 09:46:31', '2018-05-31 09:46:31', NULL),
(290, 'ปราณี', '', 'pranimongkol2557@gmil.com', NULL, '2018-03-30 18:12:32', 0, 1, 11, '2018-05-31 09:46:31', '2018-05-31 09:46:31', NULL),
(291, 'ศศิเขมณัฐ', '', 'intharasorn2020@hotmail.com', NULL, '2018-03-30 18:12:32', 0, 1, 3, '2018-05-31 09:46:31', '2018-05-31 09:46:31', NULL),
(292, 'Kwang', '', 'thanisa_nisa@hotmail.com', NULL, '2018-03-30 18:12:32', 0, 1, 17, '2018-05-31 09:46:31', '2018-05-31 09:46:31', NULL),
(293, 'ศิริพร', '', 'kaew_lovelove555@hotmail.com', NULL, '2018-03-30 18:12:32', 0, 1, 11, '2018-05-31 09:46:31', '2018-05-31 09:46:31', NULL),
(294, 'สมฤดี', '', 'nubeernaka585321@gmail.com', NULL, '2018-03-30 18:12:32', 0, 1, 3, '2018-05-31 09:46:31', '2018-05-31 09:46:31', NULL),
(295, 'จิตราภรณ์', 'ลิอ่อนรัมย์', 'rotee2012@hotmail.co.th', NULL, '2018-03-30 18:12:32', 0, 1, 16, '2018-05-31 09:46:31', '2018-05-31 09:46:31', NULL),
(296, 'Pan', '', 'weirdthepan@gmail.com', NULL, '2018-03-30 18:12:32', 0, 1, 8, '2018-05-31 09:46:31', '2018-05-31 09:46:31', NULL),
(297, 'ชัยพิสิฐ', 'นิธิชยานันต์', 'chaip.niti@gmail.com', NULL, '2018-03-30 18:12:32', 0, 1, 8, '2018-05-31 09:46:31', '2018-05-31 09:46:31', NULL),
(298, 'Cherry', '', 'apissara.chai@gmail.com', NULL, '2018-03-30 18:12:32', 0, 1, 8, '2018-05-31 09:46:31', '2018-05-31 09:46:31', NULL),
(299, 'Patchareeporn', '', 'viiewvy@hotmail.com', NULL, '2018-03-30 18:12:32', 0, 1, 11, '2018-05-31 09:46:31', '2018-05-31 09:46:31', NULL),
(300, 'ปฐมพงษ์', 'สังข์ทอง', 'zimmamueter@gmail.com', NULL, '2018-03-30 18:12:32', 0, 1, 23, '2018-05-31 09:46:31', '2018-05-31 09:46:31', NULL),
(301, 'พัชริศา', 'สันนิธี', 'Pangaeksook@mail.com', NULL, '2018-03-30 18:12:32', 0, 1, 3, '2018-05-31 09:46:31', '2018-05-31 09:46:31', NULL),
(302, 'ภาณุพงศ์', 'อัศวเผ่าพงศ์', 'Chevary.chew@gmail.com', NULL, '2018-03-30 18:12:32', 0, 1, 11, '2018-05-31 09:46:31', '2018-05-31 09:46:31', NULL),
(303, 'บีน', 'บีน', 'kitupha1428@gmail.com', NULL, '2018-03-30 18:12:32', 0, 1, 3, '2018-05-31 09:46:31', '2018-05-31 09:46:31', NULL),
(304, 'น้อย', '', 'Nongnoy1678@hotmail.com', NULL, '2018-03-30 18:12:32', 0, 1, 3, '2018-05-31 09:46:31', '2018-05-31 09:46:31', NULL),
(305, 'อัจฉรา', '', 'Ajchara2542@gmail.com', NULL, '2018-03-30 18:12:32', 0, 1, 3, '2018-05-31 09:46:31', '2018-05-31 09:46:31', NULL),
(306, 'รัชนีฉาย', 'ศรีลา', 'ratchanee-chai@hotmail.com', NULL, '2018-03-30 18:12:32', 0, 1, 14, '2018-05-31 09:46:31', '2018-05-31 09:46:31', NULL),
(307, 'SMK', '', 'dtsumet@hotmail.com', NULL, '2018-03-30 18:12:32', 0, 1, 11, '2018-05-31 09:46:31', '2018-05-31 09:46:31', NULL),
(308, 'ฉัตรกมล', '', 'chatkamol005@hotmail.com', NULL, '2018-03-30 18:12:32', 0, 1, 3, '2018-05-31 09:46:31', '2018-05-31 09:46:31', NULL),
(309, 'พัฒนาพร', 'ศรีโปฎก', 'Noi34007@gmail.com', NULL, '2018-03-30 18:12:32', 0, 1, 5, '2018-05-31 09:46:31', '2018-05-31 09:46:31', NULL),
(310, 'Pimnada', '', 'pimnadatan@hotmail.com', NULL, '2018-03-30 18:12:32', 0, 1, 3, '2018-05-31 09:46:31', '2018-05-31 09:46:31', NULL),
(311, 'ทัศวรรณ', 'แสนศรี', 'sanesri.tasawan@gmail.com', NULL, '2018-03-30 18:12:32', 0, 1, 5, '2018-05-31 09:46:31', '2018-05-31 09:46:31', NULL),
(312, 'สมรักษ์', 'แดงชำรัมย์', 'somraklovelove@gmail.com', NULL, '2018-03-30 18:12:32', 0, 1, 17, '2018-05-31 09:46:31', '2018-05-31 09:46:31', NULL),
(313, 'Wipa', '', 'nem_naji@hotmail.com', NULL, '2018-03-30 18:12:32', 0, 1, 19, '2018-05-31 09:46:31', '2018-05-31 09:46:31', NULL),
(314, 'Pinbut', '', 'pinbut.cdd@gmail.com', NULL, '2018-03-30 18:12:32', 0, 1, 3, '2018-05-31 09:46:31', '2018-05-31 09:46:31', NULL),
(315, 'Wansiri', '', 'Wansiri_waen@hotmail.com', NULL, '2018-03-30 18:12:32', 0, 1, 3, '2018-05-31 09:46:31', '2018-05-31 09:46:31', NULL),
(316, 'ธมลวรรณ', 'ศศิรัตนนิกุล', 'hibari_conan@hotmail.com', NULL, '2018-03-30 18:12:32', 0, 1, 3, '2018-05-31 09:46:31', '2018-05-31 09:46:31', NULL),
(317, 'ศิริประภา', '', 'angelkwan9876@gmail.com', NULL, '2018-03-30 18:12:32', 0, 1, 3, '2018-05-31 09:46:31', '2018-05-31 09:46:31', NULL),
(318, 'ปุ๊ก', '', 'puk2550@gmakl.com', NULL, '2018-03-30 18:12:32', 0, 1, 3, '2018-05-31 09:46:31', '2018-05-31 09:46:31', NULL),
(319, 'Fueangfa', '', 'exo.lfueangfa2544@gmail.com', NULL, '2018-03-30 18:12:32', 0, 1, 11, '2018-05-31 09:46:31', '2018-05-31 09:46:31', NULL),
(320, 'จิราพร', '', 'jiraporn.srioon14@gmail.com', NULL, '2018-03-30 18:12:32', 0, 1, 3, '2018-05-31 09:46:31', '2018-05-31 09:46:31', NULL),
(321, 'ไกรลาศ', '', 'profess79@hotmail.com', NULL, '2018-03-30 18:12:32', 0, 1, 11, '2018-05-31 09:46:31', '2018-05-31 09:46:31', NULL),
(322, 'นาซีบะห์', 'บือราเฮง', 'Naseegiving@gmail.com', NULL, '2018-03-30 18:12:32', 0, 1, 3, '2018-05-31 09:46:31', '2018-05-31 09:46:31', NULL),
(323, 'พัชรี', '', 'iammewkyway@gmail.com', NULL, '2018-03-30 18:12:32', 0, 1, 3, '2018-05-31 09:46:31', '2018-05-31 09:46:31', NULL),
(324, 'กนิษฐา', 'อินธิแสง', 'kanittha.ainthisang@icloud.com', NULL, '2018-03-30 18:12:32', 0, 1, 8, '2018-05-31 09:46:31', '2018-05-31 09:46:31', NULL),
(325, 'ssdss', '', 'dkwlrkelwr_@hotmail.com', NULL, '2018-03-30 18:12:32', 0, 1, 3, '2018-05-31 09:46:31', '2018-05-31 09:46:31', NULL),
(326, 'Arichah', '', 'arichahtwin0968720977@gmail.come', NULL, '2018-03-30 18:12:32', 0, 1, 17, '2018-05-31 09:46:31', '2018-05-31 09:46:31', NULL),
(327, 'พัชรี', '', 'pacharee.s@smebank.co.th', NULL, '2018-03-30 18:12:32', 0, 1, 3, '2018-05-31 09:46:31', '2018-05-31 09:46:31', NULL),
(328, 'Rapeepan', '', 'Rsamakkhatkit@gmail.com', NULL, '2018-03-30 18:12:32', 0, 1, 3, '2018-05-31 09:46:31', '2018-05-31 09:46:31', NULL),
(329, 'Pisan.', 'Putpeungsub', 'pisan.may425@gmail.com', NULL, '2018-03-30 18:12:32', 0, 1, 11, '2018-05-31 09:46:31', '2018-05-31 09:46:31', NULL),
(330, 'กาญจนา', '', 'does-_-@hotmail.com', NULL, '2018-03-30 18:12:32', 0, 1, 11, '2018-05-31 09:46:31', '2018-05-31 09:46:31', NULL),
(331, 'สาวิตรี', '', 'sweet.b555@gmail.com', NULL, '2018-03-30 18:12:32', 0, 1, 18, '2018-05-31 09:46:31', '2018-05-31 09:46:31', NULL),
(332, 'RAIN', '', 'ratty.ty@hotmail.com', NULL, '2018-03-30 18:12:32', 0, 1, 8, '2018-05-31 09:46:31', '2018-05-31 09:46:31', NULL),
(333, 'กัญญารัตน์', '', 'teiy_ty@hotmail.com', NULL, '2018-03-30 18:12:32', 0, 1, 3, '2018-05-31 09:46:31', '2018-05-31 09:46:31', NULL),
(334, 'เเก้มแก้ม', '', 'Rungtip.chun2542@gmail.com', NULL, '2018-03-30 18:12:32', 0, 1, 3, '2018-05-31 09:46:31', '2018-05-31 09:46:31', NULL),
(335, 'Kwanrudee', '', 'annyza.onelove@gmail.com', NULL, '2018-03-30 18:12:32', 0, 1, 4, '2018-05-31 09:46:31', '2018-05-31 09:46:31', NULL),
(336, 'โชติรส', 'นคะรังสุ', 'piya_eng@hotmail.com', NULL, '2018-03-30 18:12:32', 0, 1, 8, '2018-05-31 09:46:31', '2018-05-31 09:46:31', NULL),
(337, 'Prompong', 'Sukjam', 'ntlc.prompong@gmail.com', NULL, '2018-03-30 18:12:32', 0, 1, 8, '2018-05-31 09:46:31', '2018-05-31 09:46:31', NULL),
(338, 'เม', '', 'ale15xm@gmail.com', NULL, '2018-03-30 18:12:32', 0, 1, 3, '2018-05-31 09:46:31', '2018-05-31 09:46:31', NULL),
(339, 'saytip', '', 'saytip511@gmail.com', NULL, '2018-03-30 18:12:32', 0, 1, 3, '2018-05-31 09:46:31', '2018-05-31 09:46:31', NULL),
(340, 'อพัชนิภา', 'มะตารี', 'apatchanipamataree@gmail.com', NULL, '2018-03-30 18:12:32', 0, 1, 22, '2018-05-31 09:46:31', '2018-05-31 09:46:31', NULL),
(341, 'พิเชษฐ', 'หงษ์ทอง', 'phicherhongthong@gmail.com', NULL, '2018-03-30 18:12:32', 0, 1, 18, '2018-05-31 09:46:31', '2018-05-31 09:46:31', NULL),
(342, 'นันทพัชร', '', 'petch-pol@hotmail.com', NULL, '2018-03-30 18:12:32', 0, 1, 3, '2018-05-31 09:46:31', '2018-05-31 09:46:31', NULL),
(343, 'นาดีเจ', '', 'paskorn.cc@gmail.com', NULL, '2018-03-30 18:12:32', 0, 1, 8, '2018-05-31 09:46:31', '2018-05-31 09:46:31', NULL),
(344, 'ณัฐพร', '', 'vun39000@gmail.com', NULL, '2018-03-30 18:12:32', 0, 1, 3, '2018-05-31 09:46:31', '2018-05-31 09:46:31', NULL),
(345, 'Aor', '', 'wijitra_kaka@hotmsil.com', NULL, '2018-03-30 18:12:32', 0, 1, 3, '2018-05-31 09:46:31', '2018-05-31 09:46:31', NULL),
(346, 'Kanyanat', '', 'kanyanat.v57@rsu.ac.th', NULL, '2018-03-30 18:12:32', 0, 1, 9, '2018-05-31 09:46:31', '2018-05-31 09:46:31', NULL),
(347, 'ชลณี', '', 'bkbesthi@gmail.com', NULL, '2018-03-30 18:12:32', 0, 1, 17, '2018-05-31 09:46:31', '2018-05-31 09:46:31', NULL),
(348, 'Peeratouch', '', 'peepp.prt@gmail.com', NULL, '2018-03-30 18:12:32', 0, 1, 8, '2018-05-31 09:46:31', '2018-05-31 09:46:31', NULL),
(349, 'ภูวนาถ', 'ชูเงิน', 'FOFO0948371335@Gmail.com', NULL, '2018-03-30 18:12:32', 0, 1, 11, '2018-05-31 09:46:31', '2018-05-31 09:46:31', NULL),
(350, 'Sofia', '', 'sofiamama2525@gmail.com', NULL, '2018-03-30 18:12:32', 0, 1, 3, '2018-05-31 09:46:31', '2018-05-31 09:46:31', NULL),
(351, 'โบว์', '', 'adooaey@hotmail.com', NULL, '2018-03-30 18:12:32', 0, 1, 14, '2018-05-31 09:46:31', '2018-05-31 09:46:31', NULL),
(352, 'จิตรจำนงค์', '', 'jidjumnongkhumsan@gmail.com', NULL, '2018-03-30 18:12:32', 0, 1, 3, '2018-05-31 09:46:31', '2018-05-31 09:46:31', NULL),
(353, 'คมเพชร', '', 'riangsena_17@hotmail.com', NULL, '2018-03-30 18:12:32', 0, 1, 15, '2018-05-31 09:46:31', '2018-05-31 09:46:31', NULL),
(354, 'มิ้น', '', 'mint-.-mint@hotmail.co.th', NULL, '2018-03-30 18:12:32', 0, 1, 4, '2018-05-31 09:46:31', '2018-05-31 09:46:31', NULL),
(355, 'Jidapa', '', 'jeeffy96@gmail.com', NULL, '2018-03-30 18:12:32', 0, 1, 3, '2018-05-31 09:46:31', '2018-05-31 09:46:31', NULL),
(356, 'ศันศนีย์', '', 'poosansanee@hotmail.com', NULL, '2018-03-30 18:12:32', 0, 1, 14, '2018-05-31 09:46:31', '2018-05-31 09:46:31', NULL),
(357, 'สาสา', '', 'pang_pon_1241@hotmail.com', NULL, '2018-03-30 18:12:32', 0, 1, 3, '2018-05-31 09:46:31', '2018-05-31 09:46:31', NULL),
(358, 'กิตติพิชญ์', '', 'kittipich.hp@gmail.com', NULL, '2018-03-30 18:12:32', 0, 1, 15, '2018-05-31 09:46:31', '2018-05-31 09:46:31', NULL),
(359, 'Ping', '', 'b@hotmail.com', NULL, '2018-03-30 18:12:32', 0, 1, 8, '2018-05-31 09:46:31', '2018-05-31 09:46:31', NULL),
(360, 'Anantaya', '', 'sinsixga@gmail.com', NULL, '2018-03-30 18:12:32', 0, 1, 3, '2018-05-31 09:46:31', '2018-05-31 09:46:31', NULL),
(361, 'มณัญญา', '', 'mungming1617@gmail.com', NULL, '2018-03-30 18:12:32', 0, 1, 11, '2018-05-31 09:46:31', '2018-05-31 09:46:31', NULL),
(362, 'Salindar', '', 'salindar.ph@gmail.com', NULL, '2018-03-30 18:12:32', 0, 1, 3, '2018-05-31 09:46:31', '2018-05-31 09:46:31', NULL),
(363, 'Ben', '', 'benjawan9335@gmail.com', NULL, '2018-03-30 18:12:32', 0, 1, 15, '2018-05-31 09:46:31', '2018-05-31 09:46:31', NULL),
(364, 'Wes', '', 'wes.7893@hotmail.com', NULL, '2018-03-30 18:12:32', 0, 1, 3, '2018-05-31 09:46:31', '2018-05-31 09:46:31', NULL),
(365, 'ภพภณ', 'กมลกรวรรณ', 'pk1lawyer@hotmail.com', NULL, '2018-03-30 18:12:32', 0, 1, 8, '2018-05-31 09:46:31', '2018-05-31 09:46:31', NULL),
(366, 'รัชรินทร์', 'มั่งมี', 'visabe_meto@hotmail.com', NULL, '2018-03-30 18:12:32', 0, 1, 3, '2018-05-31 09:46:31', '2018-05-31 09:46:31', NULL),
(367, 'ปวีณา', 'ทาขาว', 'natsha1989@hotmail.com', NULL, '2018-03-30 18:12:32', 0, 1, 3, '2018-05-31 09:46:31', '2018-05-31 09:46:31', NULL),
(368, 'รา', '', 'fiks@gmail.com', NULL, '2018-03-30 18:12:32', 0, 1, 8, '2018-05-31 09:46:31', '2018-05-31 09:46:31', NULL),
(369, 'tracy', '', 'tracycrafts88@gmail.com', NULL, '2018-03-30 18:12:32', 0, 1, 5, '2018-05-31 09:46:31', '2018-05-31 09:46:31', NULL),
(370, 'มะขิ่น', '', 'thanny.ap001@hotmail.com', NULL, '2018-03-30 18:12:32', 0, 1, 3, '2018-05-31 09:46:31', '2018-05-31 09:46:31', NULL),
(371, 'Khwan', '', 'kasikam1990@gmail.com', NULL, '2018-03-30 18:12:32', 0, 1, 8, '2018-05-31 09:46:31', '2018-05-31 09:46:31', NULL),
(372, 'อารีย์', '', 'siaree@cpn.co.com', NULL, '2018-03-30 18:12:32', 0, 1, 11, '2018-05-31 09:46:31', '2018-05-31 09:46:31', NULL),
(373, 'ณัฐธยาน?', '', 'plum_555@hotmail.com', NULL, '2018-03-30 18:12:32', 0, 1, 18, '2018-05-31 09:46:31', '2018-05-31 09:46:31', NULL),
(374, 'Hxs', '', 'bJIo@gmail.com', NULL, '2018-03-30 18:12:32', 0, 1, 8, '2018-05-31 09:46:31', '2018-05-31 09:46:31', NULL),
(375, 'สมชาย', '', 'the_ladysrin@hotmail.com', NULL, '2018-03-30 18:12:32', 0, 1, 20, '2018-05-31 09:46:31', '2018-05-31 09:46:31', NULL),
(376, 'สมัชญา', '', 'emmiesmchy@hotmail.com', NULL, '2018-03-30 18:12:32', 0, 1, 3, '2018-05-31 09:46:31', '2018-05-31 09:46:31', NULL);
INSERT INTO `contact` (`id`, `firstname`, `lastname`, `email`, `telephone`, `registration_date`, `is_owned`, `contact_source_id`, `channel_id`, `created_at`, `updated_at`, `deleted_at`) VALUES
(377, 'วีณา', '', 'kikzee789@hotmail.com', NULL, '2018-03-30 18:12:32', 0, 1, 3, '2018-05-31 09:46:31', '2018-05-31 09:46:31', NULL),
(378, 'ชนาธิป', '', 'thipph6666@gmail.com', NULL, '2018-03-30 18:12:32', 0, 1, 3, '2018-05-31 09:46:31', '2018-05-31 09:46:31', NULL),
(379, 'จิตปฏิพัทธ์', 'เมืองศิริ', 'kingpai530@gmail.com', NULL, '2018-03-30 18:12:32', 0, 1, 20, '2018-05-31 09:46:31', '2018-05-31 09:46:31', NULL),
(380, 'กิตติศักดิ์', '', 'majarun@hotmail.com', NULL, '2018-03-30 18:12:32', 0, 1, 3, '2018-05-31 09:46:31', '2018-05-31 09:46:31', NULL),
(381, 'จุฬารัตน์', 'ลิ้มโอชากุล', 'nongyok@mail.com', NULL, '2018-03-30 18:12:32', 0, 1, 3, '2018-05-31 09:46:31', '2018-05-31 09:46:31', NULL),
(382, 'ปวริศา', 'ฐานิกรวรภา', 'pawarisa_zoda@hotmail.co.th', NULL, '2018-03-30 18:12:32', 0, 1, 8, '2018-05-31 09:46:31', '2018-05-31 09:46:31', NULL),
(383, 'ขวัญตา', '', 'yung@gmail.com', NULL, '2018-03-30 18:12:32', 0, 1, 3, '2018-05-31 09:46:31', '2018-05-31 09:46:31', NULL),
(384, 'กานจนา', '', 'zaaaew12345@gmail.com', NULL, '2018-03-30 18:12:32', 0, 1, 3, '2018-05-31 09:46:31', '2018-05-31 09:46:31', NULL),
(385, 'เก๋', '', 'orawan9526@gmail.com', NULL, '2018-03-30 18:12:32', 0, 1, 3, '2018-05-31 09:46:31', '2018-05-31 09:46:31', NULL),
(386, 'แป้ง', '', '005_pang@hotmail.com', NULL, '2018-03-30 18:12:32', 0, 1, 11, '2018-05-31 09:46:31', '2018-05-31 09:46:31', NULL),
(387, 'Onuma', '', 'onuma_tonoa@icloud.com', NULL, '2018-03-30 18:12:32', 0, 1, 11, '2018-05-31 09:46:31', '2018-05-31 09:46:31', NULL),
(388, 'Chiyakam', '', 'chiyakan@hotmail.com', NULL, '2018-03-30 18:12:32', 0, 1, 11, '2018-05-31 09:46:31', '2018-05-31 09:46:31', NULL),
(389, 'จันทิมา', '', 'jathima@kjst.ac.th', NULL, '2018-03-30 18:12:32', 0, 1, 4, '2018-05-31 09:46:31', '2018-05-31 09:46:31', NULL),
(390, 'Nutnicha', '', 'db19588@deebuk.ac.th', NULL, '2018-03-30 18:12:32', 0, 1, 20, '2018-05-31 09:46:31', '2018-05-31 09:46:31', NULL),
(391, 'ณัฐรดา', '', 'ping_ru@hotmail.com', NULL, '2018-03-30 18:12:32', 0, 1, 5, '2018-05-31 09:46:31', '2018-05-31 09:46:31', NULL),
(392, 'จันทร์จิรา', '', 'kru.janji@hotmail.com', NULL, '2018-03-30 18:12:32', 0, 1, 3, '2018-05-31 09:46:31', '2018-05-31 09:46:31', NULL),
(393, 'รัตนา', '', 'rattana_kala@hotmaol.com', NULL, '2018-03-30 18:12:32', 0, 1, 18, '2018-05-31 09:46:31', '2018-05-31 09:46:31', NULL),
(394, 'พัชรพร', 'ณรงค์หนู', 'praew_20544@hotmail.com', NULL, '2018-03-30 18:12:32', 0, 1, 3, '2018-05-31 09:46:31', '2018-05-31 09:46:31', NULL),
(395, 'ธีดา', 'ประมวลกิจจา', 'teeda119@gmail.com', NULL, '2018-03-30 18:12:32', 0, 1, 15, '2018-05-31 09:46:31', '2018-05-31 09:46:31', NULL),
(396, 'Montana', '', 'mruchirasak@gmail.com', NULL, '2018-03-30 18:12:32', 0, 1, 3, '2018-05-31 09:46:31', '2018-05-31 09:46:31', NULL),
(397, 'สุพัตรา', 'ซันประสิทธิ์', 'Supattarsunpasit@gmail.com', NULL, '2018-03-30 18:12:32', 0, 1, 3, '2018-05-31 09:46:31', '2018-05-31 09:46:31', NULL),
(398, 'ปรีดา', '', 'super_leam@hotmail.com', NULL, '2018-03-30 18:12:32', 0, 1, 3, '2018-05-31 09:46:31', '2018-05-31 09:46:31', NULL),
(399, 'อนัญชนา', '', 'j_ananchana@hotmail.com', NULL, '2018-03-30 18:12:32', 0, 1, 3, '2018-05-31 09:46:31', '2018-05-31 09:46:31', NULL),
(400, 'mod', '', 'extranurse21@gmail.com', NULL, '2018-03-30 18:12:32', 0, 1, 3, '2018-05-31 09:46:31', '2018-05-31 09:46:31', NULL),
(401, 'อินทิรา', '', 'sean.janein@gmail.com', NULL, '2018-03-30 18:12:32', 0, 1, 11, '2018-05-31 09:46:31', '2018-05-31 09:46:31', NULL),
(402, 'ลัลน์รดา', 'พิชยไวยากุล', 'nuntaporn.vaiyakorn@gmail.com', NULL, '2018-03-30 18:12:32', 0, 1, 3, '2018-05-31 09:46:31', '2018-05-31 09:46:31', NULL),
(403, 'parinya', '', 'ohonaya@hotmail.com', NULL, '2018-03-30 18:12:32', 0, 1, 11, '2018-05-31 09:46:31', '2018-05-31 09:46:31', NULL),
(404, 'Pathomporn', '', 'dapkool.lol@gmail.com', NULL, '2018-03-30 18:12:32', 0, 1, 5, '2018-05-31 09:46:31', '2018-05-31 09:46:31', NULL),
(405, 'นารีสา', '', 'malai.kakpah@hotmail.com', NULL, '2018-03-30 18:12:32', 0, 1, 3, '2018-05-31 09:46:31', '2018-05-31 09:46:31', NULL),
(406, 'ณัฐชานันท์', 'วรรณภิละ', 'krunatchanan@gmail.com', NULL, '2018-03-30 18:12:32', 0, 1, 11, '2018-05-31 09:46:31', '2018-05-31 09:46:31', NULL),
(407, 'Afandy', '', 'afandy2114@gmail.com', NULL, '2018-03-30 18:12:32', 0, 1, 5, '2018-05-31 09:46:31', '2018-05-31 09:46:31', NULL),
(408, 'Sutita', 'Sukying', 'sutita.sukying@gmail.com', NULL, '2018-03-30 18:12:32', 0, 1, 4, '2018-05-31 09:46:31', '2018-05-31 09:46:31', NULL),
(409, 'ทองใบ', 'แต้มทอง', 'tonglai250@gmail.com', NULL, '2018-03-30 18:12:32', 0, 1, 11, '2018-05-31 09:46:31', '2018-05-31 09:46:31', NULL),
(410, 'นัยนันทน์', 'นวลโกฏ', 'naiya.tsd@gmail.com', NULL, '2018-03-30 18:12:32', 0, 1, 11, '2018-05-31 09:46:31', '2018-05-31 09:46:31', NULL),
(411, 'Lalabelle', '', 'ebellelue61@gmail.com', NULL, '2018-03-30 18:12:32', 0, 1, 11, '2018-05-31 09:46:31', '2018-05-31 09:46:31', NULL),
(412, 'Sawita', 'Rungsuk', 'sawita.rianny@gmail.com', NULL, '2018-03-30 18:12:32', 0, 1, 3, '2018-05-31 09:46:31', '2018-05-31 09:46:31', NULL),
(413, 'Nanpa-on', '', 'nanpa-on81@hotmail.com', NULL, '2018-03-30 18:12:32', 0, 1, 3, '2018-05-31 09:46:31', '2018-05-31 09:46:31', NULL),
(414, 'ธันยา', '', 'yapk192@gmail.com', NULL, '2018-03-30 18:12:32', 0, 1, 11, '2018-05-31 09:46:31', '2018-05-31 09:46:31', NULL),
(415, 'ชุติกาญจน์', '', '1809gif@gmail.com', NULL, '2018-03-30 18:12:32', 0, 1, 4, '2018-05-31 09:46:31', '2018-05-31 09:46:31', NULL),
(416, 'จรัสพร', '', 'baifern230539@gmail.com', NULL, '2018-03-30 18:12:32', 0, 1, 9, '2018-05-31 09:46:31', '2018-05-31 09:46:31', NULL),
(417, 'Panita', '', 'kwan_pani@hotmail.com', NULL, '2018-03-30 18:12:32', 0, 1, 8, '2018-05-31 09:46:31', '2018-05-31 09:46:31', NULL),
(418, 'ฟ้า', '', 'hifar814@hotmail.ci.th', NULL, '2018-03-30 18:12:32', 0, 1, 17, '2018-05-31 09:46:31', '2018-05-31 09:46:31', NULL),
(419, 'Teerpong', '', 'New000name@hotmail.com', NULL, '2018-03-30 18:12:32', 0, 1, 3, '2018-05-31 09:46:32', '2018-05-31 09:46:32', NULL),
(420, 'Pimavach', '', 'pimacoff@gmail.com', NULL, '2018-03-30 18:12:32', 0, 1, 8, '2018-05-31 09:46:32', '2018-05-31 09:46:32', NULL),
(421, 'อิสระ', '', 'isarax@yahoo.com', NULL, '2018-03-30 18:12:32', 0, 1, 3, '2018-05-31 09:46:32', '2018-05-31 09:46:32', NULL),
(422, 'บุญฑิกา', 'ลัดลอย', 'boontika55@hotmail.com', NULL, '2018-03-30 18:12:32', 0, 1, 11, '2018-05-31 09:46:32', '2018-05-31 09:46:32', NULL),
(423, 'กิ่งกาญจน์', 'ชัยสวัสดิ์', 'kingpechkp252628@hotmail.co.th', NULL, '2018-03-30 18:12:32', 0, 1, 3, '2018-05-31 09:46:32', '2018-05-31 09:46:32', NULL),
(424, 'พินิต', '', 'pinit0874830541@gmail.com', NULL, '2018-03-30 18:12:32', 0, 1, 4, '2018-05-31 09:46:32', '2018-05-31 09:46:32', NULL),
(425, 'วิรุฬห์', '', 'Koreakaanzijile@gmail.com', NULL, '2018-03-30 18:12:32', 0, 1, 3, '2018-05-31 09:46:32', '2018-05-31 09:46:32', NULL),
(426, 'Kamonkarn', 'sattayachai', 'kamonarn@gmail.com', NULL, '2018-03-30 18:12:32', 0, 1, 8, '2018-05-31 09:46:32', '2018-05-31 09:46:32', NULL),
(427, 'มุก', '', 'fatymook@outlook.co.th', NULL, '2018-03-30 18:12:32', 0, 1, 9, '2018-05-31 09:46:32', '2018-05-31 09:46:32', NULL),
(428, 'Phunbenyada', '', 'nok_icu@hotmail.com', NULL, '2018-03-30 18:12:32', 0, 1, 3, '2018-05-31 09:46:32', '2018-05-31 09:46:32', NULL),
(429, 'เบญ', '', 'ben63645@gmail.com', NULL, '2018-03-30 18:12:32', 0, 1, 3, '2018-05-31 09:46:32', '2018-05-31 09:46:32', NULL),
(430, 'ทิพ', '', 'sdwdd@hotmail.com', NULL, '2018-03-30 18:12:32', 0, 1, 3, '2018-05-31 09:46:32', '2018-05-31 09:46:32', NULL),
(431, 'เอ๋', '', 'pornnapa_i@yahoo.com', NULL, '2018-03-30 18:12:32', 0, 1, 3, '2018-05-31 09:46:32', '2018-05-31 09:46:32', NULL),
(432, 'Kamonchanok', '', 'junhsqx@gmail.com', NULL, '2018-03-30 18:12:32', 0, 1, 3, '2018-05-31 09:46:32', '2018-05-31 09:46:32', NULL),
(433, 'สุพรรษา', '', 'appleapple771@hotmail.com', NULL, '2018-03-30 18:12:32', 0, 1, 3, '2018-05-31 09:46:32', '2018-05-31 09:46:32', NULL),
(434, 'pp', '', 'plai_pha@hotmail.com', NULL, '2018-03-30 18:12:32', 0, 1, 11, '2018-05-31 09:46:32', '2018-05-31 09:46:32', NULL),
(435, 'Phitinan', '', 'malaleen@hotmail.com', NULL, '2018-03-30 18:12:32', 0, 1, 3, '2018-05-31 09:46:32', '2018-05-31 09:46:32', NULL),
(436, 'ปทิตตา', '', 'wormfrog19@gmail.com', NULL, '2018-03-30 18:12:32', 0, 1, 5, '2018-05-31 09:46:32', '2018-05-31 09:46:32', NULL),
(437, 'Terafay', '', 'vijitsri.y@gmail.com', NULL, '2018-03-30 18:12:32', 0, 1, 3, '2018-05-31 09:46:32', '2018-05-31 09:46:32', NULL),
(438, 'O', '', 'noppawan307@gmail.com', NULL, '2018-03-30 18:12:32', 0, 1, 8, '2018-05-31 09:46:32', '2018-05-31 09:46:32', NULL),
(439, 'เติมรัตน์', '', 'noutem@hotmail.com', NULL, '2018-03-30 18:12:32', 0, 1, 3, '2018-05-31 09:46:32', '2018-05-31 09:46:32', NULL),
(440, 'รีาา', '', 'vhukkxxs@hotmail.com', NULL, '2018-03-30 18:12:32', 0, 1, 15, '2018-05-31 09:46:32', '2018-05-31 09:46:32', NULL),
(441, 'สวรินทร์', '', 'sawarinyaklein@gmail.com', NULL, '2018-03-30 18:12:32', 0, 1, 3, '2018-05-31 09:46:32', '2018-05-31 09:46:32', NULL),
(442, 'Mint', '', 'uptome.mintty@gmail.com', NULL, '2018-03-30 18:12:32', 0, 1, 8, '2018-05-31 09:46:32', '2018-05-31 09:46:32', NULL),
(443, 'พิไลวรรณ', 'รักษ์ณรงค์', 'ploy2011033@gmail.com', NULL, '2018-03-30 18:12:32', 0, 1, 3, '2018-05-31 09:46:32', '2018-05-31 09:46:32', NULL),
(444, 'นิภา', 'มีท่า', 'nuniandsunny@gmail.com', NULL, '2018-03-30 18:12:32', 0, 1, 5, '2018-05-31 09:46:32', '2018-05-31 09:46:32', NULL),
(445, 'Siri', '', 'siriwaan@hotmail.com', NULL, '2018-03-30 18:12:32', 0, 1, 3, '2018-05-31 09:46:32', '2018-05-31 09:46:32', NULL),
(446, 'Ayisha', '', 'Oomzaa9@gmail.com', NULL, '2018-03-30 18:12:32', 0, 1, 3, '2018-05-31 09:46:32', '2018-05-31 09:46:32', NULL),
(447, 'Sausan', 'hayeedolah', 'sausan_dorni@yahoo.com', NULL, '2018-03-30 18:12:32', 0, 1, 11, '2018-05-31 09:46:32', '2018-05-31 09:46:32', NULL),
(448, 'สาธิกา', 'เดชศรี', 'aeszxc17@gmail.com', NULL, '2018-03-30 18:12:32', 0, 1, 11, '2018-05-31 09:46:32', '2018-05-31 09:46:32', NULL),
(449, 'ณัฐวดี', '', 'Mankarin4@gmail.com', NULL, '2018-03-30 18:12:32', 0, 1, 11, '2018-05-31 09:46:32', '2018-05-31 09:46:32', NULL),
(450, 'วรรณภา', '', 'wannapa.xx@gmail.com', NULL, '2018-03-30 18:12:32', 0, 1, 3, '2018-05-31 09:46:32', '2018-05-31 09:46:32', NULL),
(451, 'พี', '', 'pukchunya@gmail.com', NULL, '2018-03-30 18:12:32', 0, 1, 8, '2018-05-31 09:46:32', '2018-05-31 09:46:32', NULL),
(452, 'นพมาศ', '', 'amthongnobpamat@gmail.com', NULL, '2018-03-30 18:12:32', 0, 1, 3, '2018-05-31 09:46:32', '2018-05-31 09:46:32', NULL),
(453, 'นาริซา', 'กาหลี', 'ohmkhanet29052543@gmail.com', NULL, '2018-03-30 18:12:32', 0, 1, 11, '2018-05-31 09:46:32', '2018-05-31 09:46:32', NULL),
(454, 'นาริฐา', '', 'sesitive_k_k194@hotmail.com', NULL, '2018-03-30 18:12:32', 0, 1, 3, '2018-05-31 09:46:32', '2018-05-31 09:46:32', NULL),
(455, 'Amaraporn', '', 'kamara_charoensuk@outlook.com', NULL, '2018-03-30 18:12:32', 0, 1, 3, '2018-05-31 09:46:32', '2018-05-31 09:46:32', NULL),
(456, 'ศศิภา', 'บุญยืน', 'sasipha1010@gmail.com', NULL, '2018-03-30 18:12:32', 0, 1, 11, '2018-05-31 09:46:32', '2018-05-31 09:46:32', NULL),
(457, 'Thanutcha', '', 'Mint__mink@hotmail.com', NULL, '2018-03-30 18:12:32', 0, 1, 3, '2018-05-31 09:46:32', '2018-05-31 09:46:32', NULL),
(458, 'ลลิตา', 'มานพ', 'meen_air@hotmail.com', NULL, '2018-03-30 18:12:32', 0, 1, 11, '2018-05-31 09:46:32', '2018-05-31 09:46:32', NULL),
(459, 'นายณรงฤทธิ์', 'เพชร', 'n20205@hotmail.com', NULL, '2018-03-30 18:12:32', 0, 1, 11, '2018-05-31 09:46:32', '2018-05-31 09:46:32', NULL),
(460, 'ธาริณี', '', 'izandy1991@gmail.com', NULL, '2018-03-30 18:12:32', 0, 1, 3, '2018-05-31 09:46:32', '2018-05-31 09:46:32', NULL),
(461, 'พิมพ์นารา', '', 'pimnara.k@bemplc.co.th', NULL, '2018-03-30 18:12:32', 0, 1, 3, '2018-05-31 09:46:32', '2018-05-31 09:46:32', NULL),
(462, 'Sine', '', 'littledeer_@hotmail.com', NULL, '2018-03-30 18:12:32', 0, 1, 11, '2018-05-31 09:46:32', '2018-05-31 09:46:32', NULL),
(463, 'ณัฐนันท์', 'จิระประดิษฐา', 'nattanun_ji@hotmail.com', NULL, '2018-03-30 18:12:32', 0, 1, 5, '2018-05-31 09:46:32', '2018-05-31 09:46:32', NULL),
(464, 'fernht', '', 'ponmaneec07@gmail.com', NULL, '2018-03-30 18:12:32', 0, 1, 3, '2018-05-31 09:46:32', '2018-05-31 09:46:32', NULL),
(465, 'Sirinart', '', 'ssodaa.p@hotmail.com', NULL, '2018-03-30 18:12:32', 0, 1, 3, '2018-05-31 09:46:32', '2018-05-31 09:46:32', NULL),
(466, 'หยาดฟ้า', 'วิชาพร', 'yadphawcp@gmail.com', NULL, '2018-03-30 18:12:32', 0, 1, 3, '2018-05-31 09:46:32', '2018-05-31 09:46:32', NULL),
(467, 'Supranee', 'Khumsiwai', 'obsupranee.602@gmail.com', NULL, '2018-03-30 18:12:32', 0, 1, 4, '2018-05-31 09:46:32', '2018-05-31 09:46:32', NULL),
(468, 'นา', '', 'na_orlandoblum@hotmail.com', NULL, '2018-03-30 18:12:32', 0, 1, 5, '2018-05-31 09:46:32', '2018-05-31 09:46:32', NULL),
(469, 'นงค์ลักษณ์', '', 'njandee1985@gmail.com', NULL, '2018-03-30 18:12:32', 0, 1, 8, '2018-05-31 09:46:32', '2018-05-31 09:46:32', NULL),
(470, 'Min', '', 'minmin_1996@hotmail.com', NULL, '2018-03-30 18:12:32', 0, 1, 11, '2018-05-31 09:46:32', '2018-05-31 09:46:32', NULL),
(471, 'Ammy', '', 'ammybmwe34@hotmail.co.th', NULL, '2018-03-30 18:12:32', 0, 1, 3, '2018-05-31 09:46:32', '2018-05-31 09:46:32', NULL),
(472, 'Manisorn', '', 'tiina.giggew@outlook.com', NULL, '2018-03-30 18:12:32', 0, 1, 22, '2018-05-31 09:46:32', '2018-05-31 09:46:32', NULL),
(473, 'PASAN', 'SAENGSRI', 'pa_san2505@hotmail.com', NULL, '2018-03-30 18:12:32', 0, 1, 11, '2018-05-31 09:46:32', '2018-05-31 09:46:32', NULL),
(474, 'sunisa', 'yooprasert', 'noonniis@hotmail.com', NULL, '2018-03-30 18:12:32', 0, 1, 3, '2018-05-31 09:46:32', '2018-05-31 09:46:32', NULL),
(475, 'Ketsaranan', '', 'ketsaranan.su@gmail.com', NULL, '2018-03-30 18:12:32', 0, 1, 19, '2018-05-31 09:46:32', '2018-05-31 09:46:32', NULL),
(476, 'วิรัญชนา', 'คติพงศานุวัตร', 'giftfy.th.eng@gmail.com', NULL, '2018-03-30 18:12:32', 0, 1, 5, '2018-05-31 09:46:32', '2018-05-31 09:46:32', NULL),
(477, 'littichai', 'kammee', 'kammeelittichai@gmail.com', NULL, '2018-03-30 18:12:32', 0, 1, 16, '2018-05-31 09:46:32', '2018-05-31 09:46:32', NULL),
(478, 'รอมซี', 'แวกะจิ', 'romsee5847@gmail.com', NULL, '2018-03-30 18:12:32', 0, 1, 3, '2018-05-31 09:46:32', '2018-05-31 09:46:32', NULL),
(479, 'สุวรรณา', '', 'Suvanna142533@gmail.com', NULL, '2018-03-30 18:12:32', 0, 1, 3, '2018-05-31 09:46:32', '2018-05-31 09:46:32', NULL),
(480, 'Wannadee', '', 'wdkit@hotmail.com', NULL, '2018-03-30 18:12:32', 0, 1, 11, '2018-05-31 09:46:32', '2018-05-31 09:46:32', NULL),
(481, 'Jirapohn', '', 'jira-manee@hotmail.conm', NULL, '2018-03-30 18:12:32', 0, 1, 3, '2018-05-31 09:46:32', '2018-05-31 09:46:32', NULL),
(482, 'Anny', '', 'anny_td@hotmail.com', NULL, '2018-03-30 18:12:32', 0, 1, 3, '2018-05-31 09:46:32', '2018-05-31 09:46:32', NULL),
(483, 'ลลิตา', '', 'lalitakeeprawat@gmail.com', NULL, '2018-03-30 18:12:32', 0, 1, 3, '2018-05-31 09:46:32', '2018-05-31 09:46:32', NULL),
(484, 'กชพร', 'ดวงมณี', 'kachaporn.d@ku.th', NULL, '2018-03-30 18:12:32', 0, 1, 4, '2018-05-31 09:46:32', '2018-05-31 09:46:32', NULL),
(485, 'นิรชา', '', 'nik.sara1825@gmail.com', NULL, '2018-03-30 18:12:32', 0, 1, 11, '2018-05-31 09:46:32', '2018-05-31 09:46:32', NULL),
(486, 'ศิริรัตน์', '', 'sirilat_@hotmail.com', NULL, '2018-03-30 18:12:32', 0, 1, 3, '2018-05-31 09:46:32', '2018-05-31 09:46:32', NULL),
(487, 'สุปราณี', 'ขวัญพงษ์', 'manewnew@gmail.com', NULL, '2018-03-30 18:12:32', 0, 1, 21, '2018-05-31 09:46:32', '2018-05-31 09:46:32', NULL),
(488, 'นุช', '', 'nuch_jungko@hotmail.com', NULL, '2018-03-30 18:12:32', 0, 1, 3, '2018-05-31 09:46:32', '2018-05-31 09:46:32', NULL),
(489, 'สุวลักษณ์', '', 'jar2540.sa@gmail.com', NULL, '2018-03-30 18:12:32', 0, 1, 11, '2018-05-31 09:46:32', '2018-05-31 09:46:32', NULL),
(490, 'มุกข์จรินทร์', 'กุลนะ', 'mook_m11@hotmail.com', NULL, '2018-03-30 18:12:32', 0, 1, 4, '2018-05-31 09:46:32', '2018-05-31 09:46:32', NULL),
(491, 'อนุศร', 'ชื่นจำปา', 'nsvD3568@gmail.com', NULL, '2018-03-30 18:12:32', 0, 1, 3, '2018-05-31 09:46:32', '2018-05-31 09:46:32', NULL),
(492, 'Orapan', 'oudkom', 'orapanoudkom@hotmai.com', NULL, '2018-03-30 18:12:32', 0, 1, 11, '2018-05-31 09:46:32', '2018-05-31 09:46:32', NULL),
(493, 'ผกาวัลย์', '', 'pakawan.komna0950@gmail.com', NULL, '2018-03-30 18:12:32', 0, 1, 3, '2018-05-31 09:46:32', '2018-05-31 09:46:32', NULL),
(494, 'วิภา', '', 'vipajitpophet@gmail.com', NULL, '2018-03-30 18:12:32', 0, 1, 11, '2018-05-31 09:46:32', '2018-05-31 09:46:32', NULL),
(495, 'Nuttika', '', 's.nuttika@hotmail.com', NULL, '2018-03-30 18:12:32', 0, 1, 4, '2018-05-31 09:46:32', '2018-05-31 09:46:32', NULL),
(496, 'Sakdanai', '', 'sakdanai7@gmail.com', NULL, '2018-03-30 18:12:32', 0, 1, 8, '2018-05-31 09:46:32', '2018-05-31 09:46:32', NULL),
(497, 'นิพล', 'ปิ่นหอม', 'niponolee@gmail.com', NULL, '2018-03-30 18:12:32', 0, 1, 11, '2018-05-31 09:46:32', '2018-05-31 09:46:32', NULL),
(498, 'ปิยะ', 'กิตติภาดากุล', 'kittipadakul@yahoo.com', NULL, '2018-03-30 18:12:32', 0, 1, 8, '2018-05-31 09:46:32', '2018-05-31 09:46:32', NULL),
(499, 'เครือวัลย์', 'ยอดวงค์ษา', 'koilovefanclubbie@gmail.com', NULL, '2018-03-30 18:12:32', 0, 1, 11, '2018-05-31 09:46:32', '2018-05-31 09:46:32', NULL),
(500, 'Muk', '', 'muk170838@gmail.com', NULL, '2018-03-30 18:12:32', 0, 1, 9, '2018-05-31 09:46:32', '2018-05-31 09:46:32', NULL),
(501, 'Rinporn', '', 'chor_rin333@hotmail.com', NULL, '2018-03-30 18:12:32', 0, 1, 3, '2018-05-31 09:46:32', '2018-05-31 09:46:32', NULL),
(502, 'บีม', '', 'beam_taestop@hotmail.com', NULL, '2018-03-30 18:12:32', 0, 1, 3, '2018-05-31 09:46:32', '2018-05-31 09:46:32', NULL),
(503, 'Somkid', '', 'karlenclan@gmail.com', NULL, '2018-03-30 18:12:32', 0, 1, 11, '2018-05-31 09:46:32', '2018-05-31 09:46:32', NULL),
(504, 'ฐานิสา', '', 'fahfarfromhere@gmail.com', NULL, '2018-03-30 18:12:32', 0, 1, 3, '2018-05-31 09:46:32', '2018-05-31 09:46:32', NULL),
(505, 'Pack', '', 'pack_genie@hotmail.com', NULL, '2018-03-30 18:12:32', 0, 1, 11, '2018-05-31 09:46:32', '2018-05-31 09:46:32', NULL),
(506, 'กล็อฟ', '', 'golfzabaparung@fmail.com', NULL, '2018-03-30 18:12:32', 0, 1, 11, '2018-05-31 09:46:32', '2018-05-31 09:46:32', NULL),
(507, 'กรองกาญจน์', 'ฉลาดแย้ม', 'pskapat39@gmail.com', NULL, '2018-03-30 18:12:32', 0, 1, 3, '2018-05-31 09:46:32', '2018-05-31 09:46:32', NULL),
(508, 'ขวัญ', '', 'heluxmrung@gmail.com', NULL, '2018-03-30 18:12:32', 0, 1, 3, '2018-05-31 09:46:32', '2018-05-31 09:46:32', NULL),
(509, 'ศิวาพร', 'ไชยดำรงค์', 'tomzee55@gmail.com', NULL, '2018-03-30 18:12:32', 0, 1, 11, '2018-05-31 09:46:32', '2018-05-31 09:46:32', NULL),
(510, 'เอกพจน์', '', 'aekkpoj556@gmail.com', NULL, '2018-03-30 18:12:32', 0, 1, 3, '2018-05-31 09:46:32', '2018-05-31 09:46:32', NULL),
(511, 'อรรถพล', '', 'babyloveaud001@gmail.com', NULL, '2018-03-30 18:12:32', 0, 1, 11, '2018-05-31 09:46:32', '2018-05-31 09:46:32', NULL),
(512, 'ฐิตาภา', 'เวียงธรรม', 'tita.meaw1993@hotmail.ocm', NULL, '2018-03-30 18:12:32', 0, 1, 9, '2018-05-31 09:46:32', '2018-05-31 09:46:32', NULL),
(513, 'ธนทัต', '', 'tong.thanathat78@gmail.com', NULL, '2018-03-30 18:12:32', 0, 1, 4, '2018-05-31 09:46:32', '2018-05-31 09:46:32', NULL),
(514, 'นางสาวพิชามญชุ์', 'บ่างวิรุฬห์รักษ์', 'supanna1980@gmail.com', NULL, '2018-03-30 18:12:32', 0, 1, 9, '2018-05-31 09:46:32', '2018-05-31 09:46:32', NULL),
(515, 'max', '', 'oil-0003@hotmail.com', NULL, '2018-03-30 18:12:32', 0, 1, 4, '2018-05-31 09:46:32', '2018-05-31 09:46:32', NULL),
(516, 'Prianjit', '', 'prianjit7179@gmill.com', NULL, '2018-03-30 18:12:32', 0, 1, 3, '2018-05-31 09:46:32', '2018-05-31 09:46:32', NULL),
(517, 'อุดมพร', '', 'babylovenong9@gmail.com', NULL, '2018-03-30 18:12:32', 0, 1, 11, '2018-05-31 09:46:32', '2018-05-31 09:46:32', NULL),
(518, 'Ponwipat', 'nitipongjitti', 'ponwipat@gmail.com', NULL, '2018-03-30 18:12:32', 0, 1, 3, '2018-05-31 09:46:32', '2018-05-31 09:46:32', NULL),
(519, 'นันทิชา', 'นิสัน', 'sknanticha123@gmail.com', NULL, '2018-03-30 18:12:32', 0, 1, 4, '2018-05-31 09:46:32', '2018-05-31 09:46:32', NULL),
(520, 'Nee', '', 'aaareya.nnn@hotmail.com', NULL, '2018-03-30 18:12:32', 0, 1, 3, '2018-05-31 09:46:32', '2018-05-31 09:46:32', NULL),
(521, 'พลอย', '', 'passorn-ploy@hotmail.com', NULL, '2018-03-30 18:12:32', 0, 1, 20, '2018-05-31 09:46:32', '2018-05-31 09:46:32', NULL),
(522, 'อรกัญญา', '', 'unchareemoo1983@gmail.com', NULL, '2018-03-30 18:12:32', 0, 1, 11, '2018-05-31 09:46:32', '2018-05-31 09:46:32', NULL),
(523, 'ดุษฏี', 'ชารี', 'dutdee5432@gmail.com', NULL, '2018-03-30 18:12:32', 0, 1, 11, '2018-05-31 09:46:32', '2018-05-31 09:46:32', NULL),
(524, 'นิติรัฐ', 'มูลมณี', 'tengneung7933@gmail.com', NULL, '2018-03-30 18:12:32', 0, 1, 14, '2018-05-31 09:46:32', '2018-05-31 09:46:32', NULL),
(525, 'ชณัณพัชร์', 'วรรณรัชตะพัชร์', 'netnaphachaiwut0309@gmail.com', NULL, '2018-03-30 18:12:32', 0, 1, 8, '2018-05-31 09:46:32', '2018-05-31 09:46:32', NULL),
(526, 'Thanawan', 'Piyasing', 'thanawanpiyasing@gmail.com', NULL, '2018-03-30 18:12:32', 0, 1, 3, '2018-05-31 09:46:32', '2018-05-31 09:46:32', NULL),
(527, 'สนัญชญา', 'โสภา', 'manoprom_bge@hotmail.com', NULL, '2018-03-30 18:12:32', 0, 1, 3, '2018-05-31 09:46:32', '2018-05-31 09:46:32', NULL),
(528, 'ณัฐพล', 'พ่วงพันธ์', 'nuttapon555@windowslive.com', NULL, '2018-03-30 18:12:32', 0, 1, 3, '2018-05-31 09:46:32', '2018-05-31 09:46:32', NULL),
(529, 'วาสนา', '', 'katai_hooyao@hotmail.com', NULL, '2018-03-30 18:12:32', 0, 1, 11, '2018-05-31 09:46:32', '2018-05-31 09:46:32', NULL),
(530, 'ณัฐพล', 'ประทุมมัง', 'pausemar2@gmail.com', NULL, '2018-03-30 18:12:32', 0, 1, 4, '2018-05-31 09:46:32', '2018-05-31 09:46:32', NULL),
(531, 'Saruth', '', 'saruth789@gmail.com', NULL, '2018-03-30 18:12:32', 0, 1, 9, '2018-05-31 09:46:32', '2018-05-31 09:46:32', NULL),
(532, 'ปอปลา', '', 'lookplachansot@gmail.com', NULL, '2018-03-30 18:12:32', 0, 1, 11, '2018-05-31 09:46:32', '2018-05-31 09:46:32', NULL),
(533, 'กวิสรา', 'ศรีสุพพัตพงษ์', 'kwiss_s@hotmail.com', NULL, '2018-03-30 18:12:32', 0, 1, 17, '2018-05-31 09:46:32', '2018-05-31 09:46:32', NULL),
(534, 'นันทนัส', '', 'aurasa696@gmail.com', NULL, '2018-03-30 18:12:32', 0, 1, 3, '2018-05-31 09:46:32', '2018-05-31 09:46:32', NULL),
(535, 'Korngamol', '', 'nookniklovetar@gmail.com', NULL, '2018-03-30 18:12:32', 0, 1, 11, '2018-05-31 09:46:32', '2018-05-31 09:46:32', NULL),
(536, 'ณิชชารีย์', '', 'noi_pct@hotmail.com', NULL, '2018-03-30 18:12:32', 0, 1, 11, '2018-05-31 09:46:32', '2018-05-31 09:46:32', NULL),
(537, 'ศิริยา', '', 'mindsiriya@gmail.com', NULL, '2018-03-30 18:12:32', 0, 1, 3, '2018-05-31 09:46:32', '2018-05-31 09:46:32', NULL),
(538, 'ประณาลี', '', 'coach.pranalee36@gmail.com', NULL, '2018-03-30 18:12:32', 0, 1, 11, '2018-05-31 09:46:32', '2018-05-31 09:46:32', NULL),
(539, 'ยวิษฐา', 'โสมะมี', 'nidlove1997@gmail.com', NULL, '2018-03-30 18:12:32', 0, 1, 4, '2018-05-31 09:46:32', '2018-05-31 09:46:32', NULL),
(540, 'Nursanita', '', 'nursanita69@gmail.com', NULL, '2018-03-30 18:12:32', 0, 1, 11, '2018-05-31 09:46:32', '2018-05-31 09:46:32', NULL),
(541, 'ฐิติมา', 'เพียรผล', 'thitima4399@gmail.com', NULL, '2018-03-30 18:12:32', 0, 1, 3, '2018-05-31 09:46:32', '2018-05-31 09:46:32', NULL),
(542, 'ศิริรสนา', '', 'siriros-aia@hotmail.com', NULL, '2018-03-30 18:12:32', 0, 1, 3, '2018-05-31 09:46:32', '2018-05-31 09:46:32', NULL),
(543, 'น้อง', '', 'nok5868@hotmail.com', NULL, '2018-03-30 18:12:32', 0, 1, 3, '2018-05-31 09:46:32', '2018-05-31 09:46:32', NULL),
(544, 'กษิรา', '', 'toeykasira@gmail.com', NULL, '2018-03-30 18:12:32', 0, 1, 3, '2018-05-31 09:46:32', '2018-05-31 09:46:32', NULL),
(545, 'นส.อารียา', 'ชูเลิศ', 'chuleart@hotmail.com', NULL, '2018-03-30 18:12:32', 0, 1, 3, '2018-05-31 09:46:32', '2018-05-31 09:46:32', NULL),
(546, 'Ploynapat', '', 'tonlhiww@gmail.com', NULL, '2018-03-30 18:12:32', 0, 1, 22, '2018-05-31 09:46:32', '2018-05-31 09:46:32', NULL),
(547, 'น.ส.อาชียา', 'มะโนเที่ยง', 'bowey.maccy@gmail.com', NULL, '2018-03-30 18:12:32', 0, 1, 11, '2018-05-31 09:46:32', '2018-05-31 09:46:32', NULL),
(548, 'ชนกานต์', '', 'minchanakan@hotmail.com', NULL, '2018-03-30 18:12:32', 0, 1, 4, '2018-05-31 09:46:32', '2018-05-31 09:46:32', NULL),
(549, 'กรดนัย', '', 'korn_danai@hotmail.com', NULL, '2018-03-30 18:12:32', 0, 1, 3, '2018-05-31 09:46:32', '2018-05-31 09:46:32', NULL),
(550, 'สุดารัตน์', '', 'sudarat.wannasilapin@dhl.com', NULL, '2018-03-30 18:12:32', 0, 1, 3, '2018-05-31 09:46:32', '2018-05-31 09:46:32', NULL),
(551, 'หทัยชนก', '', 'hataichanok_mm@hotmail.com', NULL, '2018-03-30 18:12:32', 0, 1, 11, '2018-05-31 09:46:32', '2018-05-31 09:46:32', NULL),
(552, 'กบ', '', 'kereojung29@gmail.com', NULL, '2018-03-30 18:12:32', 0, 1, 5, '2018-05-31 09:46:32', '2018-05-31 09:46:32', NULL),
(553, 'กุลวีณ์', '', 'jungjing@msn.com', NULL, '2018-03-30 18:12:32', 0, 1, 3, '2018-05-31 09:46:32', '2018-05-31 09:46:32', NULL),
(554, 'วนิดา', '', 'yada2527.p@gmail.com', NULL, '2018-03-30 18:12:32', 0, 1, 3, '2018-05-31 09:46:32', '2018-05-31 09:46:32', NULL),
(555, 'พัชราพร', '', 'den_2534@hotmail.com', NULL, '2018-03-30 18:12:32', 0, 1, 3, '2018-05-31 09:46:32', '2018-05-31 09:46:32', NULL),
(556, 'Na', '', 'nangnakra97@gmail.com', NULL, '2018-03-30 18:12:32', 0, 1, 11, '2018-05-31 09:46:32', '2018-05-31 09:46:32', NULL),
(557, 'Pornphum', 'S.', 'parita2518@gmail.com', NULL, '2018-03-30 18:12:32', 0, 1, 11, '2018-05-31 09:46:32', '2018-05-31 09:46:32', NULL),
(558, 'Nialamiftah', '', 'AchnonDaoh_@hotmail.com', NULL, '2018-03-30 18:12:32', 0, 1, 11, '2018-05-31 09:46:32', '2018-05-31 09:46:32', NULL),
(559, 'ชวัลภร', 'ทิพยสาร', 'thippayasarn_cha@hotmail.com', NULL, '2018-03-30 18:12:32', 0, 1, 3, '2018-05-31 09:46:32', '2018-05-31 09:46:32', NULL),
(560, 'สุภัทรา', '', 'piggy_2010_8@hotmail.com', NULL, '2018-03-30 18:12:32', 0, 1, 3, '2018-05-31 09:46:32', '2018-05-31 09:46:32', NULL),
(561, 'Somnuk', 'สมนึก', 'sylvania_supervisor_sn@hotmail.co.th', NULL, '2018-03-30 18:12:32', 0, 1, 11, '2018-05-31 09:46:32', '2018-05-31 09:46:32', NULL),
(562, 'Wasan', '', 'comgod02@gmail.com', NULL, '2018-03-30 18:12:32', 0, 1, 8, '2018-05-31 09:46:32', '2018-05-31 09:46:32', NULL),
(563, 'Kanjana', '', 'doremon_sm@hotmail.com', NULL, '2018-03-30 18:12:32', 0, 1, 3, '2018-05-31 09:46:32', '2018-05-31 09:46:32', NULL),
(564, 'พร', 'เหลางาม', 'poam2523@gmail.com', NULL, '2018-03-30 18:12:32', 0, 1, 3, '2018-05-31 09:46:33', '2018-05-31 09:46:33', NULL),
(565, 'โรส', '', 'anne.love0872031225@gmail.com', NULL, '2018-03-30 18:12:32', 0, 1, 11, '2018-05-31 09:46:33', '2018-05-31 09:46:33', NULL),
(566, 'banyen', '', 'bee_bie@hotmail.com', NULL, '2018-03-30 18:12:32', 0, 1, 3, '2018-05-31 09:46:33', '2018-05-31 09:46:33', NULL),
(567, 'napasorn', '', 'napasorn24012537@gmail.com', NULL, '2018-03-30 18:12:32', 0, 1, 11, '2018-05-31 09:46:33', '2018-05-31 09:46:33', NULL),
(568, 'แพรว', '', 'pawlpawl17123@gamil.com', NULL, '2018-03-30 18:12:32', 0, 1, 11, '2018-05-31 09:46:33', '2018-05-31 09:46:33', NULL),
(569, 'พรรณนิภา', '', 'mintmailmate@gmail.com', NULL, '2018-03-30 18:12:32', 0, 1, 3, '2018-05-31 09:46:33', '2018-05-31 09:46:33', NULL),
(570, 'นางสาว', 'วิวัชรา', 'www.wiwatchara_555@hotmail.com', NULL, '2018-03-30 18:12:32', 0, 1, 3, '2018-05-31 09:46:33', '2018-05-31 09:46:33', NULL),
(571, 'นายศุภชัย', 'ทองเงิน', 'babybay_116@hotmail.com', NULL, '2018-03-30 18:12:32', 0, 1, 4, '2018-05-31 09:46:33', '2018-05-31 09:46:33', NULL),
(572, 'Thattirap', 'Hanmanop', 'poom_bboy@hotmail.com', NULL, '2018-03-30 18:12:32', 0, 1, 15, '2018-05-31 09:46:33', '2018-05-31 09:46:33', NULL),
(573, 'ณรงค์ศักดิ์', 'สืบสาย', 'flouk.pharmacist01@gmail.com', NULL, '2018-03-30 18:12:32', 0, 1, 11, '2018-05-31 09:46:33', '2018-05-31 09:46:33', NULL),
(574, 'ณัฐพร', 'แก้วเจริญ', 'katelove1235@gmail.com', NULL, '2018-03-30 18:12:32', 0, 1, 15, '2018-05-31 09:46:33', '2018-05-31 09:46:33', NULL),
(575, 'นิรมล', 'วรุณานนท์', 'niramol_may@hotmail.com', NULL, '2018-03-30 18:12:32', 0, 1, 3, '2018-05-31 09:46:33', '2018-05-31 09:46:33', NULL),
(576, 'นางสาวสุดาพร', 'กสิพันธุ์', 'june.sudaporn1994@gmail.com', NULL, '2018-03-30 18:12:32', 0, 1, 11, '2018-05-31 09:46:33', '2018-05-31 09:46:33', NULL),
(577, 'Kwanchanok', 'Gaines', 'chanokpm@gmail.com', NULL, '2018-03-30 18:12:32', 0, 1, 11, '2018-05-31 09:46:33', '2018-05-31 09:46:33', NULL),
(578, 'สุธิดา', '', 'luektan062503@gmail.com', NULL, '2018-03-30 18:12:32', 0, 1, 11, '2018-05-31 09:46:33', '2018-05-31 09:46:33', NULL),
(579, 'วาว', '', 'nutchawow9@gmail.com', NULL, '2018-03-30 18:12:32', 0, 1, 3, '2018-05-31 09:46:33', '2018-05-31 09:46:33', NULL),
(580, 'Aphinya', 'Mayothi', 'aphinya.pompam@gmail.com', NULL, '2018-03-30 18:12:32', 0, 1, 3, '2018-05-31 09:46:33', '2018-05-31 09:46:33', NULL),
(581, 'นัท', '', 'nutty.nutty1532@gmail.com', NULL, '2018-03-30 18:12:32', 0, 1, 20, '2018-05-31 09:46:33', '2018-05-31 09:46:33', NULL),
(582, 'สุมิตรา', '', 'honey_r_deary@hotmail.com', NULL, '2018-03-30 18:12:32', 0, 1, 3, '2018-05-31 09:46:33', '2018-05-31 09:46:33', NULL),
(583, 'Anantiya', '', 'aonbi_20@hotmail.com', NULL, '2018-03-30 18:12:32', 0, 1, 3, '2018-05-31 09:46:33', '2018-05-31 09:46:33', NULL),
(584, 'ปิยะพิชญตร์', 'ประวิตรกูล', 'fish_aipink@hotmail.com', NULL, '2018-03-30 18:12:32', 0, 1, 3, '2018-05-31 09:46:33', '2018-05-31 09:46:33', NULL),
(585, 'ศิรินันต์', '', 'nattawat5312@hotmail.co.th', NULL, '2018-03-30 18:12:32', 0, 1, 11, '2018-05-31 09:46:33', '2018-05-31 09:46:33', NULL),
(586, 'มะลิวัลย์', 'ปิติถาโน', 'aeymaliwan@gmail.com', NULL, '2018-03-30 18:12:32', 0, 1, 15, '2018-05-31 09:46:33', '2018-05-31 09:46:33', NULL),
(587, 'Salisa', 'seemunta', 'salisa.0165@gmail.com', NULL, '2018-03-30 18:12:32', 0, 1, 3, '2018-05-31 09:46:33', '2018-05-31 09:46:33', NULL),
(588, 'มาลินี', '', 'malinee2200@gmail.com', NULL, '2018-03-30 18:12:32', 0, 1, 3, '2018-05-31 09:46:33', '2018-05-31 09:46:33', NULL),
(589, 'อนัญญา', 'มาศทอง', 'da.25082515@gmail.com', NULL, '2018-03-30 18:12:32', 0, 1, 3, '2018-05-31 09:46:33', '2018-05-31 09:46:33', NULL),
(590, 'Thidarat', '', 'thidarat-ning@hotmail.com', NULL, '2018-03-30 18:12:32', 0, 1, 3, '2018-05-31 09:46:33', '2018-05-31 09:46:33', NULL),
(591, 'วิษณุ', 'ดิษยนาม', 'vitsanu@gmav.com', NULL, '2018-03-30 18:12:32', 0, 1, 11, '2018-05-31 09:46:33', '2018-05-31 09:46:33', NULL),
(592, 'ยุ้ย', '', 'puppydoglovelove@gmail.com', NULL, '2018-03-30 18:12:32', 0, 1, 3, '2018-05-31 09:46:33', '2018-05-31 09:46:33', NULL),
(593, 'Pongsakorn', '', 'pongsakorn@hotmail.com', NULL, '2018-03-30 18:12:32', 0, 1, 15, '2018-05-31 09:46:33', '2018-05-31 09:46:33', NULL),
(594, 'Duanghathai', 'Maneechai', 'fluke2503@hotmail.com', NULL, '2018-03-30 18:12:32', 0, 1, 3, '2018-05-31 09:46:33', '2018-05-31 09:46:33', NULL),
(595, 'ชาลิสา', '', 'chalisa.ployja@hotmail.com', NULL, '2018-03-30 18:12:32', 0, 1, 3, '2018-05-31 09:46:33', '2018-05-31 09:46:33', NULL),
(596, 'รสิกา', 'เทียรประโยชน์', 'faiirasika2560@gmail.com', NULL, '2018-03-30 18:12:32', 0, 1, 4, '2018-05-31 09:46:33', '2018-05-31 09:46:33', NULL),
(597, 'กิ๊บเก๋', '', 'gipghe@gmail.com', NULL, '2018-03-30 18:12:32', 0, 1, 3, '2018-05-31 09:46:33', '2018-05-31 09:46:33', NULL),
(598, 'kawisara', 'makul', 'kapombuff@gmail.com', NULL, '2018-03-30 18:12:32', 0, 1, 9, '2018-05-31 09:46:33', '2018-05-31 09:46:33', NULL),
(599, 'สุนิดา', '', 'sunida.siz@gmail.com', NULL, '2018-03-30 18:12:32', 0, 1, 3, '2018-05-31 09:46:33', '2018-05-31 09:46:33', NULL),
(600, 'Napaporn', '', 'pai_desibg@hotmail.com', NULL, '2018-03-30 18:12:32', 0, 1, 3, '2018-05-31 09:46:33', '2018-05-31 09:46:33', NULL),
(601, 'นิค', '', 'waredsawawa@gmail.com', NULL, '2018-03-30 18:12:32', 0, 1, 11, '2018-05-31 09:46:33', '2018-05-31 09:46:33', NULL),
(602, 'Kulchaya', '', 'pukky1980@Hotmail.com', NULL, '2018-03-30 18:12:32', 0, 1, 11, '2018-05-31 09:46:33', '2018-05-31 09:46:33', NULL),
(603, 'Mymolly', '', 'jeenbust@jmail.con', NULL, '2018-03-30 18:12:32', 0, 1, 3, '2018-05-31 09:46:33', '2018-05-31 09:46:33', NULL),
(604, 'ออฟ', '', 'dddee@gdh.com', NULL, '2018-03-30 18:12:32', 0, 1, 8, '2018-05-31 09:46:33', '2018-05-31 09:46:33', NULL),
(605, 'ศิริพร', '', 'dd_deah@hotmail.com', NULL, '2018-03-30 18:12:32', 0, 1, 14, '2018-05-31 09:46:33', '2018-05-31 09:46:33', NULL),
(606, 'พัชรินทร์', 'อิทรชื่น', 'patch3011@gmail.com', NULL, '2018-03-30 18:12:32', 0, 1, 3, '2018-05-31 09:46:33', '2018-05-31 09:46:33', NULL),
(607, 'ภัทรวดี', '', 'napatt089@gmail.com', NULL, '2018-03-30 18:12:32', 0, 1, 3, '2018-05-31 09:46:33', '2018-05-31 09:46:33', NULL),
(608, 'ทักศิณา', 'มิ่งคำเลิศ', 'we.za.ro000@gmail.com', NULL, '2018-03-30 18:12:32', 0, 1, 3, '2018-05-31 09:46:33', '2018-05-31 09:46:33', NULL),
(609, 'มัทติกา', 'วิเศษสุข', 'mudtiga26@gmail.com', NULL, '2018-03-30 18:12:32', 0, 1, 3, '2018-05-31 09:46:33', '2018-05-31 09:46:33', NULL),
(610, 'คุณากร', 'วิริยะโชติ', 'mityymo@gmail.com', NULL, '2018-03-30 18:12:32', 0, 1, 11, '2018-05-31 09:46:33', '2018-05-31 09:46:33', NULL),
(611, 'ไไห', '', 'jjjss@hotmail.com', NULL, '2018-03-30 18:12:32', 0, 1, 8, '2018-05-31 09:46:33', '2018-05-31 09:46:33', NULL),
(612, 'Thanomsri', 'Ketsuk', 'thanomsri.ket@mahidol.ac.th', NULL, '2018-03-30 18:12:32', 0, 1, 3, '2018-05-31 09:46:33', '2018-05-31 09:46:33', NULL),
(613, 'วรัญญาภรณ์', '', 'nomneoy@hotmail.com', NULL, '2018-03-30 18:12:32', 0, 1, 8, '2018-05-31 09:46:33', '2018-05-31 09:46:33', NULL),
(614, 'ีีUMARIN', '', 'umarin.zom@gmail.com', NULL, '2018-03-30 18:12:32', 0, 1, 11, '2018-05-31 09:46:33', '2018-05-31 09:46:33', NULL),
(615, 'นายวิริยะ', 'งามสาย', 'toey_wiriya@hotmail.com', NULL, '2018-03-30 18:12:32', 0, 1, 19, '2018-05-31 09:46:33', '2018-05-31 09:46:33', NULL),
(616, 'ธนวัฒน์', 'นางสวย', 'jathanawat@gmail.com', NULL, '2018-03-30 18:12:32', 0, 1, 11, '2018-05-31 09:46:33', '2018-05-31 09:46:33', NULL),
(617, 'ปุ๊บแบ', '', 'piyawad5@hotmail.com', NULL, '2018-03-30 18:12:32', 0, 1, 10, '2018-05-31 09:46:33', '2018-05-31 09:46:33', NULL),
(618, 'gas', '', 'gyter_1234@hotmail.com', NULL, '2018-03-30 18:12:32', 0, 1, 8, '2018-05-31 09:46:33', '2018-05-31 09:46:33', NULL),
(619, 'Benjaporn', 'Sanguanprasit', 'm_e_w_b@hotmail.com', NULL, '2018-03-30 18:12:32', 0, 1, 11, '2018-05-31 09:46:33', '2018-05-31 09:46:33', NULL),
(620, 'Chattraporn', '', 'ffah_44@hotmail.com', NULL, '2018-03-30 18:12:32', 0, 1, 8, '2018-05-31 09:46:33', '2018-05-31 09:46:33', NULL),
(621, 'ชลิดา', '', 'bam_boo_nuy@hotmail.com', NULL, '2018-03-30 18:12:32', 0, 1, 3, '2018-05-31 09:46:33', '2018-05-31 09:46:33', NULL),
(622, 'ชิน', '', 'cpromsenwong@gmail.com', NULL, '2018-03-30 18:12:32', 0, 1, 8, '2018-05-31 09:46:33', '2018-05-31 09:46:33', NULL),
(623, 'อังคณา', '', 'airrybom@gmail.com', NULL, '2018-03-30 18:12:32', 0, 1, 3, '2018-05-31 09:46:33', '2018-05-31 09:46:33', NULL),
(624, 'ณัฐกาญจน์', 'บาหลา', 'Natthakanbala06@gmail.com', NULL, '2018-03-30 18:12:32', 0, 1, 3, '2018-05-31 09:46:33', '2018-05-31 09:46:33', NULL),
(625, 'วรุต', '', 'hero_abu@hotmail.com', NULL, '2018-03-30 18:12:32', 0, 1, 14, '2018-05-31 09:46:33', '2018-05-31 09:46:33', NULL),
(626, 'กรรณิการ์', '', 'kunkpru51@hotmail.com', NULL, '2018-03-30 18:12:32', 0, 1, 3, '2018-05-31 09:46:33', '2018-05-31 09:46:33', NULL),
(627, 'อุบลรัตน์', '', 'pinky.rilakkumaeye@gmail.com', NULL, '2018-03-30 18:12:32', 0, 1, 5, '2018-05-31 09:46:33', '2018-05-31 09:46:33', NULL),
(628, 'Phakadao', '', 'phakadao.dao@gmail.com', NULL, '2018-03-30 18:12:32', 0, 1, 11, '2018-05-31 09:46:33', '2018-05-31 09:46:33', NULL),
(629, 'Chomdo', '', 'nu_yingbz@hotmail.com', NULL, '2018-03-30 18:12:32', 0, 1, 8, '2018-05-31 09:46:33', '2018-05-31 09:46:33', NULL),
(630, 'Preaw', '', 'pruwpreaw@gmail.com', NULL, '2018-03-30 18:12:32', 0, 1, 14, '2018-05-31 09:46:33', '2018-05-31 09:46:33', NULL),
(631, 'แนน', '', 'finyoulive@gmail.com', NULL, '2018-03-30 18:12:32', 0, 1, 19, '2018-05-31 09:46:33', '2018-05-31 09:46:33', NULL),
(632, 'ทัช', '', 'sunthiput@gmail.com', NULL, '2018-03-30 18:12:32', 0, 1, 8, '2018-05-31 09:46:33', '2018-05-31 09:46:33', NULL),
(633, 'ศรินทิพย์', '', 'sarinthip.elidefire@hotmail.com', NULL, '2018-03-30 18:12:32', 0, 1, 5, '2018-05-31 09:46:33', '2018-05-31 09:46:33', NULL),
(634, 'กาว', '', 'phair@gmail.com', NULL, '2018-03-30 18:12:32', 0, 1, 21, '2018-05-31 09:46:33', '2018-05-31 09:46:33', NULL),
(635, 'อาย', '', 'nitiporn8242@gmail.com', NULL, '2018-03-30 18:12:32', 0, 1, 17, '2018-05-31 09:46:33', '2018-05-31 09:46:33', NULL),
(636, 'Me', '', 'zomzomsrp@gmail.com', NULL, '2018-03-30 18:12:32', 0, 1, 8, '2018-05-31 09:46:33', '2018-05-31 09:46:33', NULL),
(637, 'นวรัตน์', '', 'nawarat.ssb@gmail.com', NULL, '2018-03-30 18:12:32', 0, 1, 5, '2018-05-31 09:46:33', '2018-05-31 09:46:33', NULL),
(638, 'ภูษิต', 'อมรศักดิ์', 'fang@hotmail.com', NULL, '2018-03-30 18:12:32', 0, 1, 8, '2018-05-31 09:46:33', '2018-05-31 09:46:33', NULL),
(639, 'Dew', '', 'akkarapong1995@gmail.com', NULL, '2018-03-30 18:12:32', 0, 1, 8, '2018-05-31 09:46:33', '2018-05-31 09:46:33', NULL),
(640, 'Almond', '', 'almondchoc@hotmail.com', NULL, '2018-03-30 18:12:32', 0, 1, 3, '2018-05-31 09:46:33', '2018-05-31 09:46:33', NULL),
(641, 'ณุฐานันท์', '', 'kor-nutanan@hotmsil.com', NULL, '2018-03-30 18:12:32', 0, 1, 3, '2018-05-31 09:46:33', '2018-05-31 09:46:33', NULL),
(642, 'ธัญสินี', '', 'tansineechunnaul@gmail.com', NULL, '2018-03-30 18:12:32', 0, 1, 3, '2018-05-31 09:46:33', '2018-05-31 09:46:33', NULL),
(643, 'Besos', '', 'tbl_rissing@hotmail.com', NULL, '2018-03-30 18:12:32', 0, 1, 8, '2018-05-31 09:46:33', '2018-05-31 09:46:33', NULL),
(644, 'Thanatcha', '', 'beamzuza@hotmail.com', NULL, '2018-03-30 18:12:32', 0, 1, 3, '2018-05-31 09:46:33', '2018-05-31 09:46:33', NULL),
(645, 'ชนิสรา', '', 'chani1990aumim@gmail.com', NULL, '2018-03-30 18:12:32', 0, 1, 3, '2018-05-31 09:46:33', '2018-05-31 09:46:33', NULL),
(646, 'Try', '', 'nongnang_changklan@hotmail.com', NULL, '2018-03-30 18:12:32', 0, 1, 3, '2018-05-31 09:46:33', '2018-05-31 09:46:33', NULL),
(647, 'นริศรา', 'ราชติง', 'toeytie.tt@gmail.com', NULL, '2018-03-30 18:12:32', 0, 1, 11, '2018-05-31 09:46:33', '2018-05-31 09:46:33', NULL),
(648, 'Laddawan', '', 'laddawanboonpeng133@gmail.com', NULL, '2018-03-30 18:12:32', 0, 1, 17, '2018-05-31 09:46:33', '2018-05-31 09:46:33', NULL),
(649, 'Pang', '', 'nomail@hotmail.com', NULL, '2018-03-30 18:12:32', 0, 1, 8, '2018-05-31 09:46:33', '2018-05-31 09:46:33', NULL),
(650, 'ณัฐชาต', 'ศักดา', 'cobalt470@gmail.com', NULL, '2018-03-30 18:12:32', 0, 1, 8, '2018-05-31 09:46:33', '2018-05-31 09:46:33', NULL),
(651, 'Tavin', '', 'tavinguy@hotmail.com', NULL, '2018-03-30 18:12:32', 0, 1, 8, '2018-05-31 09:46:33', '2018-05-31 09:46:33', NULL),
(652, 'wijittra', '', 'wijittrakha1@gmail.com', NULL, '2018-03-30 18:12:32', 0, 1, 3, '2018-05-31 09:46:33', '2018-05-31 09:46:33', NULL),
(653, 'Punchy', '', 'p.kaekla@gmail.com', NULL, '2018-03-30 18:12:32', 0, 1, 8, '2018-05-31 09:46:33', '2018-05-31 09:46:33', NULL),
(654, 'บุษบง', '', 'Butsabong031054170433@Hotmail.com', NULL, '2018-03-30 18:12:32', 0, 1, 11, '2018-05-31 09:46:33', '2018-05-31 09:46:33', NULL),
(655, 'อารียา', 'เซ่งแตง', 'myymmine@gmail.com', NULL, '2018-03-30 18:12:32', 0, 1, 20, '2018-05-31 09:46:33', '2018-05-31 09:46:33', NULL),
(656, 'Pc', '', 't-pancake@hotmail.com', NULL, '2018-03-30 18:12:32', 0, 1, 17, '2018-05-31 09:46:33', '2018-05-31 09:46:33', NULL),
(657, 'ดคน', '', 'kanbanya@hotmail.com', NULL, '2018-03-30 18:12:32', 0, 1, 17, '2018-05-31 09:46:33', '2018-05-31 09:46:33', NULL),
(658, 'Sukaya', '', 'wonderland.a24@gmail.com', NULL, '2018-03-30 18:12:32', 0, 1, 3, '2018-05-31 09:46:33', '2018-05-31 09:46:33', NULL),
(659, 'ทิพ', '', 'thipyapa4989@gmail.com', NULL, '2018-03-30 18:12:32', 0, 1, 3, '2018-05-31 09:46:33', '2018-05-31 09:46:33', NULL),
(660, 'บุส', '', 'boot1005@gmail.com', NULL, '2018-03-30 18:12:32', 0, 1, 14, '2018-05-31 09:46:33', '2018-05-31 09:46:33', NULL),
(661, 'Siri', '', 'siri-korn13@hotmail.com', NULL, '2018-03-30 18:12:32', 0, 1, 3, '2018-05-31 09:46:33', '2018-05-31 09:46:33', NULL),
(662, 'Nan', '', 'nannywayshop@gmail.com', NULL, '2018-03-30 18:12:32', 0, 1, 3, '2018-05-31 09:46:33', '2018-05-31 09:46:33', NULL),
(663, 'นาย', 'สิริพงศ์', 'teazer1991@hotmail.com', NULL, '2018-03-30 18:12:32', 0, 1, 17, '2018-05-31 09:46:33', '2018-05-31 09:46:33', NULL),
(664, 'POy', '', 'supansa9988@gmail.com', NULL, '2018-03-30 18:12:32', 0, 1, 14, '2018-05-31 09:46:33', '2018-05-31 09:46:33', NULL),
(665, 'ศศิวรรณ', '', 'dog-fern@hotmail.com', NULL, '2018-03-30 18:12:32', 0, 1, 17, '2018-05-31 09:46:33', '2018-05-31 09:46:33', NULL),
(666, 'ดวงกมล', '', 'tanapolgob@hotmail.com', NULL, '2018-03-30 18:12:32', 0, 1, 3, '2018-05-31 09:46:33', '2018-05-31 09:46:33', NULL),
(667, 'ศรัณย์', '', 'ruslan.chi@hotmail.com', NULL, '2018-03-30 18:12:32', 0, 1, 8, '2018-05-31 09:46:33', '2018-05-31 09:46:33', NULL),
(668, 'Popcr', '', 'pop_pzz@hotmail.com', NULL, '2018-03-30 18:12:32', 0, 1, 3, '2018-05-31 09:46:33', '2018-05-31 09:46:33', NULL),
(669, 'ณัฐชฎา', '', 'nut-nut.kik@hotmail.com', NULL, '2018-03-30 18:12:32', 0, 1, 8, '2018-05-31 09:46:33', '2018-05-31 09:46:33', NULL),
(670, 'มิรันตรี', '', 'mirantree705@gmail.com', NULL, '2018-03-30 18:12:32', 0, 1, 4, '2018-05-31 09:46:33', '2018-05-31 09:46:33', NULL),
(671, 'Jariya', '', 'Jariya2829@gmail.com', NULL, '2018-03-30 18:12:32', 0, 1, 5, '2018-05-31 09:46:33', '2018-05-31 09:46:33', NULL),
(672, 'Sasikarn', '', 'momay1812@gmail.com', NULL, '2018-03-30 18:12:32', 0, 1, 3, '2018-05-31 09:46:33', '2018-05-31 09:46:33', NULL),
(673, 'เตชิตา', '', 'teachita99@gmail.com', NULL, '2018-03-30 18:12:32', 0, 1, 11, '2018-05-31 09:46:33', '2018-05-31 09:46:33', NULL),
(674, 'Meena', '', 'meenakwang@gmail.com', NULL, '2018-03-30 18:12:32', 0, 1, 11, '2018-05-31 09:46:33', '2018-05-31 09:46:33', NULL),
(675, 'ดวงใจ', 'ดวงแก้ว', 'new_am_new@hotmail.co.th', NULL, '2018-03-30 18:12:32', 0, 1, 3, '2018-05-31 09:46:33', '2018-05-31 09:46:33', NULL),
(676, 'SAranya', '', 'saranya2535@hotmail.com', NULL, '2018-03-30 18:12:32', 0, 1, 5, '2018-05-31 09:46:33', '2018-05-31 09:46:33', NULL),
(677, 'ศิวนาฎ', '', 'maprang13640@hotmail.co.th', NULL, '2018-03-30 18:12:32', 0, 1, 3, '2018-05-31 09:46:33', '2018-05-31 09:46:33', NULL),
(678, 'Natthaphol', 'Uthumphirat', 'nattapoln02354@gmail.com', NULL, '2018-03-30 18:12:32', 0, 1, 8, '2018-05-31 09:46:33', '2018-05-31 09:46:33', NULL),
(679, 'ชยันต์', '', 'franksmd5@gmail.com', NULL, '2018-03-30 18:12:32', 0, 1, 8, '2018-05-31 09:46:33', '2018-05-31 09:46:33', NULL),
(680, 'Supassara', '', 'supassara.jan@gmail.com', NULL, '2018-03-30 18:12:32', 0, 1, 8, '2018-05-31 09:46:33', '2018-05-31 09:46:33', NULL),
(681, 'ปาล์มมี่', '', 'bamboo1523@gmail.com', NULL, '2018-03-30 18:12:32', 0, 1, 3, '2018-05-31 09:46:33', '2018-05-31 09:46:33', NULL),
(682, 'มนตรี', '', 'tochiro_bom@windowslive.com', NULL, '2018-03-30 18:12:32', 0, 1, 11, '2018-05-31 09:46:33', '2018-05-31 09:46:33', NULL),
(683, 'นิรดา', 'นารนาท', 'mayudaa@hotmail.com', NULL, '2018-03-30 18:12:32', 0, 1, 16, '2018-05-31 09:46:33', '2018-05-31 09:46:33', NULL),
(684, 'Nink', '', 'ningswn@hotmail.com', NULL, '2018-03-30 18:12:32', 0, 1, 3, '2018-05-31 09:46:33', '2018-05-31 09:46:33', NULL),
(685, 'ธนัชพร', '', 'ttongsem@gmeil.com', NULL, '2018-03-30 18:12:32', 0, 1, 11, '2018-05-31 09:46:33', '2018-05-31 09:46:33', NULL),
(686, 'กัลยกร', '', 'kanyakorn.office@gmail.com', NULL, '2018-03-30 18:12:32', 0, 1, 3, '2018-05-31 09:46:33', '2018-05-31 09:46:33', NULL),
(687, 'ภคกุล', 'วงษ์แก้ว', 'pakakuleing@gmail.com', NULL, '2018-03-30 18:12:32', 0, 1, 8, '2018-05-31 09:46:33', '2018-05-31 09:46:33', NULL),
(688, 'เบญญาภา', '', 'bell_rakung@hotmail.com', NULL, '2018-03-30 18:12:32', 0, 1, 8, '2018-05-31 09:46:33', '2018-05-31 09:46:33', NULL),
(689, 'Ploy', '', 'ploy@hotmail.com', NULL, '2018-03-30 18:12:32', 0, 1, 20, '2018-05-31 09:46:33', '2018-05-31 09:46:33', NULL),
(690, 'หยก', '', 'baiyok.baiyok79@gmail.com', NULL, '2018-03-30 18:12:32', 0, 1, 3, '2018-05-31 09:46:33', '2018-05-31 09:46:33', NULL),
(691, 'ปวีณา', '', 'jimmy_bline@hotmail.com', NULL, '2018-03-30 18:12:32', 0, 1, 11, '2018-05-31 09:46:33', '2018-05-31 09:46:33', NULL),
(692, 'P', '', 'kop@hotmail.com', NULL, '2018-03-30 18:12:32', 0, 1, 20, '2018-05-31 09:46:33', '2018-05-31 09:46:33', NULL),
(693, 'สุนันทา', '', 'sntatnan1234@gmail.com', NULL, '2018-03-30 18:12:32', 0, 1, 4, '2018-05-31 09:46:33', '2018-05-31 09:46:33', NULL),
(694, 'ภคนันท์', 'ริยะวงค์', 'htfkfkk122@gmail.com', NULL, '2018-03-30 18:12:32', 0, 1, 8, '2018-05-31 09:46:33', '2018-05-31 09:46:33', NULL),
(695, 'Uuu', '', 'jarensak156@gmail.com', NULL, '2018-03-30 18:12:32', 0, 1, 15, '2018-05-31 09:46:33', '2018-05-31 09:46:33', NULL),
(696, 'wantana', '', 'mintmartedi1@gmail.com', NULL, '2018-03-30 18:12:32', 0, 1, 8, '2018-05-31 09:46:33', '2018-05-31 09:46:33', NULL),
(697, 'ณัฐชา', '', 'eyezza2541@outlook.com', NULL, '2018-03-30 18:12:32', 0, 1, 15, '2018-05-31 09:46:33', '2018-05-31 09:46:33', NULL),
(698, 'Charm', '', 'cham_tm@hotmail.com', NULL, '2018-03-30 18:12:32', 0, 1, 11, '2018-05-31 09:46:33', '2018-05-31 09:46:33', NULL),
(699, 'ซารีนา', 'มูเก็ม', 'sareena608@gmail.com', NULL, '2018-03-30 18:12:32', 0, 1, 4, '2018-05-31 09:46:33', '2018-05-31 09:46:33', NULL),
(700, 'samart', '', 'samart.wiriya@gmail.com', NULL, '2018-03-30 18:12:32', 0, 1, 11, '2018-05-31 09:46:33', '2018-05-31 09:46:33', NULL),
(701, 'น้องกร', '', 'patakornyim@gmail.com', NULL, '2018-03-30 18:12:32', 0, 1, 11, '2018-05-31 09:46:33', '2018-05-31 09:46:33', NULL),
(702, 'เมย์', '', 'Banana.2540tan@gmail.com', NULL, '2018-03-30 18:12:32', 0, 1, 3, '2018-05-31 09:46:33', '2018-05-31 09:46:33', NULL),
(703, 'Chadarat', '', 'Chadarat1989@hotmail.com', NULL, '2018-03-30 18:12:32', 0, 1, 18, '2018-05-31 09:46:33', '2018-05-31 09:46:33', NULL),
(704, 'Patt', '', 'p_t@yahoo.com', NULL, '2018-03-30 18:12:32', 0, 1, 15, '2018-05-31 09:46:33', '2018-05-31 09:46:33', NULL),
(705, 'Bright', '', 'bright.kamonporn@gmail.com', NULL, '2018-03-30 18:12:32', 0, 1, 8, '2018-05-31 09:46:33', '2018-05-31 09:46:33', NULL),
(706, 'Wongwaran', '', 'p.kant_liverpool@hotmail.co.th', NULL, '2018-03-30 18:12:32', 0, 1, 11, '2018-05-31 09:46:33', '2018-05-31 09:46:33', NULL),
(707, 'ภานุวัฒน์', '', 'perfectgod@hotmail.co.th', NULL, '2018-03-30 18:12:32', 0, 1, 11, '2018-05-31 09:46:33', '2018-05-31 09:46:33', NULL),
(708, 'Kanyanat', '', 'phomjad@gmail.com', NULL, '2018-03-30 18:12:32', 0, 1, 3, '2018-05-31 09:46:33', '2018-05-31 09:46:33', NULL),
(709, 'สุ', 'ณีย์', 'wi_-fz@hotmail.com', NULL, '2018-03-30 18:12:32', 0, 1, 3, '2018-05-31 09:46:33', '2018-05-31 09:46:33', NULL),
(710, 'ภัคจิรา', '', 'cream.ice@hotmail.com', NULL, '2018-03-30 18:12:32', 0, 1, 3, '2018-05-31 09:46:34', '2018-05-31 09:46:34', NULL),
(711, 'บานา', 'ลียา', 'romikey_blackhole@hotmail.com', NULL, '2018-03-30 18:12:32', 0, 1, 11, '2018-05-31 09:46:34', '2018-05-31 09:46:34', NULL),
(712, 'วราภรณ์', 'จายไธสงค์', 'Chaithaisong1818@gmail.com', NULL, '2018-03-30 18:12:32', 0, 1, 4, '2018-05-31 09:46:34', '2018-05-31 09:46:34', NULL),
(713, 'ชญาณิน', 'ปะทิ', 'chayanin-38@outlook.co.th', NULL, '2018-03-30 18:12:32', 0, 1, 3, '2018-05-31 09:46:34', '2018-05-31 09:46:34', NULL),
(714, 'napat', '', 'wonder-nukkhun@hotmail.com', NULL, '2018-03-30 18:12:32', 0, 1, 11, '2018-05-31 09:46:34', '2018-05-31 09:46:34', NULL),
(715, 'วิรินภรณ์', '', 'raisin.grace1112@gmail.com', NULL, '2018-03-30 18:12:32', 0, 1, 8, '2018-05-31 09:46:34', '2018-05-31 09:46:34', NULL),
(716, 'เมษา', '', 'mangehuy_@hotmail.com', NULL, '2018-03-30 18:12:32', 0, 1, 5, '2018-05-31 09:46:34', '2018-05-31 09:46:34', NULL),
(717, 'กัมพล', '', 'kumphol.ph@gmail.com', NULL, '2018-03-30 18:12:32', 0, 1, 8, '2018-05-31 09:46:34', '2018-05-31 09:46:34', NULL),
(718, 'ชลธิชา', '', 'Chonticha38742@gmail.com', NULL, '2018-03-30 18:12:32', 0, 1, 3, '2018-05-31 09:46:34', '2018-05-31 09:46:34', NULL),
(719, 'เนตรนภา', '', 'sorry_lovelyblue@hotmail.com', NULL, '2018-03-30 18:12:32', 0, 1, 17, '2018-05-31 09:46:34', '2018-05-31 09:46:34', NULL),
(720, 'วรรณภา', '', 'japanzabra@gmail.com', NULL, '2018-03-30 18:12:32', 0, 1, 11, '2018-05-31 09:46:34', '2018-05-31 09:46:34', NULL),
(721, 'วรวรรณ', '', 'worawan591@gmail.com', NULL, '2018-03-30 18:12:32', 0, 1, 22, '2018-05-31 09:46:34', '2018-05-31 09:46:34', NULL),
(722, 'Aratee', '', 'lovekai35@hotmail.com', NULL, '2018-03-30 18:12:32', 0, 1, 19, '2018-05-31 09:46:34', '2018-05-31 09:46:34', NULL),
(723, 'tonkhao', '', 'catty.tktk@gmail.com', NULL, '2018-03-30 18:12:32', 0, 1, 9, '2018-05-31 09:46:34', '2018-05-31 09:46:34', NULL),
(724, 'กี้', '', 'nootjareepookky@gmail.com', NULL, '2018-03-30 18:12:32', 0, 1, 4, '2018-05-31 09:46:34', '2018-05-31 09:46:34', NULL),
(725, 'นายณัฐวุฒิ', 'พลอยศรี', 'Natthawutp.1989@gmail.com', NULL, '2018-03-30 18:12:32', 0, 1, 3, '2018-05-31 09:46:34', '2018-05-31 09:46:34', NULL),
(726, 'Panithi', 'Aiamsamang', 'panithi.aiam3@gmail.com', NULL, '2018-03-30 18:12:32', 0, 1, 15, '2018-05-31 09:46:34', '2018-05-31 09:46:34', NULL),
(727, 'จรัญ', 'สายแวว', 'jaran.ndd@gmail.com', NULL, '2018-03-30 18:12:32', 0, 1, 11, '2018-05-31 09:46:34', '2018-05-31 09:46:34', NULL),
(728, 'Kan', '', 'ruecha_gun@hotmail.com', NULL, '2018-03-30 18:12:32', 0, 1, 11, '2018-05-31 09:46:34', '2018-05-31 09:46:34', NULL),
(729, 'สุทิวัส', 'โพธิ์ประสาท', 'osaka_best@hotmail.com', NULL, '2018-03-30 18:12:32', 0, 1, 15, '2018-05-31 09:46:34', '2018-05-31 09:46:34', NULL),
(730, 'Saisawan', 'bunsomchit', 'saisawan.b@gmail.com', NULL, '2018-03-30 18:12:32', 0, 1, 9, '2018-05-31 09:46:34', '2018-05-31 09:46:34', NULL),
(731, 'มลิวัลย์', 'ไพบูลย์', 'maliwanpaiboon@gmail.com', NULL, '2018-03-30 18:12:32', 0, 1, 3, '2018-05-31 09:46:34', '2018-05-31 09:46:34', NULL),
(732, 'นิตยา', '', 'nuimuk.7@ail.com', NULL, '2018-03-30 18:12:32', 0, 1, 14, '2018-05-31 09:46:34', '2018-05-31 09:46:34', NULL),
(733, 'Utsana', '', 'ooy_utsana@hotmail.com', NULL, '2018-03-30 18:12:32', 0, 1, 11, '2018-05-31 09:46:34', '2018-05-31 09:46:34', NULL),
(734, 'พิมพ์ลภัส', 'ลายปักษี', 'kafe-21@hotmail.com', NULL, '2018-03-30 18:12:32', 0, 1, 3, '2018-05-31 09:46:34', '2018-05-31 09:46:34', NULL),
(735, 'Mitchai', 'pinnoi', 'mitchai.pinnoi@gmail.com', NULL, '2018-03-30 18:12:32', 0, 1, 3, '2018-05-31 09:46:34', '2018-05-31 09:46:34', NULL),
(736, 'Saankao', '', 'oomam_lovely@hotmail.com', NULL, '2018-03-30 18:12:32', 0, 1, 4, '2018-05-31 09:46:34', '2018-05-31 09:46:34', NULL),
(737, 'จารุณีย์', 'เสาเวียง', '570105020009@dpu.ac.th', NULL, '2018-03-30 18:12:32', 0, 1, 11, '2018-05-31 09:46:34', '2018-05-31 09:46:34', NULL);
INSERT INTO `contact` (`id`, `firstname`, `lastname`, `email`, `telephone`, `registration_date`, `is_owned`, `contact_source_id`, `channel_id`, `created_at`, `updated_at`, `deleted_at`) VALUES
(738, 'สำริด', '', 'sanidmwngwasdi@gmail.com', NULL, '2018-03-30 18:12:32', 0, 1, 3, '2018-05-31 09:46:34', '2018-05-31 09:46:34', NULL),
(739, 'suchada', 'mo5abun', 'wuchada0108@hotmail.com', NULL, '2018-03-30 18:12:32', 0, 1, 8, '2018-05-31 09:46:34', '2018-05-31 09:46:34', NULL),
(740, 'สุภานันท์', '', 'kaofang0987@gmail.com', NULL, '2018-03-30 18:12:32', 0, 1, 14, '2018-05-31 09:46:34', '2018-05-31 09:46:34', NULL),
(741, 'พัชราภรณ์', '', 'earnpinta000@gmail.com', NULL, '2018-03-30 18:12:32', 0, 1, 3, '2018-05-31 09:46:34', '2018-05-31 09:46:34', NULL),
(742, 'ยวิษฐา', '', 'wineyavitthars@gmail.com', NULL, '2018-03-30 18:12:32', 0, 1, 9, '2018-05-31 09:46:34', '2018-05-31 09:46:34', NULL),
(743, 'จิรวรรณ', '', 'mai.haadyaicity@gmail.com', NULL, '2018-03-30 18:12:32', 0, 1, 3, '2018-05-31 09:46:34', '2018-05-31 09:46:34', NULL),
(744, 'อำนวย', '', 'tanatorn_qq@hotmail.com', NULL, '2018-03-30 18:12:32', 0, 1, 17, '2018-05-31 09:46:34', '2018-05-31 09:46:34', NULL),
(745, 'ยายเต๊าะ', '', 'tohjira@hotmail.com', NULL, '2018-03-30 18:12:32', 0, 1, 3, '2018-05-31 09:46:34', '2018-05-31 09:46:34', NULL),
(746, 'น้อย', '', 'noynoy2219@gmil.com', NULL, '2018-03-30 18:12:32', 0, 1, 3, '2018-05-31 09:46:34', '2018-05-31 09:46:34', NULL),
(747, 'จุฑามาศ', '', 'auijuthamas@gmail.com', NULL, '2018-03-30 18:12:32', 0, 1, 3, '2018-05-31 09:46:34', '2018-05-31 09:46:34', NULL),
(748, 'รัชนี', 'รักษ์ศรีทอง', 'rat-rak@hotmail.com', NULL, '2018-03-30 18:12:32', 0, 1, 3, '2018-05-31 09:46:34', '2018-05-31 09:46:34', NULL),
(749, 'อรกมล', 'แซ่เลียว', 'oocreamoo24@hotmail.com', NULL, '2018-03-30 18:12:32', 0, 1, 17, '2018-05-31 09:46:34', '2018-05-31 09:46:34', NULL),
(750, 'บริหาร', '', 'jengcrub@hotmail.com', NULL, '2018-03-30 18:12:32', 0, 1, 11, '2018-05-31 09:46:34', '2018-05-31 09:46:34', NULL),
(751, 'phet', '', 'kim_mymelody@hotmail.com', NULL, '2018-03-30 18:12:32', 0, 1, 8, '2018-05-31 09:46:34', '2018-05-31 09:46:34', NULL),
(752, 'วิลา', 'สิ้นยาน', 'mook_mk_2009@hotmail.com', NULL, '2018-03-30 18:12:32', 0, 1, 8, '2018-05-31 09:46:34', '2018-05-31 09:46:34', NULL),
(753, 'โอมศิลา', '', 'Aomsila_555@hotmail.com', NULL, '2018-03-30 18:12:32', 0, 1, 11, '2018-05-31 09:46:34', '2018-05-31 09:46:34', NULL),
(754, 'วรรณา', '', 'wa_nap@hotmail.com', NULL, '2018-03-30 18:12:32', 0, 1, 11, '2018-05-31 09:46:34', '2018-05-31 09:46:34', NULL),
(755, 'ศุกภกร', '', 'nana-air@hotmail.com', NULL, '2018-03-30 18:12:32', 0, 1, 5, '2018-05-31 09:46:34', '2018-05-31 09:46:34', NULL),
(756, 'นางสาวอาภรณ์', '', 'aewdonkhoi.07062540@gmail.com', NULL, '2018-03-30 18:12:32', 0, 1, 11, '2018-05-31 09:46:34', '2018-05-31 09:46:34', NULL),
(757, 'นินูรูลนันท์', 'เสมอภพ', 'ni_nann@hotmail.co.th', NULL, '2018-03-30 18:12:32', 0, 1, 8, '2018-05-31 09:46:34', '2018-05-31 09:46:34', NULL),
(758, 'อมรลดา', '', 'toeyboywy2530@gmail.com', NULL, '2018-03-30 18:12:32', 0, 1, 3, '2018-05-31 09:46:34', '2018-05-31 09:46:34', NULL),
(759, 'พิมพ์', '', 'pimsaimailovemom@gmail.com', NULL, '2018-03-30 18:12:32', 0, 1, 11, '2018-05-31 09:46:34', '2018-05-31 09:46:34', NULL),
(760, 'Ploy', '', 'pailin.ploy011@gmail.com', NULL, '2018-03-30 18:12:32', 0, 1, 3, '2018-05-31 09:46:34', '2018-05-31 09:46:34', NULL),
(761, 'ทัศณี', '', 'tassanee123noi@gmail.com', NULL, '2018-03-30 18:12:32', 0, 1, 3, '2018-05-31 09:46:34', '2018-05-31 09:46:34', NULL),
(762, 'วรรณภา', '', 'rumjaiwannapa@gmail.com', NULL, '2018-03-30 18:12:32', 0, 1, 3, '2018-05-31 09:46:34', '2018-05-31 09:46:34', NULL),
(763, 'พัชรพร', 'คันยานุสิทธิ์', 'mimeat2931@gmail.com', NULL, '2018-03-30 18:12:32', 0, 1, 11, '2018-05-31 09:46:34', '2018-05-31 09:46:34', NULL),
(764, 'Pornpawee', '', 'ph.pornpawee@gmail.com', NULL, '2018-03-30 18:12:32', 0, 1, 19, '2018-05-31 09:46:34', '2018-05-31 09:46:34', NULL),
(765, 'Sirakrit', '', 'sirakrit@hotmail.com', NULL, '2018-03-30 18:12:32', 0, 1, 8, '2018-05-31 09:46:34', '2018-05-31 09:46:34', NULL),
(766, 'อั๋น', '', 'undaloveyou@hotmail.com', NULL, '2018-03-30 18:12:32', 0, 1, 11, '2018-05-31 09:46:34', '2018-05-31 09:46:34', NULL),
(767, 'กวิตา', '', 'lamin.kawita@gmail.com', NULL, '2018-03-30 18:12:32', 0, 1, 18, '2018-05-31 09:46:34', '2018-05-31 09:46:34', NULL),
(768, 'สุชาครีย์', 'ประกอบเพียร', 'suchakeee@gmail.com', NULL, '2018-03-30 18:12:32', 0, 1, 19, '2018-05-31 09:46:34', '2018-05-31 09:46:34', NULL),
(769, 'dada', '', 'phatsada2011@gmail.com', NULL, '2018-03-30 18:12:32', 0, 1, 3, '2018-05-31 09:46:34', '2018-05-31 09:46:34', NULL),
(770, 'ภัคจิรา', '', 'pakjira.3711@gmail.com', NULL, '2018-03-30 18:12:32', 0, 1, 5, '2018-05-31 09:46:34', '2018-05-31 09:46:34', NULL),
(771, 'ราตรี', '', 'hxjfjhfjdjbxh@gmail.com', NULL, '2018-03-30 18:12:32', 0, 1, 11, '2018-05-31 09:46:34', '2018-05-31 09:46:34', NULL),
(772, 'Auamduan', '', 'auamduan2012@hotmail.com', NULL, '2018-03-30 18:12:32', 0, 1, 3, '2018-05-31 09:46:34', '2018-05-31 09:46:34', NULL),
(773, 'Natthawimon', 'seesuk', 'honghongmommom1993@gmail.com', NULL, '2018-03-30 18:12:32', 0, 1, 9, '2018-05-31 09:46:34', '2018-05-31 09:46:34', NULL),
(774, 'Natthapol', '', 'nutpol.san@gmail.com', NULL, '2018-03-30 18:12:32', 0, 1, 3, '2018-05-31 09:46:34', '2018-05-31 09:46:34', NULL),
(775, 'เมธพล', 'สวนวงษ์', 'bus55210@gmail.com', NULL, '2018-03-30 18:12:32', 0, 1, 11, '2018-05-31 09:46:34', '2018-05-31 09:46:34', NULL),
(776, 'Nisakorn', '', 'passornnama@yahoo.com', NULL, '2018-03-30 18:12:32', 0, 1, 11, '2018-05-31 09:46:34', '2018-05-31 09:46:34', NULL),
(777, 'ณฐรัช', 'กิตติสุนทรากุล', 'newzisogood@gmail.com', NULL, '2018-03-30 18:12:32', 0, 1, 17, '2018-05-31 09:46:34', '2018-05-31 09:46:34', NULL),
(778, 'นิธินันท์', 'กาศโอสถ', 'game064096@gmail.com', NULL, '2018-03-30 18:12:32', 0, 1, 11, '2018-05-31 09:46:34', '2018-05-31 09:46:34', NULL),
(779, 'นิ้ง', '', 'ningnong26@gmail.com', NULL, '2018-03-30 18:12:32', 0, 1, 3, '2018-05-31 09:46:34', '2018-05-31 09:46:34', NULL),
(780, 'สุนิสา', '', 'wongpilansunisa9957@gmail.com', NULL, '2018-03-30 18:12:32', 0, 1, 4, '2018-05-31 09:46:34', '2018-05-31 09:46:34', NULL),
(781, 'มาลัย', '', 'mama_6559@hotmail.com', NULL, '2018-03-30 18:12:32', 0, 1, 11, '2018-05-31 09:46:34', '2018-05-31 09:46:34', NULL),
(782, 'เชน', '', 'you_and_me121@hotmail.com', NULL, '2018-03-30 18:12:32', 0, 1, 3, '2018-05-31 09:46:34', '2018-05-31 09:46:34', NULL),
(783, 'Sai', '', 'sai_1166@hotmail.com', NULL, '2018-03-30 18:12:32', 0, 1, 3, '2018-05-31 09:46:34', '2018-05-31 09:46:34', NULL),
(784, 'พิมพ์ชญา', 'ก้อนทอง', 'dowta2020@hotmaio.com', NULL, '2018-03-31 01:48:43', 0, 3, 24, '2018-05-31 09:46:34', '2018-05-31 09:46:34', NULL),
(785, 'จีราพร', 'ทองคำ', 'chiraphon-noo@hotmail.co.th', NULL, '2018-03-31 01:48:43', 0, 3, 6, '2018-05-31 09:46:34', '2018-05-31 09:46:34', NULL),
(786, 'กิตติภัทร', 'โลหิตไทย', 'kittipat.lohitthai@gmail.com', NULL, '2018-03-30 18:37:27', 0, 4, 7, '2018-05-31 09:46:34', '2018-05-31 09:46:34', NULL),
(787, 'Pawadee', '', 'yuiziiz_yuiziiz@hotmail.com', NULL, '2018-03-30 18:37:27', 0, 4, 7, '2018-05-31 09:46:34', '2018-05-31 09:46:34', NULL),
(788, 'สุจีภา', '', 'sujeepa7711@gmail.com', NULL, '2018-03-30 18:37:27', 0, 4, 7, '2018-05-31 09:46:34', '2018-05-31 09:46:34', NULL),
(789, 'มารียัม', '', 'mariyamdolee611@gmail.com', NULL, '2018-03-30 18:37:27', 0, 4, 7, '2018-05-31 09:46:34', '2018-05-31 09:46:34', NULL),
(790, 'นันทลักษณ์', 'สุขวิชัยมณี', 'pinkii.phung@hotmail.com', NULL, '2018-03-30 18:37:27', 0, 4, 7, '2018-05-31 09:46:34', '2018-05-31 09:46:34', NULL),
(791, 'ปิยทัศน์', '', 'champ_sae@hotmail.com', NULL, '2018-03-30 18:37:27', 0, 4, 7, '2018-05-31 09:46:34', '2018-05-31 09:46:34', NULL),
(792, 'แก้ม', '', 'sasima.doa@gmail.com', NULL, '2018-03-30 18:37:27', 0, 4, 7, '2018-05-31 09:46:34', '2018-05-31 09:46:34', NULL),
(793, 'Nuntaphorn', '', 'ningnuntaphorn@gmail.com', NULL, '2018-03-30 18:37:27', 0, 4, 25, '2018-05-31 09:46:34', '2018-05-31 09:46:34', NULL),
(794, 'Somchai', '', 'e20dzh@gmail.com', NULL, '2018-03-30 18:37:27', 0, 4, 7, '2018-05-31 09:46:34', '2018-05-31 09:46:34', NULL),
(795, 'Ngampit', '', 'nglaw_1@yahoo.com', NULL, '2018-03-30 18:37:27', 0, 4, 7, '2018-05-31 09:46:34', '2018-05-31 09:46:34', NULL),
(796, 'ชาลิดา', 'มิสอิ๊ด', 'chalida.nda@gmail.cpm', NULL, '2018-03-30 18:37:27', 0, 4, 7, '2018-05-31 09:46:34', '2018-05-31 09:46:34', NULL),
(797, 'Kanokon', '', 'pooky_love555@hotmail.com', NULL, '2018-03-30 18:37:27', 0, 4, 7, '2018-05-31 09:46:34', '2018-05-31 09:46:34', NULL),
(798, 'Primarry', '', 'primarry@outlook.com', NULL, '2018-03-30 18:37:27', 0, 4, 26, '2018-05-31 09:46:34', '2018-05-31 09:46:34', NULL),
(799, 'ศิริรัตน์', '', 'sirirat1998@gmail.com', NULL, '2018-03-30 18:37:27', 0, 4, 27, '2018-05-31 09:46:34', '2018-05-31 09:46:34', NULL),
(800, 'Nova', '', 'w.senapak@hotmail.com', NULL, '2018-03-30 18:37:27', 0, 4, 26, '2018-05-31 09:46:34', '2018-05-31 09:46:34', NULL),
(801, 'ณัฐธัญรดา', 'บาระมี', 'ddt_baramee@hotmail.com', NULL, '2018-03-30 18:37:27', 0, 4, 25, '2018-05-31 09:46:34', '2018-05-31 09:46:34', NULL),
(802, 'Sasisom', '', 'sasisom.m@gmail.com', NULL, '2018-03-30 18:37:27', 0, 4, 25, '2018-05-31 09:46:34', '2018-05-31 09:46:34', NULL),
(803, 'ราตรี', '', 'subkongsang@gmail.com', NULL, '2018-03-30 18:37:27', 0, 4, 7, '2018-05-31 09:46:34', '2018-05-31 09:46:34', NULL),
(804, 'User1', '', 'user1@topica.com', NULL, '2018-03-30 18:12:32', 0, 1, 3, '2018-06-01 07:16:37', '2018-06-01 07:16:37', NULL),
(805, 'User2', '', 'user2@topica.com', NULL, '2018-03-30 18:12:32', 0, 1, 4, '2018-06-01 07:16:37', '2018-06-01 07:16:37', NULL),
(806, 'User3', '', 'user3@topica.com', NULL, '2018-03-30 18:12:32', 0, 1, 5, '2018-06-01 07:16:37', '2018-06-01 07:16:37', NULL),
(807, 'User4', '', 'user4@topica.com', NULL, '2018-03-30 18:12:32', 0, 1, 3, '2018-06-01 07:16:37', '2018-06-01 07:16:37', NULL),
(808, 'User5', '', 'user5@topica.com', NULL, '2018-03-30 18:12:32', 0, 3, 6, '2018-06-01 07:16:37', '2018-06-01 07:16:37', NULL),
(809, 'User6', '', 'user6@topica.com', NULL, '2018-03-30 18:12:32', 0, 4, 7, '2018-06-01 07:16:37', '2018-06-01 07:16:37', NULL);

-- --------------------------------------------------------

--
-- Table structure for table `contact_course`
--

CREATE TABLE `contact_course` (
  `id` int(11) NOT NULL,
  `contact_id` int(11) NOT NULL,
  `user_id` int(11) NOT NULL,
  `course_id` int(11) NOT NULL,
  `is_half_paid` int(1) NOT NULL DEFAULT 0,
  `is_paid` tinyint(1) NOT NULL DEFAULT 0,
  `course_price` int(11) NOT NULL,
  `level_id` int(11) NOT NULL,
  `created_at` datetime DEFAULT NULL,
  `updated_at` datetime DEFAULT NULL,
  `deleted_at` datetime DEFAULT NULL
) ENGINE=InnoDB DEFAULT CHARSET=utf8;

--
-- Dumping data for table `contact_course`
--

INSERT INTO `contact_course` (`id`, `contact_id`, `user_id`, `course_id`, `is_half_paid`, `is_paid`, `course_price`, `level_id`, `created_at`, `updated_at`, `deleted_at`) VALUES
(1, 359, 26, 2, 0, 1, 20000, 8, '2018-06-06 00:00:00', '2018-06-06 00:00:00', NULL),
(2, 36, 24, 1, 0, 1, 10000, 8, '2018-06-03 00:00:00', '2018-06-03 00:00:00', NULL),
(3, 52, 24, 1, 0, 1, 10000, 8, '2018-06-05 00:00:00', '2018-06-05 00:00:00', NULL),
(4, 164, 25, 1, 0, 1, 10000, 8, '2018-06-03 00:00:00', '2018-06-03 00:00:00', NULL),
(5, 462, 22, 2, 0, 1, 20000, 8, '2018-06-02 00:00:00', '2018-06-02 00:00:00', NULL),
(6, 684, 22, 1, 0, 1, 10000, 8, '2018-06-06 00:00:00', '2018-06-06 00:00:00', NULL),
(7, 623, 25, 2, 0, 1, 20000, 8, '2018-06-04 00:00:00', '2018-06-04 00:00:00', NULL),
(8, 536, 23, 1, 0, 1, 10000, 8, '2018-06-06 00:00:00', '2018-06-06 00:00:00', NULL),
(9, 299, 22, 2, 0, 1, 20000, 8, '2018-05-31 00:00:00', '2018-05-31 00:00:00', NULL),
(10, 161, 23, 1, 0, 1, 10000, 8, '2018-06-07 00:00:00', '2018-06-07 00:00:00', NULL),
(11, 374, 22, 1, 0, 1, 10000, 8, '2018-06-02 00:00:00', '2018-06-02 00:00:00', NULL),
(12, 174, 24, 2, 0, 1, 20000, 8, '2018-05-31 00:00:00', '2018-05-31 00:00:00', NULL),
(13, 157, 26, 1, 0, 1, 10000, 8, '2018-05-31 00:00:00', '2018-05-31 00:00:00', NULL),
(14, 676, 23, 2, 0, 1, 20000, 8, '2018-06-07 00:00:00', '2018-06-07 00:00:00', NULL),
(15, 202, 24, 2, 0, 1, 20000, 8, '2018-06-04 00:00:00', '2018-06-04 00:00:00', NULL),
(16, 504, 26, 1, 0, 1, 10000, 8, '2018-06-04 00:00:00', '2018-06-04 00:00:00', NULL),
(17, 254, 26, 2, 0, 1, 20000, 8, '2018-06-04 00:00:00', '2018-06-04 00:00:00', NULL),
(18, 140, 22, 2, 0, 1, 20000, 8, '2018-06-01 00:00:00', '2018-06-01 00:00:00', NULL),
(19, 464, 26, 1, 0, 1, 10000, 8, '2018-06-03 00:00:00', '2018-06-03 00:00:00', NULL),
(20, 191, 23, 1, 0, 1, 10000, 8, '2018-06-06 00:00:00', '2018-06-06 00:00:00', NULL),
(21, 24, 24, 2, 0, 1, 20000, 8, '2018-06-02 00:00:00', '2018-06-02 00:00:00', NULL),
(22, 797, 26, 1, 0, 1, 10000, 8, '2018-06-05 00:00:00', '2018-06-05 00:00:00', NULL),
(23, 455, 27, 2, 0, 1, 20000, 8, '2018-06-03 00:00:00', '2018-06-03 00:00:00', NULL),
(24, 463, 30, 1, 0, 1, 10000, 8, '2018-06-04 00:00:00', '2018-06-04 00:00:00', NULL),
(25, 239, 27, 2, 0, 1, 20000, 8, '2018-06-01 00:00:00', '2018-06-01 00:00:00', NULL),
(26, 660, 28, 1, 0, 1, 10000, 8, '2018-06-05 00:00:00', '2018-06-05 00:00:00', NULL),
(27, 741, 26, 2, 0, 1, 20000, 8, '2018-06-02 00:00:00', '2018-06-02 00:00:00', NULL),
(28, 777, 28, 2, 0, 1, 20000, 8, '2018-05-31 00:00:00', '2018-05-31 00:00:00', NULL),
(29, 634, 23, 2, 0, 1, 20000, 8, '2018-06-07 00:00:00', '2018-06-07 00:00:00', NULL),
(30, 690, 30, 2, 0, 1, 20000, 8, '2018-06-01 00:00:00', '2018-06-01 00:00:00', NULL),
(31, 411, 25, 1, 0, 1, 10000, 8, '2018-06-01 00:00:00', '2018-06-01 00:00:00', NULL),
(32, 668, 26, 1, 0, 1, 10000, 8, '2018-06-02 00:00:00', '2018-06-02 00:00:00', NULL),
(33, 426, 27, 2, 0, 1, 20000, 8, '2018-06-01 00:00:00', '2018-06-01 00:00:00', NULL),
(34, 541, 31, 2, 0, 1, 20000, 8, '2018-06-06 00:00:00', '2018-06-06 00:00:00', NULL),
(35, 585, 22, 2, 0, 1, 20000, 8, '2018-06-06 00:00:00', '2018-06-06 00:00:00', NULL),
(36, 634, 28, 1, 0, 1, 10000, 8, '2018-06-01 00:00:00', '2018-06-01 00:00:00', NULL),
(37, 707, 25, 1, 0, 1, 10000, 8, '2018-06-01 00:00:00', '2018-06-01 00:00:00', NULL),
(38, 104, 24, 1, 0, 1, 10000, 8, '2018-05-31 00:00:00', '2018-05-31 00:00:00', NULL),
(39, 727, 25, 1, 0, 1, 10000, 8, '2018-06-03 00:00:00', '2018-06-03 00:00:00', NULL),
(40, 480, 26, 1, 0, 1, 10000, 8, '2018-06-04 00:00:00', '2018-06-04 00:00:00', NULL),
(41, 633, 27, 1, 0, 1, 10000, 8, '2018-06-01 00:00:00', '2018-06-01 00:00:00', NULL),
(42, 496, 27, 1, 0, 1, 10000, 8, '2018-06-03 00:00:00', '2018-06-03 00:00:00', NULL),
(43, 102, 26, 2, 0, 1, 20000, 8, '2018-06-07 00:00:00', '2018-06-07 00:00:00', NULL),
(44, 693, 27, 2, 0, 1, 20000, 8, '2018-06-05 00:00:00', '2018-06-05 00:00:00', NULL),
(45, 182, 24, 1, 0, 1, 10000, 8, '2018-06-04 00:00:00', '2018-06-04 00:00:00', NULL),
(46, 611, 28, 2, 0, 1, 20000, 8, '2018-06-02 00:00:00', '2018-06-02 00:00:00', NULL),
(47, 139, 29, 2, 0, 1, 20000, 8, '2018-06-01 00:00:00', '2018-06-01 00:00:00', NULL),
(48, 511, 31, 2, 0, 1, 20000, 8, '2018-05-31 00:00:00', '2018-05-31 00:00:00', NULL),
(49, 662, 30, 1, 0, 1, 10000, 8, '2018-06-04 00:00:00', '2018-06-04 00:00:00', NULL),
(50, 755, 26, 2, 0, 1, 20000, 8, '2018-06-05 00:00:00', '2018-06-05 00:00:00', NULL),
(51, 336, 30, 1, 0, 1, 10000, 8, '2018-05-31 00:00:00', '2018-05-31 00:00:00', NULL),
(52, 792, 25, 2, 0, 1, 20000, 8, '2018-05-31 00:00:00', '2018-05-31 00:00:00', NULL),
(53, 507, 30, 1, 0, 1, 10000, 8, '2018-06-05 00:00:00', '2018-06-05 00:00:00', NULL),
(54, 674, 27, 1, 0, 1, 10000, 8, '2018-06-07 00:00:00', '2018-06-07 00:00:00', NULL),
(55, 287, 25, 1, 0, 1, 10000, 8, '2018-06-06 00:00:00', '2018-06-06 00:00:00', NULL),
(56, 136, 22, 2, 0, 1, 20000, 8, '2018-06-07 00:00:00', '2018-06-07 00:00:00', NULL),
(57, 289, 29, 1, 0, 1, 10000, 8, '2018-06-02 00:00:00', '2018-06-02 00:00:00', NULL),
(58, 597, 25, 2, 0, 1, 20000, 8, '2018-06-01 00:00:00', '2018-06-01 00:00:00', NULL),
(59, 21, 27, 1, 0, 1, 10000, 8, '2018-06-02 00:00:00', '2018-06-02 00:00:00', NULL),
(60, 248, 22, 1, 0, 1, 10000, 8, '2018-05-31 00:00:00', '2018-05-31 00:00:00', NULL),
(61, 347, 24, 1, 0, 1, 10000, 8, '2018-06-01 00:00:00', '2018-06-01 00:00:00', NULL),
(62, 394, 23, 2, 0, 1, 20000, 8, '2018-06-01 00:00:00', '2018-06-01 00:00:00', NULL),
(63, 663, 31, 1, 0, 1, 10000, 8, '2018-06-05 00:00:00', '2018-06-05 00:00:00', NULL),
(64, 107, 23, 2, 0, 1, 20000, 8, '2018-06-01 00:00:00', '2018-06-01 00:00:00', NULL),
(65, 294, 31, 1, 0, 1, 10000, 8, '2018-06-05 00:00:00', '2018-06-05 00:00:00', NULL),
(66, 85, 26, 2, 0, 1, 20000, 8, '2018-06-03 00:00:00', '2018-06-03 00:00:00', NULL),
(67, 442, 26, 1, 0, 1, 10000, 8, '2018-06-01 00:00:00', '2018-06-01 00:00:00', NULL),
(68, 580, 30, 1, 0, 1, 10000, 8, '2018-06-06 00:00:00', '2018-06-06 00:00:00', NULL),
(69, 734, 30, 1, 0, 1, 10000, 8, '2018-06-02 00:00:00', '2018-06-02 00:00:00', NULL),
(70, 558, 26, 1, 0, 1, 10000, 8, '2018-06-01 00:00:00', '2018-06-01 00:00:00', NULL),
(71, 250, 29, 1, 0, 1, 10000, 8, '2018-06-07 00:00:00', '2018-06-07 00:00:00', NULL),
(72, 372, 29, 2, 0, 1, 20000, 8, '2018-06-02 00:00:00', '2018-06-02 00:00:00', NULL),
(73, 356, 27, 2, 0, 1, 20000, 8, '2018-05-31 00:00:00', '2018-05-31 00:00:00', NULL),
(74, 312, 23, 1, 0, 1, 10000, 8, '2018-06-02 00:00:00', '2018-06-02 00:00:00', NULL),
(75, 116, 28, 1, 0, 1, 10000, 8, '2018-06-02 00:00:00', '2018-06-02 00:00:00', NULL),
(76, 238, 28, 2, 0, 1, 20000, 8, '2018-06-05 00:00:00', '2018-06-05 00:00:00', NULL),
(77, 608, 25, 2, 0, 1, 20000, 8, '2018-06-01 00:00:00', '2018-06-01 00:00:00', NULL),
(78, 374, 24, 1, 0, 1, 10000, 8, '2018-06-03 00:00:00', '2018-06-03 00:00:00', NULL),
(79, 204, 31, 1, 0, 1, 10000, 8, '2018-06-01 00:00:00', '2018-06-01 00:00:00', NULL),
(80, 450, 24, 2, 0, 1, 20000, 8, '2018-06-04 00:00:00', '2018-06-04 00:00:00', NULL),
(81, 680, 30, 2, 0, 1, 20000, 8, '2018-06-03 00:00:00', '2018-06-03 00:00:00', NULL),
(82, 702, 27, 2, 0, 1, 20000, 8, '2018-06-07 00:00:00', '2018-06-07 00:00:00', NULL),
(83, 134, 28, 2, 0, 1, 20000, 8, '2018-06-05 00:00:00', '2018-06-05 00:00:00', NULL),
(84, 68, 28, 1, 0, 1, 10000, 8, '2018-06-05 00:00:00', '2018-06-05 00:00:00', NULL),
(85, 698, 25, 1, 0, 1, 10000, 8, '2018-06-07 00:00:00', '2018-06-07 00:00:00', NULL),
(86, 740, 30, 1, 0, 1, 10000, 8, '2018-06-05 00:00:00', '2018-06-05 00:00:00', NULL),
(87, 470, 23, 2, 0, 1, 20000, 8, '2018-05-31 00:00:00', '2018-05-31 00:00:00', NULL),
(88, 768, 28, 2, 0, 1, 20000, 8, '2018-06-05 00:00:00', '2018-06-05 00:00:00', NULL),
(89, 375, 26, 1, 0, 1, 10000, 8, '2018-06-06 00:00:00', '2018-06-06 00:00:00', NULL),
(90, 174, 25, 2, 0, 1, 20000, 8, '2018-06-02 00:00:00', '2018-06-02 00:00:00', NULL),
(91, 679, 24, 1, 0, 1, 10000, 8, '2018-05-31 00:00:00', '2018-05-31 00:00:00', NULL),
(92, 760, 30, 2, 0, 1, 20000, 8, '2018-06-06 00:00:00', '2018-06-06 00:00:00', NULL),
(93, 75, 31, 1, 0, 1, 10000, 8, '2018-05-31 00:00:00', '2018-05-31 00:00:00', NULL),
(94, 414, 28, 1, 0, 1, 10000, 8, '2018-06-06 00:00:00', '2018-06-06 00:00:00', NULL),
(95, 204, 30, 1, 0, 1, 10000, 8, '2018-05-31 00:00:00', '2018-05-31 00:00:00', NULL),
(96, 444, 31, 2, 0, 1, 20000, 8, '2018-06-05 00:00:00', '2018-06-05 00:00:00', NULL),
(97, 758, 30, 1, 0, 1, 10000, 8, '2018-05-31 00:00:00', '2018-05-31 00:00:00', NULL),
(98, 381, 25, 1, 0, 1, 10000, 8, '2018-06-02 00:00:00', '2018-06-02 00:00:00', NULL),
(99, 627, 22, 1, 0, 1, 10000, 8, '2018-05-31 00:00:00', '2018-05-31 00:00:00', NULL),
(100, 164, 26, 2, 0, 1, 20000, 8, '2018-06-03 00:00:00', '2018-06-03 00:00:00', NULL),
(101, 80, 24, 1, 0, 1, 10000, 8, '2018-06-01 00:00:00', '2018-06-01 00:00:00', NULL),
(102, 312, 28, 1, 0, 1, 10000, 8, '2018-06-02 00:00:00', '2018-06-02 00:00:00', NULL),
(103, 308, 22, 2, 0, 1, 20000, 8, '2018-05-31 00:00:00', '2018-05-31 00:00:00', NULL),
(104, 665, 22, 2, 0, 1, 20000, 8, '2018-06-05 00:00:00', '2018-06-05 00:00:00', NULL),
(105, 625, 24, 2, 0, 1, 20000, 8, '2018-06-04 00:00:00', '2018-06-04 00:00:00', NULL),
(106, 104, 24, 1, 0, 1, 10000, 8, '2018-06-03 00:00:00', '2018-06-03 00:00:00', NULL),
(107, 292, 25, 2, 0, 1, 20000, 8, '2018-06-05 00:00:00', '2018-06-05 00:00:00', NULL),
(108, 85, 28, 1, 0, 1, 10000, 8, '2018-06-07 00:00:00', '2018-06-07 00:00:00', NULL),
(109, 47, 25, 1, 0, 1, 10000, 8, '2018-05-31 00:00:00', '2018-05-31 00:00:00', NULL),
(110, 655, 29, 1, 0, 1, 10000, 8, '2018-06-02 00:00:00', '2018-06-02 00:00:00', NULL),
(111, 282, 24, 2, 0, 1, 20000, 8, '2018-06-02 00:00:00', '2018-06-02 00:00:00', NULL),
(112, 89, 31, 1, 0, 1, 10000, 8, '2018-06-04 00:00:00', '2018-06-04 00:00:00', NULL),
(113, 594, 29, 1, 0, 1, 10000, 8, '2018-05-31 00:00:00', '2018-05-31 00:00:00', NULL),
(114, 21, 29, 1, 0, 1, 10000, 8, '2018-06-04 00:00:00', '2018-06-04 00:00:00', NULL),
(115, 192, 27, 2, 0, 1, 20000, 8, '2018-06-03 00:00:00', '2018-06-03 00:00:00', NULL),
(116, 514, 29, 2, 0, 1, 20000, 8, '2018-06-05 00:00:00', '2018-06-05 00:00:00', NULL),
(117, 763, 31, 2, 0, 1, 20000, 8, '2018-06-05 00:00:00', '2018-06-05 00:00:00', NULL),
(118, 41, 26, 1, 0, 1, 10000, 8, '2018-06-06 00:00:00', '2018-06-06 00:00:00', NULL),
(119, 291, 29, 2, 0, 1, 20000, 8, '2018-05-31 00:00:00', '2018-05-31 00:00:00', NULL),
(120, 148, 29, 2, 0, 1, 20000, 8, '2018-06-06 00:00:00', '2018-06-06 00:00:00', NULL),
(121, 162, 25, 1, 0, 1, 10000, 8, '2018-06-06 00:00:00', '2018-06-06 00:00:00', NULL),
(122, 189, 27, 1, 0, 1, 10000, 8, '2018-06-01 00:00:00', '2018-06-01 00:00:00', NULL),
(123, 495, 27, 1, 0, 1, 10000, 8, '2018-06-04 00:00:00', '2018-06-04 00:00:00', NULL),
(124, 154, 27, 1, 0, 1, 10000, 8, '2018-06-02 00:00:00', '2018-06-02 00:00:00', NULL),
(125, 223, 25, 1, 0, 1, 10000, 8, '2018-06-02 00:00:00', '2018-06-02 00:00:00', NULL),
(126, 104, 24, 1, 0, 1, 10000, 8, '2018-06-05 00:00:00', '2018-06-05 00:00:00', NULL),
(127, 281, 25, 1, 0, 1, 10000, 8, '2018-06-02 00:00:00', '2018-06-02 00:00:00', NULL),
(128, 586, 30, 1, 0, 1, 10000, 8, '2018-06-03 00:00:00', '2018-06-03 00:00:00', NULL),
(129, 2, 29, 2, 0, 1, 20000, 8, '2018-06-05 00:00:00', '2018-06-05 00:00:00', NULL),
(130, 806, 31, 1, 0, 1, 10000, 8, '2018-06-02 00:00:00', '2018-06-02 00:00:00', NULL),
(131, 69, 22, 2, 0, 1, 20000, 8, '2018-06-07 00:00:00', '2018-06-07 00:00:00', NULL),
(132, 482, 24, 1, 0, 1, 10000, 8, '2018-05-31 00:00:00', '2018-05-31 00:00:00', NULL),
(133, 230, 30, 1, 0, 1, 10000, 8, '2018-06-02 00:00:00', '2018-06-02 00:00:00', NULL),
(134, 480, 30, 2, 0, 1, 20000, 8, '2018-06-06 00:00:00', '2018-06-06 00:00:00', NULL),
(135, 109, 26, 2, 0, 1, 20000, 8, '2018-06-07 00:00:00', '2018-06-07 00:00:00', NULL),
(136, 263, 22, 2, 0, 1, 20000, 8, '2018-06-05 00:00:00', '2018-06-05 00:00:00', NULL),
(137, 552, 29, 1, 0, 1, 10000, 8, '2018-05-31 00:00:00', '2018-05-31 00:00:00', NULL),
(138, 460, 25, 1, 0, 1, 10000, 8, '2018-06-02 00:00:00', '2018-06-02 00:00:00', NULL),
(139, 645, 22, 2, 0, 1, 20000, 8, '2018-06-01 00:00:00', '2018-06-01 00:00:00', NULL),
(140, 300, 24, 2, 0, 1, 20000, 8, '2018-06-01 00:00:00', '2018-06-01 00:00:00', NULL),
(141, 481, 26, 2, 0, 1, 20000, 8, '2018-06-01 00:00:00', '2018-06-01 00:00:00', NULL),
(142, 64, 31, 2, 0, 1, 20000, 8, '2018-06-03 00:00:00', '2018-06-03 00:00:00', NULL),
(143, 43, 29, 1, 0, 1, 10000, 8, '2018-05-31 00:00:00', '2018-05-31 00:00:00', NULL),
(144, 539, 29, 2, 0, 1, 20000, 8, '2018-06-02 00:00:00', '2018-06-02 00:00:00', NULL),
(145, 392, 22, 2, 0, 1, 20000, 8, '2018-06-03 00:00:00', '2018-06-03 00:00:00', NULL),
(146, 387, 29, 2, 0, 1, 20000, 8, '2018-06-07 00:00:00', '2018-06-07 00:00:00', NULL),
(147, 403, 24, 2, 0, 1, 20000, 8, '2018-05-31 00:00:00', '2018-05-31 00:00:00', NULL),
(148, 635, 27, 2, 0, 1, 20000, 8, '2018-05-31 00:00:00', '2018-05-31 00:00:00', NULL),
(149, 725, 25, 2, 0, 1, 20000, 8, '2018-06-04 00:00:00', '2018-06-04 00:00:00', NULL),
(150, 142, 25, 1, 0, 1, 10000, 8, '2018-06-05 00:00:00', '2018-06-05 00:00:00', NULL),
(151, 332, 22, 2, 0, 1, 20000, 8, '2018-06-06 00:00:00', '2018-06-06 00:00:00', NULL),
(152, 349, 28, 1, 0, 1, 10000, 8, '2018-06-04 00:00:00', '2018-06-04 00:00:00', NULL),
(153, 306, 24, 1, 0, 1, 10000, 8, '2018-06-02 00:00:00', '2018-06-02 00:00:00', NULL),
(154, 625, 28, 1, 0, 1, 10000, 8, '2018-06-06 00:00:00', '2018-06-06 00:00:00', NULL),
(155, 605, 29, 2, 0, 1, 20000, 8, '2018-06-01 00:00:00', '2018-06-01 00:00:00', NULL),
(156, 406, 29, 2, 0, 1, 20000, 8, '2018-06-01 00:00:00', '2018-06-01 00:00:00', NULL),
(157, 804, 25, 2, 0, 1, 20000, 8, '2018-06-01 00:00:00', '2018-06-01 00:00:00', NULL),
(158, 780, 24, 2, 0, 1, 20000, 8, '2018-06-07 00:00:00', '2018-06-07 00:00:00', NULL),
(159, 359, 26, 2, 0, 1, 20000, 8, '2018-06-02 00:00:00', '2018-06-02 00:00:00', NULL),
(160, 175, 27, 1, 0, 1, 10000, 8, '2018-06-03 00:00:00', '2018-06-03 00:00:00', NULL),
(161, 455, 26, 1, 0, 1, 10000, 8, '2018-06-01 00:00:00', '2018-06-01 00:00:00', NULL),
(162, 551, 28, 2, 0, 1, 20000, 8, '2018-06-04 00:00:00', '2018-06-04 00:00:00', NULL),
(163, 47, 27, 1, 0, 1, 10000, 8, '2018-06-07 00:00:00', '2018-06-07 00:00:00', NULL),
(164, 690, 28, 2, 0, 1, 20000, 8, '2018-06-07 00:00:00', '2018-06-07 00:00:00', NULL),
(165, 275, 28, 2, 0, 1, 20000, 8, '2018-06-03 00:00:00', '2018-06-03 00:00:00', NULL),
(166, 789, 22, 1, 0, 1, 10000, 8, '2018-06-06 00:00:00', '2018-06-06 00:00:00', NULL),
(167, 341, 28, 1, 0, 1, 10000, 8, '2018-06-03 00:00:00', '2018-06-03 00:00:00', NULL),
(168, 654, 23, 2, 0, 1, 20000, 8, '2018-06-07 00:00:00', '2018-06-07 00:00:00', NULL),
(169, 744, 25, 1, 0, 1, 10000, 8, '2018-06-03 00:00:00', '2018-06-03 00:00:00', NULL),
(170, 566, 25, 1, 0, 1, 10000, 8, '2018-06-02 00:00:00', '2018-06-02 00:00:00', NULL),
(171, 44, 26, 1, 0, 1, 10000, 8, '2018-06-01 00:00:00', '2018-06-01 00:00:00', NULL),
(172, 443, 30, 1, 0, 1, 10000, 8, '2018-06-07 00:00:00', '2018-06-07 00:00:00', NULL),
(173, 754, 22, 2, 0, 1, 20000, 8, '2018-06-03 00:00:00', '2018-06-03 00:00:00', NULL),
(174, 210, 31, 2, 0, 1, 20000, 8, '2018-06-06 00:00:00', '2018-06-06 00:00:00', NULL),
(175, 137, 24, 1, 0, 1, 10000, 8, '2018-06-03 00:00:00', '2018-06-03 00:00:00', NULL),
(176, 667, 31, 2, 0, 1, 20000, 8, '2018-06-04 00:00:00', '2018-06-04 00:00:00', NULL),
(177, 598, 23, 1, 0, 1, 10000, 8, '2018-06-05 00:00:00', '2018-06-05 00:00:00', NULL),
(178, 67, 27, 1, 0, 1, 10000, 8, '2018-06-03 00:00:00', '2018-06-03 00:00:00', NULL),
(179, 434, 25, 2, 0, 1, 20000, 8, '2018-06-07 00:00:00', '2018-06-07 00:00:00', NULL),
(180, 477, 23, 1, 0, 1, 10000, 8, '2018-06-05 00:00:00', '2018-06-05 00:00:00', NULL),
(181, 130, 24, 1, 0, 1, 10000, 8, '2018-06-07 00:00:00', '2018-06-07 00:00:00', NULL),
(182, 490, 26, 2, 0, 1, 20000, 8, '2018-06-03 00:00:00', '2018-06-03 00:00:00', NULL),
(183, 638, 27, 2, 0, 1, 20000, 8, '2018-06-04 00:00:00', '2018-06-04 00:00:00', NULL),
(184, 752, 31, 1, 0, 1, 10000, 8, '2018-06-03 00:00:00', '2018-06-03 00:00:00', NULL),
(185, 507, 24, 1, 0, 1, 10000, 8, '2018-06-03 00:00:00', '2018-06-03 00:00:00', NULL),
(186, 509, 22, 2, 0, 1, 20000, 8, '2018-06-01 00:00:00', '2018-06-01 00:00:00', NULL),
(187, 59, 29, 2, 0, 1, 20000, 8, '2018-06-05 00:00:00', '2018-06-05 00:00:00', NULL),
(188, 60, 24, 1, 0, 1, 10000, 8, '2018-06-04 00:00:00', '2018-06-04 00:00:00', NULL),
(189, 193, 28, 1, 0, 1, 10000, 8, '2018-06-06 00:00:00', '2018-06-06 00:00:00', NULL),
(190, 295, 28, 2, 0, 1, 20000, 8, '2018-06-05 00:00:00', '2018-06-05 00:00:00', NULL),
(191, 727, 27, 1, 0, 1, 10000, 8, '2018-06-02 00:00:00', '2018-06-02 00:00:00', NULL),
(192, 592, 25, 2, 0, 1, 20000, 8, '2018-06-04 00:00:00', '2018-06-04 00:00:00', NULL),
(193, 760, 29, 1, 0, 1, 10000, 8, '2018-06-04 00:00:00', '2018-06-04 00:00:00', NULL),
(194, 294, 24, 2, 0, 1, 20000, 8, '2018-06-05 00:00:00', '2018-06-05 00:00:00', NULL),
(195, 629, 23, 2, 0, 1, 20000, 8, '2018-06-01 00:00:00', '2018-06-01 00:00:00', NULL),
(196, 387, 23, 1, 0, 1, 10000, 8, '2018-06-02 00:00:00', '2018-06-02 00:00:00', NULL),
(197, 310, 27, 2, 0, 1, 20000, 8, '2018-06-07 00:00:00', '2018-06-07 00:00:00', NULL),
(198, 150, 27, 2, 0, 1, 20000, 8, '2018-06-07 00:00:00', '2018-06-07 00:00:00', NULL),
(199, 637, 25, 2, 0, 1, 20000, 8, '2018-06-04 00:00:00', '2018-06-04 00:00:00', NULL),
(200, 142, 26, 2, 0, 1, 20000, 8, '2018-06-07 00:00:00', '2018-06-07 00:00:00', NULL),
(201, 559, 27, 2, 0, 1, 20000, 8, '2018-06-06 00:00:00', '2018-06-06 00:00:00', NULL);

-- --------------------------------------------------------

--
-- Table structure for table `contact_source`
--

CREATE TABLE `contact_source` (
  `id` int(11) NOT NULL,
  `name` varchar(100) DEFAULT NULL,
  `created_at` datetime DEFAULT NULL,
  `updated_at` datetime DEFAULT NULL,
  `deleted_at` datetime DEFAULT NULL
) ENGINE=InnoDB DEFAULT CHARSET=utf8;

--
-- Dumping data for table `contact_source`
--

INSERT INTO `contact_source` (`id`, `name`, `created_at`, `updated_at`, `deleted_at`) VALUES
(1, 'Facebook', '2018-05-21 00:00:00', '2018-05-21 00:00:00', NULL),
(2, 'Google', '2018-05-21 00:00:00', '2018-05-21 00:00:00', NULL),
(3, 'GA', '2018-05-24 12:43:08', '2018-05-24 12:43:08', NULL),
(4, 'Social', '2018-05-24 12:43:08', '2018-05-24 12:43:08', NULL),
(5, 'TEMP', '2018-05-24 13:32:33', '2018-05-24 13:32:33', NULL);

-- --------------------------------------------------------

--
-- Table structure for table `course`
--

CREATE TABLE `course` (
  `id` int(11) NOT NULL,
  `name` varchar(200) NOT NULL,
  `description` varchar(255) NOT NULL,
  `course_price_id` int(11) NOT NULL,
  `created_at` datetime DEFAULT NULL,
  `updated_at` datetime DEFAULT NULL,
  `deleted_at` datetime DEFAULT NULL
) ENGINE=InnoDB DEFAULT CHARSET=utf8;

--
-- Dumping data for table `course`
--

INSERT INTO `course` (`id`, `name`, `description`, `course_price_id`, `created_at`, `updated_at`, `deleted_at`) VALUES
(1, 'course 1', 'course 1', 1, '2018-05-29 00:00:00', '2018-05-29 00:00:00', NULL),
(2, 'course 2', 'course 2', 2, '2018-05-29 00:00:00', '2018-05-29 00:00:00', NULL);

-- --------------------------------------------------------

--
-- Table structure for table `course_price`
--

CREATE TABLE `course_price` (
  `id` int(11) NOT NULL,
  `name` varchar(100) NOT NULL,
  `description` varchar(255) NOT NULL,
  `price` int(11) NOT NULL,
  `course_id` int(11) NOT NULL,
  `created_at` datetime DEFAULT NULL,
  `updated_at` datetime DEFAULT NULL,
  `deleted_at` datetime DEFAULT NULL
) ENGINE=InnoDB DEFAULT CHARSET=utf8;

--
-- Dumping data for table `course_price`
--

INSERT INTO `course_price` (`id`, `name`, `description`, `price`, `course_id`, `created_at`, `updated_at`, `deleted_at`) VALUES
(1, 'Price 1', 'Price 1', 10000, 1, '2018-05-28 00:00:00', '2018-05-28 00:00:00', NULL),
(2, 'Price 2', 'Price 2', 20000, 2, '2018-05-28 00:00:00', '2018-05-28 00:00:00', NULL);

-- --------------------------------------------------------

--
-- Table structure for table `email_template`
--

CREATE TABLE `email_template` (
  `id` int(11) NOT NULL
) ENGINE=InnoDB DEFAULT CHARSET=utf8;

-- --------------------------------------------------------

--
-- Table structure for table `file`
--

CREATE TABLE `file` (
  `id` int(11) NOT NULL,
  `name` varchar(100) NOT NULL,
  `path` varchar(255) NOT NULL,
  `created_at` datetime DEFAULT NULL,
  `updated_at` datetime DEFAULT NULL,
  `deleted_at` datetime DEFAULT NULL
) ENGINE=InnoDB DEFAULT CHARSET=utf8;

--
-- Dumping data for table `file`
--

INSERT INTO `file` (`id`, `name`, `path`, `created_at`, `updated_at`, `deleted_at`) VALUES
(74, '$2y$10$ANzSkACYsgTL/atY/blOsOaMcGXq.buKbwdGrzOwfqZ/s1jLKHftW.xlsx', '/Users/Diablo/Work/laravel/NTL/www/_system/storage/app/public', '2018-05-24 12:56:21', '2018-05-24 12:56:21', NULL),
(75, '$2y$10$hsRx0v2zVMSpHlN495/yW.C6qbV.EX/OCyr0UiiSTGfoqnZJO1zQG.xlsx', '/Users/Diablo/Work/laravel/NTL/www/_system/storage/app/public', '2018-05-24 12:57:39', '2018-05-24 12:57:39', NULL),
(76, '$2y$10$nwH1bpaGIw0h5L2t8coSkeSwGZf6mp.E5oS6Oh881fZ3OGR3.kJTW.xlsx', '/Users/Diablo/Work/laravel/NTL/www/_system/storage/app/public', '2018-05-24 12:59:43', '2018-05-24 12:59:43', NULL),
(77, '$2y$10$e8LheGCoBGwnRm3S/bACVea2nsVbKwZwM0U2VbCxKU/gj4o0qk0SO.xlsx', '/Users/Diablo/Work/laravel/NTL/www/_system/storage/app/public/2018/05', '2018-05-24 13:22:22', '2018-05-24 13:22:22', NULL),
(78, '$2y$10$s9eAu0Ny04WRqTbXVoESe.VK4epyaw.Q0Xcnnu0OZqFHj1AjM/tu..xlsx', '/Users/Diablo/Work/laravel/NTL/www/_system/storage/app/public/2018/05', '2018-05-24 13:24:22', '2018-05-24 13:24:22', NULL),
(79, '$2y$10$/McePAgw4.d8Eh4nbk0B/uvXdE65U3AiS32LaTAet/W7P/vmhuzYu.xlsx', '/Users/Diablo/Work/laravel/NTL/www/_system/storage/app/public/2018/05', '2018-05-24 13:26:32', '2018-05-24 13:26:32', NULL),
(80, '$2y$10$kZlSANNb81yTlzhDLxTDNO82guoD5ihQqI.Yhb0JtdEAmYvg75iFm.xlsx', '/Users/Diablo/Work/laravel/NTL/www/_system/storage/app/public/2018/05', '2018-05-24 13:31:17', '2018-05-24 13:31:17', NULL),
(81, '$2y$10$cKL6rT5LIGzOA0KS2mjFr.iqm4KlLDwwiuSazF0/CqJzIRedkJkX2.xlsx', '/Users/Diablo/Work/laravel/NTL/www/_system/storage/app/public/2018/05', '2018-05-24 13:32:10', '2018-05-24 13:32:10', NULL),
(82, '$2y$10$Ylt5uWJ6M48jv8A6wZrT/OeJ1Tbk5yJ.dg2ut19uYCoveyq0EaUrO.xlsx', '/Users/Diablo/Work/laravel/NTL/www/_system/storage/app/public/2018/05', '2018-05-24 13:32:33', '2018-05-24 13:32:33', NULL),
(83, '$2y$10$Nm2Ux1h94sghVVNX5plE3.C6Hj4Oru7r39yFUwheoTKRS98qCrDiO.xlsx', '/Users/Diablo/Work/laravel/NTL/www/_system/storage/app/public/2018/05', '2018-05-24 13:34:25', '2018-05-24 13:34:25', NULL),
(84, '$2y$10$L.VnBAlsyclMsvogkIOzWORg/fns6.9N5k1I0Iea6o/OAZYHkn5KO.xlsx', '/Users/Diablo/Work/laravel/NTL/www/_system/storage/app/public/2018/05', '2018-05-24 13:35:14', '2018-05-24 13:35:14', NULL),
(85, '$2y$10$vufsGx64bosRsyI8vuzVquEo9HSYCHT0rnr6U/gr.7dH3d3MUMPM..xlsx', '/Users/Diablo/Work/laravel/NTL/www/_system/storage/app/public/2018/05', '2018-05-24 13:35:55', '2018-05-24 13:35:55', NULL),
(86, '$2y$10$N3poqtlhoRVJIRd6vEzfI.piKEEKHD72ZZqcI2YLXkydeAnUboF4K.xlsx', '/Users/Diablo/Work/laravel/NTL/www/_system/storage/app/public/2018/05', '2018-05-24 13:36:28', '2018-05-24 13:36:28', NULL),
(87, '$2y$10$qQDotjlmMjkg00h54meo6exu9d/jHfQ2i0OR6mlGiyZpcyBg1Ynz2.xlsx', '/Users/Diablo/Work/laravel/NTL/www/_system/storage/app/public/2018/05', '2018-05-24 13:44:25', '2018-05-24 13:44:25', NULL),
(88, '$2y$10$sbyZTxxIl.PWaA2.yZgbWuexmRq3Pj/Fp3St1ix.vEZKO8NN42ObK.xlsx', '/Users/Diablo/Work/laravel/NTL/www/_system/storage/app/public/2018/05', '2018-05-31 08:26:21', '2018-05-31 08:26:21', NULL),
(89, '$2y$10$Qg65IImSlYKA1j0ooOKage61q1SZI8Vug/1Y7H.nFGIp7aWtC9CMq.xlsx', '/Users/Diablo/Work/laravel/NTL/www/_system/storage/app/public/2018/05', '2018-05-31 08:27:01', '2018-05-31 08:27:01', NULL),
(90, '$2y$10$c4NamGVLP1SPS6pQsPiDQOsYgTEnxruFfOXRGoSZFOs7UTNR9WSy6.xlsx', '/Users/Diablo/Work/laravel/NTL/www/_system/storage/app/public/2018/05', '2018-05-31 08:27:42', '2018-05-31 08:27:42', NULL),
(91, '$2y$10$Nh9f4n.ZCS/GZxDR4COMY.ZV39hBAqx6xTFAQwHYpvP5pxn6AJGWu.xlsx', '/Users/Diablo/Work/laravel/NTL/www/_system/storage/app/public/2018/05', '2018-05-31 08:27:49', '2018-05-31 08:27:49', NULL),
(92, '$2y$10$fs5IUj.4Y3gM1QsYbciwIutkd8Ryt/8YY8vN2wl1tdWumLJDr5bVi.xlsx', '/Users/Diablo/Work/laravel/NTL/www/_system/storage/app/public/2018/05', '2018-05-31 08:28:08', '2018-05-31 08:28:08', NULL),
(93, '$2y$10$Wo7vZs39olnLH.vz4IIl3etdL84sP6b7n837uYn2oYMHvDEL0bvBa.xlsx', '/Users/Diablo/Work/laravel/NTL/www/_system/storage/app/public/2018/05', '2018-05-31 08:32:48', '2018-05-31 08:32:48', NULL),
(94, '$2y$10$19DmxKHkeLmJg8ViVjjxeeQs/u2QeXboXpm2NKUkyVmrrB.gALgtm.xlsx', '/Users/Diablo/Work/laravel/NTL/www/_system/storage/app/public/2018/05', '2018-05-31 08:36:00', '2018-05-31 08:36:00', NULL),
(95, '$2y$10$33/oOIqOowOqB1opkPfOpeR08vDByDJ0Kok24bAV372tZR6PoKLHG.xlsx', '/Users/Diablo/Work/laravel/NTL/www/_system/storage/app/public/2018/05', '2018-05-31 08:37:50', '2018-05-31 08:37:50', NULL),
(96, '$2y$10$CHDXi8I9phiyiRFNSDUqfu4lFZvqHJcn8Pm/VJbVjW30MINgcDzRG.xlsx', '/Users/Diablo/Work/laravel/NTL/www/_system/storage/app/public/2018/05', '2018-05-31 08:39:17', '2018-05-31 08:39:17', NULL),
(97, '$2y$10$Alxxi4EDsklLTgIHX2QgL.K51Kdq8hLKhE/d0JcTWNl7FB4suEDTa.xlsx', '/Users/Diablo/Work/laravel/NTL/www/_system/storage/app/public/2018/05', '2018-05-31 08:43:11', '2018-05-31 08:43:11', NULL),
(98, '$2y$10$83.sw/QiF9Ftk1S3aDmjqeFiLEyART.EQ6EUnN9j3qz1EH1TXK6ky.xlsx', '/Users/Diablo/Work/laravel/NTL/www/_system/storage/app/public/2018/05', '2018-05-31 08:44:11', '2018-05-31 08:44:11', NULL),
(99, '$2y$10$E6osNZrU7FoJeuV0g5nrm.yp4sUJiqDUYVuH0sTPGQfLwF8Z2jwtq.xlsx', '/Users/Diablo/Work/laravel/NTL/www/_system/storage/app/public/2018/05', '2018-05-31 08:45:40', '2018-05-31 08:45:40', NULL),
(100, '$2y$10$S2oHwyenvjZ4LmLPkoeL0efEVFlgoRTKSHN8PiWu2TfD0U2PPuEam.xlsx', '/Users/Diablo/Work/laravel/NTL/www/_system/storage/app/public/2018/05', '2018-05-31 08:46:33', '2018-05-31 08:46:33', NULL),
(101, '$2y$10$oWQOcuz5M39OqU2.0j5XlOXeqTgLNDngbevL0JJDnCkH6ALNFa8Ym.xlsx', '/Users/Diablo/Work/laravel/NTL/www/_system/storage/app/public/2018/05', '2018-05-31 08:47:13', '2018-05-31 08:47:13', NULL),
(102, '$2y$10$rzuMw5FvP1ePbpizj.POQ.eBufV8qCyHLs/.GRGyq/yjGo8i7CmJC.xlsx', '/Users/Diablo/Work/laravel/NTL/www/_system/storage/app/public/2018/05', '2018-05-31 08:49:26', '2018-05-31 08:49:26', NULL),
(103, '$2y$10$4XNZANFi3QShN9dcIBwNiOW7hJsP.n9iCwyIVriRogFtzkT1Zza/u.xlsx', '/Users/Diablo/Work/laravel/NTL/www/_system/storage/app/public/2018/05', '2018-05-31 08:50:28', '2018-05-31 08:50:28', NULL),
(104, '$2y$10$lPjky0WotdC9KM18E01TtOY5OvPK.CD7xZe2HyK0DUaKtEi6HJ8ye.xlsx', '/Users/Diablo/Work/laravel/NTL/www/_system/storage/app/public/2018/05', '2018-05-31 08:51:29', '2018-05-31 08:51:29', NULL),
(105, '$2y$10$5XFItF2N4U8Xladwi/7PSO/Fqi8gblOX7NZY9WZq3RU/srdXsrxXu.xlsx', '/Users/Diablo/Work/laravel/NTL/www/_system/storage/app/public/2018/05', '2018-05-31 08:52:37', '2018-05-31 08:52:37', NULL),
(106, '$2y$10$7BzsSfrIFoPjs0HqhHldzOVRCGUrTEgO2yjc92daPpuB3g6gaLkNe.xlsx', '/Users/Diablo/Work/laravel/NTL/www/_system/storage/app/public/2018/05', '2018-05-31 08:53:26', '2018-05-31 08:53:26', NULL),
(107, '$2y$10$y2bPpkY34dl0sUoHU9l50uCftUM1bDDGz6a1wa1UJsrIa6Ygs3sRK.xlsx', '/Users/Diablo/Work/laravel/NTL/www/_system/storage/app/public/2018/05', '2018-05-31 08:54:44', '2018-05-31 08:54:44', NULL),
(108, '$2y$10$4G2rEihyoR3WmTyqxJdEGOomdD6eaVLG2einburZjWtbXsU/4epr..xlsx', '/Users/Diablo/Work/laravel/NTL/www/_system/storage/app/public/2018/05', '2018-05-31 08:55:29', '2018-05-31 08:55:29', NULL),
(109, '$2y$10$Taf3NPeccXrmYy2XChjdP.4Vk4nEK8WCIbkVuEwMVzED5F67oD2wC.xlsx', '/Users/Diablo/Work/laravel/NTL/www/_system/storage/app/public/2018/05', '2018-05-31 08:56:27', '2018-05-31 08:56:27', NULL),
(110, '$2y$10$tczj5ytNF/XuAAqN1W01x.ao6Q.lq015yOslO2hZxVsVeFWgkKdgi.xlsx', '/Users/Diablo/Work/laravel/NTL/www/_system/storage/app/public/2018/05', '2018-05-31 08:56:54', '2018-05-31 08:56:54', NULL),
(111, '$2y$10$ULdJTZZ6CjBdbyn19.QmHunjXBodDWqJJWpe7hLUDK48iksydY7tC.xlsx', '/Users/Diablo/Work/laravel/NTL/www/_system/storage/app/public/2018/05', '2018-05-31 08:57:53', '2018-05-31 08:57:53', NULL),
(112, '$2y$10$.aGzwv5EBUeL.WyBQD2uKeeu7RBhESGKSyv3CdKG4h9OycgyfmmCe.xlsx', '/Users/Diablo/Work/laravel/NTL/www/_system/storage/app/public/2018/05', '2018-05-31 08:58:13', '2018-05-31 08:58:13', NULL),
(113, '$2y$10$wSHlHQonS0rTi159sDL96OOO4Dvb9QCao/fQ5oUGMBwFhdXB3TlJm.xlsx', '/Users/Diablo/Work/laravel/NTL/www/_system/storage/app/public/2018/05', '2018-05-31 09:00:14', '2018-05-31 09:00:14', NULL),
(114, '$2y$10$pAZJn/OqNG7cEb3QGOgyBuezbelmbqr6c0vZpu9QYiuoZ2b8vc.i6.xlsx', '/Users/Diablo/Work/laravel/NTL/www/_system/storage/app/public/2018/05', '2018-05-31 09:00:50', '2018-05-31 09:00:50', NULL),
(115, '$2y$10$cWrLzp.K8N4ZjzBANmKDdOzwtrNoU8G9CHz6wLMtn1Z8droq09CSO.xlsx', '/Users/Diablo/Work/laravel/NTL/www/_system/storage/app/public/2018/05', '2018-05-31 09:01:10', '2018-05-31 09:01:10', NULL),
(116, '$2y$10$X6X1RrGRWlYe2L.NiEeaDuWK8N3FhD949ip7EqN/vxSpVmrU..0/W.xlsx', '/Users/Diablo/Work/laravel/NTL/www/_system/storage/app/public/2018/05', '2018-05-31 09:02:18', '2018-05-31 09:02:18', NULL),
(117, '$2y$10$.Li01HW9fdBQIRHz8wiP7e9QaPWjP9H3nX1x.Y/nUotNuhymtNuQi.xlsx', '/Users/Diablo/Work/laravel/NTL/www/_system/storage/app/public/2018/05', '2018-05-31 09:02:57', '2018-05-31 09:02:57', NULL),
(118, '$2y$10$DmrkyX3Wi7I09brTb.5e0OzVxsAoOV7j3xq4POC4sTsZ5Kt.N/Zy..xlsx', '/Users/Diablo/Work/laravel/NTL/www/_system/storage/app/public/2018/05', '2018-05-31 09:03:29', '2018-05-31 09:03:29', NULL),
(119, '$2y$10$ZSrd3rTbfWZrcJLZRChYO.PUNK0RJWT9QrBzKseGk3M1nKWLl0jNm.xlsx', '/Users/Diablo/Work/laravel/NTL/www/_system/storage/app/public/2018/05', '2018-05-31 09:04:55', '2018-05-31 09:04:55', NULL),
(120, '$2y$10$m3NxR0yoCfccNk3kmbwEgeDjB5J10NUln4Li3uQ51FWd.z7VvQhfS.xlsx', '/Users/Diablo/Work/laravel/NTL/www/_system/storage/app/public/2018/05', '2018-05-31 09:05:25', '2018-05-31 09:05:25', NULL),
(121, '$2y$10$LzzkKVKajQHoW7FZYAq/FeR3N6ouKiNSkDwCsFLGotS0Ewx1MgZBS.xlsx', '/Users/Diablo/Work/laravel/NTL/www/_system/storage/app/public/2018/05', '2018-05-31 09:07:54', '2018-05-31 09:07:54', NULL),
(122, '$2y$10$HY3w0024Nh/gEJzP7exus.sNRsqY0eriKk3yFLE1/EggvBPwvfhsO.xlsx', '/Users/Diablo/Work/laravel/NTL/www/_system/storage/app/public/2018/05', '2018-05-31 09:08:45', '2018-05-31 09:08:45', NULL),
(123, '$2y$10$yM3p6yHMTGeROw3KPn./ZOkFeoeGy2tlUZnEX/H3u2k74w/P2nd1C.xlsx', '/Users/Diablo/Work/laravel/NTL/www/_system/storage/app/public/2018/05', '2018-05-31 09:10:17', '2018-05-31 09:10:17', NULL),
(124, '$2y$10$gz4BcAJT.0l7zBbhvtUfC.w8C8R5PBXEatBrBEY6i1cphya7CUzw6.xlsx', '/Users/Diablo/Work/laravel/NTL/www/_system/storage/app/public/2018/05', '2018-05-31 09:11:17', '2018-05-31 09:11:17', NULL),
(125, '$2y$10$4O7JJXTsHN5XoWWdtzB82uYVk7BnD7vuHHl97KXbb80v0H4TbSoIS.xlsx', '/Users/Diablo/Work/laravel/NTL/www/_system/storage/app/public/2018/05', '2018-05-31 09:12:23', '2018-05-31 09:12:23', NULL),
(126, '$2y$10$F/AsIZZJE8xEH1QbMtnZmutjia1CwB4kx17E/fkjXUTAiwt1pG8Cy.xlsx', '/Users/Diablo/Work/laravel/NTL/www/_system/storage/app/public/2018/05', '2018-05-31 09:14:36', '2018-05-31 09:14:36', NULL),
(127, '$2y$10$driJFJ6VMTSbPKvPSJBgcOXZb89Oqc1WSONv4a79Ro/sqaQyq2Trm.xlsx', '/Users/Diablo/Work/laravel/NTL/www/_system/storage/app/public/2018/05', '2018-05-31 09:15:02', '2018-05-31 09:15:02', NULL),
(128, '$2y$10$peGC8ZSeaN9k11wCn1o9PeddOHgM9Yd8gYHPsoSee8SqzvCyD3Ydm.xlsx', '/Users/Diablo/Work/laravel/NTL/www/_system/storage/app/public/2018/05', '2018-05-31 09:15:43', '2018-05-31 09:15:43', NULL),
(129, '$2y$10$XRgXaA8KMrs21GyOUxIAneNkQdbiTDMeQ9yv7xok15Ppb2rNaZxBa.xlsx', '/Users/Diablo/Work/laravel/NTL/www/_system/storage/app/public/2018/05', '2018-05-31 09:16:45', '2018-05-31 09:16:45', NULL),
(130, '$2y$10$t3rCogTq15BdnZuLqPSVy.sZdSNweBVxitxcco5ATjszkgc.cePTC.xlsx', '/Users/Diablo/Work/laravel/NTL/www/_system/storage/app/public/2018/05', '2018-05-31 09:17:07', '2018-05-31 09:17:07', NULL),
(131, '$2y$10$ocEIqjOsbnzSlpPsw6mWuuXrQspqR3sqmUCs2jCpXsANKtCr3v3My.xlsx', '/Users/Diablo/Work/laravel/NTL/www/_system/storage/app/public/2018/05', '2018-05-31 09:17:35', '2018-05-31 09:17:35', NULL),
(132, '$2y$10$y/KPGhiRGtwbOj3CoqV5Very/4wEMVb8VZ/MhJG1FHvryykw.Eerm.xlsx', '/Users/Diablo/Work/laravel/NTL/www/_system/storage/app/public/2018/05', '2018-05-31 09:18:09', '2018-05-31 09:18:09', NULL),
(133, '$2y$10$QnPC657.K9UDym9L2knCt.No0ygbnr8Ol9ZiNRv85oPghgL9he7wu.xlsx', '/Users/Diablo/Work/laravel/NTL/www/_system/storage/app/public/2018/05', '2018-05-31 09:20:12', '2018-05-31 09:20:12', NULL),
(134, '$2y$10$Nlg8nhbInk34JMyRrnpgf.Rm7e2p5lI.yukTBuCnPxiBHSWpUqUTy.xlsx', '/Users/Diablo/Work/laravel/NTL/www/_system/storage/app/public/2018/05', '2018-05-31 09:21:23', '2018-05-31 09:21:23', NULL),
(135, '$2y$10$xa21Tw1WYmALRSAtKs9Y.OQL5UF7DzPuMgTJh8Eir3Tsext7358Z6.xlsx', '/Users/Diablo/Work/laravel/NTL/www/_system/storage/app/public/2018/05', '2018-05-31 09:22:27', '2018-05-31 09:22:27', NULL),
(136, '$2y$10$2DXr8z1xIdJU/8pmYqSwkuZEtyXXq4u0HNS2Zy.0uKkaJBd1P26NW.xlsx', '/Users/Diablo/Work/laravel/NTL/www/_system/storage/app/public/2018/05', '2018-05-31 09:23:23', '2018-05-31 09:23:23', NULL),
(137, '$2y$10$/mLPJ9XiJmzrc97jp0/o5.vDYPfT.pSTygRrYc/7VlNXgQ2m/WSGG.xlsx', '/Users/Diablo/Work/laravel/NTL/www/_system/storage/app/public/2018/05', '2018-05-31 09:24:57', '2018-05-31 09:24:57', NULL),
(138, '$2y$10$./rVcxtdKqJXFdh8wpSfueUxWkjdBMXmYO4iUytCJXk.kZg9RVGwa.xlsx', '/Users/Diablo/Work/laravel/NTL/www/_system/storage/app/public/2018/05', '2018-05-31 09:27:25', '2018-05-31 09:27:25', NULL),
(139, '$2y$10$J6fPzTRihJCjuUDjP8cNc.WcDW2Lp3nj2aXa0LR2nZd.D6FMKKa7i.xlsx', '/Users/Diablo/Work/laravel/NTL/www/_system/storage/app/public/2018/05', '2018-05-31 09:27:58', '2018-05-31 09:27:58', NULL),
(140, '$2y$10$P09OWdp0NWZJ47B8WdSuaOpz9PcCSSkyA6Ug7hPfjP/ZNKq4z/HJW.xlsx', '/Users/Diablo/Work/laravel/NTL/www/_system/storage/app/public/2018/05', '2018-05-31 09:30:12', '2018-05-31 09:30:12', NULL),
(141, '$2y$10$N7v8r.Jk4Kp6/A4EsRHcgugjxynUKQtstzDw4IApgt7RpfA.2Euz6.xlsx', '/Users/Diablo/Work/laravel/NTL/www/_system/storage/app/public/2018/05', '2018-05-31 09:31:25', '2018-05-31 09:31:25', NULL),
(142, '$2y$10$KBQ4zEuUOP7HNLmX52LdR.WHEcD1nKnGFr8A4xnqQ6DhT8BytmquS.xlsx', '/Users/Diablo/Work/laravel/NTL/www/_system/storage/app/public/2018/05', '2018-05-31 09:31:43', '2018-05-31 09:31:43', NULL),
(143, '$2y$10$2gjZ1PZD3HRK7B0ZRw7YVuP5ZAlqwybzWGGLWF41h4Utzx9fNGMny.xlsx', '/Users/Diablo/Work/laravel/NTL/www/_system/storage/app/public/2018/05', '2018-05-31 09:32:31', '2018-05-31 09:32:31', NULL),
(144, '$2y$10$LEzv3Q0J0YdFg7PoNg/Zuu8Utk88CiHU2X2Hp6hBntKjDyhj5UJoa.xlsx', '/Users/Diablo/Work/laravel/NTL/www/_system/storage/app/public/2018/05', '2018-05-31 09:35:46', '2018-05-31 09:35:46', NULL),
(145, '$2y$10$7XeDl4GK.mR./oIjE1i4I.LSTg27tTbxQuFIvzuuLg4iDr6VEIVb6.xlsx', '/Users/Diablo/Work/laravel/NTL/www/_system/storage/app/public/2018/05', '2018-05-31 09:38:01', '2018-05-31 09:38:01', NULL),
(146, '$2y$10$5M924NOJaEm.5vLLOapEt.Y8Kdsu7YPxzcOiBO37EfjOXwuCr.Cai.xlsx', '/Users/Diablo/Work/laravel/NTL/www/_system/storage/app/public/2018/05', '2018-05-31 09:39:27', '2018-05-31 09:39:27', NULL),
(147, '$2y$10$LTmIVbqCMHFk3VQaAQIjguZ01tpShkqI5J//qEUMFd6vQ2eAGm/BS.xlsx', '/Users/Diablo/Work/laravel/NTL/www/_system/storage/app/public/2018/05', '2018-05-31 09:40:51', '2018-05-31 09:40:51', NULL),
(148, '$2y$10$n8zRvTjP5jUuWqi4SdrXTezR5OlkJZGaz7MPfyHJeDvQ8CBY4RTgq.xlsx', '/Users/Diablo/Work/laravel/NTL/www/_system/storage/app/public/2018/05', '2018-05-31 09:42:23', '2018-05-31 09:42:23', NULL),
(149, '$2y$10$CGLYu5kb.UBbJGFXaMXqfOwGm6uWuAZ1tOl88x/PyMtM2I.vArbTq.xlsx', '/Users/Diablo/Work/laravel/NTL/www/_system/storage/app/public/2018/05', '2018-05-31 09:43:11', '2018-05-31 09:43:11', NULL),
(150, '$2y$10$uZV/XPI.cwBDlbBZKcti4u5YCCfYR0W.Er0I0YY6C/2blcEVhyqo6.xlsx', '/Users/Diablo/Work/laravel/NTL/www/_system/storage/app/public/2018/05', '2018-05-31 09:43:52', '2018-05-31 09:43:52', NULL),
(151, '$2y$10$O.AewfM7AIoxbeZf5e3HaeIOJ4V9yCkXgDEGNDFFRd/TSXH.PVia2.xlsx', '/Users/Diablo/Work/laravel/NTL/www/_system/storage/app/public/2018/05', '2018-05-31 09:44:59', '2018-05-31 09:44:59', NULL),
(152, '$2y$10$rOWP62b051/U.0nG1baCG.GcwT09e1VqfBHxWPC4XUJ3pMZqMwrSu.xlsx', '/Users/Diablo/Work/laravel/NTL/www/_system/storage/app/public/2018/05', '2018-05-31 09:45:24', '2018-05-31 09:45:24', NULL),
(153, '$2y$10$wP7U1gzJFMtvecWQsXqTfuBikD8Dzt6dymm9Ie/06dLa8lXMLduTa.xlsx', '/Users/Diablo/Work/laravel/NTL/www/_system/storage/app/public/2018/05', '2018-05-31 09:46:00', '2018-05-31 09:46:00', NULL),
(154, '$2y$10$OwxncV23EirEAMtMcVsbue8YK8DJlu.RjB1Ipbs5YYA.cUOEHxb7q.xlsx', '/Users/Diablo/Work/laravel/NTL/www/_system/storage/app/public/2018/05', '2018-05-31 09:46:29', '2018-05-31 09:46:29', NULL),
(155, '$2y$10$s7WeFzkMk/QvImlDX7NuYuvvirI6tonDAUwmyfCqqEo/to3TVVqrW.xlsx', '/Users/Diablo/Work/laravel/NTL/www/_system/storage/app/public/2018/05', '2018-05-31 11:17:20', '2018-05-31 11:17:20', NULL),
(156, '$2y$10$SlT6A8sRoWLQM1pH1ghFQeLv2E6Iz6zSoWn9mwJnfh3HVuD59ecXy.xlsx', '/Users/Diablo/Work/laravel/NTL/www/_system/storage/app/public/2018/05', '2018-05-31 11:18:18', '2018-05-31 11:18:18', NULL),
(157, '$2y$10$lh7GXqXxKJRokJmPYaXbNeffp3lNljE1uf083wiFOmoZnDJMQRNEG.xlsx', '/Users/Diablo/Work/laravel/NTL/www/_system/storage/app/public/2018/06', '2018-06-01 07:16:37', '2018-06-01 07:16:37', NULL),
(158, '$2y$10$TxQim56xl68jbS3zFtAaPewGZICqLESLbGMyY2c2jwJG3ZI5PZjTe.xlsx', '/Users/Diablo/Work/laravel/NTL/www/_system/storage/app/public/2018/06', '2018-06-01 07:16:58', '2018-06-01 07:16:58', NULL);

-- --------------------------------------------------------

--
-- Table structure for table `file_contact`
--

CREATE TABLE `file_contact` (
  `id` int(11) NOT NULL,
  `contact_id` int(11) NOT NULL,
  `file_id` int(11) NOT NULL,
  `created_at` datetime DEFAULT NULL,
  `updated_at` datetime DEFAULT NULL,
  `deleted_at` datetime DEFAULT NULL
) ENGINE=InnoDB DEFAULT CHARSET=utf8;

--
-- Dumping data for table `file_contact`
--

INSERT INTO `file_contact` (`id`, `contact_id`, `file_id`, `created_at`, `updated_at`, `deleted_at`) VALUES
(1, 5, 74, '2018-05-24 12:56:21', '2018-05-24 12:56:21', NULL),
(2, 6, 74, '2018-05-24 12:56:22', '2018-05-24 12:56:22', NULL),
(3, 7, 74, '2018-05-24 12:56:22', '2018-05-24 12:56:22', NULL),
(4, 8, 74, '2018-05-24 12:56:22', '2018-05-24 12:56:22', NULL),
(5, 9, 74, '2018-05-24 12:56:22', '2018-05-24 12:56:22', NULL),
(6, 10, 74, '2018-05-24 12:56:22', '2018-05-24 12:56:22', NULL),
(7, 11, 82, '2018-05-24 13:32:33', '2018-05-24 13:32:33', NULL),
(8, 12, 86, '2018-05-24 13:36:28', '2018-05-24 13:36:28', NULL),
(9, 13, 86, '2018-05-24 13:36:28', '2018-05-24 13:36:28', NULL),
(10, 14, 86, '2018-05-24 13:36:28', '2018-05-24 13:36:28', NULL),
(11, 15, 86, '2018-05-24 13:36:28', '2018-05-24 13:36:28', NULL),
(12, 16, 86, '2018-05-24 13:36:28', '2018-05-24 13:36:28', NULL),
(13, 17, 86, '2018-05-24 13:36:28', '2018-05-24 13:36:28', NULL),
(14, 18, 86, '2018-05-24 13:36:28', '2018-05-24 13:36:28', NULL),
(15, 20, 154, '2018-05-31 09:46:29', '2018-05-31 09:46:29', NULL),
(16, 21, 154, '2018-05-31 09:46:29', '2018-05-31 09:46:29', NULL),
(17, 22, 154, '2018-05-31 09:46:29', '2018-05-31 09:46:29', NULL),
(18, 23, 154, '2018-05-31 09:46:29', '2018-05-31 09:46:29', NULL),
(19, 24, 154, '2018-05-31 09:46:29', '2018-05-31 09:46:29', NULL),
(20, 25, 154, '2018-05-31 09:46:29', '2018-05-31 09:46:29', NULL),
(21, 26, 154, '2018-05-31 09:46:29', '2018-05-31 09:46:29', NULL),
(22, 27, 154, '2018-05-31 09:46:29', '2018-05-31 09:46:29', NULL),
(23, 28, 154, '2018-05-31 09:46:29', '2018-05-31 09:46:29', NULL),
(24, 29, 154, '2018-05-31 09:46:29', '2018-05-31 09:46:29', NULL),
(25, 30, 154, '2018-05-31 09:46:29', '2018-05-31 09:46:29', NULL),
(26, 31, 154, '2018-05-31 09:46:29', '2018-05-31 09:46:29', NULL),
(27, 32, 154, '2018-05-31 09:46:29', '2018-05-31 09:46:29', NULL),
(28, 33, 154, '2018-05-31 09:46:29', '2018-05-31 09:46:29', NULL),
(29, 34, 154, '2018-05-31 09:46:29', '2018-05-31 09:46:29', NULL),
(30, 35, 154, '2018-05-31 09:46:29', '2018-05-31 09:46:29', NULL),
(31, 36, 154, '2018-05-31 09:46:29', '2018-05-31 09:46:29', NULL),
(32, 37, 154, '2018-05-31 09:46:29', '2018-05-31 09:46:29', NULL),
(33, 38, 154, '2018-05-31 09:46:29', '2018-05-31 09:46:29', NULL),
(34, 39, 154, '2018-05-31 09:46:29', '2018-05-31 09:46:29', NULL),
(35, 40, 154, '2018-05-31 09:46:29', '2018-05-31 09:46:29', NULL),
(36, 41, 154, '2018-05-31 09:46:29', '2018-05-31 09:46:29', NULL),
(37, 42, 154, '2018-05-31 09:46:29', '2018-05-31 09:46:29', NULL),
(38, 43, 154, '2018-05-31 09:46:29', '2018-05-31 09:46:29', NULL),
(39, 44, 154, '2018-05-31 09:46:29', '2018-05-31 09:46:29', NULL),
(40, 45, 154, '2018-05-31 09:46:29', '2018-05-31 09:46:29', NULL),
(41, 46, 154, '2018-05-31 09:46:29', '2018-05-31 09:46:29', NULL),
(42, 47, 154, '2018-05-31 09:46:29', '2018-05-31 09:46:29', NULL),
(43, 48, 154, '2018-05-31 09:46:29', '2018-05-31 09:46:29', NULL),
(44, 49, 154, '2018-05-31 09:46:29', '2018-05-31 09:46:29', NULL),
(45, 50, 154, '2018-05-31 09:46:29', '2018-05-31 09:46:29', NULL),
(46, 51, 154, '2018-05-31 09:46:29', '2018-05-31 09:46:29', NULL),
(47, 52, 154, '2018-05-31 09:46:29', '2018-05-31 09:46:29', NULL),
(48, 53, 154, '2018-05-31 09:46:29', '2018-05-31 09:46:29', NULL),
(49, 54, 154, '2018-05-31 09:46:29', '2018-05-31 09:46:29', NULL),
(50, 55, 154, '2018-05-31 09:46:29', '2018-05-31 09:46:29', NULL),
(51, 56, 154, '2018-05-31 09:46:29', '2018-05-31 09:46:29', NULL),
(52, 57, 154, '2018-05-31 09:46:29', '2018-05-31 09:46:29', NULL),
(53, 58, 154, '2018-05-31 09:46:29', '2018-05-31 09:46:29', NULL),
(54, 59, 154, '2018-05-31 09:46:29', '2018-05-31 09:46:29', NULL),
(55, 60, 154, '2018-05-31 09:46:29', '2018-05-31 09:46:29', NULL),
(56, 61, 154, '2018-05-31 09:46:29', '2018-05-31 09:46:29', NULL),
(57, 62, 154, '2018-05-31 09:46:29', '2018-05-31 09:46:29', NULL),
(58, 63, 154, '2018-05-31 09:46:29', '2018-05-31 09:46:29', NULL),
(59, 64, 154, '2018-05-31 09:46:29', '2018-05-31 09:46:29', NULL),
(60, 65, 154, '2018-05-31 09:46:29', '2018-05-31 09:46:29', NULL),
(61, 66, 154, '2018-05-31 09:46:29', '2018-05-31 09:46:29', NULL),
(62, 67, 154, '2018-05-31 09:46:29', '2018-05-31 09:46:29', NULL),
(63, 68, 154, '2018-05-31 09:46:29', '2018-05-31 09:46:29', NULL),
(64, 69, 154, '2018-05-31 09:46:29', '2018-05-31 09:46:29', NULL),
(65, 70, 154, '2018-05-31 09:46:29', '2018-05-31 09:46:29', NULL),
(66, 71, 154, '2018-05-31 09:46:29', '2018-05-31 09:46:29', NULL),
(67, 72, 154, '2018-05-31 09:46:29', '2018-05-31 09:46:29', NULL),
(68, 73, 154, '2018-05-31 09:46:29', '2018-05-31 09:46:29', NULL),
(69, 74, 154, '2018-05-31 09:46:29', '2018-05-31 09:46:29', NULL),
(70, 75, 154, '2018-05-31 09:46:29', '2018-05-31 09:46:29', NULL),
(71, 76, 154, '2018-05-31 09:46:29', '2018-05-31 09:46:29', NULL),
(72, 77, 154, '2018-05-31 09:46:29', '2018-05-31 09:46:29', NULL),
(73, 78, 154, '2018-05-31 09:46:29', '2018-05-31 09:46:29', NULL),
(74, 79, 154, '2018-05-31 09:46:29', '2018-05-31 09:46:29', NULL),
(75, 80, 154, '2018-05-31 09:46:29', '2018-05-31 09:46:29', NULL),
(76, 81, 154, '2018-05-31 09:46:29', '2018-05-31 09:46:29', NULL),
(77, 82, 154, '2018-05-31 09:46:29', '2018-05-31 09:46:29', NULL),
(78, 83, 154, '2018-05-31 09:46:29', '2018-05-31 09:46:29', NULL),
(79, 84, 154, '2018-05-31 09:46:29', '2018-05-31 09:46:29', NULL),
(80, 85, 154, '2018-05-31 09:46:29', '2018-05-31 09:46:29', NULL),
(81, 86, 154, '2018-05-31 09:46:29', '2018-05-31 09:46:29', NULL),
(82, 87, 154, '2018-05-31 09:46:29', '2018-05-31 09:46:29', NULL),
(83, 88, 154, '2018-05-31 09:46:29', '2018-05-31 09:46:29', NULL),
(84, 89, 154, '2018-05-31 09:46:29', '2018-05-31 09:46:29', NULL),
(85, 90, 154, '2018-05-31 09:46:29', '2018-05-31 09:46:29', NULL),
(86, 91, 154, '2018-05-31 09:46:29', '2018-05-31 09:46:29', NULL),
(87, 92, 154, '2018-05-31 09:46:29', '2018-05-31 09:46:29', NULL),
(88, 93, 154, '2018-05-31 09:46:29', '2018-05-31 09:46:29', NULL),
(89, 94, 154, '2018-05-31 09:46:29', '2018-05-31 09:46:29', NULL),
(90, 95, 154, '2018-05-31 09:46:29', '2018-05-31 09:46:29', NULL),
(91, 96, 154, '2018-05-31 09:46:29', '2018-05-31 09:46:29', NULL),
(92, 97, 154, '2018-05-31 09:46:29', '2018-05-31 09:46:29', NULL),
(93, 98, 154, '2018-05-31 09:46:29', '2018-05-31 09:46:29', NULL),
(94, 99, 154, '2018-05-31 09:46:29', '2018-05-31 09:46:29', NULL),
(95, 100, 154, '2018-05-31 09:46:29', '2018-05-31 09:46:29', NULL),
(96, 101, 154, '2018-05-31 09:46:29', '2018-05-31 09:46:29', NULL),
(97, 102, 154, '2018-05-31 09:46:29', '2018-05-31 09:46:29', NULL),
(98, 103, 154, '2018-05-31 09:46:29', '2018-05-31 09:46:29', NULL),
(99, 104, 154, '2018-05-31 09:46:29', '2018-05-31 09:46:29', NULL),
(100, 105, 154, '2018-05-31 09:46:29', '2018-05-31 09:46:29', NULL),
(101, 106, 154, '2018-05-31 09:46:29', '2018-05-31 09:46:29', NULL),
(102, 107, 154, '2018-05-31 09:46:29', '2018-05-31 09:46:29', NULL),
(103, 108, 154, '2018-05-31 09:46:29', '2018-05-31 09:46:29', NULL),
(104, 109, 154, '2018-05-31 09:46:29', '2018-05-31 09:46:29', NULL),
(105, 110, 154, '2018-05-31 09:46:29', '2018-05-31 09:46:29', NULL),
(106, 111, 154, '2018-05-31 09:46:29', '2018-05-31 09:46:29', NULL),
(107, 112, 154, '2018-05-31 09:46:29', '2018-05-31 09:46:29', NULL),
(108, 113, 154, '2018-05-31 09:46:29', '2018-05-31 09:46:29', NULL),
(109, 114, 154, '2018-05-31 09:46:29', '2018-05-31 09:46:29', NULL),
(110, 115, 154, '2018-05-31 09:46:29', '2018-05-31 09:46:29', NULL),
(111, 116, 154, '2018-05-31 09:46:29', '2018-05-31 09:46:29', NULL),
(112, 117, 154, '2018-05-31 09:46:29', '2018-05-31 09:46:29', NULL),
(113, 118, 154, '2018-05-31 09:46:29', '2018-05-31 09:46:29', NULL),
(114, 119, 154, '2018-05-31 09:46:29', '2018-05-31 09:46:29', NULL),
(115, 120, 154, '2018-05-31 09:46:29', '2018-05-31 09:46:29', NULL),
(116, 121, 154, '2018-05-31 09:46:30', '2018-05-31 09:46:30', NULL),
(117, 122, 154, '2018-05-31 09:46:30', '2018-05-31 09:46:30', NULL),
(118, 123, 154, '2018-05-31 09:46:30', '2018-05-31 09:46:30', NULL),
(119, 124, 154, '2018-05-31 09:46:30', '2018-05-31 09:46:30', NULL),
(120, 125, 154, '2018-05-31 09:46:30', '2018-05-31 09:46:30', NULL),
(121, 126, 154, '2018-05-31 09:46:30', '2018-05-31 09:46:30', NULL),
(122, 127, 154, '2018-05-31 09:46:30', '2018-05-31 09:46:30', NULL),
(123, 128, 154, '2018-05-31 09:46:30', '2018-05-31 09:46:30', NULL),
(124, 129, 154, '2018-05-31 09:46:30', '2018-05-31 09:46:30', NULL),
(125, 130, 154, '2018-05-31 09:46:30', '2018-05-31 09:46:30', NULL),
(126, 131, 154, '2018-05-31 09:46:30', '2018-05-31 09:46:30', NULL),
(127, 132, 154, '2018-05-31 09:46:30', '2018-05-31 09:46:30', NULL),
(128, 133, 154, '2018-05-31 09:46:30', '2018-05-31 09:46:30', NULL),
(129, 134, 154, '2018-05-31 09:46:30', '2018-05-31 09:46:30', NULL),
(130, 135, 154, '2018-05-31 09:46:30', '2018-05-31 09:46:30', NULL),
(131, 136, 154, '2018-05-31 09:46:30', '2018-05-31 09:46:30', NULL),
(132, 137, 154, '2018-05-31 09:46:30', '2018-05-31 09:46:30', NULL),
(133, 138, 154, '2018-05-31 09:46:30', '2018-05-31 09:46:30', NULL),
(134, 139, 154, '2018-05-31 09:46:30', '2018-05-31 09:46:30', NULL),
(135, 140, 154, '2018-05-31 09:46:30', '2018-05-31 09:46:30', NULL),
(136, 141, 154, '2018-05-31 09:46:30', '2018-05-31 09:46:30', NULL),
(137, 142, 154, '2018-05-31 09:46:30', '2018-05-31 09:46:30', NULL),
(138, 143, 154, '2018-05-31 09:46:30', '2018-05-31 09:46:30', NULL),
(139, 144, 154, '2018-05-31 09:46:30', '2018-05-31 09:46:30', NULL),
(140, 145, 154, '2018-05-31 09:46:30', '2018-05-31 09:46:30', NULL),
(141, 146, 154, '2018-05-31 09:46:30', '2018-05-31 09:46:30', NULL),
(142, 147, 154, '2018-05-31 09:46:30', '2018-05-31 09:46:30', NULL),
(143, 148, 154, '2018-05-31 09:46:30', '2018-05-31 09:46:30', NULL),
(144, 149, 154, '2018-05-31 09:46:30', '2018-05-31 09:46:30', NULL),
(145, 150, 154, '2018-05-31 09:46:30', '2018-05-31 09:46:30', NULL),
(146, 151, 154, '2018-05-31 09:46:30', '2018-05-31 09:46:30', NULL),
(147, 152, 154, '2018-05-31 09:46:30', '2018-05-31 09:46:30', NULL),
(148, 153, 154, '2018-05-31 09:46:30', '2018-05-31 09:46:30', NULL),
(149, 154, 154, '2018-05-31 09:46:30', '2018-05-31 09:46:30', NULL),
(150, 155, 154, '2018-05-31 09:46:30', '2018-05-31 09:46:30', NULL),
(151, 156, 154, '2018-05-31 09:46:30', '2018-05-31 09:46:30', NULL),
(152, 157, 154, '2018-05-31 09:46:30', '2018-05-31 09:46:30', NULL),
(153, 158, 154, '2018-05-31 09:46:30', '2018-05-31 09:46:30', NULL),
(154, 159, 154, '2018-05-31 09:46:30', '2018-05-31 09:46:30', NULL),
(155, 160, 154, '2018-05-31 09:46:30', '2018-05-31 09:46:30', NULL),
(156, 161, 154, '2018-05-31 09:46:30', '2018-05-31 09:46:30', NULL),
(157, 162, 154, '2018-05-31 09:46:30', '2018-05-31 09:46:30', NULL),
(158, 163, 154, '2018-05-31 09:46:30', '2018-05-31 09:46:30', NULL),
(159, 164, 154, '2018-05-31 09:46:30', '2018-05-31 09:46:30', NULL),
(160, 165, 154, '2018-05-31 09:46:30', '2018-05-31 09:46:30', NULL),
(161, 166, 154, '2018-05-31 09:46:30', '2018-05-31 09:46:30', NULL),
(162, 167, 154, '2018-05-31 09:46:30', '2018-05-31 09:46:30', NULL),
(163, 168, 154, '2018-05-31 09:46:30', '2018-05-31 09:46:30', NULL),
(164, 169, 154, '2018-05-31 09:46:30', '2018-05-31 09:46:30', NULL),
(165, 170, 154, '2018-05-31 09:46:30', '2018-05-31 09:46:30', NULL),
(166, 171, 154, '2018-05-31 09:46:30', '2018-05-31 09:46:30', NULL),
(167, 172, 154, '2018-05-31 09:46:30', '2018-05-31 09:46:30', NULL),
(168, 173, 154, '2018-05-31 09:46:30', '2018-05-31 09:46:30', NULL),
(169, 174, 154, '2018-05-31 09:46:30', '2018-05-31 09:46:30', NULL),
(170, 175, 154, '2018-05-31 09:46:30', '2018-05-31 09:46:30', NULL),
(171, 176, 154, '2018-05-31 09:46:30', '2018-05-31 09:46:30', NULL),
(172, 177, 154, '2018-05-31 09:46:30', '2018-05-31 09:46:30', NULL),
(173, 178, 154, '2018-05-31 09:46:30', '2018-05-31 09:46:30', NULL),
(174, 179, 154, '2018-05-31 09:46:30', '2018-05-31 09:46:30', NULL),
(175, 180, 154, '2018-05-31 09:46:30', '2018-05-31 09:46:30', NULL),
(176, 181, 154, '2018-05-31 09:46:30', '2018-05-31 09:46:30', NULL),
(177, 182, 154, '2018-05-31 09:46:30', '2018-05-31 09:46:30', NULL),
(178, 183, 154, '2018-05-31 09:46:30', '2018-05-31 09:46:30', NULL),
(179, 184, 154, '2018-05-31 09:46:30', '2018-05-31 09:46:30', NULL),
(180, 185, 154, '2018-05-31 09:46:30', '2018-05-31 09:46:30', NULL),
(181, 186, 154, '2018-05-31 09:46:30', '2018-05-31 09:46:30', NULL),
(182, 187, 154, '2018-05-31 09:46:30', '2018-05-31 09:46:30', NULL),
(183, 188, 154, '2018-05-31 09:46:30', '2018-05-31 09:46:30', NULL),
(184, 189, 154, '2018-05-31 09:46:30', '2018-05-31 09:46:30', NULL),
(185, 190, 154, '2018-05-31 09:46:30', '2018-05-31 09:46:30', NULL),
(186, 191, 154, '2018-05-31 09:46:30', '2018-05-31 09:46:30', NULL),
(187, 192, 154, '2018-05-31 09:46:30', '2018-05-31 09:46:30', NULL),
(188, 193, 154, '2018-05-31 09:46:30', '2018-05-31 09:46:30', NULL),
(189, 194, 154, '2018-05-31 09:46:30', '2018-05-31 09:46:30', NULL),
(190, 195, 154, '2018-05-31 09:46:30', '2018-05-31 09:46:30', NULL),
(191, 196, 154, '2018-05-31 09:46:30', '2018-05-31 09:46:30', NULL),
(192, 197, 154, '2018-05-31 09:46:30', '2018-05-31 09:46:30', NULL),
(193, 198, 154, '2018-05-31 09:46:30', '2018-05-31 09:46:30', NULL),
(194, 199, 154, '2018-05-31 09:46:30', '2018-05-31 09:46:30', NULL),
(195, 200, 154, '2018-05-31 09:46:30', '2018-05-31 09:46:30', NULL),
(196, 201, 154, '2018-05-31 09:46:30', '2018-05-31 09:46:30', NULL),
(197, 202, 154, '2018-05-31 09:46:30', '2018-05-31 09:46:30', NULL),
(198, 203, 154, '2018-05-31 09:46:30', '2018-05-31 09:46:30', NULL),
(199, 204, 154, '2018-05-31 09:46:30', '2018-05-31 09:46:30', NULL),
(200, 205, 154, '2018-05-31 09:46:30', '2018-05-31 09:46:30', NULL),
(201, 206, 154, '2018-05-31 09:46:30', '2018-05-31 09:46:30', NULL),
(202, 207, 154, '2018-05-31 09:46:30', '2018-05-31 09:46:30', NULL),
(203, 208, 154, '2018-05-31 09:46:30', '2018-05-31 09:46:30', NULL),
(204, 209, 154, '2018-05-31 09:46:30', '2018-05-31 09:46:30', NULL),
(205, 210, 154, '2018-05-31 09:46:30', '2018-05-31 09:46:30', NULL),
(206, 211, 154, '2018-05-31 09:46:30', '2018-05-31 09:46:30', NULL),
(207, 212, 154, '2018-05-31 09:46:30', '2018-05-31 09:46:30', NULL),
(208, 213, 154, '2018-05-31 09:46:30', '2018-05-31 09:46:30', NULL),
(209, 214, 154, '2018-05-31 09:46:30', '2018-05-31 09:46:30', NULL),
(210, 215, 154, '2018-05-31 09:46:30', '2018-05-31 09:46:30', NULL),
(211, 216, 154, '2018-05-31 09:46:30', '2018-05-31 09:46:30', NULL),
(212, 217, 154, '2018-05-31 09:46:30', '2018-05-31 09:46:30', NULL),
(213, 218, 154, '2018-05-31 09:46:30', '2018-05-31 09:46:30', NULL),
(214, 219, 154, '2018-05-31 09:46:30', '2018-05-31 09:46:30', NULL),
(215, 220, 154, '2018-05-31 09:46:30', '2018-05-31 09:46:30', NULL),
(216, 221, 154, '2018-05-31 09:46:30', '2018-05-31 09:46:30', NULL),
(217, 222, 154, '2018-05-31 09:46:30', '2018-05-31 09:46:30', NULL),
(218, 223, 154, '2018-05-31 09:46:30', '2018-05-31 09:46:30', NULL),
(219, 224, 154, '2018-05-31 09:46:30', '2018-05-31 09:46:30', NULL),
(220, 225, 154, '2018-05-31 09:46:30', '2018-05-31 09:46:30', NULL),
(221, 226, 154, '2018-05-31 09:46:30', '2018-05-31 09:46:30', NULL),
(222, 227, 154, '2018-05-31 09:46:30', '2018-05-31 09:46:30', NULL),
(223, 228, 154, '2018-05-31 09:46:30', '2018-05-31 09:46:30', NULL),
(224, 229, 154, '2018-05-31 09:46:30', '2018-05-31 09:46:30', NULL),
(225, 230, 154, '2018-05-31 09:46:30', '2018-05-31 09:46:30', NULL),
(226, 231, 154, '2018-05-31 09:46:30', '2018-05-31 09:46:30', NULL),
(227, 232, 154, '2018-05-31 09:46:30', '2018-05-31 09:46:30', NULL),
(228, 233, 154, '2018-05-31 09:46:30', '2018-05-31 09:46:30', NULL),
(229, 234, 154, '2018-05-31 09:46:30', '2018-05-31 09:46:30', NULL),
(230, 235, 154, '2018-05-31 09:46:30', '2018-05-31 09:46:30', NULL),
(231, 236, 154, '2018-05-31 09:46:30', '2018-05-31 09:46:30', NULL),
(232, 237, 154, '2018-05-31 09:46:30', '2018-05-31 09:46:30', NULL),
(233, 238, 154, '2018-05-31 09:46:30', '2018-05-31 09:46:30', NULL),
(234, 239, 154, '2018-05-31 09:46:30', '2018-05-31 09:46:30', NULL),
(235, 240, 154, '2018-05-31 09:46:30', '2018-05-31 09:46:30', NULL),
(236, 241, 154, '2018-05-31 09:46:30', '2018-05-31 09:46:30', NULL),
(237, 242, 154, '2018-05-31 09:46:30', '2018-05-31 09:46:30', NULL),
(238, 243, 154, '2018-05-31 09:46:30', '2018-05-31 09:46:30', NULL),
(239, 244, 154, '2018-05-31 09:46:30', '2018-05-31 09:46:30', NULL),
(240, 245, 154, '2018-05-31 09:46:30', '2018-05-31 09:46:30', NULL),
(241, 246, 154, '2018-05-31 09:46:30', '2018-05-31 09:46:30', NULL),
(242, 247, 154, '2018-05-31 09:46:30', '2018-05-31 09:46:30', NULL),
(243, 248, 154, '2018-05-31 09:46:30', '2018-05-31 09:46:30', NULL),
(244, 249, 154, '2018-05-31 09:46:30', '2018-05-31 09:46:30', NULL),
(245, 250, 154, '2018-05-31 09:46:30', '2018-05-31 09:46:30', NULL),
(246, 251, 154, '2018-05-31 09:46:30', '2018-05-31 09:46:30', NULL),
(247, 252, 154, '2018-05-31 09:46:30', '2018-05-31 09:46:30', NULL),
(248, 253, 154, '2018-05-31 09:46:30', '2018-05-31 09:46:30', NULL),
(249, 254, 154, '2018-05-31 09:46:30', '2018-05-31 09:46:30', NULL),
(250, 255, 154, '2018-05-31 09:46:30', '2018-05-31 09:46:30', NULL),
(251, 256, 154, '2018-05-31 09:46:30', '2018-05-31 09:46:30', NULL),
(252, 257, 154, '2018-05-31 09:46:30', '2018-05-31 09:46:30', NULL),
(253, 258, 154, '2018-05-31 09:46:30', '2018-05-31 09:46:30', NULL),
(254, 259, 154, '2018-05-31 09:46:30', '2018-05-31 09:46:30', NULL),
(255, 260, 154, '2018-05-31 09:46:30', '2018-05-31 09:46:30', NULL),
(256, 261, 154, '2018-05-31 09:46:30', '2018-05-31 09:46:30', NULL),
(257, 262, 154, '2018-05-31 09:46:30', '2018-05-31 09:46:30', NULL),
(258, 263, 154, '2018-05-31 09:46:30', '2018-05-31 09:46:30', NULL),
(259, 264, 154, '2018-05-31 09:46:30', '2018-05-31 09:46:30', NULL),
(260, 265, 154, '2018-05-31 09:46:30', '2018-05-31 09:46:30', NULL),
(261, 266, 154, '2018-05-31 09:46:30', '2018-05-31 09:46:30', NULL),
(262, 267, 154, '2018-05-31 09:46:30', '2018-05-31 09:46:30', NULL),
(263, 268, 154, '2018-05-31 09:46:30', '2018-05-31 09:46:30', NULL),
(264, 269, 154, '2018-05-31 09:46:30', '2018-05-31 09:46:30', NULL),
(265, 270, 154, '2018-05-31 09:46:31', '2018-05-31 09:46:31', NULL),
(266, 271, 154, '2018-05-31 09:46:31', '2018-05-31 09:46:31', NULL),
(267, 272, 154, '2018-05-31 09:46:31', '2018-05-31 09:46:31', NULL),
(268, 273, 154, '2018-05-31 09:46:31', '2018-05-31 09:46:31', NULL),
(269, 274, 154, '2018-05-31 09:46:31', '2018-05-31 09:46:31', NULL),
(270, 275, 154, '2018-05-31 09:46:31', '2018-05-31 09:46:31', NULL),
(271, 276, 154, '2018-05-31 09:46:31', '2018-05-31 09:46:31', NULL),
(272, 277, 154, '2018-05-31 09:46:31', '2018-05-31 09:46:31', NULL),
(273, 278, 154, '2018-05-31 09:46:31', '2018-05-31 09:46:31', NULL),
(274, 279, 154, '2018-05-31 09:46:31', '2018-05-31 09:46:31', NULL),
(275, 280, 154, '2018-05-31 09:46:31', '2018-05-31 09:46:31', NULL),
(276, 281, 154, '2018-05-31 09:46:31', '2018-05-31 09:46:31', NULL),
(277, 282, 154, '2018-05-31 09:46:31', '2018-05-31 09:46:31', NULL),
(278, 283, 154, '2018-05-31 09:46:31', '2018-05-31 09:46:31', NULL),
(279, 284, 154, '2018-05-31 09:46:31', '2018-05-31 09:46:31', NULL),
(280, 285, 154, '2018-05-31 09:46:31', '2018-05-31 09:46:31', NULL),
(281, 286, 154, '2018-05-31 09:46:31', '2018-05-31 09:46:31', NULL),
(282, 287, 154, '2018-05-31 09:46:31', '2018-05-31 09:46:31', NULL),
(283, 288, 154, '2018-05-31 09:46:31', '2018-05-31 09:46:31', NULL),
(284, 289, 154, '2018-05-31 09:46:31', '2018-05-31 09:46:31', NULL),
(285, 290, 154, '2018-05-31 09:46:31', '2018-05-31 09:46:31', NULL),
(286, 291, 154, '2018-05-31 09:46:31', '2018-05-31 09:46:31', NULL),
(287, 292, 154, '2018-05-31 09:46:31', '2018-05-31 09:46:31', NULL),
(288, 293, 154, '2018-05-31 09:46:31', '2018-05-31 09:46:31', NULL),
(289, 294, 154, '2018-05-31 09:46:31', '2018-05-31 09:46:31', NULL),
(290, 295, 154, '2018-05-31 09:46:31', '2018-05-31 09:46:31', NULL),
(291, 296, 154, '2018-05-31 09:46:31', '2018-05-31 09:46:31', NULL),
(292, 297, 154, '2018-05-31 09:46:31', '2018-05-31 09:46:31', NULL),
(293, 298, 154, '2018-05-31 09:46:31', '2018-05-31 09:46:31', NULL),
(294, 299, 154, '2018-05-31 09:46:31', '2018-05-31 09:46:31', NULL),
(295, 300, 154, '2018-05-31 09:46:31', '2018-05-31 09:46:31', NULL),
(296, 301, 154, '2018-05-31 09:46:31', '2018-05-31 09:46:31', NULL),
(297, 302, 154, '2018-05-31 09:46:31', '2018-05-31 09:46:31', NULL),
(298, 303, 154, '2018-05-31 09:46:31', '2018-05-31 09:46:31', NULL),
(299, 304, 154, '2018-05-31 09:46:31', '2018-05-31 09:46:31', NULL),
(300, 305, 154, '2018-05-31 09:46:31', '2018-05-31 09:46:31', NULL),
(301, 306, 154, '2018-05-31 09:46:31', '2018-05-31 09:46:31', NULL),
(302, 307, 154, '2018-05-31 09:46:31', '2018-05-31 09:46:31', NULL),
(303, 308, 154, '2018-05-31 09:46:31', '2018-05-31 09:46:31', NULL),
(304, 309, 154, '2018-05-31 09:46:31', '2018-05-31 09:46:31', NULL),
(305, 310, 154, '2018-05-31 09:46:31', '2018-05-31 09:46:31', NULL),
(306, 311, 154, '2018-05-31 09:46:31', '2018-05-31 09:46:31', NULL),
(307, 312, 154, '2018-05-31 09:46:31', '2018-05-31 09:46:31', NULL),
(308, 313, 154, '2018-05-31 09:46:31', '2018-05-31 09:46:31', NULL),
(309, 314, 154, '2018-05-31 09:46:31', '2018-05-31 09:46:31', NULL),
(310, 315, 154, '2018-05-31 09:46:31', '2018-05-31 09:46:31', NULL),
(311, 316, 154, '2018-05-31 09:46:31', '2018-05-31 09:46:31', NULL),
(312, 317, 154, '2018-05-31 09:46:31', '2018-05-31 09:46:31', NULL),
(313, 318, 154, '2018-05-31 09:46:31', '2018-05-31 09:46:31', NULL),
(314, 319, 154, '2018-05-31 09:46:31', '2018-05-31 09:46:31', NULL),
(315, 320, 154, '2018-05-31 09:46:31', '2018-05-31 09:46:31', NULL),
(316, 321, 154, '2018-05-31 09:46:31', '2018-05-31 09:46:31', NULL),
(317, 322, 154, '2018-05-31 09:46:31', '2018-05-31 09:46:31', NULL),
(318, 323, 154, '2018-05-31 09:46:31', '2018-05-31 09:46:31', NULL),
(319, 324, 154, '2018-05-31 09:46:31', '2018-05-31 09:46:31', NULL),
(320, 325, 154, '2018-05-31 09:46:31', '2018-05-31 09:46:31', NULL),
(321, 326, 154, '2018-05-31 09:46:31', '2018-05-31 09:46:31', NULL),
(322, 327, 154, '2018-05-31 09:46:31', '2018-05-31 09:46:31', NULL),
(323, 328, 154, '2018-05-31 09:46:31', '2018-05-31 09:46:31', NULL),
(324, 329, 154, '2018-05-31 09:46:31', '2018-05-31 09:46:31', NULL),
(325, 330, 154, '2018-05-31 09:46:31', '2018-05-31 09:46:31', NULL),
(326, 331, 154, '2018-05-31 09:46:31', '2018-05-31 09:46:31', NULL),
(327, 332, 154, '2018-05-31 09:46:31', '2018-05-31 09:46:31', NULL),
(328, 333, 154, '2018-05-31 09:46:31', '2018-05-31 09:46:31', NULL),
(329, 334, 154, '2018-05-31 09:46:31', '2018-05-31 09:46:31', NULL),
(330, 335, 154, '2018-05-31 09:46:31', '2018-05-31 09:46:31', NULL),
(331, 336, 154, '2018-05-31 09:46:31', '2018-05-31 09:46:31', NULL),
(332, 337, 154, '2018-05-31 09:46:31', '2018-05-31 09:46:31', NULL),
(333, 338, 154, '2018-05-31 09:46:31', '2018-05-31 09:46:31', NULL),
(334, 339, 154, '2018-05-31 09:46:31', '2018-05-31 09:46:31', NULL),
(335, 340, 154, '2018-05-31 09:46:31', '2018-05-31 09:46:31', NULL),
(336, 341, 154, '2018-05-31 09:46:31', '2018-05-31 09:46:31', NULL),
(337, 342, 154, '2018-05-31 09:46:31', '2018-05-31 09:46:31', NULL),
(338, 343, 154, '2018-05-31 09:46:31', '2018-05-31 09:46:31', NULL),
(339, 344, 154, '2018-05-31 09:46:31', '2018-05-31 09:46:31', NULL),
(340, 345, 154, '2018-05-31 09:46:31', '2018-05-31 09:46:31', NULL),
(341, 346, 154, '2018-05-31 09:46:31', '2018-05-31 09:46:31', NULL),
(342, 347, 154, '2018-05-31 09:46:31', '2018-05-31 09:46:31', NULL),
(343, 348, 154, '2018-05-31 09:46:31', '2018-05-31 09:46:31', NULL),
(344, 349, 154, '2018-05-31 09:46:31', '2018-05-31 09:46:31', NULL),
(345, 350, 154, '2018-05-31 09:46:31', '2018-05-31 09:46:31', NULL),
(346, 351, 154, '2018-05-31 09:46:31', '2018-05-31 09:46:31', NULL),
(347, 352, 154, '2018-05-31 09:46:31', '2018-05-31 09:46:31', NULL),
(348, 353, 154, '2018-05-31 09:46:31', '2018-05-31 09:46:31', NULL),
(349, 354, 154, '2018-05-31 09:46:31', '2018-05-31 09:46:31', NULL),
(350, 355, 154, '2018-05-31 09:46:31', '2018-05-31 09:46:31', NULL),
(351, 356, 154, '2018-05-31 09:46:31', '2018-05-31 09:46:31', NULL),
(352, 357, 154, '2018-05-31 09:46:31', '2018-05-31 09:46:31', NULL),
(353, 358, 154, '2018-05-31 09:46:31', '2018-05-31 09:46:31', NULL),
(354, 359, 154, '2018-05-31 09:46:31', '2018-05-31 09:46:31', NULL),
(355, 360, 154, '2018-05-31 09:46:31', '2018-05-31 09:46:31', NULL),
(356, 361, 154, '2018-05-31 09:46:31', '2018-05-31 09:46:31', NULL),
(357, 362, 154, '2018-05-31 09:46:31', '2018-05-31 09:46:31', NULL),
(358, 363, 154, '2018-05-31 09:46:31', '2018-05-31 09:46:31', NULL),
(359, 364, 154, '2018-05-31 09:46:31', '2018-05-31 09:46:31', NULL),
(360, 365, 154, '2018-05-31 09:46:31', '2018-05-31 09:46:31', NULL),
(361, 366, 154, '2018-05-31 09:46:31', '2018-05-31 09:46:31', NULL),
(362, 367, 154, '2018-05-31 09:46:31', '2018-05-31 09:46:31', NULL),
(363, 368, 154, '2018-05-31 09:46:31', '2018-05-31 09:46:31', NULL),
(364, 369, 154, '2018-05-31 09:46:31', '2018-05-31 09:46:31', NULL),
(365, 370, 154, '2018-05-31 09:46:31', '2018-05-31 09:46:31', NULL),
(366, 371, 154, '2018-05-31 09:46:31', '2018-05-31 09:46:31', NULL),
(367, 372, 154, '2018-05-31 09:46:31', '2018-05-31 09:46:31', NULL),
(368, 373, 154, '2018-05-31 09:46:31', '2018-05-31 09:46:31', NULL),
(369, 374, 154, '2018-05-31 09:46:31', '2018-05-31 09:46:31', NULL),
(370, 375, 154, '2018-05-31 09:46:31', '2018-05-31 09:46:31', NULL),
(371, 376, 154, '2018-05-31 09:46:31', '2018-05-31 09:46:31', NULL),
(372, 377, 154, '2018-05-31 09:46:31', '2018-05-31 09:46:31', NULL),
(373, 378, 154, '2018-05-31 09:46:31', '2018-05-31 09:46:31', NULL),
(374, 379, 154, '2018-05-31 09:46:31', '2018-05-31 09:46:31', NULL),
(375, 380, 154, '2018-05-31 09:46:31', '2018-05-31 09:46:31', NULL),
(376, 381, 154, '2018-05-31 09:46:31', '2018-05-31 09:46:31', NULL),
(377, 382, 154, '2018-05-31 09:46:31', '2018-05-31 09:46:31', NULL),
(378, 383, 154, '2018-05-31 09:46:31', '2018-05-31 09:46:31', NULL),
(379, 384, 154, '2018-05-31 09:46:31', '2018-05-31 09:46:31', NULL),
(380, 385, 154, '2018-05-31 09:46:31', '2018-05-31 09:46:31', NULL),
(381, 386, 154, '2018-05-31 09:46:31', '2018-05-31 09:46:31', NULL),
(382, 387, 154, '2018-05-31 09:46:31', '2018-05-31 09:46:31', NULL),
(383, 388, 154, '2018-05-31 09:46:31', '2018-05-31 09:46:31', NULL),
(384, 389, 154, '2018-05-31 09:46:31', '2018-05-31 09:46:31', NULL),
(385, 390, 154, '2018-05-31 09:46:31', '2018-05-31 09:46:31', NULL),
(386, 391, 154, '2018-05-31 09:46:31', '2018-05-31 09:46:31', NULL),
(387, 392, 154, '2018-05-31 09:46:31', '2018-05-31 09:46:31', NULL),
(388, 393, 154, '2018-05-31 09:46:31', '2018-05-31 09:46:31', NULL),
(389, 394, 154, '2018-05-31 09:46:31', '2018-05-31 09:46:31', NULL),
(390, 395, 154, '2018-05-31 09:46:31', '2018-05-31 09:46:31', NULL),
(391, 396, 154, '2018-05-31 09:46:31', '2018-05-31 09:46:31', NULL),
(392, 397, 154, '2018-05-31 09:46:31', '2018-05-31 09:46:31', NULL),
(393, 398, 154, '2018-05-31 09:46:31', '2018-05-31 09:46:31', NULL),
(394, 399, 154, '2018-05-31 09:46:31', '2018-05-31 09:46:31', NULL),
(395, 400, 154, '2018-05-31 09:46:31', '2018-05-31 09:46:31', NULL),
(396, 401, 154, '2018-05-31 09:46:31', '2018-05-31 09:46:31', NULL),
(397, 402, 154, '2018-05-31 09:46:31', '2018-05-31 09:46:31', NULL),
(398, 403, 154, '2018-05-31 09:46:31', '2018-05-31 09:46:31', NULL),
(399, 404, 154, '2018-05-31 09:46:31', '2018-05-31 09:46:31', NULL),
(400, 405, 154, '2018-05-31 09:46:31', '2018-05-31 09:46:31', NULL),
(401, 406, 154, '2018-05-31 09:46:31', '2018-05-31 09:46:31', NULL),
(402, 407, 154, '2018-05-31 09:46:31', '2018-05-31 09:46:31', NULL),
(403, 408, 154, '2018-05-31 09:46:31', '2018-05-31 09:46:31', NULL),
(404, 409, 154, '2018-05-31 09:46:31', '2018-05-31 09:46:31', NULL),
(405, 410, 154, '2018-05-31 09:46:31', '2018-05-31 09:46:31', NULL),
(406, 411, 154, '2018-05-31 09:46:31', '2018-05-31 09:46:31', NULL),
(407, 412, 154, '2018-05-31 09:46:31', '2018-05-31 09:46:31', NULL),
(408, 413, 154, '2018-05-31 09:46:31', '2018-05-31 09:46:31', NULL),
(409, 414, 154, '2018-05-31 09:46:31', '2018-05-31 09:46:31', NULL),
(410, 415, 154, '2018-05-31 09:46:31', '2018-05-31 09:46:31', NULL),
(411, 416, 154, '2018-05-31 09:46:31', '2018-05-31 09:46:31', NULL),
(412, 417, 154, '2018-05-31 09:46:31', '2018-05-31 09:46:31', NULL),
(413, 418, 154, '2018-05-31 09:46:32', '2018-05-31 09:46:32', NULL),
(414, 419, 154, '2018-05-31 09:46:32', '2018-05-31 09:46:32', NULL),
(415, 420, 154, '2018-05-31 09:46:32', '2018-05-31 09:46:32', NULL),
(416, 421, 154, '2018-05-31 09:46:32', '2018-05-31 09:46:32', NULL),
(417, 422, 154, '2018-05-31 09:46:32', '2018-05-31 09:46:32', NULL),
(418, 423, 154, '2018-05-31 09:46:32', '2018-05-31 09:46:32', NULL),
(419, 424, 154, '2018-05-31 09:46:32', '2018-05-31 09:46:32', NULL),
(420, 425, 154, '2018-05-31 09:46:32', '2018-05-31 09:46:32', NULL),
(421, 426, 154, '2018-05-31 09:46:32', '2018-05-31 09:46:32', NULL),
(422, 427, 154, '2018-05-31 09:46:32', '2018-05-31 09:46:32', NULL),
(423, 428, 154, '2018-05-31 09:46:32', '2018-05-31 09:46:32', NULL),
(424, 429, 154, '2018-05-31 09:46:32', '2018-05-31 09:46:32', NULL),
(425, 430, 154, '2018-05-31 09:46:32', '2018-05-31 09:46:32', NULL),
(426, 431, 154, '2018-05-31 09:46:32', '2018-05-31 09:46:32', NULL),
(427, 432, 154, '2018-05-31 09:46:32', '2018-05-31 09:46:32', NULL),
(428, 433, 154, '2018-05-31 09:46:32', '2018-05-31 09:46:32', NULL),
(429, 434, 154, '2018-05-31 09:46:32', '2018-05-31 09:46:32', NULL),
(430, 435, 154, '2018-05-31 09:46:32', '2018-05-31 09:46:32', NULL),
(431, 436, 154, '2018-05-31 09:46:32', '2018-05-31 09:46:32', NULL),
(432, 437, 154, '2018-05-31 09:46:32', '2018-05-31 09:46:32', NULL),
(433, 438, 154, '2018-05-31 09:46:32', '2018-05-31 09:46:32', NULL),
(434, 439, 154, '2018-05-31 09:46:32', '2018-05-31 09:46:32', NULL),
(435, 440, 154, '2018-05-31 09:46:32', '2018-05-31 09:46:32', NULL),
(436, 441, 154, '2018-05-31 09:46:32', '2018-05-31 09:46:32', NULL),
(437, 442, 154, '2018-05-31 09:46:32', '2018-05-31 09:46:32', NULL),
(438, 443, 154, '2018-05-31 09:46:32', '2018-05-31 09:46:32', NULL),
(439, 444, 154, '2018-05-31 09:46:32', '2018-05-31 09:46:32', NULL),
(440, 445, 154, '2018-05-31 09:46:32', '2018-05-31 09:46:32', NULL),
(441, 446, 154, '2018-05-31 09:46:32', '2018-05-31 09:46:32', NULL),
(442, 447, 154, '2018-05-31 09:46:32', '2018-05-31 09:46:32', NULL),
(443, 448, 154, '2018-05-31 09:46:32', '2018-05-31 09:46:32', NULL),
(444, 449, 154, '2018-05-31 09:46:32', '2018-05-31 09:46:32', NULL),
(445, 450, 154, '2018-05-31 09:46:32', '2018-05-31 09:46:32', NULL),
(446, 451, 154, '2018-05-31 09:46:32', '2018-05-31 09:46:32', NULL),
(447, 452, 154, '2018-05-31 09:46:32', '2018-05-31 09:46:32', NULL),
(448, 453, 154, '2018-05-31 09:46:32', '2018-05-31 09:46:32', NULL),
(449, 454, 154, '2018-05-31 09:46:32', '2018-05-31 09:46:32', NULL),
(450, 455, 154, '2018-05-31 09:46:32', '2018-05-31 09:46:32', NULL),
(451, 456, 154, '2018-05-31 09:46:32', '2018-05-31 09:46:32', NULL),
(452, 457, 154, '2018-05-31 09:46:32', '2018-05-31 09:46:32', NULL),
(453, 458, 154, '2018-05-31 09:46:32', '2018-05-31 09:46:32', NULL),
(454, 459, 154, '2018-05-31 09:46:32', '2018-05-31 09:46:32', NULL),
(455, 460, 154, '2018-05-31 09:46:32', '2018-05-31 09:46:32', NULL),
(456, 461, 154, '2018-05-31 09:46:32', '2018-05-31 09:46:32', NULL),
(457, 462, 154, '2018-05-31 09:46:32', '2018-05-31 09:46:32', NULL),
(458, 463, 154, '2018-05-31 09:46:32', '2018-05-31 09:46:32', NULL),
(459, 464, 154, '2018-05-31 09:46:32', '2018-05-31 09:46:32', NULL),
(460, 465, 154, '2018-05-31 09:46:32', '2018-05-31 09:46:32', NULL),
(461, 466, 154, '2018-05-31 09:46:32', '2018-05-31 09:46:32', NULL),
(462, 467, 154, '2018-05-31 09:46:32', '2018-05-31 09:46:32', NULL),
(463, 468, 154, '2018-05-31 09:46:32', '2018-05-31 09:46:32', NULL),
(464, 469, 154, '2018-05-31 09:46:32', '2018-05-31 09:46:32', NULL),
(465, 470, 154, '2018-05-31 09:46:32', '2018-05-31 09:46:32', NULL),
(466, 471, 154, '2018-05-31 09:46:32', '2018-05-31 09:46:32', NULL),
(467, 472, 154, '2018-05-31 09:46:32', '2018-05-31 09:46:32', NULL),
(468, 473, 154, '2018-05-31 09:46:32', '2018-05-31 09:46:32', NULL),
(469, 474, 154, '2018-05-31 09:46:32', '2018-05-31 09:46:32', NULL),
(470, 475, 154, '2018-05-31 09:46:32', '2018-05-31 09:46:32', NULL),
(471, 476, 154, '2018-05-31 09:46:32', '2018-05-31 09:46:32', NULL),
(472, 477, 154, '2018-05-31 09:46:32', '2018-05-31 09:46:32', NULL),
(473, 478, 154, '2018-05-31 09:46:32', '2018-05-31 09:46:32', NULL),
(474, 479, 154, '2018-05-31 09:46:32', '2018-05-31 09:46:32', NULL),
(475, 480, 154, '2018-05-31 09:46:32', '2018-05-31 09:46:32', NULL),
(476, 481, 154, '2018-05-31 09:46:32', '2018-05-31 09:46:32', NULL),
(477, 482, 154, '2018-05-31 09:46:32', '2018-05-31 09:46:32', NULL),
(478, 483, 154, '2018-05-31 09:46:32', '2018-05-31 09:46:32', NULL),
(479, 484, 154, '2018-05-31 09:46:32', '2018-05-31 09:46:32', NULL),
(480, 485, 154, '2018-05-31 09:46:32', '2018-05-31 09:46:32', NULL),
(481, 486, 154, '2018-05-31 09:46:32', '2018-05-31 09:46:32', NULL),
(482, 487, 154, '2018-05-31 09:46:32', '2018-05-31 09:46:32', NULL),
(483, 488, 154, '2018-05-31 09:46:32', '2018-05-31 09:46:32', NULL),
(484, 489, 154, '2018-05-31 09:46:32', '2018-05-31 09:46:32', NULL),
(485, 490, 154, '2018-05-31 09:46:32', '2018-05-31 09:46:32', NULL),
(486, 491, 154, '2018-05-31 09:46:32', '2018-05-31 09:46:32', NULL),
(487, 492, 154, '2018-05-31 09:46:32', '2018-05-31 09:46:32', NULL),
(488, 493, 154, '2018-05-31 09:46:32', '2018-05-31 09:46:32', NULL),
(489, 494, 154, '2018-05-31 09:46:32', '2018-05-31 09:46:32', NULL),
(490, 495, 154, '2018-05-31 09:46:32', '2018-05-31 09:46:32', NULL),
(491, 496, 154, '2018-05-31 09:46:32', '2018-05-31 09:46:32', NULL),
(492, 497, 154, '2018-05-31 09:46:32', '2018-05-31 09:46:32', NULL),
(493, 498, 154, '2018-05-31 09:46:32', '2018-05-31 09:46:32', NULL),
(494, 499, 154, '2018-05-31 09:46:32', '2018-05-31 09:46:32', NULL),
(495, 500, 154, '2018-05-31 09:46:32', '2018-05-31 09:46:32', NULL),
(496, 501, 154, '2018-05-31 09:46:32', '2018-05-31 09:46:32', NULL),
(497, 502, 154, '2018-05-31 09:46:32', '2018-05-31 09:46:32', NULL),
(498, 503, 154, '2018-05-31 09:46:32', '2018-05-31 09:46:32', NULL),
(499, 504, 154, '2018-05-31 09:46:32', '2018-05-31 09:46:32', NULL),
(500, 505, 154, '2018-05-31 09:46:32', '2018-05-31 09:46:32', NULL),
(501, 506, 154, '2018-05-31 09:46:32', '2018-05-31 09:46:32', NULL),
(502, 507, 154, '2018-05-31 09:46:32', '2018-05-31 09:46:32', NULL),
(503, 508, 154, '2018-05-31 09:46:32', '2018-05-31 09:46:32', NULL),
(504, 509, 154, '2018-05-31 09:46:32', '2018-05-31 09:46:32', NULL),
(505, 510, 154, '2018-05-31 09:46:32', '2018-05-31 09:46:32', NULL),
(506, 511, 154, '2018-05-31 09:46:32', '2018-05-31 09:46:32', NULL),
(507, 512, 154, '2018-05-31 09:46:32', '2018-05-31 09:46:32', NULL),
(508, 513, 154, '2018-05-31 09:46:32', '2018-05-31 09:46:32', NULL),
(509, 514, 154, '2018-05-31 09:46:32', '2018-05-31 09:46:32', NULL),
(510, 515, 154, '2018-05-31 09:46:32', '2018-05-31 09:46:32', NULL),
(511, 516, 154, '2018-05-31 09:46:32', '2018-05-31 09:46:32', NULL),
(512, 517, 154, '2018-05-31 09:46:32', '2018-05-31 09:46:32', NULL),
(513, 518, 154, '2018-05-31 09:46:32', '2018-05-31 09:46:32', NULL),
(514, 519, 154, '2018-05-31 09:46:32', '2018-05-31 09:46:32', NULL),
(515, 520, 154, '2018-05-31 09:46:32', '2018-05-31 09:46:32', NULL),
(516, 521, 154, '2018-05-31 09:46:32', '2018-05-31 09:46:32', NULL),
(517, 522, 154, '2018-05-31 09:46:32', '2018-05-31 09:46:32', NULL),
(518, 523, 154, '2018-05-31 09:46:32', '2018-05-31 09:46:32', NULL),
(519, 524, 154, '2018-05-31 09:46:32', '2018-05-31 09:46:32', NULL),
(520, 525, 154, '2018-05-31 09:46:32', '2018-05-31 09:46:32', NULL),
(521, 526, 154, '2018-05-31 09:46:32', '2018-05-31 09:46:32', NULL),
(522, 527, 154, '2018-05-31 09:46:32', '2018-05-31 09:46:32', NULL),
(523, 528, 154, '2018-05-31 09:46:32', '2018-05-31 09:46:32', NULL),
(524, 529, 154, '2018-05-31 09:46:32', '2018-05-31 09:46:32', NULL),
(525, 530, 154, '2018-05-31 09:46:32', '2018-05-31 09:46:32', NULL),
(526, 531, 154, '2018-05-31 09:46:32', '2018-05-31 09:46:32', NULL),
(527, 532, 154, '2018-05-31 09:46:32', '2018-05-31 09:46:32', NULL),
(528, 533, 154, '2018-05-31 09:46:32', '2018-05-31 09:46:32', NULL),
(529, 534, 154, '2018-05-31 09:46:32', '2018-05-31 09:46:32', NULL),
(530, 535, 154, '2018-05-31 09:46:32', '2018-05-31 09:46:32', NULL),
(531, 536, 154, '2018-05-31 09:46:32', '2018-05-31 09:46:32', NULL),
(532, 537, 154, '2018-05-31 09:46:32', '2018-05-31 09:46:32', NULL),
(533, 538, 154, '2018-05-31 09:46:32', '2018-05-31 09:46:32', NULL),
(534, 539, 154, '2018-05-31 09:46:32', '2018-05-31 09:46:32', NULL),
(535, 540, 154, '2018-05-31 09:46:32', '2018-05-31 09:46:32', NULL),
(536, 541, 154, '2018-05-31 09:46:32', '2018-05-31 09:46:32', NULL),
(537, 542, 154, '2018-05-31 09:46:32', '2018-05-31 09:46:32', NULL),
(538, 543, 154, '2018-05-31 09:46:32', '2018-05-31 09:46:32', NULL),
(539, 544, 154, '2018-05-31 09:46:32', '2018-05-31 09:46:32', NULL),
(540, 545, 154, '2018-05-31 09:46:32', '2018-05-31 09:46:32', NULL),
(541, 546, 154, '2018-05-31 09:46:32', '2018-05-31 09:46:32', NULL),
(542, 547, 154, '2018-05-31 09:46:32', '2018-05-31 09:46:32', NULL),
(543, 548, 154, '2018-05-31 09:46:32', '2018-05-31 09:46:32', NULL),
(544, 549, 154, '2018-05-31 09:46:32', '2018-05-31 09:46:32', NULL),
(545, 550, 154, '2018-05-31 09:46:32', '2018-05-31 09:46:32', NULL),
(546, 551, 154, '2018-05-31 09:46:32', '2018-05-31 09:46:32', NULL),
(547, 552, 154, '2018-05-31 09:46:32', '2018-05-31 09:46:32', NULL),
(548, 553, 154, '2018-05-31 09:46:32', '2018-05-31 09:46:32', NULL),
(549, 554, 154, '2018-05-31 09:46:32', '2018-05-31 09:46:32', NULL),
(550, 555, 154, '2018-05-31 09:46:32', '2018-05-31 09:46:32', NULL),
(551, 556, 154, '2018-05-31 09:46:32', '2018-05-31 09:46:32', NULL),
(552, 557, 154, '2018-05-31 09:46:32', '2018-05-31 09:46:32', NULL),
(553, 558, 154, '2018-05-31 09:46:32', '2018-05-31 09:46:32', NULL),
(554, 559, 154, '2018-05-31 09:46:32', '2018-05-31 09:46:32', NULL),
(555, 560, 154, '2018-05-31 09:46:32', '2018-05-31 09:46:32', NULL),
(556, 561, 154, '2018-05-31 09:46:32', '2018-05-31 09:46:32', NULL),
(557, 562, 154, '2018-05-31 09:46:32', '2018-05-31 09:46:32', NULL),
(558, 563, 154, '2018-05-31 09:46:32', '2018-05-31 09:46:32', NULL),
(559, 564, 154, '2018-05-31 09:46:33', '2018-05-31 09:46:33', NULL),
(560, 565, 154, '2018-05-31 09:46:33', '2018-05-31 09:46:33', NULL),
(561, 566, 154, '2018-05-31 09:46:33', '2018-05-31 09:46:33', NULL),
(562, 567, 154, '2018-05-31 09:46:33', '2018-05-31 09:46:33', NULL),
(563, 568, 154, '2018-05-31 09:46:33', '2018-05-31 09:46:33', NULL),
(564, 569, 154, '2018-05-31 09:46:33', '2018-05-31 09:46:33', NULL),
(565, 570, 154, '2018-05-31 09:46:33', '2018-05-31 09:46:33', NULL),
(566, 571, 154, '2018-05-31 09:46:33', '2018-05-31 09:46:33', NULL),
(567, 572, 154, '2018-05-31 09:46:33', '2018-05-31 09:46:33', NULL),
(568, 573, 154, '2018-05-31 09:46:33', '2018-05-31 09:46:33', NULL),
(569, 574, 154, '2018-05-31 09:46:33', '2018-05-31 09:46:33', NULL),
(570, 575, 154, '2018-05-31 09:46:33', '2018-05-31 09:46:33', NULL),
(571, 576, 154, '2018-05-31 09:46:33', '2018-05-31 09:46:33', NULL),
(572, 577, 154, '2018-05-31 09:46:33', '2018-05-31 09:46:33', NULL),
(573, 578, 154, '2018-05-31 09:46:33', '2018-05-31 09:46:33', NULL),
(574, 579, 154, '2018-05-31 09:46:33', '2018-05-31 09:46:33', NULL),
(575, 580, 154, '2018-05-31 09:46:33', '2018-05-31 09:46:33', NULL),
(576, 581, 154, '2018-05-31 09:46:33', '2018-05-31 09:46:33', NULL),
(577, 582, 154, '2018-05-31 09:46:33', '2018-05-31 09:46:33', NULL),
(578, 583, 154, '2018-05-31 09:46:33', '2018-05-31 09:46:33', NULL),
(579, 584, 154, '2018-05-31 09:46:33', '2018-05-31 09:46:33', NULL),
(580, 585, 154, '2018-05-31 09:46:33', '2018-05-31 09:46:33', NULL),
(581, 586, 154, '2018-05-31 09:46:33', '2018-05-31 09:46:33', NULL),
(582, 587, 154, '2018-05-31 09:46:33', '2018-05-31 09:46:33', NULL),
(583, 588, 154, '2018-05-31 09:46:33', '2018-05-31 09:46:33', NULL),
(584, 589, 154, '2018-05-31 09:46:33', '2018-05-31 09:46:33', NULL),
(585, 590, 154, '2018-05-31 09:46:33', '2018-05-31 09:46:33', NULL),
(586, 591, 154, '2018-05-31 09:46:33', '2018-05-31 09:46:33', NULL),
(587, 592, 154, '2018-05-31 09:46:33', '2018-05-31 09:46:33', NULL),
(588, 593, 154, '2018-05-31 09:46:33', '2018-05-31 09:46:33', NULL),
(589, 594, 154, '2018-05-31 09:46:33', '2018-05-31 09:46:33', NULL),
(590, 595, 154, '2018-05-31 09:46:33', '2018-05-31 09:46:33', NULL),
(591, 596, 154, '2018-05-31 09:46:33', '2018-05-31 09:46:33', NULL),
(592, 597, 154, '2018-05-31 09:46:33', '2018-05-31 09:46:33', NULL),
(593, 598, 154, '2018-05-31 09:46:33', '2018-05-31 09:46:33', NULL),
(594, 599, 154, '2018-05-31 09:46:33', '2018-05-31 09:46:33', NULL),
(595, 600, 154, '2018-05-31 09:46:33', '2018-05-31 09:46:33', NULL),
(596, 601, 154, '2018-05-31 09:46:33', '2018-05-31 09:46:33', NULL),
(597, 602, 154, '2018-05-31 09:46:33', '2018-05-31 09:46:33', NULL),
(598, 603, 154, '2018-05-31 09:46:33', '2018-05-31 09:46:33', NULL),
(599, 604, 154, '2018-05-31 09:46:33', '2018-05-31 09:46:33', NULL),
(600, 605, 154, '2018-05-31 09:46:33', '2018-05-31 09:46:33', NULL),
(601, 606, 154, '2018-05-31 09:46:33', '2018-05-31 09:46:33', NULL),
(602, 607, 154, '2018-05-31 09:46:33', '2018-05-31 09:46:33', NULL),
(603, 608, 154, '2018-05-31 09:46:33', '2018-05-31 09:46:33', NULL),
(604, 609, 154, '2018-05-31 09:46:33', '2018-05-31 09:46:33', NULL),
(605, 610, 154, '2018-05-31 09:46:33', '2018-05-31 09:46:33', NULL),
(606, 611, 154, '2018-05-31 09:46:33', '2018-05-31 09:46:33', NULL),
(607, 612, 154, '2018-05-31 09:46:33', '2018-05-31 09:46:33', NULL),
(608, 613, 154, '2018-05-31 09:46:33', '2018-05-31 09:46:33', NULL),
(609, 614, 154, '2018-05-31 09:46:33', '2018-05-31 09:46:33', NULL),
(610, 615, 154, '2018-05-31 09:46:33', '2018-05-31 09:46:33', NULL),
(611, 616, 154, '2018-05-31 09:46:33', '2018-05-31 09:46:33', NULL),
(612, 617, 154, '2018-05-31 09:46:33', '2018-05-31 09:46:33', NULL),
(613, 618, 154, '2018-05-31 09:46:33', '2018-05-31 09:46:33', NULL),
(614, 619, 154, '2018-05-31 09:46:33', '2018-05-31 09:46:33', NULL),
(615, 620, 154, '2018-05-31 09:46:33', '2018-05-31 09:46:33', NULL),
(616, 621, 154, '2018-05-31 09:46:33', '2018-05-31 09:46:33', NULL),
(617, 622, 154, '2018-05-31 09:46:33', '2018-05-31 09:46:33', NULL),
(618, 623, 154, '2018-05-31 09:46:33', '2018-05-31 09:46:33', NULL),
(619, 624, 154, '2018-05-31 09:46:33', '2018-05-31 09:46:33', NULL),
(620, 625, 154, '2018-05-31 09:46:33', '2018-05-31 09:46:33', NULL),
(621, 626, 154, '2018-05-31 09:46:33', '2018-05-31 09:46:33', NULL),
(622, 627, 154, '2018-05-31 09:46:33', '2018-05-31 09:46:33', NULL),
(623, 628, 154, '2018-05-31 09:46:33', '2018-05-31 09:46:33', NULL),
(624, 629, 154, '2018-05-31 09:46:33', '2018-05-31 09:46:33', NULL),
(625, 630, 154, '2018-05-31 09:46:33', '2018-05-31 09:46:33', NULL),
(626, 631, 154, '2018-05-31 09:46:33', '2018-05-31 09:46:33', NULL),
(627, 632, 154, '2018-05-31 09:46:33', '2018-05-31 09:46:33', NULL),
(628, 633, 154, '2018-05-31 09:46:33', '2018-05-31 09:46:33', NULL),
(629, 634, 154, '2018-05-31 09:46:33', '2018-05-31 09:46:33', NULL),
(630, 635, 154, '2018-05-31 09:46:33', '2018-05-31 09:46:33', NULL),
(631, 636, 154, '2018-05-31 09:46:33', '2018-05-31 09:46:33', NULL),
(632, 637, 154, '2018-05-31 09:46:33', '2018-05-31 09:46:33', NULL),
(633, 638, 154, '2018-05-31 09:46:33', '2018-05-31 09:46:33', NULL),
(634, 639, 154, '2018-05-31 09:46:33', '2018-05-31 09:46:33', NULL),
(635, 640, 154, '2018-05-31 09:46:33', '2018-05-31 09:46:33', NULL),
(636, 641, 154, '2018-05-31 09:46:33', '2018-05-31 09:46:33', NULL),
(637, 642, 154, '2018-05-31 09:46:33', '2018-05-31 09:46:33', NULL),
(638, 643, 154, '2018-05-31 09:46:33', '2018-05-31 09:46:33', NULL),
(639, 644, 154, '2018-05-31 09:46:33', '2018-05-31 09:46:33', NULL),
(640, 645, 154, '2018-05-31 09:46:33', '2018-05-31 09:46:33', NULL),
(641, 646, 154, '2018-05-31 09:46:33', '2018-05-31 09:46:33', NULL),
(642, 647, 154, '2018-05-31 09:46:33', '2018-05-31 09:46:33', NULL),
(643, 648, 154, '2018-05-31 09:46:33', '2018-05-31 09:46:33', NULL),
(644, 649, 154, '2018-05-31 09:46:33', '2018-05-31 09:46:33', NULL),
(645, 650, 154, '2018-05-31 09:46:33', '2018-05-31 09:46:33', NULL),
(646, 651, 154, '2018-05-31 09:46:33', '2018-05-31 09:46:33', NULL),
(647, 652, 154, '2018-05-31 09:46:33', '2018-05-31 09:46:33', NULL),
(648, 653, 154, '2018-05-31 09:46:33', '2018-05-31 09:46:33', NULL),
(649, 654, 154, '2018-05-31 09:46:33', '2018-05-31 09:46:33', NULL),
(650, 655, 154, '2018-05-31 09:46:33', '2018-05-31 09:46:33', NULL),
(651, 656, 154, '2018-05-31 09:46:33', '2018-05-31 09:46:33', NULL),
(652, 657, 154, '2018-05-31 09:46:33', '2018-05-31 09:46:33', NULL),
(653, 658, 154, '2018-05-31 09:46:33', '2018-05-31 09:46:33', NULL),
(654, 659, 154, '2018-05-31 09:46:33', '2018-05-31 09:46:33', NULL),
(655, 660, 154, '2018-05-31 09:46:33', '2018-05-31 09:46:33', NULL),
(656, 661, 154, '2018-05-31 09:46:33', '2018-05-31 09:46:33', NULL),
(657, 662, 154, '2018-05-31 09:46:33', '2018-05-31 09:46:33', NULL),
(658, 663, 154, '2018-05-31 09:46:33', '2018-05-31 09:46:33', NULL),
(659, 664, 154, '2018-05-31 09:46:33', '2018-05-31 09:46:33', NULL),
(660, 665, 154, '2018-05-31 09:46:33', '2018-05-31 09:46:33', NULL),
(661, 666, 154, '2018-05-31 09:46:33', '2018-05-31 09:46:33', NULL),
(662, 667, 154, '2018-05-31 09:46:33', '2018-05-31 09:46:33', NULL),
(663, 668, 154, '2018-05-31 09:46:33', '2018-05-31 09:46:33', NULL),
(664, 669, 154, '2018-05-31 09:46:33', '2018-05-31 09:46:33', NULL),
(665, 670, 154, '2018-05-31 09:46:33', '2018-05-31 09:46:33', NULL),
(666, 671, 154, '2018-05-31 09:46:33', '2018-05-31 09:46:33', NULL),
(667, 672, 154, '2018-05-31 09:46:33', '2018-05-31 09:46:33', NULL),
(668, 673, 154, '2018-05-31 09:46:33', '2018-05-31 09:46:33', NULL),
(669, 674, 154, '2018-05-31 09:46:33', '2018-05-31 09:46:33', NULL),
(670, 675, 154, '2018-05-31 09:46:33', '2018-05-31 09:46:33', NULL),
(671, 676, 154, '2018-05-31 09:46:33', '2018-05-31 09:46:33', NULL),
(672, 677, 154, '2018-05-31 09:46:33', '2018-05-31 09:46:33', NULL),
(673, 678, 154, '2018-05-31 09:46:33', '2018-05-31 09:46:33', NULL),
(674, 679, 154, '2018-05-31 09:46:33', '2018-05-31 09:46:33', NULL),
(675, 680, 154, '2018-05-31 09:46:33', '2018-05-31 09:46:33', NULL),
(676, 681, 154, '2018-05-31 09:46:33', '2018-05-31 09:46:33', NULL),
(677, 682, 154, '2018-05-31 09:46:33', '2018-05-31 09:46:33', NULL),
(678, 683, 154, '2018-05-31 09:46:33', '2018-05-31 09:46:33', NULL),
(679, 684, 154, '2018-05-31 09:46:33', '2018-05-31 09:46:33', NULL),
(680, 685, 154, '2018-05-31 09:46:33', '2018-05-31 09:46:33', NULL),
(681, 686, 154, '2018-05-31 09:46:33', '2018-05-31 09:46:33', NULL),
(682, 687, 154, '2018-05-31 09:46:33', '2018-05-31 09:46:33', NULL),
(683, 688, 154, '2018-05-31 09:46:33', '2018-05-31 09:46:33', NULL),
(684, 689, 154, '2018-05-31 09:46:33', '2018-05-31 09:46:33', NULL),
(685, 690, 154, '2018-05-31 09:46:33', '2018-05-31 09:46:33', NULL),
(686, 691, 154, '2018-05-31 09:46:33', '2018-05-31 09:46:33', NULL),
(687, 692, 154, '2018-05-31 09:46:33', '2018-05-31 09:46:33', NULL),
(688, 693, 154, '2018-05-31 09:46:33', '2018-05-31 09:46:33', NULL),
(689, 694, 154, '2018-05-31 09:46:33', '2018-05-31 09:46:33', NULL),
(690, 695, 154, '2018-05-31 09:46:33', '2018-05-31 09:46:33', NULL),
(691, 696, 154, '2018-05-31 09:46:33', '2018-05-31 09:46:33', NULL),
(692, 697, 154, '2018-05-31 09:46:33', '2018-05-31 09:46:33', NULL),
(693, 698, 154, '2018-05-31 09:46:33', '2018-05-31 09:46:33', NULL),
(694, 699, 154, '2018-05-31 09:46:33', '2018-05-31 09:46:33', NULL),
(695, 700, 154, '2018-05-31 09:46:33', '2018-05-31 09:46:33', NULL),
(696, 701, 154, '2018-05-31 09:46:33', '2018-05-31 09:46:33', NULL),
(697, 702, 154, '2018-05-31 09:46:33', '2018-05-31 09:46:33', NULL),
(698, 703, 154, '2018-05-31 09:46:33', '2018-05-31 09:46:33', NULL),
(699, 704, 154, '2018-05-31 09:46:33', '2018-05-31 09:46:33', NULL),
(700, 705, 154, '2018-05-31 09:46:33', '2018-05-31 09:46:33', NULL),
(701, 706, 154, '2018-05-31 09:46:33', '2018-05-31 09:46:33', NULL),
(702, 707, 154, '2018-05-31 09:46:33', '2018-05-31 09:46:33', NULL),
(703, 708, 154, '2018-05-31 09:46:33', '2018-05-31 09:46:33', NULL),
(704, 709, 154, '2018-05-31 09:46:33', '2018-05-31 09:46:33', NULL),
(705, 710, 154, '2018-05-31 09:46:34', '2018-05-31 09:46:34', NULL),
(706, 711, 154, '2018-05-31 09:46:34', '2018-05-31 09:46:34', NULL),
(707, 712, 154, '2018-05-31 09:46:34', '2018-05-31 09:46:34', NULL),
(708, 713, 154, '2018-05-31 09:46:34', '2018-05-31 09:46:34', NULL),
(709, 714, 154, '2018-05-31 09:46:34', '2018-05-31 09:46:34', NULL),
(710, 715, 154, '2018-05-31 09:46:34', '2018-05-31 09:46:34', NULL),
(711, 716, 154, '2018-05-31 09:46:34', '2018-05-31 09:46:34', NULL),
(712, 717, 154, '2018-05-31 09:46:34', '2018-05-31 09:46:34', NULL),
(713, 718, 154, '2018-05-31 09:46:34', '2018-05-31 09:46:34', NULL),
(714, 719, 154, '2018-05-31 09:46:34', '2018-05-31 09:46:34', NULL),
(715, 720, 154, '2018-05-31 09:46:34', '2018-05-31 09:46:34', NULL),
(716, 721, 154, '2018-05-31 09:46:34', '2018-05-31 09:46:34', NULL),
(717, 722, 154, '2018-05-31 09:46:34', '2018-05-31 09:46:34', NULL),
(718, 723, 154, '2018-05-31 09:46:34', '2018-05-31 09:46:34', NULL),
(719, 724, 154, '2018-05-31 09:46:34', '2018-05-31 09:46:34', NULL),
(720, 725, 154, '2018-05-31 09:46:34', '2018-05-31 09:46:34', NULL),
(721, 726, 154, '2018-05-31 09:46:34', '2018-05-31 09:46:34', NULL),
(722, 727, 154, '2018-05-31 09:46:34', '2018-05-31 09:46:34', NULL),
(723, 728, 154, '2018-05-31 09:46:34', '2018-05-31 09:46:34', NULL),
(724, 729, 154, '2018-05-31 09:46:34', '2018-05-31 09:46:34', NULL),
(725, 730, 154, '2018-05-31 09:46:34', '2018-05-31 09:46:34', NULL),
(726, 731, 154, '2018-05-31 09:46:34', '2018-05-31 09:46:34', NULL),
(727, 732, 154, '2018-05-31 09:46:34', '2018-05-31 09:46:34', NULL),
(728, 733, 154, '2018-05-31 09:46:34', '2018-05-31 09:46:34', NULL),
(729, 734, 154, '2018-05-31 09:46:34', '2018-05-31 09:46:34', NULL),
(730, 735, 154, '2018-05-31 09:46:34', '2018-05-31 09:46:34', NULL),
(731, 736, 154, '2018-05-31 09:46:34', '2018-05-31 09:46:34', NULL),
(732, 737, 154, '2018-05-31 09:46:34', '2018-05-31 09:46:34', NULL),
(733, 738, 154, '2018-05-31 09:46:34', '2018-05-31 09:46:34', NULL),
(734, 739, 154, '2018-05-31 09:46:34', '2018-05-31 09:46:34', NULL),
(735, 740, 154, '2018-05-31 09:46:34', '2018-05-31 09:46:34', NULL),
(736, 741, 154, '2018-05-31 09:46:34', '2018-05-31 09:46:34', NULL),
(737, 742, 154, '2018-05-31 09:46:34', '2018-05-31 09:46:34', NULL),
(738, 743, 154, '2018-05-31 09:46:34', '2018-05-31 09:46:34', NULL),
(739, 744, 154, '2018-05-31 09:46:34', '2018-05-31 09:46:34', NULL),
(740, 745, 154, '2018-05-31 09:46:34', '2018-05-31 09:46:34', NULL),
(741, 746, 154, '2018-05-31 09:46:34', '2018-05-31 09:46:34', NULL),
(742, 747, 154, '2018-05-31 09:46:34', '2018-05-31 09:46:34', NULL),
(743, 748, 154, '2018-05-31 09:46:34', '2018-05-31 09:46:34', NULL),
(744, 749, 154, '2018-05-31 09:46:34', '2018-05-31 09:46:34', NULL),
(745, 750, 154, '2018-05-31 09:46:34', '2018-05-31 09:46:34', NULL),
(746, 751, 154, '2018-05-31 09:46:34', '2018-05-31 09:46:34', NULL),
(747, 752, 154, '2018-05-31 09:46:34', '2018-05-31 09:46:34', NULL);
INSERT INTO `file_contact` (`id`, `contact_id`, `file_id`, `created_at`, `updated_at`, `deleted_at`) VALUES
(748, 753, 154, '2018-05-31 09:46:34', '2018-05-31 09:46:34', NULL),
(749, 754, 154, '2018-05-31 09:46:34', '2018-05-31 09:46:34', NULL),
(750, 755, 154, '2018-05-31 09:46:34', '2018-05-31 09:46:34', NULL),
(751, 756, 154, '2018-05-31 09:46:34', '2018-05-31 09:46:34', NULL),
(752, 757, 154, '2018-05-31 09:46:34', '2018-05-31 09:46:34', NULL),
(753, 758, 154, '2018-05-31 09:46:34', '2018-05-31 09:46:34', NULL),
(754, 759, 154, '2018-05-31 09:46:34', '2018-05-31 09:46:34', NULL),
(755, 760, 154, '2018-05-31 09:46:34', '2018-05-31 09:46:34', NULL),
(756, 761, 154, '2018-05-31 09:46:34', '2018-05-31 09:46:34', NULL),
(757, 762, 154, '2018-05-31 09:46:34', '2018-05-31 09:46:34', NULL),
(758, 763, 154, '2018-05-31 09:46:34', '2018-05-31 09:46:34', NULL),
(759, 764, 154, '2018-05-31 09:46:34', '2018-05-31 09:46:34', NULL),
(760, 765, 154, '2018-05-31 09:46:34', '2018-05-31 09:46:34', NULL),
(761, 766, 154, '2018-05-31 09:46:34', '2018-05-31 09:46:34', NULL),
(762, 767, 154, '2018-05-31 09:46:34', '2018-05-31 09:46:34', NULL),
(763, 768, 154, '2018-05-31 09:46:34', '2018-05-31 09:46:34', NULL),
(764, 769, 154, '2018-05-31 09:46:34', '2018-05-31 09:46:34', NULL),
(765, 770, 154, '2018-05-31 09:46:34', '2018-05-31 09:46:34', NULL),
(766, 771, 154, '2018-05-31 09:46:34', '2018-05-31 09:46:34', NULL),
(767, 772, 154, '2018-05-31 09:46:34', '2018-05-31 09:46:34', NULL),
(768, 773, 154, '2018-05-31 09:46:34', '2018-05-31 09:46:34', NULL),
(769, 774, 154, '2018-05-31 09:46:34', '2018-05-31 09:46:34', NULL),
(770, 775, 154, '2018-05-31 09:46:34', '2018-05-31 09:46:34', NULL),
(771, 776, 154, '2018-05-31 09:46:34', '2018-05-31 09:46:34', NULL),
(772, 777, 154, '2018-05-31 09:46:34', '2018-05-31 09:46:34', NULL),
(773, 778, 154, '2018-05-31 09:46:34', '2018-05-31 09:46:34', NULL),
(774, 779, 154, '2018-05-31 09:46:34', '2018-05-31 09:46:34', NULL),
(775, 780, 154, '2018-05-31 09:46:34', '2018-05-31 09:46:34', NULL),
(776, 781, 154, '2018-05-31 09:46:34', '2018-05-31 09:46:34', NULL),
(777, 782, 154, '2018-05-31 09:46:34', '2018-05-31 09:46:34', NULL),
(778, 783, 154, '2018-05-31 09:46:34', '2018-05-31 09:46:34', NULL),
(779, 784, 154, '2018-05-31 09:46:34', '2018-05-31 09:46:34', NULL),
(780, 785, 154, '2018-05-31 09:46:34', '2018-05-31 09:46:34', NULL),
(781, 786, 154, '2018-05-31 09:46:34', '2018-05-31 09:46:34', NULL),
(782, 787, 154, '2018-05-31 09:46:34', '2018-05-31 09:46:34', NULL),
(783, 788, 154, '2018-05-31 09:46:34', '2018-05-31 09:46:34', NULL),
(784, 789, 154, '2018-05-31 09:46:34', '2018-05-31 09:46:34', NULL),
(785, 790, 154, '2018-05-31 09:46:34', '2018-05-31 09:46:34', NULL),
(786, 791, 154, '2018-05-31 09:46:34', '2018-05-31 09:46:34', NULL),
(787, 792, 154, '2018-05-31 09:46:34', '2018-05-31 09:46:34', NULL),
(788, 793, 154, '2018-05-31 09:46:34', '2018-05-31 09:46:34', NULL),
(789, 794, 154, '2018-05-31 09:46:34', '2018-05-31 09:46:34', NULL),
(790, 795, 154, '2018-05-31 09:46:34', '2018-05-31 09:46:34', NULL),
(791, 796, 154, '2018-05-31 09:46:34', '2018-05-31 09:46:34', NULL),
(792, 797, 154, '2018-05-31 09:46:34', '2018-05-31 09:46:34', NULL),
(793, 798, 154, '2018-05-31 09:46:34', '2018-05-31 09:46:34', NULL),
(794, 799, 154, '2018-05-31 09:46:34', '2018-05-31 09:46:34', NULL),
(795, 800, 154, '2018-05-31 09:46:34', '2018-05-31 09:46:34', NULL),
(796, 801, 154, '2018-05-31 09:46:34', '2018-05-31 09:46:34', NULL),
(797, 802, 154, '2018-05-31 09:46:34', '2018-05-31 09:46:34', NULL),
(798, 803, 154, '2018-05-31 09:46:34', '2018-05-31 09:46:34', NULL),
(799, 804, 157, '2018-06-01 07:16:37', '2018-06-01 07:16:37', NULL),
(800, 805, 157, '2018-06-01 07:16:37', '2018-06-01 07:16:37', NULL),
(801, 806, 157, '2018-06-01 07:16:37', '2018-06-01 07:16:37', NULL),
(802, 807, 157, '2018-06-01 07:16:37', '2018-06-01 07:16:37', NULL),
(803, 808, 157, '2018-06-01 07:16:37', '2018-06-01 07:16:37', NULL),
(804, 809, 157, '2018-06-01 07:16:37', '2018-06-01 07:16:37', NULL);

-- --------------------------------------------------------

--
-- Table structure for table `kpi_group`
--

CREATE TABLE `kpi_group` (
  `id` int(11) NOT NULL,
  `name` varchar(45) NOT NULL,
  `description` varchar(255) DEFAULT NULL,
  `kpi` int(11) NOT NULL,
  `created_at` datetime DEFAULT NULL,
  `updated_at` datetime DEFAULT NULL,
  `deleted_at` datetime DEFAULT NULL
) ENGINE=InnoDB DEFAULT CHARSET=utf8;

--
-- Dumping data for table `kpi_group`
--

INSERT INTO `kpi_group` (`id`, `name`, `description`, `kpi`, `created_at`, `updated_at`, `deleted_at`) VALUES
(1, 'A', 'A', 20, '2018-06-06 07:45:05', '2018-06-06 07:45:05', NULL),
(2, 'B', 'B', 30, '2018-06-06 07:45:48', '2018-06-06 07:45:48', NULL),
(3, 'A(copy file)', 'A', 50, '2018-06-06 07:52:40', '2018-06-06 07:52:40', NULL),
(4, 'Xxx', 'X', 100, '2018-06-11 11:10:02', '2018-06-11 11:23:12', NULL),
(5, 'X', 'X', 100, '2018-06-11 11:10:52', '2018-06-11 11:22:17', '2018-06-11 11:22:17');

-- --------------------------------------------------------

--
-- Table structure for table `level`
--

CREATE TABLE `level` (
  `id` int(11) NOT NULL,
  `name` varchar(45) DEFAULT NULL COMMENT '		',
  `descirption` varchar(255) DEFAULT NULL,
  `created_at` datetime DEFAULT NULL,
  `updated_at` datetime DEFAULT NULL,
  `deleted_at` datetime DEFAULT NULL
) ENGINE=InnoDB DEFAULT CHARSET=utf8;

--
-- Dumping data for table `level`
--

INSERT INTO `level` (`id`, `name`, `descirption`, `created_at`, `updated_at`, `deleted_at`) VALUES
(1, 'L1', 'L1', '2018-05-08 07:38:00', '2018-05-08 07:38:00', NULL),
(2, 'L2', 'L2', '2018-05-08 07:38:00', '2018-05-08 07:38:00', NULL),
(3, 'L3', 'L3', '2018-05-08 07:38:00', '2018-05-08 07:38:00', NULL),
(4, 'L4', 'L4', '2018-05-08 07:38:00', '2018-05-08 07:38:00', NULL),
(5, 'L5', 'L5', '2018-05-08 07:38:00', '2018-05-08 07:38:00', NULL),
(6, 'L6', 'L6', '2018-05-08 07:38:00', '2018-05-08 07:38:00', NULL),
(7, 'L7', 'L7', '2018-05-08 07:38:00', '2018-05-08 07:38:00', NULL),
(8, 'L8', 'L8', '2018-05-08 07:38:00', '2018-05-08 07:38:00', NULL);

-- --------------------------------------------------------

--
-- Table structure for table `log`
--

CREATE TABLE `log` (
  `id` int(11) NOT NULL,
  `action` text COLLATE utf8_unicode_ci NOT NULL,
  `object` text COLLATE utf8_unicode_ci NOT NULL,
  `user_id` int(11) NOT NULL,
  `created_at` datetime NOT NULL,
  `updated_at` datetime NOT NULL,
  `deleted_at` datetime NOT NULL
) ENGINE=InnoDB DEFAULT CHARSET=utf8 COLLATE=utf8_unicode_ci;

--
-- Dumping data for table `log`
--

INSERT INTO `log` (`id`, `action`, `object`, `user_id`, `created_at`, `updated_at`, `deleted_at`) VALUES
(1, 'Create_KPI', '[\"sale10\"]', 1, '2018-06-11 11:10:52', '2018-06-11 11:10:52', '0000-00-00 00:00:00'),
(2, 'Removed_KPI', '{\"kpi_id\":\"5\"}', 1, '2018-06-11 11:22:32', '2018-06-11 11:22:32', '0000-00-00 00:00:00'),
(3, 'Updated_KPI', '[\"\"]', 1, '2018-06-11 11:23:12', '2018-06-11 11:23:12', '0000-00-00 00:00:00');

-- --------------------------------------------------------

--
-- Table structure for table `log_contact_transfer`
--

CREATE TABLE `log_contact_transfer` (
  `id` int(11) NOT NULL,
  `action` varchar(100) NOT NULL,
  `object` varchar(100) DEFAULT NULL,
  `contact_id` int(11) NOT NULL,
  `user_id` int(11) NOT NULL,
  `created_at` datetime DEFAULT NULL,
  `updated_at` datetime DEFAULT NULL,
  `deleted_at` datetime DEFAULT NULL
) ENGINE=InnoDB DEFAULT CHARSET=utf8;

--
-- Dumping data for table `log_contact_transfer`
--

INSERT INTO `log_contact_transfer` (`id`, `action`, `object`, `contact_id`, `user_id`, `created_at`, `updated_at`, `deleted_at`) VALUES
(2, 'from raw', NULL, 2, 1, '2018-05-28 07:36:42', '2018-05-28 07:36:42', NULL),
(3, 'from raw', NULL, 13, 1, '2018-05-28 07:36:42', '2018-05-28 07:36:42', NULL),
(4, 'from raw', NULL, 14, 1, '2018-05-28 07:36:42', '2018-05-28 07:36:42', NULL),
(14, 'from raw', NULL, 18, 1, '2018-05-28 07:43:07', '2018-05-28 07:43:07', NULL),
(15, 'from raw', NULL, 19, 1, '2018-05-28 07:43:07', '2018-05-28 07:43:07', NULL),
(16, 'from raw', NULL, 13, 1, '2018-05-28 07:43:58', '2018-05-28 07:43:58', NULL),
(17, 'from user', '1', 19, 21, '2018-05-28 07:44:25', '2018-05-28 07:44:25', NULL),
(18, 'from raw', NULL, 1, 1, '2018-06-06 11:23:01', '2018-06-06 11:23:01', NULL),
(19, 'from raw', NULL, 2, 1, '2018-06-06 11:23:01', '2018-06-06 11:23:01', NULL),
(20, 'from raw', NULL, 4, 1, '2018-06-06 11:23:01', '2018-06-06 11:23:01', NULL);

-- --------------------------------------------------------

--
-- Table structure for table `log_role_page`
--

CREATE TABLE `log_role_page` (
  `id` int(11) NOT NULL,
  `action` text COLLATE utf8_unicode_ci NOT NULL,
  `object` text COLLATE utf8_unicode_ci DEFAULT NULL,
  `user_id` int(11) NOT NULL,
  `created_at` datetime DEFAULT NULL,
  `updated_at` datetime DEFAULT NULL,
  `deleted_at` datetime DEFAULT NULL
) ENGINE=InnoDB DEFAULT CHARSET=utf8 COLLATE=utf8_unicode_ci;

--
-- Dumping data for table `log_role_page`
--

INSERT INTO `log_role_page` (`id`, `action`, `object`, `user_id`, `created_at`, `updated_at`, `deleted_at`) VALUES
(1, 'Update', '{\"role_id\":\"4\",\"add\":[\"Contact Add\"],\"remove\":[\"Report\"]}', 1, '2018-06-11 10:38:42', '2018-06-11 10:38:42', NULL),
(2, 'Update', '{\"role_id\":\"4\",\"add\":[\"Contact Transfer\",\"Call History\",\"User Add\",\"Page Add\",\"Contact Add\",\"Contact\",\"Contact Transfer\",\"User\",\"Page\",\"Role Page\",\"Report\"],\"remove\":[\"Others\"]}', 1, '2018-06-11 10:38:51', '2018-06-11 10:38:51', NULL);

-- --------------------------------------------------------

--
-- Table structure for table `page`
--

CREATE TABLE `page` (
  `id` int(11) NOT NULL,
  `root_id` int(11) DEFAULT NULL,
  `order_id` int(5) NOT NULL DEFAULT 999,
  `name` varchar(100) DEFAULT NULL,
  `url` varchar(255) DEFAULT NULL,
  `created_at` datetime DEFAULT NULL,
  `updated_at` datetime DEFAULT NULL,
  `deleted_at` datetime DEFAULT NULL
) ENGINE=InnoDB DEFAULT CHARSET=utf8;

--
-- Dumping data for table `page`
--

INSERT INTO `page` (`id`, `root_id`, `order_id`, `name`, `url`, `created_at`, `updated_at`, `deleted_at`) VALUES
(1, NULL, 1, 'Admin', '', '2018-05-08 07:38:00', '2018-05-08 07:38:00', NULL),
(2, 1, 3, 'User', 'user', '2018-05-08 07:38:00', '2018-05-08 07:38:00', NULL),
(3, 1, 0, 'Contact', 'contact', '2018-05-08 07:38:00', '2018-05-08 07:38:00', NULL),
(5, 1, 4, 'Page', 'page', '2018-05-08 07:38:00', '2018-05-08 07:38:00', NULL),
(6, NULL, 0, 'Others', NULL, '2018-05-08 07:38:00', '2018-05-08 07:38:00', NULL),
(7, 6, 1, 'User Add', 'user/add', '2018-05-25 00:00:00', '2018-05-25 00:00:00', NULL),
(8, 6, 2, 'Page Add', 'page/add', '2018-05-25 00:00:00', '2018-05-25 00:00:00', NULL),
(9, 6, 3, 'Contact Add', 'contact/add', '2018-05-25 00:00:00', '2018-05-25 00:00:00', NULL),
(10, 1, 1, 'Contact Transfer', 'contact/transfer', '2018-05-31 03:40:20', '2018-05-31 03:40:20', NULL),
(11, 1, 5, 'Role Page', 'page/rolepage', '2018-05-31 03:40:49', '2018-05-31 03:40:49', NULL),
(12, 6, 0, 'Contact Transfer', 'contact/transfer', '2018-05-31 03:41:10', '2018-05-31 03:41:23', NULL),
(13, 6, 0, 'Call History', 'callHistory', '2018-05-31 03:41:21', '2018-06-01 03:02:39', NULL),
(14, 1, 999, 'Report', 'report/qttt', '2018-05-31 03:41:21', '2018-06-01 03:02:39', NULL);

-- --------------------------------------------------------

--
-- Table structure for table `role`
--

CREATE TABLE `role` (
  `id` int(11) NOT NULL,
  `name` varchar(100) NOT NULL,
  `default_page_id` int(11) DEFAULT NULL,
  `created_at` datetime DEFAULT NULL,
  `updated_at` datetime DEFAULT NULL,
  `deleted_at` datetime DEFAULT NULL
) ENGINE=InnoDB DEFAULT CHARSET=utf8;

--
-- Dumping data for table `role`
--

INSERT INTO `role` (`id`, `name`, `default_page_id`, `created_at`, `updated_at`, `deleted_at`) VALUES
(1, 'admin', 3, '2018-05-23 00:00:00', '2018-05-23 00:00:00', NULL),
(2, 'manager', 10, '2018-05-23 00:00:00', '2018-05-23 00:00:00', NULL),
(3, 'sale', 12, '2018-05-23 00:00:00', '2018-05-23 00:00:00', NULL),
(4, 'IT', 7, '2018-05-23 00:00:00', '2018-05-23 00:00:00', NULL);

-- --------------------------------------------------------

--
-- Table structure for table `role_page`
--

CREATE TABLE `role_page` (
  `id` int(11) NOT NULL,
  `role_id` int(11) NOT NULL,
  `page_id` int(11) NOT NULL,
  `created_at` datetime DEFAULT NULL,
  `updated_at` datetime DEFAULT NULL,
  `deleted_at` datetime DEFAULT NULL
) ENGINE=InnoDB DEFAULT CHARSET=utf8;

--
-- Dumping data for table `role_page`
--

INSERT INTO `role_page` (`id`, `role_id`, `page_id`, `created_at`, `updated_at`, `deleted_at`) VALUES
(1, 1, 1, '2018-05-23 00:00:00', '2018-05-23 00:00:00', NULL),
(2, 1, 2, '2018-05-23 00:00:00', '2018-05-23 00:00:00', NULL),
(3, 1, 3, '2018-05-23 00:00:00', '2018-05-31 04:55:32', NULL),
(4, 1, 5, '2018-05-23 00:00:00', '2018-05-23 00:00:00', '2018-05-31 04:48:20'),
(5, 1, 6, '2018-05-23 00:00:00', '2018-05-23 00:00:00', NULL),
(6, 1, 7, '2018-05-23 00:00:00', '2018-05-23 00:00:00', NULL),
(7, 1, 8, '2018-05-23 00:00:00', '2018-05-23 00:00:00', NULL),
(8, 1, 9, '2018-05-23 00:00:00', '2018-05-23 00:00:00', NULL),
(9, 4, 1, '2018-05-31 04:46:44', '2018-05-31 04:46:51', '2018-05-31 04:46:51'),
(10, 4, 2, '2018-05-31 04:46:44', '2018-05-31 04:46:51', '2018-05-31 04:46:51'),
(11, 4, 6, '2018-05-31 04:46:51', '2018-06-11 10:38:51', '2018-06-11 10:38:51'),
(12, 4, 7, '2018-05-31 04:46:51', '2018-06-11 10:35:27', '2018-06-11 10:35:27'),
(13, 1, 10, '2018-05-31 04:48:20', '2018-05-31 04:48:20', NULL),
(14, 1, 11, '2018-05-31 04:48:20', '2018-05-31 04:48:20', NULL),
(15, 1, 13, '2018-05-31 04:48:20', '2018-05-31 04:48:20', NULL),
(16, 1, 5, '2018-05-31 05:28:48', '2018-05-31 05:28:48', NULL),
(17, 3, 6, '2018-06-01 03:15:08', '2018-06-01 03:15:08', NULL),
(18, 3, 10, '2018-06-01 03:15:08', '2018-06-01 03:15:08', NULL),
(19, 3, 12, '2018-06-01 03:15:08', '2018-06-01 03:15:08', NULL),
(20, 1, 14, '2018-06-01 03:29:00', '2018-06-01 03:29:00', NULL),
(21, 4, 14, '2018-06-11 10:35:27', '2018-06-11 10:38:42', '2018-06-11 10:38:42'),
(22, 4, 9, '2018-06-11 10:38:42', '2018-06-11 10:38:42', NULL),
(23, 4, 10, '2018-06-11 10:38:51', '2018-06-11 10:38:51', NULL),
(24, 4, 12, '2018-06-11 10:38:51', '2018-06-11 10:38:51', NULL),
(25, 4, 13, '2018-06-11 10:38:51', '2018-06-11 10:38:51', NULL),
(26, 4, 7, '2018-06-11 10:38:51', '2018-06-11 10:38:51', NULL),
(27, 4, 8, '2018-06-11 10:38:51', '2018-06-11 10:38:51', NULL),
(28, 4, 3, '2018-06-11 10:38:51', '2018-06-11 10:38:51', NULL),
(29, 4, 2, '2018-06-11 10:38:51', '2018-06-11 10:38:51', NULL),
(30, 4, 5, '2018-06-11 10:38:51', '2018-06-11 10:38:51', NULL),
(31, 4, 11, '2018-06-11 10:38:51', '2018-06-11 10:38:51', NULL),
(32, 4, 14, '2018-06-11 10:38:51', '2018-06-11 10:38:51', NULL),
(33, 4, 1, '2018-06-11 10:38:51', '2018-06-11 10:38:51', NULL);

-- --------------------------------------------------------

--
-- Table structure for table `sale_group`
--

CREATE TABLE `sale_group` (
  `id` int(11) NOT NULL,
  `name` varchar(45) NOT NULL,
  `description` varchar(255) DEFAULT NULL,
  `created_at` datetime DEFAULT NULL,
  `updated_at` datetime DEFAULT NULL,
  `deleted_at` datetime DEFAULT NULL
) ENGINE=InnoDB DEFAULT CHARSET=utf8;

-- --------------------------------------------------------

--
-- Table structure for table `status_call`
--

CREATE TABLE `status_call` (
  `id` int(11) NOT NULL,
  `name` varchar(100) NOT NULL,
  `description` varchar(255) NOT NULL,
  `created_at` datetime DEFAULT NULL,
  `updated_at` datetime DEFAULT NULL,
  `deleted_at` datetime DEFAULT NULL
) ENGINE=InnoDB DEFAULT CHARSET=utf8;

--
-- Dumping data for table `status_call`
--

INSERT INTO `status_call` (`id`, `name`, `description`, `created_at`, `updated_at`, `deleted_at`) VALUES
(1, 'Status call 1', 'Status call 1', '2018-05-28 00:00:00', '2018-05-28 00:00:00', NULL),
(2, 'Status call 2', 'Status call 2', '2018-05-28 00:00:00', '2018-05-28 00:00:00', NULL),
(3, 'Status call 3', 'Status call 3', '2018-05-28 00:00:00', '2018-05-28 00:00:00', NULL);

-- --------------------------------------------------------

--
-- Table structure for table `status_service`
--

CREATE TABLE `status_service` (
  `id` int(11) NOT NULL,
  `name` varchar(100) NOT NULL,
  `description` varchar(255) NOT NULL,
  `created_at` datetime DEFAULT NULL,
  `updated_at` datetime DEFAULT NULL,
  `deleted_at` datetime DEFAULT NULL
) ENGINE=InnoDB DEFAULT CHARSET=utf8;

--
-- Dumping data for table `status_service`
--

INSERT INTO `status_service` (`id`, `name`, `description`, `created_at`, `updated_at`, `deleted_at`) VALUES
(1, 'Status Service 1', 'Status Service 1', '2018-05-28 00:00:00', '2018-05-28 00:00:00', NULL),
(2, 'Status Service 2', 'Status Service 2', '2018-05-28 00:00:00', '2018-05-28 00:00:00', NULL);

-- --------------------------------------------------------

--
-- Table structure for table `user`
--

CREATE TABLE `user` (
  `id` int(11) NOT NULL,
  `name` varchar(100) NOT NULL,
  `password` varchar(100) NOT NULL,
  `remember_token` varchar(255) DEFAULT NULL,
  `firstname` varchar(100) NOT NULL,
  `lastname` varchar(100) NOT NULL,
  `created_at` datetime DEFAULT NULL,
  `updated_at` datetime DEFAULT NULL,
  `deleted_at` datetime DEFAULT NULL
) ENGINE=InnoDB DEFAULT CHARSET=utf8;

--
-- Dumping data for table `user`
--

INSERT INTO `user` (`id`, `name`, `password`, `remember_token`, `firstname`, `lastname`, `created_at`, `updated_at`, `deleted_at`) VALUES
(1, 'admin', '$2y$10$3TflNLiqow/uoLIsqeJcTuw5Aut.SwsBithDfzGwkdQDGMDcuhZBO', 'XV3WQUsOoBpa3KwZKu6QtCcHc1n1M0CnfNvjrGxnejG65Q3U6qOO20SpsR7O', 'adminF', 'adminL', '2018-05-08 07:38:00', '2018-05-17 12:17:27', NULL),
(22, 'sale1', '$2y$10$2q4heuHToB5o1kX/BYcNyeHAko0cIUAWLad3CQ5D0kGyRgBLUGSlK', 'WoAN2AzLquFulDqRBzLR7cCQdajI9vfnJ0xnIHGJQ5oJMEwZisXGT2v5omr9', 'Sale 1', 'LN', '2018-06-01 03:10:52', '2018-06-01 03:10:52', NULL),
(23, 'sale2', '$2y$10$JX0qtKRP98N.Piy2S.fiXeZkk.Dbat9h4ljORCOrFUp0l1V5.jnm.', NULL, 'Sale 2', 'LN', '2018-06-01 03:11:12', '2018-06-01 03:11:12', NULL),
(24, 'sale3', '$2y$10$zc0oZB2ZE6ANXGc/u6cDb.g7kvPGYACdryjBVTdvUXORD4tofejKK', NULL, 'Sale 3', 'LN', '2018-06-01 03:11:28', '2018-06-01 03:11:28', NULL),
(25, 'sale4', '$2y$10$4kpeN8u/q.qbGsQU99PYGOZ9oFIZxozrcpPu5URcDSD3gb/3r9GL6', NULL, 'Sale 4', 'LN', '2018-06-01 03:11:49', '2018-06-01 03:11:49', NULL),
(26, 'sale5', '$2y$10$oL42BYI1vqjO0odkcZ7k/e.jf50OOUVzb9BFj6XOcQgnbpuLSmVDm', NULL, 'Sale 5', 'LN', '2018-06-01 03:12:03', '2018-06-01 03:12:03', NULL),
(27, 'sale6', '$2y$10$U.JFUiOoTav8jPlCgrN8teGH10IgYGb0rqOiVWQKaohku5pgwfYb.', NULL, 'Sale6', 'LN', '2018-06-01 06:13:43', '2018-06-01 06:13:43', NULL),
(28, 'sale7', '$2y$10$UGIGpzAhuSIM9VfyDmEda.F3y0Qo2HcLXx1YscLTzsfAfuVqrf/Zu', NULL, 'Sale 7', 'LN', '2018-06-01 06:14:38', '2018-06-01 06:14:38', NULL),
(29, 'sale8', '$2y$10$cy44E0AxvnVw/E3QV/9E.e0GosLFCKP.i17HP7XFbJ8HvCWDwu9Ei', NULL, 'Sale 8', 'LN', '2018-06-01 06:14:51', '2018-06-01 06:14:51', NULL),
(30, 'sale9', '$2y$10$WYCWI9aZrn6qHRVEgUMZr.A5/Ra/dFQ9QpOo3Vl27lIm7N8lab5ti', NULL, 'Sale 9', 'LN', '2018-06-01 06:15:02', '2018-06-01 06:15:02', NULL),
(31, 'sale10', '$2y$10$.fSYQBOGKJaUpgPF57Esf.bjsN1t6x0Beop6ABxJuziD78QTNm/0i', NULL, 'Sale 10', 'LN', '2018-06-01 06:15:16', '2018-06-01 06:15:16', NULL);

-- --------------------------------------------------------

--
-- Table structure for table `user_contact`
--

CREATE TABLE `user_contact` (
  `id` int(11) NOT NULL,
  `user_id` int(11) NOT NULL,
  `contact_id` int(11) NOT NULL,
  `created_at` datetime DEFAULT NULL,
  `updated_at` datetime DEFAULT NULL,
  `deleted_at` datetime DEFAULT NULL
) ENGINE=InnoDB DEFAULT CHARSET=utf8;

--
-- Dumping data for table `user_contact`
--

INSERT INTO `user_contact` (`id`, `user_id`, `contact_id`, `created_at`, `updated_at`, `deleted_at`) VALUES
(5, 1, 18, '2018-05-28 07:43:07', '2018-05-28 07:43:07', NULL),
(6, 21, 19, '2018-05-28 07:43:07', '2018-05-28 07:44:24', NULL),
(7, 1, 13, '2018-05-28 07:43:58', '2018-05-28 07:43:58', NULL),
(8, 1, 1, '2018-06-06 11:23:01', '2018-06-06 11:23:01', NULL),
(9, 1, 2, '2018-06-06 11:23:01', '2018-06-06 11:23:01', NULL),
(10, 1, 4, '2018-06-06 11:23:01', '2018-06-06 11:23:01', NULL);

-- --------------------------------------------------------

--
-- Table structure for table `user_kpi_group`
--

CREATE TABLE `user_kpi_group` (
  `id` int(11) NOT NULL,
  `user_id` int(11) NOT NULL,
  `kpi_group_id` int(11) NOT NULL,
  `created_at` datetime DEFAULT NULL,
  `updated_at` datetime DEFAULT NULL,
  `deleted_at` datetime DEFAULT NULL
) ENGINE=InnoDB DEFAULT CHARSET=utf8;

--
-- Dumping data for table `user_kpi_group`
--

INSERT INTO `user_kpi_group` (`id`, `user_id`, `kpi_group_id`, `created_at`, `updated_at`, `deleted_at`) VALUES
(1, 22, 2, '2018-06-06 07:45:05', '2018-06-06 08:00:48', NULL),
(2, 23, 3, '2018-06-06 07:45:05', '2018-06-06 07:52:40', NULL),
(3, 24, 1, '2018-06-06 07:45:05', '2018-06-06 07:45:05', NULL),
(4, 25, 1, '2018-06-06 07:45:05', '2018-06-06 07:45:05', NULL),
(5, 26, 1, '2018-06-06 07:45:05', '2018-06-06 07:45:05', NULL),
(6, 27, 1, '2018-06-06 07:45:05', '2018-06-06 07:45:05', NULL),
(7, 28, 1, '2018-06-06 07:45:05', '2018-06-06 07:45:05', NULL),
(8, 29, 1, '2018-06-06 07:45:05', '2018-06-06 07:45:05', NULL),
(9, 30, 1, '2018-06-06 07:45:05', '2018-06-06 07:45:05', NULL),
(10, 31, 5, '2018-06-06 07:45:05', '2018-06-11 11:10:52', NULL),
(11, 1, 2, '2018-06-06 07:45:48', '2018-06-06 08:00:48', NULL);

-- --------------------------------------------------------

--
-- Table structure for table `user_role`
--

CREATE TABLE `user_role` (
  `id` int(11) NOT NULL,
  `user_id` int(11) NOT NULL,
  `role_id` int(11) NOT NULL,
  `created_at` datetime DEFAULT NULL,
  `updated_at` datetime DEFAULT NULL,
  `deleted_at` datetime DEFAULT NULL
) ENGINE=InnoDB DEFAULT CHARSET=utf8;

--
-- Dumping data for table `user_role`
--

INSERT INTO `user_role` (`id`, `user_id`, `role_id`, `created_at`, `updated_at`, `deleted_at`) VALUES
(1, 1, 1, '2018-05-17 12:17:21', '2018-05-17 12:17:21', NULL),
(15, 22, 3, '2018-06-01 03:10:52', '2018-06-01 03:10:52', NULL),
(16, 23, 3, '2018-06-01 03:11:12', '2018-06-01 03:11:12', NULL),
(17, 24, 3, '2018-06-01 03:11:28', '2018-06-01 03:11:28', NULL),
(18, 25, 3, '2018-06-01 03:11:49', '2018-06-01 03:11:49', NULL),
(19, 26, 3, '2018-06-01 03:12:03', '2018-06-01 03:12:03', NULL),
(20, 27, 3, '2018-06-01 06:13:43', '2018-06-01 06:13:43', NULL),
(21, 28, 3, '2018-06-01 06:14:38', '2018-06-01 06:14:38', NULL),
(22, 29, 3, '2018-06-01 06:14:51', '2018-06-01 06:14:51', NULL),
(23, 30, 3, '2018-06-01 06:15:02', '2018-06-01 06:15:02', NULL),
(24, 31, 3, '2018-06-01 06:15:16', '2018-06-01 06:15:16', NULL);

-- --------------------------------------------------------

--
-- Table structure for table `user_sale_group`
--

CREATE TABLE `user_sale_group` (
  `id` int(11) NOT NULL,
  `user_id` int(11) NOT NULL,
  `sale_group_id` int(11) NOT NULL,
  `created_at` datetime DEFAULT NULL,
  `updated_at` datetime DEFAULT NULL,
  `deleted_at` datetime DEFAULT NULL
) ENGINE=InnoDB DEFAULT CHARSET=utf8;

--
-- Indexes for dumped tables
--

--
-- Indexes for table `call_history`
--
ALTER TABLE `call_history`
  ADD PRIMARY KEY (`id`),
  ADD KEY `qttt_report_inx` (`created_at`,`user_id`,`level_id`) USING BTREE;

--
-- Indexes for table `call_history_comment`
--
ALTER TABLE `call_history_comment`
  ADD PRIMARY KEY (`id`);

--
-- Indexes for table `call_history_status_comment`
--
ALTER TABLE `call_history_status_comment`
  ADD PRIMARY KEY (`id`);

--
-- Indexes for table `call_quality`
--
ALTER TABLE `call_quality`
  ADD PRIMARY KEY (`id`);

--
-- Indexes for table `call_quality_level`
--
ALTER TABLE `call_quality_level`
  ADD PRIMARY KEY (`id`);

--
-- Indexes for table `channel`
--
ALTER TABLE `channel`
  ADD PRIMARY KEY (`id`),
  ADD KEY `laravel_idx` (`id`,`deleted_at`) USING BTREE;

--
-- Indexes for table `contact`
--
ALTER TABLE `contact`
  ADD PRIMARY KEY (`id`),
  ADD KEY `laravel_idx` (`id`,`deleted_at`) USING BTREE,
  ADD KEY `report_idx` (`id`,`contact_source_id`,`channel_id`) USING BTREE;

--
-- Indexes for table `contact_course`
--
ALTER TABLE `contact_course`
  ADD PRIMARY KEY (`id`),
  ADD UNIQUE KEY `qttt_report_idx` (`course_price`,`id`);

--
-- Indexes for table `contact_source`
--
ALTER TABLE `contact_source`
  ADD PRIMARY KEY (`id`),
  ADD UNIQUE KEY `laravel_idx` (`id`,`deleted_at`);

--
-- Indexes for table `course`
--
ALTER TABLE `course`
  ADD PRIMARY KEY (`id`);

--
-- Indexes for table `course_price`
--
ALTER TABLE `course_price`
  ADD PRIMARY KEY (`id`);

--
-- Indexes for table `email_template`
--
ALTER TABLE `email_template`
  ADD PRIMARY KEY (`id`);

--
-- Indexes for table `file`
--
ALTER TABLE `file`
  ADD PRIMARY KEY (`id`),
  ADD KEY `laravel_idx` (`id`,`deleted_at`);

--
-- Indexes for table `file_contact`
--
ALTER TABLE `file_contact`
  ADD PRIMARY KEY (`id`),
  ADD KEY `laravel_idx` (`id`,`deleted_at`),
  ADD KEY `report_idx` (`id`,`contact_id`,`file_id`,`deleted_at`);

--
-- Indexes for table `kpi_group`
--
ALTER TABLE `kpi_group`
  ADD PRIMARY KEY (`id`);

--
-- Indexes for table `level`
--
ALTER TABLE `level`
  ADD PRIMARY KEY (`id`),
  ADD KEY `laravel_idx` (`id`,`deleted_at`);

--
-- Indexes for table `log`
--
ALTER TABLE `log`
  ADD PRIMARY KEY (`id`);

--
-- Indexes for table `log_contact_transfer`
--
ALTER TABLE `log_contact_transfer`
  ADD PRIMARY KEY (`id`);

--
-- Indexes for table `log_role_page`
--
ALTER TABLE `log_role_page`
  ADD PRIMARY KEY (`id`);

--
-- Indexes for table `page`
--
ALTER TABLE `page`
  ADD PRIMARY KEY (`id`),
  ADD KEY `cache_idx` (`id`,`root_id`,`deleted_at`) USING BTREE,
  ADD KEY `laravel_idx` (`id`,`deleted_at`) USING BTREE;

--
-- Indexes for table `role`
--
ALTER TABLE `role`
  ADD PRIMARY KEY (`id`),
  ADD KEY `laravel_idx` (`id`,`deleted_at`) USING BTREE;

--
-- Indexes for table `role_page`
--
ALTER TABLE `role_page`
  ADD PRIMARY KEY (`id`),
  ADD KEY `laravel_idx` (`id`,`deleted_at`),
  ADD KEY `cache_idx` (`id`,`role_id`,`deleted_at`,`page_id`) USING BTREE;

--
-- Indexes for table `sale_group`
--
ALTER TABLE `sale_group`
  ADD PRIMARY KEY (`id`);

--
-- Indexes for table `status_call`
--
ALTER TABLE `status_call`
  ADD PRIMARY KEY (`id`);

--
-- Indexes for table `status_service`
--
ALTER TABLE `status_service`
  ADD PRIMARY KEY (`id`);

--
-- Indexes for table `user`
--
ALTER TABLE `user`
  ADD PRIMARY KEY (`id`),
  ADD KEY `laravel_idx` (`id`,`deleted_at`) USING BTREE;

--
-- Indexes for table `user_contact`
--
ALTER TABLE `user_contact`
  ADD PRIMARY KEY (`id`);

--
-- Indexes for table `user_kpi_group`
--
ALTER TABLE `user_kpi_group`
  ADD PRIMARY KEY (`id`,`user_id`);

--
-- Indexes for table `user_role`
--
ALTER TABLE `user_role`
  ADD PRIMARY KEY (`id`),
  ADD KEY `laravel_idx` (`id`,`deleted_at`),
  ADD KEY `cache_idx` (`id`,`user_id`,`role_id`);

--
-- Indexes for table `user_sale_group`
--
ALTER TABLE `user_sale_group`
  ADD PRIMARY KEY (`id`,`user_id`);

--
-- AUTO_INCREMENT for dumped tables
--

--
-- AUTO_INCREMENT for table `call_history`
--
ALTER TABLE `call_history`
  MODIFY `id` int(11) NOT NULL AUTO_INCREMENT, AUTO_INCREMENT=1541;

--
-- AUTO_INCREMENT for table `call_history_comment`
--
ALTER TABLE `call_history_comment`
  MODIFY `id` int(11) NOT NULL AUTO_INCREMENT;

--
-- AUTO_INCREMENT for table `call_history_status_comment`
--
ALTER TABLE `call_history_status_comment`
  MODIFY `id` int(11) NOT NULL AUTO_INCREMENT;

--
-- AUTO_INCREMENT for table `call_quality`
--
ALTER TABLE `call_quality`
  MODIFY `id` int(11) NOT NULL AUTO_INCREMENT, AUTO_INCREMENT=3;

--
-- AUTO_INCREMENT for table `call_quality_level`
--
ALTER TABLE `call_quality_level`
  MODIFY `id` int(11) NOT NULL AUTO_INCREMENT, AUTO_INCREMENT=5;

--
-- AUTO_INCREMENT for table `channel`
--
ALTER TABLE `channel`
  MODIFY `id` int(11) NOT NULL AUTO_INCREMENT, AUTO_INCREMENT=28;

--
-- AUTO_INCREMENT for table `contact`
--
ALTER TABLE `contact`
  MODIFY `id` int(11) NOT NULL AUTO_INCREMENT, AUTO_INCREMENT=810;

--
-- AUTO_INCREMENT for table `contact_course`
--
ALTER TABLE `contact_course`
  MODIFY `id` int(11) NOT NULL AUTO_INCREMENT, AUTO_INCREMENT=202;

--
-- AUTO_INCREMENT for table `contact_source`
--
ALTER TABLE `contact_source`
  MODIFY `id` int(11) NOT NULL AUTO_INCREMENT, AUTO_INCREMENT=6;

--
-- AUTO_INCREMENT for table `course`
--
ALTER TABLE `course`
  MODIFY `id` int(11) NOT NULL AUTO_INCREMENT, AUTO_INCREMENT=3;

--
-- AUTO_INCREMENT for table `course_price`
--
ALTER TABLE `course_price`
  MODIFY `id` int(11) NOT NULL AUTO_INCREMENT, AUTO_INCREMENT=3;

--
-- AUTO_INCREMENT for table `email_template`
--
ALTER TABLE `email_template`
  MODIFY `id` int(11) NOT NULL AUTO_INCREMENT;

--
-- AUTO_INCREMENT for table `file`
--
ALTER TABLE `file`
  MODIFY `id` int(11) NOT NULL AUTO_INCREMENT, AUTO_INCREMENT=159;

--
-- AUTO_INCREMENT for table `file_contact`
--
ALTER TABLE `file_contact`
  MODIFY `id` int(11) NOT NULL AUTO_INCREMENT, AUTO_INCREMENT=805;

--
-- AUTO_INCREMENT for table `kpi_group`
--
ALTER TABLE `kpi_group`
  MODIFY `id` int(11) NOT NULL AUTO_INCREMENT, AUTO_INCREMENT=6;

--
-- AUTO_INCREMENT for table `level`
--
ALTER TABLE `level`
  MODIFY `id` int(11) NOT NULL AUTO_INCREMENT, AUTO_INCREMENT=9;

--
-- AUTO_INCREMENT for table `log`
--
ALTER TABLE `log`
  MODIFY `id` int(11) NOT NULL AUTO_INCREMENT, AUTO_INCREMENT=4;

--
-- AUTO_INCREMENT for table `log_contact_transfer`
--
ALTER TABLE `log_contact_transfer`
  MODIFY `id` int(11) NOT NULL AUTO_INCREMENT, AUTO_INCREMENT=21;

--
-- AUTO_INCREMENT for table `log_role_page`
--
ALTER TABLE `log_role_page`
  MODIFY `id` int(11) NOT NULL AUTO_INCREMENT, AUTO_INCREMENT=3;

--
-- AUTO_INCREMENT for table `page`
--
ALTER TABLE `page`
  MODIFY `id` int(11) NOT NULL AUTO_INCREMENT, AUTO_INCREMENT=15;

--
-- AUTO_INCREMENT for table `role`
--
ALTER TABLE `role`
  MODIFY `id` int(11) NOT NULL AUTO_INCREMENT, AUTO_INCREMENT=5;

--
-- AUTO_INCREMENT for table `role_page`
--
ALTER TABLE `role_page`
  MODIFY `id` int(11) NOT NULL AUTO_INCREMENT, AUTO_INCREMENT=34;

--
-- AUTO_INCREMENT for table `sale_group`
--
ALTER TABLE `sale_group`
  MODIFY `id` int(11) NOT NULL AUTO_INCREMENT;

--
-- AUTO_INCREMENT for table `status_call`
--
ALTER TABLE `status_call`
  MODIFY `id` int(11) NOT NULL AUTO_INCREMENT, AUTO_INCREMENT=4;

--
-- AUTO_INCREMENT for table `status_service`
--
ALTER TABLE `status_service`
  MODIFY `id` int(11) NOT NULL AUTO_INCREMENT, AUTO_INCREMENT=3;

--
-- AUTO_INCREMENT for table `user`
--
ALTER TABLE `user`
  MODIFY `id` int(11) NOT NULL AUTO_INCREMENT, AUTO_INCREMENT=32;

--
-- AUTO_INCREMENT for table `user_contact`
--
ALTER TABLE `user_contact`
  MODIFY `id` int(11) NOT NULL AUTO_INCREMENT, AUTO_INCREMENT=11;

--
-- AUTO_INCREMENT for table `user_kpi_group`
--
ALTER TABLE `user_kpi_group`
  MODIFY `id` int(11) NOT NULL AUTO_INCREMENT, AUTO_INCREMENT=12;

--
-- AUTO_INCREMENT for table `user_role`
--
ALTER TABLE `user_role`
  MODIFY `id` int(11) NOT NULL AUTO_INCREMENT, AUTO_INCREMENT=25;

--
-- AUTO_INCREMENT for table `user_sale_group`
--
ALTER TABLE `user_sale_group`
  MODIFY `id` int(11) NOT NULL AUTO_INCREMENT;
COMMIT;

/*!40101 SET CHARACTER_SET_CLIENT=@OLD_CHARACTER_SET_CLIENT */;
/*!40101 SET CHARACTER_SET_RESULTS=@OLD_CHARACTER_SET_RESULTS */;
/*!40101 SET COLLATION_CONNECTION=@OLD_COLLATION_CONNECTION */;
